timestamp,job_id,comm_id,rank,node_id,gpu_id,ras_state,latency_ms,unresponsive,timeout_count
t0000,train-job-001,comm-0,0,gpu-node-00,0,OK,10.26,0,0
t0000,train-job-001,comm-0,1,gpu-node-00,1,OK,13.85,0,0
t0000,train-job-001,comm-0,2,gpu-node-00,2,OK,11.06,0,0
t0000,train-job-001,comm-0,3,gpu-node-00,3,OK,12.21,0,0
t0000,train-job-001,comm-0,4,gpu-node-01,0,OK,16.05,0,0
t0000,train-job-001,comm-0,5,gpu-node-01,1,OK,13.13,0,0
t0000,train-job-001,comm-0,6,gpu-node-01,2,OK,12.35,0,0
t0000,train-job-001,comm-0,7,gpu-node-01,3,OK,12.88,0,0
t0000,train-job-001,comm-0,8,gpu-node-02,0,OK,10.1,0,0
t0000,train-job-001,comm-0,9,gpu-node-02,1,OK,14.29,0,0
t0000,train-job-001,comm-0,10,gpu-node-02,2,OK,12.4,0,0
t0000,train-job-001,comm-0,11,gpu-node-02,3,OK,11.76,0,0
t0000,train-job-001,comm-0,12,gpu-node-03,0,OK,10.4,0,0
t0000,train-job-001,comm-0,13,gpu-node-03,1,OK,14.46,0,0
t0000,train-job-001,comm-0,14,gpu-node-03,2,OK,15.21,0,0
t0000,train-job-001,comm-0,15,gpu-node-03,3,OK,10.7,0,0
t0000,train-job-001,comm-0,16,gpu-node-04,0,OK,12.14,0,0
t0000,train-job-001,comm-0,17,gpu-node-04,1,OK,11.18,0,0
t0000,train-job-001,comm-0,18,gpu-node-04,2,OK,10.91,0,0
t0000,train-job-001,comm-0,19,gpu-node-04,3,OK,11.25,0,0
t0000,train-job-001,comm-0,20,gpu-node-05,0,OK,13.38,0,0
t0000,train-job-001,comm-0,21,gpu-node-05,1,OK,11.77,0,0
t0000,train-job-001,comm-0,22,gpu-node-05,2,OK,12.83,0,0
t0000,train-job-001,comm-0,23,gpu-node-05,3,OK,11.45,0,0
t0000,train-job-001,comm-0,24,gpu-node-06,0,OK,14.13,0,0
t0000,train-job-001,comm-0,25,gpu-node-06,1,OK,12.14,0,0
t0000,train-job-001,comm-0,26,gpu-node-06,2,OK,10.54,0,0
t0000,train-job-001,comm-0,27,gpu-node-06,3,OK,11.91,0,0
t0000,train-job-001,comm-0,28,gpu-node-07,0,OK,13.68,0,0
t0000,train-job-001,comm-0,29,gpu-node-07,1,OK,11.19,0,0
t0000,train-job-001,comm-0,30,gpu-node-07,2,OK,15.18,0,0
t0000,train-job-001,comm-0,31,gpu-node-07,3,OK,12.18,0,0
t0000,train-job-001,comm-0,32,gpu-node-08,0,OK,11.25,0,0
t0000,train-job-001,comm-0,33,gpu-node-08,1,OK,11.34,0,0
t0000,train-job-001,comm-0,34,gpu-node-08,2,OK,9.65,0,0
t0000,train-job-001,comm-0,35,gpu-node-08,3,OK,15.21,0,0
t0000,train-job-001,comm-0,36,gpu-node-09,0,OK,14.43,0,0
t0000,train-job-001,comm-0,37,gpu-node-09,1,OK,16.36,0,0
t0000,train-job-001,comm-0,38,gpu-node-09,2,OK,11.42,0,0
t0000,train-job-001,comm-0,39,gpu-node-09,3,OK,11.61,0,0
t0000,train-job-001,comm-0,40,gpu-node-10,0,OK,8.78,0,0
t0000,train-job-001,comm-0,41,gpu-node-10,1,OK,11.6,0,0
t0000,train-job-001,comm-0,42,gpu-node-10,2,OK,11.06,0,0
t0000,train-job-001,comm-0,43,gpu-node-10,3,OK,11.37,0,0
t0000,train-job-001,comm-0,44,gpu-node-11,0,OK,12.61,0,0
t0000,train-job-001,comm-0,45,gpu-node-11,1,OK,11.26,0,0
t0000,train-job-001,comm-0,46,gpu-node-11,2,OK,12.56,0,0
t0000,train-job-001,comm-0,47,gpu-node-11,3,OK,12.23,0,0
t0001,train-job-001,comm-0,0,gpu-node-00,0,OK,12.63,0,0
t0001,train-job-001,comm-0,1,gpu-node-00,1,OK,12.66,0,0
t0001,train-job-001,comm-0,2,gpu-node-00,2,OK,10.92,0,0
t0001,train-job-001,comm-0,3,gpu-node-00,3,OK,10.29,0,0
t0001,train-job-001,comm-0,4,gpu-node-01,0,OK,11.81,0,0
t0001,train-job-001,comm-0,5,gpu-node-01,1,OK,9.71,0,0
t0001,train-job-001,comm-0,6,gpu-node-01,2,OK,7.22,0,0
t0001,train-job-001,comm-0,7,gpu-node-01,3,OK,9.24,0,0
t0001,train-job-001,comm-0,8,gpu-node-02,0,OK,11.49,0,0
t0001,train-job-001,comm-0,9,gpu-node-02,1,OK,11.92,0,0
t0001,train-job-001,comm-0,10,gpu-node-02,2,OK,11.67,0,0
t0001,train-job-001,comm-0,11,gpu-node-02,3,OK,14.04,0,0
t0001,train-job-001,comm-0,12,gpu-node-03,0,OK,12.29,0,0
t0001,train-job-001,comm-0,13,gpu-node-03,1,OK,12.42,0,0
t0001,train-job-001,comm-0,14,gpu-node-03,2,OK,10.51,0,0
t0001,train-job-001,comm-0,15,gpu-node-03,3,OK,15.18,0,0
t0001,train-job-001,comm-0,16,gpu-node-04,0,OK,10.76,0,0
t0001,train-job-001,comm-0,17,gpu-node-04,1,OK,9.77,0,0
t0001,train-job-001,comm-0,18,gpu-node-04,2,OK,9.96,0,0
t0001,train-job-001,comm-0,19,gpu-node-04,3,OK,8.96,0,0
t0001,train-job-001,comm-0,20,gpu-node-05,0,OK,12.28,0,0
t0001,train-job-001,comm-0,21,gpu-node-05,1,OK,10.48,0,0
t0001,train-job-001,comm-0,22,gpu-node-05,2,OK,13.96,0,0
t0001,train-job-001,comm-0,23,gpu-node-05,3,OK,12.56,0,0
t0001,train-job-001,comm-0,24,gpu-node-06,0,OK,12.05,0,0
t0001,train-job-001,comm-0,25,gpu-node-06,1,OK,12.88,0,0
t0001,train-job-001,comm-0,26,gpu-node-06,2,OK,12.89,0,0
t0001,train-job-001,comm-0,27,gpu-node-06,3,OK,14.95,0,0
t0001,train-job-001,comm-0,28,gpu-node-07,0,OK,12.95,0,0
t0001,train-job-001,comm-0,29,gpu-node-07,1,OK,14.89,0,0
t0001,train-job-001,comm-0,30,gpu-node-07,2,OK,12.04,0,0
t0001,train-job-001,comm-0,31,gpu-node-07,3,OK,16.97,0,0
t0001,train-job-001,comm-0,32,gpu-node-08,0,OK,10.32,0,0
t0001,train-job-001,comm-0,33,gpu-node-08,1,OK,11.47,0,0
t0001,train-job-001,comm-0,34,gpu-node-08,2,OK,11.91,0,0
t0001,train-job-001,comm-0,35,gpu-node-08,3,OK,6.95,0,0
t0001,train-job-001,comm-0,36,gpu-node-09,0,OK,14.74,0,0
t0001,train-job-001,comm-0,37,gpu-node-09,1,OK,8.51,0,0
t0001,train-job-001,comm-0,38,gpu-node-09,2,OK,11.02,0,0
t0001,train-job-001,comm-0,39,gpu-node-09,3,OK,12.61,0,0
t0001,train-job-001,comm-0,40,gpu-node-10,0,OK,11.34,0,0
t0001,train-job-001,comm-0,41,gpu-node-10,1,OK,12.82,0,0
t0001,train-job-001,comm-0,42,gpu-node-10,2,OK,14.8,0,0
t0001,train-job-001,comm-0,43,gpu-node-10,3,OK,13.35,0,0
t0001,train-job-001,comm-0,44,gpu-node-11,0,OK,10.92,0,0
t0001,train-job-001,comm-0,45,gpu-node-11,1,OK,13.49,0,0
t0001,train-job-001,comm-0,46,gpu-node-11,2,OK,11.83,0,0
t0001,train-job-001,comm-0,47,gpu-node-11,3,OK,12.5,0,0
t0002,train-job-001,comm-0,0,gpu-node-00,0,OK,12.92,0,0
t0002,train-job-001,comm-0,1,gpu-node-00,1,OK,14.23,0,0
t0002,train-job-001,comm-0,2,gpu-node-00,2,OK,10.62,0,0
t0002,train-job-001,comm-0,3,gpu-node-00,3,OK,13.45,0,0
t0002,train-job-001,comm-0,4,gpu-node-01,0,OK,9.76,0,0
t0002,train-job-001,comm-0,5,gpu-node-01,1,OK,9.16,0,0
t0002,train-job-001,comm-0,6,gpu-node-01,2,OK,8.15,0,0
t0002,train-job-001,comm-0,7,gpu-node-01,3,OK,13.09,0,0
t0002,train-job-001,comm-0,8,gpu-node-02,0,OK,12.35,0,0
t0002,train-job-001,comm-0,9,gpu-node-02,1,OK,12.46,0,0
t0002,train-job-001,comm-0,10,gpu-node-02,2,OK,14.46,0,0
t0002,train-job-001,comm-0,11,gpu-node-02,3,OK,9.41,0,0
t0002,train-job-001,comm-0,12,gpu-node-03,0,OK,10.24,0,0
t0002,train-job-001,comm-0,13,gpu-node-03,1,OK,12.1,0,0
t0002,train-job-001,comm-0,14,gpu-node-03,2,OK,15.57,0,0
t0002,train-job-001,comm-0,15,gpu-node-03,3,OK,13.4,0,0
t0002,train-job-001,comm-0,16,gpu-node-04,0,OK,14.41,0,0
t0002,train-job-001,comm-0,17,gpu-node-04,1,OK,12.31,0,0
t0002,train-job-001,comm-0,18,gpu-node-04,2,OK,10.57,0,0
t0002,train-job-001,comm-0,19,gpu-node-04,3,OK,12.21,0,0
t0002,train-job-001,comm-0,20,gpu-node-05,0,OK,16.46,0,0
t0002,train-job-001,comm-0,21,gpu-node-05,1,OK,9.33,0,0
t0002,train-job-001,comm-0,22,gpu-node-05,2,OK,12.3,0,0
t0002,train-job-001,comm-0,23,gpu-node-05,3,OK,10.42,0,0
t0002,train-job-001,comm-0,24,gpu-node-06,0,OK,12.42,0,0
t0002,train-job-001,comm-0,25,gpu-node-06,1,OK,12.67,0,0
t0002,train-job-001,comm-0,26,gpu-node-06,2,OK,10.21,0,0
t0002,train-job-001,comm-0,27,gpu-node-06,3,OK,11.34,0,0
t0002,train-job-001,comm-0,28,gpu-node-07,0,OK,12.84,0,0
t0002,train-job-001,comm-0,29,gpu-node-07,1,OK,9.59,0,0
t0002,train-job-001,comm-0,30,gpu-node-07,2,OK,10.33,0,0
t0002,train-job-001,comm-0,31,gpu-node-07,3,OK,13.24,0,0
t0002,train-job-001,comm-0,32,gpu-node-08,0,OK,12.95,0,0
t0002,train-job-001,comm-0,33,gpu-node-08,1,OK,13.99,0,0
t0002,train-job-001,comm-0,34,gpu-node-08,2,OK,11.1,0,0
t0002,train-job-001,comm-0,35,gpu-node-08,3,OK,12.96,0,0
t0002,train-job-001,comm-0,36,gpu-node-09,0,OK,12.54,0,0
t0002,train-job-001,comm-0,37,gpu-node-09,1,OK,13.58,0,0
t0002,train-job-001,comm-0,38,gpu-node-09,2,OK,15.15,0,0
t0002,train-job-001,comm-0,39,gpu-node-09,3,OK,13.83,0,0
t0002,train-job-001,comm-0,40,gpu-node-10,0,OK,10.88,0,0
t0002,train-job-001,comm-0,41,gpu-node-10,1,OK,11.38,0,0
t0002,train-job-001,comm-0,42,gpu-node-10,2,OK,9.9,0,0
t0002,train-job-001,comm-0,43,gpu-node-10,3,OK,10.64,0,0
t0002,train-job-001,comm-0,44,gpu-node-11,0,OK,13.14,0,0
t0002,train-job-001,comm-0,45,gpu-node-11,1,OK,10.89,0,0
t0002,train-job-001,comm-0,46,gpu-node-11,2,OK,10.19,0,0
t0002,train-job-001,comm-0,47,gpu-node-11,3,OK,15.48,0,0
t0003,train-job-001,comm-0,0,gpu-node-00,0,OK,14.49,0,0
t0003,train-job-001,comm-0,1,gpu-node-00,1,OK,15.34,0,0
t0003,train-job-001,comm-0,2,gpu-node-00,2,OK,13.01,0,0
t0003,train-job-001,comm-0,3,gpu-node-00,3,OK,12.04,0,0
t0003,train-job-001,comm-0,4,gpu-node-01,0,OK,11.21,0,0
t0003,train-job-001,comm-0,5,gpu-node-01,1,OK,12.24,0,0
t0003,train-job-001,comm-0,6,gpu-node-01,2,OK,15.5,0,0
t0003,train-job-001,comm-0,7,gpu-node-01,3,OK,14.26,0,0
t0003,train-job-001,comm-0,8,gpu-node-02,0,OK,12.71,0,0
t0003,train-job-001,comm-0,9,gpu-node-02,1,OK,9.87,0,0
t0003,train-job-001,comm-0,10,gpu-node-02,2,OK,12.32,0,0
t0003,train-job-001,comm-0,11,gpu-node-02,3,OK,9.59,0,0
t0003,train-job-001,comm-0,12,gpu-node-03,0,OK,14.13,0,0
t0003,train-job-001,comm-0,13,gpu-node-03,1,OK,9.62,0,0
t0003,train-job-001,comm-0,14,gpu-node-03,2,OK,13.25,0,0
t0003,train-job-001,comm-0,15,gpu-node-03,3,OK,15.95,0,0
t0003,train-job-001,comm-0,16,gpu-node-04,0,OK,12.53,0,0
t0003,train-job-001,comm-0,17,gpu-node-04,1,OK,13.25,0,0
t0003,train-job-001,comm-0,18,gpu-node-04,2,OK,9.51,0,0
t0003,train-job-001,comm-0,19,gpu-node-04,3,OK,10.5,0,0
t0003,train-job-001,comm-0,20,gpu-node-05,0,OK,8.94,0,0
t0003,train-job-001,comm-0,21,gpu-node-05,1,OK,14.64,0,0
t0003,train-job-001,comm-0,22,gpu-node-05,2,OK,12.37,0,0
t0003,train-job-001,comm-0,23,gpu-node-05,3,OK,11.94,0,0
t0003,train-job-001,comm-0,24,gpu-node-06,0,OK,11.13,0,0
t0003,train-job-001,comm-0,25,gpu-node-06,1,OK,9.97,0,0
t0003,train-job-001,comm-0,26,gpu-node-06,2,OK,11.4,0,0
t0003,train-job-001,comm-0,27,gpu-node-06,3,OK,11.61,0,0
t0003,train-job-001,comm-0,28,gpu-node-07,0,OK,12.25,0,0
t0003,train-job-001,comm-0,29,gpu-node-07,1,OK,15.3,0,0
t0003,train-job-001,comm-0,30,gpu-node-07,2,OK,13.54,0,0
t0003,train-job-001,comm-0,31,gpu-node-07,3,OK,15.03,0,0
t0003,train-job-001,comm-0,32,gpu-node-08,0,OK,9.61,0,0
t0003,train-job-001,comm-0,33,gpu-node-08,1,OK,12.12,0,0
t0003,train-job-001,comm-0,34,gpu-node-08,2,OK,9.39,0,0
t0003,train-job-001,comm-0,35,gpu-node-08,3,OK,7.38,0,0
t0003,train-job-001,comm-0,36,gpu-node-09,0,OK,10.9,0,0
t0003,train-job-001,comm-0,37,gpu-node-09,1,OK,14.05,0,0
t0003,train-job-001,comm-0,38,gpu-node-09,2,OK,11.55,0,0
t0003,train-job-001,comm-0,39,gpu-node-09,3,OK,9.98,0,0
t0003,train-job-001,comm-0,40,gpu-node-10,0,OK,13.5,0,0
t0003,train-job-001,comm-0,41,gpu-node-10,1,OK,14.47,0,0
t0003,train-job-001,comm-0,42,gpu-node-10,2,OK,13.32,0,0
t0003,train-job-001,comm-0,43,gpu-node-10,3,OK,15.04,0,0
t0003,train-job-001,comm-0,44,gpu-node-11,0,OK,12.44,0,0
t0003,train-job-001,comm-0,45,gpu-node-11,1,OK,10.47,0,0
t0003,train-job-001,comm-0,46,gpu-node-11,2,OK,12.69,0,0
t0003,train-job-001,comm-0,47,gpu-node-11,3,OK,17.21,0,0
t0004,train-job-001,comm-0,0,gpu-node-00,0,OK,16.64,0,0
t0004,train-job-001,comm-0,1,gpu-node-00,1,OK,11.65,0,0
t0004,train-job-001,comm-0,2,gpu-node-00,2,OK,15.85,0,0
t0004,train-job-001,comm-0,3,gpu-node-00,3,OK,12.99,0,0
t0004,train-job-001,comm-0,4,gpu-node-01,0,OK,14.98,0,0
t0004,train-job-001,comm-0,5,gpu-node-01,1,OK,10.15,0,0
t0004,train-job-001,comm-0,6,gpu-node-01,2,OK,10.49,0,0
t0004,train-job-001,comm-0,7,gpu-node-01,3,OK,14.21,0,0
t0004,train-job-001,comm-0,8,gpu-node-02,0,OK,12.0,0,0
t0004,train-job-001,comm-0,9,gpu-node-02,1,OK,13.57,0,0
t0004,train-job-001,comm-0,10,gpu-node-02,2,OK,11.31,0,0
t0004,train-job-001,comm-0,11,gpu-node-02,3,OK,14.19,0,0
t0004,train-job-001,comm-0,12,gpu-node-03,0,OK,10.58,0,0
t0004,train-job-001,comm-0,13,gpu-node-03,1,OK,11.97,0,0
t0004,train-job-001,comm-0,14,gpu-node-03,2,OK,10.2,0,0
t0004,train-job-001,comm-0,15,gpu-node-03,3,OK,7.63,0,0
t0004,train-job-001,comm-0,16,gpu-node-04,0,OK,7.92,0,0
t0004,train-job-001,comm-0,17,gpu-node-04,1,OK,11.5,0,0
t0004,train-job-001,comm-0,18,gpu-node-04,2,OK,13.09,0,0
t0004,train-job-001,comm-0,19,gpu-node-04,3,OK,9.9,0,0
t0004,train-job-001,comm-0,20,gpu-node-05,0,OK,12.75,0,0
t0004,train-job-001,comm-0,21,gpu-node-05,1,OK,18.64,0,0
t0004,train-job-001,comm-0,22,gpu-node-05,2,OK,13.25,0,0
t0004,train-job-001,comm-0,23,gpu-node-05,3,OK,13.2,0,0
t0004,train-job-001,comm-0,24,gpu-node-06,0,OK,12.22,0,0
t0004,train-job-001,comm-0,25,gpu-node-06,1,OK,16.01,0,0
t0004,train-job-001,comm-0,26,gpu-node-06,2,OK,15.5,0,0
t0004,train-job-001,comm-0,27,gpu-node-06,3,OK,10.75,0,0
t0004,train-job-001,comm-0,28,gpu-node-07,0,OK,15.68,0,0
t0004,train-job-001,comm-0,29,gpu-node-07,1,OK,13.15,0,0
t0004,train-job-001,comm-0,30,gpu-node-07,2,OK,12.13,0,0
t0004,train-job-001,comm-0,31,gpu-node-07,3,OK,13.1,0,0
t0004,train-job-001,comm-0,32,gpu-node-08,0,OK,11.0,0,0
t0004,train-job-001,comm-0,33,gpu-node-08,1,OK,7.0,0,0
t0004,train-job-001,comm-0,34,gpu-node-08,2,OK,13.79,0,0
t0004,train-job-001,comm-0,35,gpu-node-08,3,OK,10.45,0,0
t0004,train-job-001,comm-0,36,gpu-node-09,0,OK,9.09,0,0
t0004,train-job-001,comm-0,37,gpu-node-09,1,OK,9.09,0,0
t0004,train-job-001,comm-0,38,gpu-node-09,2,OK,12.22,0,0
t0004,train-job-001,comm-0,39,gpu-node-09,3,OK,10.16,0,0
t0004,train-job-001,comm-0,40,gpu-node-10,0,OK,12.75,0,0
t0004,train-job-001,comm-0,41,gpu-node-10,1,OK,9.96,0,0
t0004,train-job-001,comm-0,42,gpu-node-10,2,OK,13.31,0,0
t0004,train-job-001,comm-0,43,gpu-node-10,3,OK,12.84,0,0
t0004,train-job-001,comm-0,44,gpu-node-11,0,OK,11.42,0,0
t0004,train-job-001,comm-0,45,gpu-node-11,1,OK,12.69,0,0
t0004,train-job-001,comm-0,46,gpu-node-11,2,OK,15.1,0,0
t0004,train-job-001,comm-0,47,gpu-node-11,3,OK,10.69,0,0
t0005,train-job-001,comm-0,0,gpu-node-00,0,OK,10.04,0,0
t0005,train-job-001,comm-0,1,gpu-node-00,1,OK,12.31,0,0
t0005,train-job-001,comm-0,2,gpu-node-00,2,OK,13.04,0,0
t0005,train-job-001,comm-0,3,gpu-node-00,3,OK,11.71,0,0
t0005,train-job-001,comm-0,4,gpu-node-01,0,OK,11.09,0,0
t0005,train-job-001,comm-0,5,gpu-node-01,1,OK,15.25,0,0
t0005,train-job-001,comm-0,6,gpu-node-01,2,OK,13.98,0,0
t0005,train-job-001,comm-0,7,gpu-node-01,3,OK,12.89,0,0
t0005,train-job-001,comm-0,8,gpu-node-02,0,OK,9.18,0,0
t0005,train-job-001,comm-0,9,gpu-node-02,1,OK,11.69,0,0
t0005,train-job-001,comm-0,10,gpu-node-02,2,OK,12.47,0,0
t0005,train-job-001,comm-0,11,gpu-node-02,3,OK,10.13,0,0
t0005,train-job-001,comm-0,12,gpu-node-03,0,OK,13.28,0,0
t0005,train-job-001,comm-0,13,gpu-node-03,1,OK,10.3,0,0
t0005,train-job-001,comm-0,14,gpu-node-03,2,OK,14.25,0,0
t0005,train-job-001,comm-0,15,gpu-node-03,3,OK,9.91,0,0
t0005,train-job-001,comm-0,16,gpu-node-04,0,OK,12.26,0,0
t0005,train-job-001,comm-0,17,gpu-node-04,1,OK,12.49,0,0
t0005,train-job-001,comm-0,18,gpu-node-04,2,OK,10.45,0,0
t0005,train-job-001,comm-0,19,gpu-node-04,3,OK,15.73,0,0
t0005,train-job-001,comm-0,20,gpu-node-05,0,OK,10.85,0,0
t0005,train-job-001,comm-0,21,gpu-node-05,1,OK,14.61,0,0
t0005,train-job-001,comm-0,22,gpu-node-05,2,OK,11.33,0,0
t0005,train-job-001,comm-0,23,gpu-node-05,3,OK,14.53,0,0
t0005,train-job-001,comm-0,24,gpu-node-06,0,OK,12.08,0,0
t0005,train-job-001,comm-0,25,gpu-node-06,1,OK,10.66,0,0
t0005,train-job-001,comm-0,26,gpu-node-06,2,OK,9.75,0,0
t0005,train-job-001,comm-0,27,gpu-node-06,3,OK,11.39,0,0
t0005,train-job-001,comm-0,28,gpu-node-07,0,OK,10.97,0,0
t0005,train-job-001,comm-0,29,gpu-node-07,1,OK,13.37,0,0
t0005,train-job-001,comm-0,30,gpu-node-07,2,OK,12.34,0,0
t0005,train-job-001,comm-0,31,gpu-node-07,3,OK,12.69,0,0
t0005,train-job-001,comm-0,32,gpu-node-08,0,OK,12.84,0,0
t0005,train-job-001,comm-0,33,gpu-node-08,1,OK,13.85,0,0
t0005,train-job-001,comm-0,34,gpu-node-08,2,OK,12.18,0,0
t0005,train-job-001,comm-0,35,gpu-node-08,3,OK,12.3,0,0
t0005,train-job-001,comm-0,36,gpu-node-09,0,OK,9.84,0,0
t0005,train-job-001,comm-0,37,gpu-node-09,1,OK,12.18,0,0
t0005,train-job-001,comm-0,38,gpu-node-09,2,OK,11.4,0,0
t0005,train-job-001,comm-0,39,gpu-node-09,3,OK,11.76,0,0
t0005,train-job-001,comm-0,40,gpu-node-10,0,OK,9.64,0,0
t0005,train-job-001,comm-0,41,gpu-node-10,1,OK,12.59,0,0
t0005,train-job-001,comm-0,42,gpu-node-10,2,OK,15.62,0,0
t0005,train-job-001,comm-0,43,gpu-node-10,3,OK,10.56,0,0
t0005,train-job-001,comm-0,44,gpu-node-11,0,OK,12.64,0,0
t0005,train-job-001,comm-0,45,gpu-node-11,1,OK,10.81,0,0
t0005,train-job-001,comm-0,46,gpu-node-11,2,OK,13.25,0,0
t0005,train-job-001,comm-0,47,gpu-node-11,3,OK,11.04,0,0
t0006,train-job-001,comm-0,0,gpu-node-00,0,OK,12.62,0,0
t0006,train-job-001,comm-0,1,gpu-node-00,1,OK,13.04,0,0
t0006,train-job-001,comm-0,2,gpu-node-00,2,OK,13.83,0,0
t0006,train-job-001,comm-0,3,gpu-node-00,3,OK,12.41,0,0
t0006,train-job-001,comm-0,4,gpu-node-01,0,OK,13.69,0,0
t0006,train-job-001,comm-0,5,gpu-node-01,1,OK,10.07,0,0
t0006,train-job-001,comm-0,6,gpu-node-01,2,OK,9.83,0,0
t0006,train-job-001,comm-0,7,gpu-node-01,3,OK,15.08,0,0
t0006,train-job-001,comm-0,8,gpu-node-02,0,OK,10.85,0,0
t0006,train-job-001,comm-0,9,gpu-node-02,1,OK,10.77,0,0
t0006,train-job-001,comm-0,10,gpu-node-02,2,OK,9.25,0,0
t0006,train-job-001,comm-0,11,gpu-node-02,3,OK,11.94,0,0
t0006,train-job-001,comm-0,12,gpu-node-03,0,OK,10.82,0,0
t0006,train-job-001,comm-0,13,gpu-node-03,1,OK,15.22,0,0
t0006,train-job-001,comm-0,14,gpu-node-03,2,OK,11.65,0,0
t0006,train-job-001,comm-0,15,gpu-node-03,3,OK,16.36,0,0
t0006,train-job-001,comm-0,16,gpu-node-04,0,OK,14.82,0,0
t0006,train-job-001,comm-0,17,gpu-node-04,1,OK,15.1,0,0
t0006,train-job-001,comm-0,18,gpu-node-04,2,OK,9.24,0,0
t0006,train-job-001,comm-0,19,gpu-node-04,3,OK,9.33,0,0
t0006,train-job-001,comm-0,20,gpu-node-05,0,OK,11.64,0,0
t0006,train-job-001,comm-0,21,gpu-node-05,1,OK,15.49,0,0
t0006,train-job-001,comm-0,22,gpu-node-05,2,OK,12.63,0,0
t0006,train-job-001,comm-0,23,gpu-node-05,3,OK,14.91,0,0
t0006,train-job-001,comm-0,24,gpu-node-06,0,OK,11.48,0,0
t0006,train-job-001,comm-0,25,gpu-node-06,1,OK,11.38,0,0
t0006,train-job-001,comm-0,26,gpu-node-06,2,OK,13.94,0,0
t0006,train-job-001,comm-0,27,gpu-node-06,3,OK,12.36,0,0
t0006,train-job-001,comm-0,28,gpu-node-07,0,OK,12.26,0,0
t0006,train-job-001,comm-0,29,gpu-node-07,1,OK,12.73,0,0
t0006,train-job-001,comm-0,30,gpu-node-07,2,OK,13.01,0,0
t0006,train-job-001,comm-0,31,gpu-node-07,3,OK,11.68,0,0
t0006,train-job-001,comm-0,32,gpu-node-08,0,OK,11.55,0,0
t0006,train-job-001,comm-0,33,gpu-node-08,1,OK,10.5,0,0
t0006,train-job-001,comm-0,34,gpu-node-08,2,OK,14.23,0,0
t0006,train-job-001,comm-0,35,gpu-node-08,3,OK,14.7,0,0
t0006,train-job-001,comm-0,36,gpu-node-09,0,OK,12.48,0,0
t0006,train-job-001,comm-0,37,gpu-node-09,1,OK,16.26,0,0
t0006,train-job-001,comm-0,38,gpu-node-09,2,OK,13.3,0,0
t0006,train-job-001,comm-0,39,gpu-node-09,3,OK,10.43,0,0
t0006,train-job-001,comm-0,40,gpu-node-10,0,OK,10.9,0,0
t0006,train-job-001,comm-0,41,gpu-node-10,1,OK,16.95,0,0
t0006,train-job-001,comm-0,42,gpu-node-10,2,OK,9.55,0,0
t0006,train-job-001,comm-0,43,gpu-node-10,3,OK,12.24,0,0
t0006,train-job-001,comm-0,44,gpu-node-11,0,OK,12.55,0,0
t0006,train-job-001,comm-0,45,gpu-node-11,1,OK,7.99,0,0
t0006,train-job-001,comm-0,46,gpu-node-11,2,OK,12.9,0,0
t0006,train-job-001,comm-0,47,gpu-node-11,3,OK,6.97,0,0
t0007,train-job-001,comm-0,0,gpu-node-00,0,OK,11.78,0,0
t0007,train-job-001,comm-0,1,gpu-node-00,1,OK,9.12,0,0
t0007,train-job-001,comm-0,2,gpu-node-00,2,OK,6.2,0,0
t0007,train-job-001,comm-0,3,gpu-node-00,3,OK,9.15,0,0
t0007,train-job-001,comm-0,4,gpu-node-01,0,OK,8.78,0,0
t0007,train-job-001,comm-0,5,gpu-node-01,1,OK,12.34,0,0
t0007,train-job-001,comm-0,6,gpu-node-01,2,OK,10.43,0,0
t0007,train-job-001,comm-0,7,gpu-node-01,3,OK,12.93,0,0
t0007,train-job-001,comm-0,8,gpu-node-02,0,OK,12.26,0,0
t0007,train-job-001,comm-0,9,gpu-node-02,1,OK,12.19,0,0
t0007,train-job-001,comm-0,10,gpu-node-02,2,OK,9.18,0,0
t0007,train-job-001,comm-0,11,gpu-node-02,3,OK,13.86,0,0
t0007,train-job-001,comm-0,12,gpu-node-03,0,OK,13.2,0,0
t0007,train-job-001,comm-0,13,gpu-node-03,1,OK,12.89,0,0
t0007,train-job-001,comm-0,14,gpu-node-03,2,OK,12.65,0,0
t0007,train-job-001,comm-0,15,gpu-node-03,3,OK,13.74,0,0
t0007,train-job-001,comm-0,16,gpu-node-04,0,OK,14.14,0,0
t0007,train-job-001,comm-0,17,gpu-node-04,1,OK,16.4,0,0
t0007,train-job-001,comm-0,18,gpu-node-04,2,OK,10.48,0,0
t0007,train-job-001,comm-0,19,gpu-node-04,3,OK,11.1,0,0
t0007,train-job-001,comm-0,20,gpu-node-05,0,OK,13.01,0,0
t0007,train-job-001,comm-0,21,gpu-node-05,1,OK,8.69,0,0
t0007,train-job-001,comm-0,22,gpu-node-05,2,OK,11.03,0,0
t0007,train-job-001,comm-0,23,gpu-node-05,3,OK,11.16,0,0
t0007,train-job-001,comm-0,24,gpu-node-06,0,OK,7.79,0,0
t0007,train-job-001,comm-0,25,gpu-node-06,1,OK,10.39,0,0
t0007,train-job-001,comm-0,26,gpu-node-06,2,OK,11.89,0,0
t0007,train-job-001,comm-0,27,gpu-node-06,3,OK,9.41,0,0
t0007,train-job-001,comm-0,28,gpu-node-07,0,OK,9.82,0,0
t0007,train-job-001,comm-0,29,gpu-node-07,1,OK,8.07,0,0
t0007,train-job-001,comm-0,30,gpu-node-07,2,OK,11.79,0,0
t0007,train-job-001,comm-0,31,gpu-node-07,3,OK,11.67,0,0
t0007,train-job-001,comm-0,32,gpu-node-08,0,OK,11.49,0,0
t0007,train-job-001,comm-0,33,gpu-node-08,1,OK,11.58,0,0
t0007,train-job-001,comm-0,34,gpu-node-08,2,OK,11.94,0,0
t0007,train-job-001,comm-0,35,gpu-node-08,3,OK,11.45,0,0
t0007,train-job-001,comm-0,36,gpu-node-09,0,OK,12.07,0,0
t0007,train-job-001,comm-0,37,gpu-node-09,1,OK,10.84,0,0
t0007,train-job-001,comm-0,38,gpu-node-09,2,OK,14.9,0,0
t0007,train-job-001,comm-0,39,gpu-node-09,3,OK,9.22,0,0
t0007,train-job-001,comm-0,40,gpu-node-10,0,OK,13.66,0,0
t0007,train-job-001,comm-0,41,gpu-node-10,1,OK,14.01,0,0
t0007,train-job-001,comm-0,42,gpu-node-10,2,OK,10.59,0,0
t0007,train-job-001,comm-0,43,gpu-node-10,3,OK,9.95,0,0
t0007,train-job-001,comm-0,44,gpu-node-11,0,OK,9.16,0,0
t0007,train-job-001,comm-0,45,gpu-node-11,1,OK,12.04,0,0
t0007,train-job-001,comm-0,46,gpu-node-11,2,OK,10.2,0,0
t0007,train-job-001,comm-0,47,gpu-node-11,3,OK,10.21,0,0
t0008,train-job-001,comm-0,0,gpu-node-00,0,OK,14.03,0,0
t0008,train-job-001,comm-0,1,gpu-node-00,1,OK,10.98,0,0
t0008,train-job-001,comm-0,2,gpu-node-00,2,OK,9.72,0,0
t0008,train-job-001,comm-0,3,gpu-node-00,3,OK,14.36,0,0
t0008,train-job-001,comm-0,4,gpu-node-01,0,OK,9.72,0,0
t0008,train-job-001,comm-0,5,gpu-node-01,1,OK,12.38,0,0
t0008,train-job-001,comm-0,6,gpu-node-01,2,OK,12.93,0,0
t0008,train-job-001,comm-0,7,gpu-node-01,3,OK,10.97,0,0
t0008,train-job-001,comm-0,8,gpu-node-02,0,OK,12.1,0,0
t0008,train-job-001,comm-0,9,gpu-node-02,1,OK,7.03,0,0
t0008,train-job-001,comm-0,10,gpu-node-02,2,OK,12.46,0,0
t0008,train-job-001,comm-0,11,gpu-node-02,3,OK,12.53,0,0
t0008,train-job-001,comm-0,12,gpu-node-03,0,OK,15.34,0,0
t0008,train-job-001,comm-0,13,gpu-node-03,1,OK,9.66,0,0
t0008,train-job-001,comm-0,14,gpu-node-03,2,OK,9.44,0,0
t0008,train-job-001,comm-0,15,gpu-node-03,3,OK,9.44,0,0
t0008,train-job-001,comm-0,16,gpu-node-04,0,OK,14.64,0,0
t0008,train-job-001,comm-0,17,gpu-node-04,1,OK,11.33,0,0
t0008,train-job-001,comm-0,18,gpu-node-04,2,OK,14.69,0,0
t0008,train-job-001,comm-0,19,gpu-node-04,3,OK,11.77,0,0
t0008,train-job-001,comm-0,20,gpu-node-05,0,OK,10.17,0,0
t0008,train-job-001,comm-0,21,gpu-node-05,1,OK,11.84,0,0
t0008,train-job-001,comm-0,22,gpu-node-05,2,OK,12.21,0,0
t0008,train-job-001,comm-0,23,gpu-node-05,3,OK,11.57,0,0
t0008,train-job-001,comm-0,24,gpu-node-06,0,OK,14.54,0,0
t0008,train-job-001,comm-0,25,gpu-node-06,1,OK,8.82,0,0
t0008,train-job-001,comm-0,26,gpu-node-06,2,OK,16.31,0,0
t0008,train-job-001,comm-0,27,gpu-node-06,3,OK,9.18,0,0
t0008,train-job-001,comm-0,28,gpu-node-07,0,OK,11.07,0,0
t0008,train-job-001,comm-0,29,gpu-node-07,1,OK,10.79,0,0
t0008,train-job-001,comm-0,30,gpu-node-07,2,OK,10.09,0,0
t0008,train-job-001,comm-0,31,gpu-node-07,3,OK,11.38,0,0
t0008,train-job-001,comm-0,32,gpu-node-08,0,OK,11.44,0,0
t0008,train-job-001,comm-0,33,gpu-node-08,1,OK,16.8,0,0
t0008,train-job-001,comm-0,34,gpu-node-08,2,OK,14.18,0,0
t0008,train-job-001,comm-0,35,gpu-node-08,3,OK,11.77,0,0
t0008,train-job-001,comm-0,36,gpu-node-09,0,OK,12.04,0,0
t0008,train-job-001,comm-0,37,gpu-node-09,1,OK,10.92,0,0
t0008,train-job-001,comm-0,38,gpu-node-09,2,OK,12.73,0,0
t0008,train-job-001,comm-0,39,gpu-node-09,3,OK,12.07,0,0
t0008,train-job-001,comm-0,40,gpu-node-10,0,OK,8.64,0,0
t0008,train-job-001,comm-0,41,gpu-node-10,1,OK,9.91,0,0
t0008,train-job-001,comm-0,42,gpu-node-10,2,OK,13.01,0,0
t0008,train-job-001,comm-0,43,gpu-node-10,3,OK,9.64,0,0
t0008,train-job-001,comm-0,44,gpu-node-11,0,OK,13.44,0,0
t0008,train-job-001,comm-0,45,gpu-node-11,1,OK,13.48,0,0
t0008,train-job-001,comm-0,46,gpu-node-11,2,OK,13.61,0,0
t0008,train-job-001,comm-0,47,gpu-node-11,3,OK,12.94,0,0
t0009,train-job-001,comm-0,0,gpu-node-00,0,OK,15.69,0,0
t0009,train-job-001,comm-0,1,gpu-node-00,1,OK,9.88,0,0
t0009,train-job-001,comm-0,2,gpu-node-00,2,OK,13.78,0,0
t0009,train-job-001,comm-0,3,gpu-node-00,3,OK,11.54,0,0
t0009,train-job-001,comm-0,4,gpu-node-01,0,OK,15.72,0,0
t0009,train-job-001,comm-0,5,gpu-node-01,1,OK,11.69,0,0
t0009,train-job-001,comm-0,6,gpu-node-01,2,OK,13.22,0,0
t0009,train-job-001,comm-0,7,gpu-node-01,3,OK,14.22,0,0
t0009,train-job-001,comm-0,8,gpu-node-02,0,OK,13.38,0,0
t0009,train-job-001,comm-0,9,gpu-node-02,1,OK,12.63,0,0
t0009,train-job-001,comm-0,10,gpu-node-02,2,OK,9.12,0,0
t0009,train-job-001,comm-0,11,gpu-node-02,3,OK,15.3,0,0
t0009,train-job-001,comm-0,12,gpu-node-03,0,OK,13.64,0,0
t0009,train-job-001,comm-0,13,gpu-node-03,1,OK,11.16,0,0
t0009,train-job-001,comm-0,14,gpu-node-03,2,OK,12.3,0,0
t0009,train-job-001,comm-0,15,gpu-node-03,3,OK,13.15,0,0
t0009,train-job-001,comm-0,16,gpu-node-04,0,OK,9.64,0,0
t0009,train-job-001,comm-0,17,gpu-node-04,1,OK,14.4,0,0
t0009,train-job-001,comm-0,18,gpu-node-04,2,OK,10.86,0,0
t0009,train-job-001,comm-0,19,gpu-node-04,3,OK,11.59,0,0
t0009,train-job-001,comm-0,20,gpu-node-05,0,OK,14.42,0,0
t0009,train-job-001,comm-0,21,gpu-node-05,1,OK,12.99,0,0
t0009,train-job-001,comm-0,22,gpu-node-05,2,OK,12.46,0,0
t0009,train-job-001,comm-0,23,gpu-node-05,3,OK,13.83,0,0
t0009,train-job-001,comm-0,24,gpu-node-06,0,OK,9.99,0,0
t0009,train-job-001,comm-0,25,gpu-node-06,1,OK,8.75,0,0
t0009,train-job-001,comm-0,26,gpu-node-06,2,OK,10.33,0,0
t0009,train-job-001,comm-0,27,gpu-node-06,3,OK,11.26,0,0
t0009,train-job-001,comm-0,28,gpu-node-07,0,OK,12.94,0,0
t0009,train-job-001,comm-0,29,gpu-node-07,1,OK,13.18,0,0
t0009,train-job-001,comm-0,30,gpu-node-07,2,OK,11.52,0,0
t0009,train-job-001,comm-0,31,gpu-node-07,3,OK,12.68,0,0
t0009,train-job-001,comm-0,32,gpu-node-08,0,OK,14.03,0,0
t0009,train-job-001,comm-0,33,gpu-node-08,1,OK,15.66,0,0
t0009,train-job-001,comm-0,34,gpu-node-08,2,OK,12.63,0,0
t0009,train-job-001,comm-0,35,gpu-node-08,3,OK,10.46,0,0
t0009,train-job-001,comm-0,36,gpu-node-09,0,OK,10.18,0,0
t0009,train-job-001,comm-0,37,gpu-node-09,1,OK,11.32,0,0
t0009,train-job-001,comm-0,38,gpu-node-09,2,OK,9.09,0,0
t0009,train-job-001,comm-0,39,gpu-node-09,3,OK,14.32,0,0
t0009,train-job-001,comm-0,40,gpu-node-10,0,OK,12.0,0,0
t0009,train-job-001,comm-0,41,gpu-node-10,1,OK,10.71,0,0
t0009,train-job-001,comm-0,42,gpu-node-10,2,OK,7.43,0,0
t0009,train-job-001,comm-0,43,gpu-node-10,3,OK,11.91,0,0
t0009,train-job-001,comm-0,44,gpu-node-11,0,OK,11.72,0,0
t0009,train-job-001,comm-0,45,gpu-node-11,1,OK,8.69,0,0
t0009,train-job-001,comm-0,46,gpu-node-11,2,OK,16.53,0,0
t0009,train-job-001,comm-0,47,gpu-node-11,3,OK,11.05,0,0
t0010,train-job-001,comm-0,0,gpu-node-00,0,OK,10.1,0,0
t0010,train-job-001,comm-0,1,gpu-node-00,1,OK,9.75,0,0
t0010,train-job-001,comm-0,2,gpu-node-00,2,OK,7.36,0,0
t0010,train-job-001,comm-0,3,gpu-node-00,3,OK,11.26,0,0
t0010,train-job-001,comm-0,4,gpu-node-01,0,OK,13.0,0,0
t0010,train-job-001,comm-0,5,gpu-node-01,1,OK,9.3,0,0
t0010,train-job-001,comm-0,6,gpu-node-01,2,OK,12.2,0,0
t0010,train-job-001,comm-0,7,gpu-node-01,3,OK,13.54,0,0
t0010,train-job-001,comm-0,8,gpu-node-02,0,OK,9.54,0,0
t0010,train-job-001,comm-0,9,gpu-node-02,1,OK,10.19,0,0
t0010,train-job-001,comm-0,10,gpu-node-02,2,OK,10.71,0,0
t0010,train-job-001,comm-0,11,gpu-node-02,3,OK,8.37,0,0
t0010,train-job-001,comm-0,12,gpu-node-03,0,OK,10.1,0,0
t0010,train-job-001,comm-0,13,gpu-node-03,1,OK,14.93,0,0
t0010,train-job-001,comm-0,14,gpu-node-03,2,OK,11.52,0,0
t0010,train-job-001,comm-0,15,gpu-node-03,3,OK,11.93,0,0
t0010,train-job-001,comm-0,16,gpu-node-04,0,OK,10.83,0,0
t0010,train-job-001,comm-0,17,gpu-node-04,1,OK,13.67,0,0
t0010,train-job-001,comm-0,18,gpu-node-04,2,OK,14.21,0,0
t0010,train-job-001,comm-0,19,gpu-node-04,3,OK,15.52,0,0
t0010,train-job-001,comm-0,20,gpu-node-05,0,OK,13.14,0,0
t0010,train-job-001,comm-0,21,gpu-node-05,1,OK,11.0,0,0
t0010,train-job-001,comm-0,22,gpu-node-05,2,OK,10.87,0,0
t0010,train-job-001,comm-0,23,gpu-node-05,3,OK,10.26,0,0
t0010,train-job-001,comm-0,24,gpu-node-06,0,OK,14.3,0,0
t0010,train-job-001,comm-0,25,gpu-node-06,1,OK,11.46,0,0
t0010,train-job-001,comm-0,26,gpu-node-06,2,OK,11.0,0,0
t0010,train-job-001,comm-0,27,gpu-node-06,3,OK,18.07,0,0
t0010,train-job-001,comm-0,28,gpu-node-07,0,OK,11.36,0,0
t0010,train-job-001,comm-0,29,gpu-node-07,1,OK,11.59,0,0
t0010,train-job-001,comm-0,30,gpu-node-07,2,OK,14.91,0,0
t0010,train-job-001,comm-0,31,gpu-node-07,3,OK,12.63,0,0
t0010,train-job-001,comm-0,32,gpu-node-08,0,OK,13.83,0,0
t0010,train-job-001,comm-0,33,gpu-node-08,1,OK,11.69,0,0
t0010,train-job-001,comm-0,34,gpu-node-08,2,OK,14.5,0,0
t0010,train-job-001,comm-0,35,gpu-node-08,3,OK,12.19,0,0
t0010,train-job-001,comm-0,36,gpu-node-09,0,OK,9.94,0,0
t0010,train-job-001,comm-0,37,gpu-node-09,1,OK,14.6,0,0
t0010,train-job-001,comm-0,38,gpu-node-09,2,OK,10.32,0,0
t0010,train-job-001,comm-0,39,gpu-node-09,3,OK,13.34,0,0
t0010,train-job-001,comm-0,40,gpu-node-10,0,OK,7.82,0,0
t0010,train-job-001,comm-0,41,gpu-node-10,1,OK,9.75,0,0
t0010,train-job-001,comm-0,42,gpu-node-10,2,OK,13.27,0,0
t0010,train-job-001,comm-0,43,gpu-node-10,3,OK,12.35,0,0
t0010,train-job-001,comm-0,44,gpu-node-11,0,OK,11.6,0,0
t0010,train-job-001,comm-0,45,gpu-node-11,1,OK,10.62,0,0
t0010,train-job-001,comm-0,46,gpu-node-11,2,OK,12.18,0,0
t0010,train-job-001,comm-0,47,gpu-node-11,3,OK,12.94,0,0
t0011,train-job-001,comm-0,0,gpu-node-00,0,OK,16.92,0,0
t0011,train-job-001,comm-0,1,gpu-node-00,1,OK,12.89,0,0
t0011,train-job-001,comm-0,2,gpu-node-00,2,OK,13.82,0,0
t0011,train-job-001,comm-0,3,gpu-node-00,3,OK,8.01,0,0
t0011,train-job-001,comm-0,4,gpu-node-01,0,OK,6.55,0,0
t0011,train-job-001,comm-0,5,gpu-node-01,1,OK,13.62,0,0
t0011,train-job-001,comm-0,6,gpu-node-01,2,OK,10.89,0,0
t0011,train-job-001,comm-0,7,gpu-node-01,3,OK,12.66,0,0
t0011,train-job-001,comm-0,8,gpu-node-02,0,OK,13.06,0,0
t0011,train-job-001,comm-0,9,gpu-node-02,1,OK,10.68,0,0
t0011,train-job-001,comm-0,10,gpu-node-02,2,OK,15.12,0,0
t0011,train-job-001,comm-0,11,gpu-node-02,3,OK,13.09,0,0
t0011,train-job-001,comm-0,12,gpu-node-03,0,OK,14.95,0,0
t0011,train-job-001,comm-0,13,gpu-node-03,1,OK,12.95,0,0
t0011,train-job-001,comm-0,14,gpu-node-03,2,OK,14.02,0,0
t0011,train-job-001,comm-0,15,gpu-node-03,3,OK,9.42,0,0
t0011,train-job-001,comm-0,16,gpu-node-04,0,OK,12.08,0,0
t0011,train-job-001,comm-0,17,gpu-node-04,1,OK,11.95,0,0
t0011,train-job-001,comm-0,18,gpu-node-04,2,OK,12.88,0,0
t0011,train-job-001,comm-0,19,gpu-node-04,3,OK,11.85,0,0
t0011,train-job-001,comm-0,20,gpu-node-05,0,OK,16.19,0,0
t0011,train-job-001,comm-0,21,gpu-node-05,1,OK,10.81,0,0
t0011,train-job-001,comm-0,22,gpu-node-05,2,OK,12.95,0,0
t0011,train-job-001,comm-0,23,gpu-node-05,3,OK,12.15,0,0
t0011,train-job-001,comm-0,24,gpu-node-06,0,OK,15.21,0,0
t0011,train-job-001,comm-0,25,gpu-node-06,1,OK,8.93,0,0
t0011,train-job-001,comm-0,26,gpu-node-06,2,OK,8.82,0,0
t0011,train-job-001,comm-0,27,gpu-node-06,3,OK,9.77,0,0
t0011,train-job-001,comm-0,28,gpu-node-07,0,OK,13.35,0,0
t0011,train-job-001,comm-0,29,gpu-node-07,1,OK,8.85,0,0
t0011,train-job-001,comm-0,30,gpu-node-07,2,OK,10.08,0,0
t0011,train-job-001,comm-0,31,gpu-node-07,3,OK,11.9,0,0
t0011,train-job-001,comm-0,32,gpu-node-08,0,OK,13.81,0,0
t0011,train-job-001,comm-0,33,gpu-node-08,1,OK,10.29,0,0
t0011,train-job-001,comm-0,34,gpu-node-08,2,OK,10.78,0,0
t0011,train-job-001,comm-0,35,gpu-node-08,3,OK,11.16,0,0
t0011,train-job-001,comm-0,36,gpu-node-09,0,OK,12.64,0,0
t0011,train-job-001,comm-0,37,gpu-node-09,1,OK,12.32,0,0
t0011,train-job-001,comm-0,38,gpu-node-09,2,OK,11.48,0,0
t0011,train-job-001,comm-0,39,gpu-node-09,3,OK,13.07,0,0
t0011,train-job-001,comm-0,40,gpu-node-10,0,OK,13.17,0,0
t0011,train-job-001,comm-0,41,gpu-node-10,1,OK,12.05,0,0
t0011,train-job-001,comm-0,42,gpu-node-10,2,OK,12.45,0,0
t0011,train-job-001,comm-0,43,gpu-node-10,3,OK,13.0,0,0
t0011,train-job-001,comm-0,44,gpu-node-11,0,OK,12.8,0,0
t0011,train-job-001,comm-0,45,gpu-node-11,1,OK,13.04,0,0
t0011,train-job-001,comm-0,46,gpu-node-11,2,OK,14.03,0,0
t0011,train-job-001,comm-0,47,gpu-node-11,3,OK,11.12,0,0
t0012,train-job-001,comm-0,0,gpu-node-00,0,OK,12.48,0,0
t0012,train-job-001,comm-0,1,gpu-node-00,1,OK,9.51,0,0
t0012,train-job-001,comm-0,2,gpu-node-00,2,OK,11.85,0,0
t0012,train-job-001,comm-0,3,gpu-node-00,3,OK,12.31,0,0
t0012,train-job-001,comm-0,4,gpu-node-01,0,OK,15.29,0,0
t0012,train-job-001,comm-0,5,gpu-node-01,1,OK,10.33,0,0
t0012,train-job-001,comm-0,6,gpu-node-01,2,OK,11.47,0,0
t0012,train-job-001,comm-0,7,gpu-node-01,3,OK,12.5,0,0
t0012,train-job-001,comm-0,8,gpu-node-02,0,OK,10.69,0,0
t0012,train-job-001,comm-0,9,gpu-node-02,1,OK,11.14,0,0
t0012,train-job-001,comm-0,10,gpu-node-02,2,OK,11.02,0,0
t0012,train-job-001,comm-0,11,gpu-node-02,3,OK,12.46,0,0
t0012,train-job-001,comm-0,12,gpu-node-03,0,OK,14.74,0,0
t0012,train-job-001,comm-0,13,gpu-node-03,1,OK,11.35,0,0
t0012,train-job-001,comm-0,14,gpu-node-03,2,OK,12.78,0,0
t0012,train-job-001,comm-0,15,gpu-node-03,3,OK,10.29,0,0
t0012,train-job-001,comm-0,16,gpu-node-04,0,OK,15.73,0,0
t0012,train-job-001,comm-0,17,gpu-node-04,1,OK,10.81,0,0
t0012,train-job-001,comm-0,18,gpu-node-04,2,OK,11.36,0,0
t0012,train-job-001,comm-0,19,gpu-node-04,3,OK,12.5,0,0
t0012,train-job-001,comm-0,20,gpu-node-05,0,OK,6.87,0,0
t0012,train-job-001,comm-0,21,gpu-node-05,1,OK,15.24,0,0
t0012,train-job-001,comm-0,22,gpu-node-05,2,OK,11.42,0,0
t0012,train-job-001,comm-0,23,gpu-node-05,3,OK,8.96,0,0
t0012,train-job-001,comm-0,24,gpu-node-06,0,OK,12.37,0,0
t0012,train-job-001,comm-0,25,gpu-node-06,1,OK,10.44,0,0
t0012,train-job-001,comm-0,26,gpu-node-06,2,OK,15.01,0,0
t0012,train-job-001,comm-0,27,gpu-node-06,3,OK,14.05,0,0
t0012,train-job-001,comm-0,28,gpu-node-07,0,OK,11.06,0,0
t0012,train-job-001,comm-0,29,gpu-node-07,1,OK,14.41,0,0
t0012,train-job-001,comm-0,30,gpu-node-07,2,OK,15.24,0,0
t0012,train-job-001,comm-0,31,gpu-node-07,3,OK,11.81,0,0
t0012,train-job-001,comm-0,32,gpu-node-08,0,OK,11.26,0,0
t0012,train-job-001,comm-0,33,gpu-node-08,1,OK,11.2,0,0
t0012,train-job-001,comm-0,34,gpu-node-08,2,OK,16.09,0,0
t0012,train-job-001,comm-0,35,gpu-node-08,3,OK,15.23,0,0
t0012,train-job-001,comm-0,36,gpu-node-09,0,OK,14.89,0,0
t0012,train-job-001,comm-0,37,gpu-node-09,1,OK,9.37,0,0
t0012,train-job-001,comm-0,38,gpu-node-09,2,OK,8.18,0,0
t0012,train-job-001,comm-0,39,gpu-node-09,3,OK,13.53,0,0
t0012,train-job-001,comm-0,40,gpu-node-10,0,OK,10.82,0,0
t0012,train-job-001,comm-0,41,gpu-node-10,1,OK,11.05,0,0
t0012,train-job-001,comm-0,42,gpu-node-10,2,OK,12.18,0,0
t0012,train-job-001,comm-0,43,gpu-node-10,3,OK,13.59,0,0
t0012,train-job-001,comm-0,44,gpu-node-11,0,OK,8.26,0,0
t0012,train-job-001,comm-0,45,gpu-node-11,1,OK,13.18,0,0
t0012,train-job-001,comm-0,46,gpu-node-11,2,OK,10.1,0,0
t0012,train-job-001,comm-0,47,gpu-node-11,3,OK,12.48,0,0
t0013,train-job-001,comm-0,0,gpu-node-00,0,OK,9.45,0,0
t0013,train-job-001,comm-0,1,gpu-node-00,1,OK,12.91,0,0
t0013,train-job-001,comm-0,2,gpu-node-00,2,OK,16.13,0,0
t0013,train-job-001,comm-0,3,gpu-node-00,3,OK,16.06,0,0
t0013,train-job-001,comm-0,4,gpu-node-01,0,OK,8.89,0,0
t0013,train-job-001,comm-0,5,gpu-node-01,1,OK,13.76,0,0
t0013,train-job-001,comm-0,6,gpu-node-01,2,OK,13.97,0,0
t0013,train-job-001,comm-0,7,gpu-node-01,3,OK,11.04,0,0
t0013,train-job-001,comm-0,8,gpu-node-02,0,OK,9.45,0,0
t0013,train-job-001,comm-0,9,gpu-node-02,1,OK,11.02,0,0
t0013,train-job-001,comm-0,10,gpu-node-02,2,OK,16.85,0,0
t0013,train-job-001,comm-0,11,gpu-node-02,3,OK,14.37,0,0
t0013,train-job-001,comm-0,12,gpu-node-03,0,OK,11.73,0,0
t0013,train-job-001,comm-0,13,gpu-node-03,1,OK,14.81,0,0
t0013,train-job-001,comm-0,14,gpu-node-03,2,OK,11.11,0,0
t0013,train-job-001,comm-0,15,gpu-node-03,3,OK,10.69,0,0
t0013,train-job-001,comm-0,16,gpu-node-04,0,OK,10.54,0,0
t0013,train-job-001,comm-0,17,gpu-node-04,1,OK,11.05,0,0
t0013,train-job-001,comm-0,18,gpu-node-04,2,OK,9.6,0,0
t0013,train-job-001,comm-0,19,gpu-node-04,3,OK,12.45,0,0
t0013,train-job-001,comm-0,20,gpu-node-05,0,OK,12.97,0,0
t0013,train-job-001,comm-0,21,gpu-node-05,1,OK,13.9,0,0
t0013,train-job-001,comm-0,22,gpu-node-05,2,OK,11.37,0,0
t0013,train-job-001,comm-0,23,gpu-node-05,3,OK,6.77,0,0
t0013,train-job-001,comm-0,24,gpu-node-06,0,OK,12.03,0,0
t0013,train-job-001,comm-0,25,gpu-node-06,1,OK,13.71,0,0
t0013,train-job-001,comm-0,26,gpu-node-06,2,OK,10.4,0,0
t0013,train-job-001,comm-0,27,gpu-node-06,3,OK,12.44,0,0
t0013,train-job-001,comm-0,28,gpu-node-07,0,OK,9.33,0,0
t0013,train-job-001,comm-0,29,gpu-node-07,1,OK,14.33,0,0
t0013,train-job-001,comm-0,30,gpu-node-07,2,OK,15.13,0,0
t0013,train-job-001,comm-0,31,gpu-node-07,3,OK,11.22,0,0
t0013,train-job-001,comm-0,32,gpu-node-08,0,OK,10.71,0,0
t0013,train-job-001,comm-0,33,gpu-node-08,1,OK,13.24,0,0
t0013,train-job-001,comm-0,34,gpu-node-08,2,OK,11.03,0,0
t0013,train-job-001,comm-0,35,gpu-node-08,3,OK,9.71,0,0
t0013,train-job-001,comm-0,36,gpu-node-09,0,OK,13.73,0,0
t0013,train-job-001,comm-0,37,gpu-node-09,1,OK,14.3,0,0
t0013,train-job-001,comm-0,38,gpu-node-09,2,OK,12.79,0,0
t0013,train-job-001,comm-0,39,gpu-node-09,3,OK,14.23,0,0
t0013,train-job-001,comm-0,40,gpu-node-10,0,OK,14.61,0,0
t0013,train-job-001,comm-0,41,gpu-node-10,1,OK,11.84,0,0
t0013,train-job-001,comm-0,42,gpu-node-10,2,OK,10.46,0,0
t0013,train-job-001,comm-0,43,gpu-node-10,3,OK,12.03,0,0
t0013,train-job-001,comm-0,44,gpu-node-11,0,OK,13.93,0,0
t0013,train-job-001,comm-0,45,gpu-node-11,1,OK,10.57,0,0
t0013,train-job-001,comm-0,46,gpu-node-11,2,OK,11.55,0,0
t0013,train-job-001,comm-0,47,gpu-node-11,3,OK,13.51,0,0
t0014,train-job-001,comm-0,0,gpu-node-00,0,OK,10.88,0,0
t0014,train-job-001,comm-0,1,gpu-node-00,1,OK,14.13,0,0
t0014,train-job-001,comm-0,2,gpu-node-00,2,OK,10.89,0,0
t0014,train-job-001,comm-0,3,gpu-node-00,3,OK,10.78,0,0
t0014,train-job-001,comm-0,4,gpu-node-01,0,OK,10.3,0,0
t0014,train-job-001,comm-0,5,gpu-node-01,1,OK,13.73,0,0
t0014,train-job-001,comm-0,6,gpu-node-01,2,OK,10.04,0,0
t0014,train-job-001,comm-0,7,gpu-node-01,3,OK,15.25,0,0
t0014,train-job-001,comm-0,8,gpu-node-02,0,OK,13.48,0,0
t0014,train-job-001,comm-0,9,gpu-node-02,1,OK,12.75,0,0
t0014,train-job-001,comm-0,10,gpu-node-02,2,OK,12.43,0,0
t0014,train-job-001,comm-0,11,gpu-node-02,3,OK,10.1,0,0
t0014,train-job-001,comm-0,12,gpu-node-03,0,OK,10.23,0,0
t0014,train-job-001,comm-0,13,gpu-node-03,1,OK,7.71,0,0
t0014,train-job-001,comm-0,14,gpu-node-03,2,OK,13.14,0,0
t0014,train-job-001,comm-0,15,gpu-node-03,3,OK,12.48,0,0
t0014,train-job-001,comm-0,16,gpu-node-04,0,OK,13.68,0,0
t0014,train-job-001,comm-0,17,gpu-node-04,1,OK,11.95,0,0
t0014,train-job-001,comm-0,18,gpu-node-04,2,OK,10.66,0,0
t0014,train-job-001,comm-0,19,gpu-node-04,3,OK,14.14,0,0
t0014,train-job-001,comm-0,20,gpu-node-05,0,OK,9.7,0,0
t0014,train-job-001,comm-0,21,gpu-node-05,1,OK,13.85,0,0
t0014,train-job-001,comm-0,22,gpu-node-05,2,OK,9.34,0,0
t0014,train-job-001,comm-0,23,gpu-node-05,3,OK,12.84,0,0
t0014,train-job-001,comm-0,24,gpu-node-06,0,OK,9.96,0,0
t0014,train-job-001,comm-0,25,gpu-node-06,1,OK,11.54,0,0
t0014,train-job-001,comm-0,26,gpu-node-06,2,OK,11.31,0,0
t0014,train-job-001,comm-0,27,gpu-node-06,3,OK,9.92,0,0
t0014,train-job-001,comm-0,28,gpu-node-07,0,OK,10.48,0,0
t0014,train-job-001,comm-0,29,gpu-node-07,1,OK,9.0,0,0
t0014,train-job-001,comm-0,30,gpu-node-07,2,OK,12.03,0,0
t0014,train-job-001,comm-0,31,gpu-node-07,3,OK,10.72,0,0
t0014,train-job-001,comm-0,32,gpu-node-08,0,OK,15.26,0,0
t0014,train-job-001,comm-0,33,gpu-node-08,1,OK,12.9,0,0
t0014,train-job-001,comm-0,34,gpu-node-08,2,OK,12.0,0,0
t0014,train-job-001,comm-0,35,gpu-node-08,3,OK,12.56,0,0
t0014,train-job-001,comm-0,36,gpu-node-09,0,OK,12.54,0,0
t0014,train-job-001,comm-0,37,gpu-node-09,1,OK,12.9,0,0
t0014,train-job-001,comm-0,38,gpu-node-09,2,OK,14.87,0,0
t0014,train-job-001,comm-0,39,gpu-node-09,3,OK,14.35,0,0
t0014,train-job-001,comm-0,40,gpu-node-10,0,OK,10.04,0,0
t0014,train-job-001,comm-0,41,gpu-node-10,1,OK,11.36,0,0
t0014,train-job-001,comm-0,42,gpu-node-10,2,OK,8.85,0,0
t0014,train-job-001,comm-0,43,gpu-node-10,3,OK,13.66,0,0
t0014,train-job-001,comm-0,44,gpu-node-11,0,OK,11.94,0,0
t0014,train-job-001,comm-0,45,gpu-node-11,1,OK,13.36,0,0
t0014,train-job-001,comm-0,46,gpu-node-11,2,OK,15.82,0,0
t0014,train-job-001,comm-0,47,gpu-node-11,3,OK,12.22,0,0
t0015,train-job-001,comm-0,0,gpu-node-00,0,OK,7.04,0,0
t0015,train-job-001,comm-0,1,gpu-node-00,1,OK,13.08,0,0
t0015,train-job-001,comm-0,2,gpu-node-00,2,OK,10.31,0,0
t0015,train-job-001,comm-0,3,gpu-node-00,3,OK,12.46,0,0
t0015,train-job-001,comm-0,4,gpu-node-01,0,OK,16.36,0,0
t0015,train-job-001,comm-0,5,gpu-node-01,1,OK,10.95,0,0
t0015,train-job-001,comm-0,6,gpu-node-01,2,OK,15.3,0,0
t0015,train-job-001,comm-0,7,gpu-node-01,3,OK,9.52,0,0
t0015,train-job-001,comm-0,8,gpu-node-02,0,OK,10.92,0,0
t0015,train-job-001,comm-0,9,gpu-node-02,1,OK,10.23,0,0
t0015,train-job-001,comm-0,10,gpu-node-02,2,OK,12.49,0,0
t0015,train-job-001,comm-0,11,gpu-node-02,3,OK,13.77,0,0
t0015,train-job-001,comm-0,12,gpu-node-03,0,OK,11.89,0,0
t0015,train-job-001,comm-0,13,gpu-node-03,1,OK,13.57,0,0
t0015,train-job-001,comm-0,14,gpu-node-03,2,OK,14.4,0,0
t0015,train-job-001,comm-0,15,gpu-node-03,3,OK,10.04,0,0
t0015,train-job-001,comm-0,16,gpu-node-04,0,OK,11.58,0,0
t0015,train-job-001,comm-0,17,gpu-node-04,1,OK,12.6,0,0
t0015,train-job-001,comm-0,18,gpu-node-04,2,OK,12.37,0,0
t0015,train-job-001,comm-0,19,gpu-node-04,3,OK,14.89,0,0
t0015,train-job-001,comm-0,20,gpu-node-05,0,OK,10.54,0,0
t0015,train-job-001,comm-0,21,gpu-node-05,1,OK,11.84,0,0
t0015,train-job-001,comm-0,22,gpu-node-05,2,OK,9.51,0,0
t0015,train-job-001,comm-0,23,gpu-node-05,3,OK,15.01,0,0
t0015,train-job-001,comm-0,24,gpu-node-06,0,OK,9.58,0,0
t0015,train-job-001,comm-0,25,gpu-node-06,1,OK,14.64,0,0
t0015,train-job-001,comm-0,26,gpu-node-06,2,OK,14.06,0,0
t0015,train-job-001,comm-0,27,gpu-node-06,3,OK,8.07,0,0
t0015,train-job-001,comm-0,28,gpu-node-07,0,OK,10.52,0,0
t0015,train-job-001,comm-0,29,gpu-node-07,1,OK,11.09,0,0
t0015,train-job-001,comm-0,30,gpu-node-07,2,OK,15.61,0,0
t0015,train-job-001,comm-0,31,gpu-node-07,3,OK,10.53,0,0
t0015,train-job-001,comm-0,32,gpu-node-08,0,OK,10.91,0,0
t0015,train-job-001,comm-0,33,gpu-node-08,1,OK,8.29,0,0
t0015,train-job-001,comm-0,34,gpu-node-08,2,OK,15.54,0,0
t0015,train-job-001,comm-0,35,gpu-node-08,3,OK,11.79,0,0
t0015,train-job-001,comm-0,36,gpu-node-09,0,OK,13.7,0,0
t0015,train-job-001,comm-0,37,gpu-node-09,1,OK,12.43,0,0
t0015,train-job-001,comm-0,38,gpu-node-09,2,OK,10.07,0,0
t0015,train-job-001,comm-0,39,gpu-node-09,3,OK,11.53,0,0
t0015,train-job-001,comm-0,40,gpu-node-10,0,OK,13.7,0,0
t0015,train-job-001,comm-0,41,gpu-node-10,1,OK,11.62,0,0
t0015,train-job-001,comm-0,42,gpu-node-10,2,OK,12.04,0,0
t0015,train-job-001,comm-0,43,gpu-node-10,3,OK,10.01,0,0
t0015,train-job-001,comm-0,44,gpu-node-11,0,OK,11.3,0,0
t0015,train-job-001,comm-0,45,gpu-node-11,1,OK,10.61,0,0
t0015,train-job-001,comm-0,46,gpu-node-11,2,OK,14.7,0,0
t0015,train-job-001,comm-0,47,gpu-node-11,3,OK,11.22,0,0
t0016,train-job-001,comm-0,0,gpu-node-00,0,OK,11.49,0,0
t0016,train-job-001,comm-0,1,gpu-node-00,1,OK,11.24,0,0
t0016,train-job-001,comm-0,2,gpu-node-00,2,OK,13.08,0,0
t0016,train-job-001,comm-0,3,gpu-node-00,3,OK,11.42,0,0
t0016,train-job-001,comm-0,4,gpu-node-01,0,OK,8.47,0,0
t0016,train-job-001,comm-0,5,gpu-node-01,1,OK,10.97,0,0
t0016,train-job-001,comm-0,6,gpu-node-01,2,OK,14.62,0,0
t0016,train-job-001,comm-0,7,gpu-node-01,3,OK,13.59,0,0
t0016,train-job-001,comm-0,8,gpu-node-02,0,OK,7.2,0,0
t0016,train-job-001,comm-0,9,gpu-node-02,1,OK,13.93,0,0
t0016,train-job-001,comm-0,10,gpu-node-02,2,OK,11.75,0,0
t0016,train-job-001,comm-0,11,gpu-node-02,3,OK,10.18,0,0
t0016,train-job-001,comm-0,12,gpu-node-03,0,OK,11.87,0,0
t0016,train-job-001,comm-0,13,gpu-node-03,1,OK,13.13,0,0
t0016,train-job-001,comm-0,14,gpu-node-03,2,OK,13.21,0,0
t0016,train-job-001,comm-0,15,gpu-node-03,3,OK,11.63,0,0
t0016,train-job-001,comm-0,16,gpu-node-04,0,OK,12.33,0,0
t0016,train-job-001,comm-0,17,gpu-node-04,1,OK,10.15,0,0
t0016,train-job-001,comm-0,18,gpu-node-04,2,OK,14.32,0,0
t0016,train-job-001,comm-0,19,gpu-node-04,3,OK,12.47,0,0
t0016,train-job-001,comm-0,20,gpu-node-05,0,OK,10.06,0,0
t0016,train-job-001,comm-0,21,gpu-node-05,1,OK,14.55,0,0
t0016,train-job-001,comm-0,22,gpu-node-05,2,OK,10.28,0,0
t0016,train-job-001,comm-0,23,gpu-node-05,3,OK,13.3,0,0
t0016,train-job-001,comm-0,24,gpu-node-06,0,OK,11.53,0,0
t0016,train-job-001,comm-0,25,gpu-node-06,1,OK,8.63,0,0
t0016,train-job-001,comm-0,26,gpu-node-06,2,OK,11.89,0,0
t0016,train-job-001,comm-0,27,gpu-node-06,3,OK,13.66,0,0
t0016,train-job-001,comm-0,28,gpu-node-07,0,OK,13.61,0,0
t0016,train-job-001,comm-0,29,gpu-node-07,1,OK,13.06,0,0
t0016,train-job-001,comm-0,30,gpu-node-07,2,OK,13.4,0,0
t0016,train-job-001,comm-0,31,gpu-node-07,3,OK,13.81,0,0
t0016,train-job-001,comm-0,32,gpu-node-08,0,OK,13.23,0,0
t0016,train-job-001,comm-0,33,gpu-node-08,1,OK,8.97,0,0
t0016,train-job-001,comm-0,34,gpu-node-08,2,OK,12.94,0,0
t0016,train-job-001,comm-0,35,gpu-node-08,3,OK,12.0,0,0
t0016,train-job-001,comm-0,36,gpu-node-09,0,OK,15.53,0,0
t0016,train-job-001,comm-0,37,gpu-node-09,1,OK,14.74,0,0
t0016,train-job-001,comm-0,38,gpu-node-09,2,OK,10.42,0,0
t0016,train-job-001,comm-0,39,gpu-node-09,3,OK,11.81,0,0
t0016,train-job-001,comm-0,40,gpu-node-10,0,OK,10.1,0,0
t0016,train-job-001,comm-0,41,gpu-node-10,1,OK,14.27,0,0
t0016,train-job-001,comm-0,42,gpu-node-10,2,OK,9.33,0,0
t0016,train-job-001,comm-0,43,gpu-node-10,3,OK,12.63,0,0
t0016,train-job-001,comm-0,44,gpu-node-11,0,OK,14.85,0,0
t0016,train-job-001,comm-0,45,gpu-node-11,1,OK,14.66,0,0
t0016,train-job-001,comm-0,46,gpu-node-11,2,OK,15.18,0,0
t0016,train-job-001,comm-0,47,gpu-node-11,3,OK,10.54,0,0
t0017,train-job-001,comm-0,0,gpu-node-00,0,OK,12.76,0,0
t0017,train-job-001,comm-0,1,gpu-node-00,1,OK,13.61,0,0
t0017,train-job-001,comm-0,2,gpu-node-00,2,OK,11.83,0,0
t0017,train-job-001,comm-0,3,gpu-node-00,3,OK,10.78,0,0
t0017,train-job-001,comm-0,4,gpu-node-01,0,OK,13.0,0,0
t0017,train-job-001,comm-0,5,gpu-node-01,1,OK,12.14,0,0
t0017,train-job-001,comm-0,6,gpu-node-01,2,OK,10.62,0,0
t0017,train-job-001,comm-0,7,gpu-node-01,3,OK,10.46,0,0
t0017,train-job-001,comm-0,8,gpu-node-02,0,OK,12.26,0,0
t0017,train-job-001,comm-0,9,gpu-node-02,1,OK,11.09,0,0
t0017,train-job-001,comm-0,10,gpu-node-02,2,OK,12.51,0,0
t0017,train-job-001,comm-0,11,gpu-node-02,3,OK,12.74,0,0
t0017,train-job-001,comm-0,12,gpu-node-03,0,OK,10.1,0,0
t0017,train-job-001,comm-0,13,gpu-node-03,1,OK,13.29,0,0
t0017,train-job-001,comm-0,14,gpu-node-03,2,OK,11.12,0,0
t0017,train-job-001,comm-0,15,gpu-node-03,3,OK,14.39,0,0
t0017,train-job-001,comm-0,16,gpu-node-04,0,OK,14.91,0,0
t0017,train-job-001,comm-0,17,gpu-node-04,1,OK,14.33,0,0
t0017,train-job-001,comm-0,18,gpu-node-04,2,OK,12.18,0,0
t0017,train-job-001,comm-0,19,gpu-node-04,3,OK,13.33,0,0
t0017,train-job-001,comm-0,20,gpu-node-05,0,OK,9.96,0,0
t0017,train-job-001,comm-0,21,gpu-node-05,1,OK,10.27,0,0
t0017,train-job-001,comm-0,22,gpu-node-05,2,OK,12.07,0,0
t0017,train-job-001,comm-0,23,gpu-node-05,3,OK,13.96,0,0
t0017,train-job-001,comm-0,24,gpu-node-06,0,OK,9.54,0,0
t0017,train-job-001,comm-0,25,gpu-node-06,1,OK,15.65,0,0
t0017,train-job-001,comm-0,26,gpu-node-06,2,OK,10.79,0,0
t0017,train-job-001,comm-0,27,gpu-node-06,3,OK,12.17,0,0
t0017,train-job-001,comm-0,28,gpu-node-07,0,OK,13.11,0,0
t0017,train-job-001,comm-0,29,gpu-node-07,1,OK,11.22,0,0
t0017,train-job-001,comm-0,30,gpu-node-07,2,OK,9.07,0,0
t0017,train-job-001,comm-0,31,gpu-node-07,3,OK,13.8,0,0
t0017,train-job-001,comm-0,32,gpu-node-08,0,OK,11.91,0,0
t0017,train-job-001,comm-0,33,gpu-node-08,1,OK,15.86,0,0
t0017,train-job-001,comm-0,34,gpu-node-08,2,OK,11.76,0,0
t0017,train-job-001,comm-0,35,gpu-node-08,3,OK,11.74,0,0
t0017,train-job-001,comm-0,36,gpu-node-09,0,OK,13.65,0,0
t0017,train-job-001,comm-0,37,gpu-node-09,1,OK,9.95,0,0
t0017,train-job-001,comm-0,38,gpu-node-09,2,OK,11.78,0,0
t0017,train-job-001,comm-0,39,gpu-node-09,3,OK,10.09,0,0
t0017,train-job-001,comm-0,40,gpu-node-10,0,OK,9.02,0,0
t0017,train-job-001,comm-0,41,gpu-node-10,1,OK,10.86,0,0
t0017,train-job-001,comm-0,42,gpu-node-10,2,OK,12.55,0,0
t0017,train-job-001,comm-0,43,gpu-node-10,3,OK,12.06,0,0
t0017,train-job-001,comm-0,44,gpu-node-11,0,OK,11.85,0,0
t0017,train-job-001,comm-0,45,gpu-node-11,1,OK,10.78,0,0
t0017,train-job-001,comm-0,46,gpu-node-11,2,OK,11.58,0,0
t0017,train-job-001,comm-0,47,gpu-node-11,3,OK,11.92,0,0
t0018,train-job-001,comm-0,0,gpu-node-00,0,OK,10.18,0,0
t0018,train-job-001,comm-0,1,gpu-node-00,1,OK,13.15,0,0
t0018,train-job-001,comm-0,2,gpu-node-00,2,OK,9.52,0,0
t0018,train-job-001,comm-0,3,gpu-node-00,3,OK,9.71,0,0
t0018,train-job-001,comm-0,4,gpu-node-01,0,OK,10.89,0,0
t0018,train-job-001,comm-0,5,gpu-node-01,1,OK,13.13,0,0
t0018,train-job-001,comm-0,6,gpu-node-01,2,OK,12.43,0,0
t0018,train-job-001,comm-0,7,gpu-node-01,3,OK,10.49,0,0
t0018,train-job-001,comm-0,8,gpu-node-02,0,OK,13.2,0,0
t0018,train-job-001,comm-0,9,gpu-node-02,1,OK,16.56,0,0
t0018,train-job-001,comm-0,10,gpu-node-02,2,OK,12.36,0,0
t0018,train-job-001,comm-0,11,gpu-node-02,3,OK,13.97,0,0
t0018,train-job-001,comm-0,12,gpu-node-03,0,OK,13.63,0,0
t0018,train-job-001,comm-0,13,gpu-node-03,1,OK,12.78,0,0
t0018,train-job-001,comm-0,14,gpu-node-03,2,OK,11.75,0,0
t0018,train-job-001,comm-0,15,gpu-node-03,3,OK,10.72,0,0
t0018,train-job-001,comm-0,16,gpu-node-04,0,OK,10.31,0,0
t0018,train-job-001,comm-0,17,gpu-node-04,1,OK,12.62,0,0
t0018,train-job-001,comm-0,18,gpu-node-04,2,OK,12.77,0,0
t0018,train-job-001,comm-0,19,gpu-node-04,3,OK,11.99,0,0
t0018,train-job-001,comm-0,20,gpu-node-05,0,OK,12.58,0,0
t0018,train-job-001,comm-0,21,gpu-node-05,1,OK,10.9,0,0
t0018,train-job-001,comm-0,22,gpu-node-05,2,OK,12.5,0,0
t0018,train-job-001,comm-0,23,gpu-node-05,3,OK,10.94,0,0
t0018,train-job-001,comm-0,24,gpu-node-06,0,OK,10.48,0,0
t0018,train-job-001,comm-0,25,gpu-node-06,1,OK,11.38,0,0
t0018,train-job-001,comm-0,26,gpu-node-06,2,OK,11.94,0,0
t0018,train-job-001,comm-0,27,gpu-node-06,3,OK,13.77,0,0
t0018,train-job-001,comm-0,28,gpu-node-07,0,OK,10.26,0,0
t0018,train-job-001,comm-0,29,gpu-node-07,1,OK,11.41,0,0
t0018,train-job-001,comm-0,30,gpu-node-07,2,OK,12.0,0,0
t0018,train-job-001,comm-0,31,gpu-node-07,3,OK,12.06,0,0
t0018,train-job-001,comm-0,32,gpu-node-08,0,OK,13.25,0,0
t0018,train-job-001,comm-0,33,gpu-node-08,1,OK,12.74,0,0
t0018,train-job-001,comm-0,34,gpu-node-08,2,OK,10.91,0,0
t0018,train-job-001,comm-0,35,gpu-node-08,3,OK,14.46,0,0
t0018,train-job-001,comm-0,36,gpu-node-09,0,OK,11.32,0,0
t0018,train-job-001,comm-0,37,gpu-node-09,1,OK,11.43,0,0
t0018,train-job-001,comm-0,38,gpu-node-09,2,OK,12.08,0,0
t0018,train-job-001,comm-0,39,gpu-node-09,3,OK,12.42,0,0
t0018,train-job-001,comm-0,40,gpu-node-10,0,OK,11.7,0,0
t0018,train-job-001,comm-0,41,gpu-node-10,1,OK,12.06,0,0
t0018,train-job-001,comm-0,42,gpu-node-10,2,OK,13.08,0,0
t0018,train-job-001,comm-0,43,gpu-node-10,3,OK,10.64,0,0
t0018,train-job-001,comm-0,44,gpu-node-11,0,OK,8.61,0,0
t0018,train-job-001,comm-0,45,gpu-node-11,1,OK,12.56,0,0
t0018,train-job-001,comm-0,46,gpu-node-11,2,OK,10.92,0,0
t0018,train-job-001,comm-0,47,gpu-node-11,3,OK,11.86,0,0
t0019,train-job-001,comm-0,0,gpu-node-00,0,OK,10.32,0,0
t0019,train-job-001,comm-0,1,gpu-node-00,1,OK,13.77,0,0
t0019,train-job-001,comm-0,2,gpu-node-00,2,OK,10.9,0,0
t0019,train-job-001,comm-0,3,gpu-node-00,3,OK,10.33,0,0
t0019,train-job-001,comm-0,4,gpu-node-01,0,OK,12.32,0,0
t0019,train-job-001,comm-0,5,gpu-node-01,1,OK,11.46,0,0
t0019,train-job-001,comm-0,6,gpu-node-01,2,OK,12.35,0,0
t0019,train-job-001,comm-0,7,gpu-node-01,3,OK,12.06,0,0
t0019,train-job-001,comm-0,8,gpu-node-02,0,OK,13.59,0,0
t0019,train-job-001,comm-0,9,gpu-node-02,1,OK,12.03,0,0
t0019,train-job-001,comm-0,10,gpu-node-02,2,OK,13.24,0,0
t0019,train-job-001,comm-0,11,gpu-node-02,3,OK,10.08,0,0
t0019,train-job-001,comm-0,12,gpu-node-03,0,OK,10.66,0,0
t0019,train-job-001,comm-0,13,gpu-node-03,1,OK,11.28,0,0
t0019,train-job-001,comm-0,14,gpu-node-03,2,OK,12.29,0,0
t0019,train-job-001,comm-0,15,gpu-node-03,3,OK,11.78,0,0
t0019,train-job-001,comm-0,16,gpu-node-04,0,OK,9.92,0,0
t0019,train-job-001,comm-0,17,gpu-node-04,1,OK,9.9,0,0
t0019,train-job-001,comm-0,18,gpu-node-04,2,OK,11.51,0,0
t0019,train-job-001,comm-0,19,gpu-node-04,3,OK,14.15,0,0
t0019,train-job-001,comm-0,20,gpu-node-05,0,OK,13.18,0,0
t0019,train-job-001,comm-0,21,gpu-node-05,1,OK,15.4,0,0
t0019,train-job-001,comm-0,22,gpu-node-05,2,OK,13.87,0,0
t0019,train-job-001,comm-0,23,gpu-node-05,3,OK,9.58,0,0
t0019,train-job-001,comm-0,24,gpu-node-06,0,OK,14.71,0,0
t0019,train-job-001,comm-0,25,gpu-node-06,1,OK,10.41,0,0
t0019,train-job-001,comm-0,26,gpu-node-06,2,OK,12.9,0,0
t0019,train-job-001,comm-0,27,gpu-node-06,3,OK,12.31,0,0
t0019,train-job-001,comm-0,28,gpu-node-07,0,OK,13.06,0,0
t0019,train-job-001,comm-0,29,gpu-node-07,1,OK,12.58,0,0
t0019,train-job-001,comm-0,30,gpu-node-07,2,OK,10.99,0,0
t0019,train-job-001,comm-0,31,gpu-node-07,3,OK,11.59,0,0
t0019,train-job-001,comm-0,32,gpu-node-08,0,OK,12.55,0,0
t0019,train-job-001,comm-0,33,gpu-node-08,1,OK,12.18,0,0
t0019,train-job-001,comm-0,34,gpu-node-08,2,OK,8.81,0,0
t0019,train-job-001,comm-0,35,gpu-node-08,3,OK,11.27,0,0
t0019,train-job-001,comm-0,36,gpu-node-09,0,OK,13.64,0,0
t0019,train-job-001,comm-0,37,gpu-node-09,1,OK,12.67,0,0
t0019,train-job-001,comm-0,38,gpu-node-09,2,OK,12.7,0,0
t0019,train-job-001,comm-0,39,gpu-node-09,3,OK,13.67,0,0
t0019,train-job-001,comm-0,40,gpu-node-10,0,OK,15.48,0,0
t0019,train-job-001,comm-0,41,gpu-node-10,1,OK,11.82,0,0
t0019,train-job-001,comm-0,42,gpu-node-10,2,OK,12.93,0,0
t0019,train-job-001,comm-0,43,gpu-node-10,3,OK,13.71,0,0
t0019,train-job-001,comm-0,44,gpu-node-11,0,OK,11.69,0,0
t0019,train-job-001,comm-0,45,gpu-node-11,1,OK,12.9,0,0
t0019,train-job-001,comm-0,46,gpu-node-11,2,OK,13.8,0,0
t0019,train-job-001,comm-0,47,gpu-node-11,3,OK,14.82,0,0
t0020,train-job-001,comm-0,0,gpu-node-00,0,OK,9.81,0,0
t0020,train-job-001,comm-0,1,gpu-node-00,1,OK,15.22,0,0
t0020,train-job-001,comm-0,2,gpu-node-00,2,OK,9.03,0,0
t0020,train-job-001,comm-0,3,gpu-node-00,3,OK,10.01,0,0
t0020,train-job-001,comm-0,4,gpu-node-01,0,OK,10.22,0,0
t0020,train-job-001,comm-0,5,gpu-node-01,1,OK,10.52,0,0
t0020,train-job-001,comm-0,6,gpu-node-01,2,OK,8.61,0,0
t0020,train-job-001,comm-0,7,gpu-node-01,3,OK,14.35,0,0
t0020,train-job-001,comm-0,8,gpu-node-02,0,OK,8.86,0,0
t0020,train-job-001,comm-0,9,gpu-node-02,1,OK,10.19,0,0
t0020,train-job-001,comm-0,10,gpu-node-02,2,OK,12.15,0,0
t0020,train-job-001,comm-0,11,gpu-node-02,3,OK,13.58,0,0
t0020,train-job-001,comm-0,12,gpu-node-03,0,OK,11.69,0,0
t0020,train-job-001,comm-0,13,gpu-node-03,1,OK,12.49,0,0
t0020,train-job-001,comm-0,14,gpu-node-03,2,OK,11.88,0,0
t0020,train-job-001,comm-0,15,gpu-node-03,3,OK,12.07,0,0
t0020,train-job-001,comm-0,16,gpu-node-04,0,OK,11.7,0,0
t0020,train-job-001,comm-0,17,gpu-node-04,1,OK,15.81,0,0
t0020,train-job-001,comm-0,18,gpu-node-04,2,OK,10.61,0,0
t0020,train-job-001,comm-0,19,gpu-node-04,3,OK,12.72,0,0
t0020,train-job-001,comm-0,20,gpu-node-05,0,OK,13.67,0,0
t0020,train-job-001,comm-0,21,gpu-node-05,1,OK,8.13,0,0
t0020,train-job-001,comm-0,22,gpu-node-05,2,OK,9.85,0,0
t0020,train-job-001,comm-0,23,gpu-node-05,3,OK,13.55,0,0
t0020,train-job-001,comm-0,24,gpu-node-06,0,OK,16.55,0,0
t0020,train-job-001,comm-0,25,gpu-node-06,1,OK,12.19,0,0
t0020,train-job-001,comm-0,26,gpu-node-06,2,OK,10.16,0,0
t0020,train-job-001,comm-0,27,gpu-node-06,3,OK,12.07,0,0
t0020,train-job-001,comm-0,28,gpu-node-07,0,OK,12.91,0,0
t0020,train-job-001,comm-0,29,gpu-node-07,1,OK,11.22,0,0
t0020,train-job-001,comm-0,30,gpu-node-07,2,OK,11.3,0,0
t0020,train-job-001,comm-0,31,gpu-node-07,3,OK,12.84,0,0
t0020,train-job-001,comm-0,32,gpu-node-08,0,OK,13.21,0,0
t0020,train-job-001,comm-0,33,gpu-node-08,1,OK,12.78,0,0
t0020,train-job-001,comm-0,34,gpu-node-08,2,OK,11.5,0,0
t0020,train-job-001,comm-0,35,gpu-node-08,3,OK,14.03,0,0
t0020,train-job-001,comm-0,36,gpu-node-09,0,OK,12.77,0,0
t0020,train-job-001,comm-0,37,gpu-node-09,1,OK,13.61,0,0
t0020,train-job-001,comm-0,38,gpu-node-09,2,OK,10.35,0,0
t0020,train-job-001,comm-0,39,gpu-node-09,3,OK,11.05,0,0
t0020,train-job-001,comm-0,40,gpu-node-10,0,OK,11.21,0,0
t0020,train-job-001,comm-0,41,gpu-node-10,1,OK,7.58,0,0
t0020,train-job-001,comm-0,42,gpu-node-10,2,OK,14.83,0,0
t0020,train-job-001,comm-0,43,gpu-node-10,3,OK,14.11,0,0
t0020,train-job-001,comm-0,44,gpu-node-11,0,OK,11.59,0,0
t0020,train-job-001,comm-0,45,gpu-node-11,1,OK,12.07,0,0
t0020,train-job-001,comm-0,46,gpu-node-11,2,OK,10.09,0,0
t0020,train-job-001,comm-0,47,gpu-node-11,3,OK,13.01,0,0
t0021,train-job-001,comm-0,0,gpu-node-00,0,OK,11.31,0,0
t0021,train-job-001,comm-0,1,gpu-node-00,1,OK,10.18,0,0
t0021,train-job-001,comm-0,2,gpu-node-00,2,OK,14.5,0,0
t0021,train-job-001,comm-0,3,gpu-node-00,3,OK,11.24,0,0
t0021,train-job-001,comm-0,4,gpu-node-01,0,OK,10.33,0,0
t0021,train-job-001,comm-0,5,gpu-node-01,1,OK,12.25,0,0
t0021,train-job-001,comm-0,6,gpu-node-01,2,OK,8.84,0,0
t0021,train-job-001,comm-0,7,gpu-node-01,3,OK,12.06,0,0
t0021,train-job-001,comm-0,8,gpu-node-02,0,OK,11.39,0,0
t0021,train-job-001,comm-0,9,gpu-node-02,1,OK,13.07,0,0
t0021,train-job-001,comm-0,10,gpu-node-02,2,OK,12.46,0,0
t0021,train-job-001,comm-0,11,gpu-node-02,3,OK,13.59,0,0
t0021,train-job-001,comm-0,12,gpu-node-03,0,OK,10.11,0,0
t0021,train-job-001,comm-0,13,gpu-node-03,1,OK,11.42,0,0
t0021,train-job-001,comm-0,14,gpu-node-03,2,OK,13.26,0,0
t0021,train-job-001,comm-0,15,gpu-node-03,3,OK,14.11,0,0
t0021,train-job-001,comm-0,16,gpu-node-04,0,OK,13.69,0,0
t0021,train-job-001,comm-0,17,gpu-node-04,1,OK,11.38,0,0
t0021,train-job-001,comm-0,18,gpu-node-04,2,OK,13.34,0,0
t0021,train-job-001,comm-0,19,gpu-node-04,3,OK,12.09,0,0
t0021,train-job-001,comm-0,20,gpu-node-05,0,OK,12.76,0,0
t0021,train-job-001,comm-0,21,gpu-node-05,1,OK,12.74,0,0
t0021,train-job-001,comm-0,22,gpu-node-05,2,OK,10.21,0,0
t0021,train-job-001,comm-0,23,gpu-node-05,3,OK,14.68,0,0
t0021,train-job-001,comm-0,24,gpu-node-06,0,OK,12.85,0,0
t0021,train-job-001,comm-0,25,gpu-node-06,1,OK,12.24,0,0
t0021,train-job-001,comm-0,26,gpu-node-06,2,OK,12.77,0,0
t0021,train-job-001,comm-0,27,gpu-node-06,3,OK,9.86,0,0
t0021,train-job-001,comm-0,28,gpu-node-07,0,OK,10.7,0,0
t0021,train-job-001,comm-0,29,gpu-node-07,1,OK,12.81,0,0
t0021,train-job-001,comm-0,30,gpu-node-07,2,OK,13.72,0,0
t0021,train-job-001,comm-0,31,gpu-node-07,3,OK,12.23,0,0
t0021,train-job-001,comm-0,32,gpu-node-08,0,OK,10.51,0,0
t0021,train-job-001,comm-0,33,gpu-node-08,1,OK,15.61,0,0
t0021,train-job-001,comm-0,34,gpu-node-08,2,OK,11.88,0,0
t0021,train-job-001,comm-0,35,gpu-node-08,3,OK,11.93,0,0
t0021,train-job-001,comm-0,36,gpu-node-09,0,OK,10.83,0,0
t0021,train-job-001,comm-0,37,gpu-node-09,1,OK,10.79,0,0
t0021,train-job-001,comm-0,38,gpu-node-09,2,OK,11.07,0,0
t0021,train-job-001,comm-0,39,gpu-node-09,3,OK,11.61,0,0
t0021,train-job-001,comm-0,40,gpu-node-10,0,OK,14.49,0,0
t0021,train-job-001,comm-0,41,gpu-node-10,1,OK,10.22,0,0
t0021,train-job-001,comm-0,42,gpu-node-10,2,OK,12.56,0,0
t0021,train-job-001,comm-0,43,gpu-node-10,3,OK,14.77,0,0
t0021,train-job-001,comm-0,44,gpu-node-11,0,OK,12.35,0,0
t0021,train-job-001,comm-0,45,gpu-node-11,1,OK,10.65,0,0
t0021,train-job-001,comm-0,46,gpu-node-11,2,OK,13.35,0,0
t0021,train-job-001,comm-0,47,gpu-node-11,3,OK,16.69,0,0
t0022,train-job-001,comm-0,0,gpu-node-00,0,OK,15.45,0,0
t0022,train-job-001,comm-0,1,gpu-node-00,1,OK,13.2,0,0
t0022,train-job-001,comm-0,2,gpu-node-00,2,OK,14.31,0,0
t0022,train-job-001,comm-0,3,gpu-node-00,3,OK,10.35,0,0
t0022,train-job-001,comm-0,4,gpu-node-01,0,OK,6.64,0,0
t0022,train-job-001,comm-0,5,gpu-node-01,1,OK,11.46,0,0
t0022,train-job-001,comm-0,6,gpu-node-01,2,OK,10.51,0,0
t0022,train-job-001,comm-0,7,gpu-node-01,3,OK,15.0,0,0
t0022,train-job-001,comm-0,8,gpu-node-02,0,OK,12.82,0,0
t0022,train-job-001,comm-0,9,gpu-node-02,1,OK,11.93,0,0
t0022,train-job-001,comm-0,10,gpu-node-02,2,OK,11.54,0,0
t0022,train-job-001,comm-0,11,gpu-node-02,3,OK,9.31,0,0
t0022,train-job-001,comm-0,12,gpu-node-03,0,OK,13.84,0,0
t0022,train-job-001,comm-0,13,gpu-node-03,1,OK,10.78,0,0
t0022,train-job-001,comm-0,14,gpu-node-03,2,OK,12.73,0,0
t0022,train-job-001,comm-0,15,gpu-node-03,3,OK,10.56,0,0
t0022,train-job-001,comm-0,16,gpu-node-04,0,OK,12.3,0,0
t0022,train-job-001,comm-0,17,gpu-node-04,1,OK,9.43,0,0
t0022,train-job-001,comm-0,18,gpu-node-04,2,OK,10.52,0,0
t0022,train-job-001,comm-0,19,gpu-node-04,3,OK,14.03,0,0
t0022,train-job-001,comm-0,20,gpu-node-05,0,OK,7.96,0,0
t0022,train-job-001,comm-0,21,gpu-node-05,1,OK,10.04,0,0
t0022,train-job-001,comm-0,22,gpu-node-05,2,OK,9.86,0,0
t0022,train-job-001,comm-0,23,gpu-node-05,3,OK,10.32,0,0
t0022,train-job-001,comm-0,24,gpu-node-06,0,OK,12.44,0,0
t0022,train-job-001,comm-0,25,gpu-node-06,1,OK,13.09,0,0
t0022,train-job-001,comm-0,26,gpu-node-06,2,OK,12.97,0,0
t0022,train-job-001,comm-0,27,gpu-node-06,3,OK,9.79,0,0
t0022,train-job-001,comm-0,28,gpu-node-07,0,OK,7.61,0,0
t0022,train-job-001,comm-0,29,gpu-node-07,1,OK,8.74,0,0
t0022,train-job-001,comm-0,30,gpu-node-07,2,OK,13.59,0,0
t0022,train-job-001,comm-0,31,gpu-node-07,3,OK,10.18,0,0
t0022,train-job-001,comm-0,32,gpu-node-08,0,OK,14.54,0,0
t0022,train-job-001,comm-0,33,gpu-node-08,1,OK,9.57,0,0
t0022,train-job-001,comm-0,34,gpu-node-08,2,OK,14.56,0,0
t0022,train-job-001,comm-0,35,gpu-node-08,3,OK,9.81,0,0
t0022,train-job-001,comm-0,36,gpu-node-09,0,OK,15.33,0,0
t0022,train-job-001,comm-0,37,gpu-node-09,1,OK,12.78,0,0
t0022,train-job-001,comm-0,38,gpu-node-09,2,OK,11.14,0,0
t0022,train-job-001,comm-0,39,gpu-node-09,3,OK,15.03,0,0
t0022,train-job-001,comm-0,40,gpu-node-10,0,OK,13.08,0,0
t0022,train-job-001,comm-0,41,gpu-node-10,1,OK,11.77,0,0
t0022,train-job-001,comm-0,42,gpu-node-10,2,OK,12.89,0,0
t0022,train-job-001,comm-0,43,gpu-node-10,3,OK,12.76,0,0
t0022,train-job-001,comm-0,44,gpu-node-11,0,OK,11.36,0,0
t0022,train-job-001,comm-0,45,gpu-node-11,1,OK,15.08,0,0
t0022,train-job-001,comm-0,46,gpu-node-11,2,OK,13.73,0,0
t0022,train-job-001,comm-0,47,gpu-node-11,3,OK,12.63,0,0
t0023,train-job-001,comm-0,0,gpu-node-00,0,OK,8.59,0,0
t0023,train-job-001,comm-0,1,gpu-node-00,1,OK,13.45,0,0
t0023,train-job-001,comm-0,2,gpu-node-00,2,OK,13.55,0,0
t0023,train-job-001,comm-0,3,gpu-node-00,3,OK,12.03,0,0
t0023,train-job-001,comm-0,4,gpu-node-01,0,OK,9.57,0,0
t0023,train-job-001,comm-0,5,gpu-node-01,1,OK,11.08,0,0
t0023,train-job-001,comm-0,6,gpu-node-01,2,OK,12.58,0,0
t0023,train-job-001,comm-0,7,gpu-node-01,3,OK,13.12,0,0
t0023,train-job-001,comm-0,8,gpu-node-02,0,OK,12.74,0,0
t0023,train-job-001,comm-0,9,gpu-node-02,1,OK,8.42,0,0
t0023,train-job-001,comm-0,10,gpu-node-02,2,OK,14.83,0,0
t0023,train-job-001,comm-0,11,gpu-node-02,3,OK,11.89,0,0
t0023,train-job-001,comm-0,12,gpu-node-03,0,OK,11.46,0,0
t0023,train-job-001,comm-0,13,gpu-node-03,1,OK,13.78,0,0
t0023,train-job-001,comm-0,14,gpu-node-03,2,OK,13.04,0,0
t0023,train-job-001,comm-0,15,gpu-node-03,3,OK,10.61,0,0
t0023,train-job-001,comm-0,16,gpu-node-04,0,OK,12.4,0,0
t0023,train-job-001,comm-0,17,gpu-node-04,1,OK,12.02,0,0
t0023,train-job-001,comm-0,18,gpu-node-04,2,OK,12.78,0,0
t0023,train-job-001,comm-0,19,gpu-node-04,3,OK,11.22,0,0
t0023,train-job-001,comm-0,20,gpu-node-05,0,OK,11.31,0,0
t0023,train-job-001,comm-0,21,gpu-node-05,1,OK,10.51,0,0
t0023,train-job-001,comm-0,22,gpu-node-05,2,OK,11.44,0,0
t0023,train-job-001,comm-0,23,gpu-node-05,3,OK,12.3,0,0
t0023,train-job-001,comm-0,24,gpu-node-06,0,OK,9.22,0,0
t0023,train-job-001,comm-0,25,gpu-node-06,1,OK,12.19,0,0
t0023,train-job-001,comm-0,26,gpu-node-06,2,OK,13.64,0,0
t0023,train-job-001,comm-0,27,gpu-node-06,3,OK,16.77,0,0
t0023,train-job-001,comm-0,28,gpu-node-07,0,OK,12.87,0,0
t0023,train-job-001,comm-0,29,gpu-node-07,1,OK,11.55,0,0
t0023,train-job-001,comm-0,30,gpu-node-07,2,OK,13.27,0,0
t0023,train-job-001,comm-0,31,gpu-node-07,3,OK,14.59,0,0
t0023,train-job-001,comm-0,32,gpu-node-08,0,OK,10.31,0,0
t0023,train-job-001,comm-0,33,gpu-node-08,1,OK,11.52,0,0
t0023,train-job-001,comm-0,34,gpu-node-08,2,OK,12.6,0,0
t0023,train-job-001,comm-0,35,gpu-node-08,3,OK,12.25,0,0
t0023,train-job-001,comm-0,36,gpu-node-09,0,OK,13.28,0,0
t0023,train-job-001,comm-0,37,gpu-node-09,1,OK,12.57,0,0
t0023,train-job-001,comm-0,38,gpu-node-09,2,OK,12.36,0,0
t0023,train-job-001,comm-0,39,gpu-node-09,3,OK,9.54,0,0
t0023,train-job-001,comm-0,40,gpu-node-10,0,OK,10.66,0,0
t0023,train-job-001,comm-0,41,gpu-node-10,1,OK,12.14,0,0
t0023,train-job-001,comm-0,42,gpu-node-10,2,OK,12.29,0,0
t0023,train-job-001,comm-0,43,gpu-node-10,3,OK,13.42,0,0
t0023,train-job-001,comm-0,44,gpu-node-11,0,OK,8.75,0,0
t0023,train-job-001,comm-0,45,gpu-node-11,1,OK,12.11,0,0
t0023,train-job-001,comm-0,46,gpu-node-11,2,OK,10.52,0,0
t0023,train-job-001,comm-0,47,gpu-node-11,3,OK,12.64,0,0
t0024,train-job-001,comm-0,0,gpu-node-00,0,OK,13.51,0,0
t0024,train-job-001,comm-0,1,gpu-node-00,1,OK,10.32,0,0
t0024,train-job-001,comm-0,2,gpu-node-00,2,OK,12.36,0,0
t0024,train-job-001,comm-0,3,gpu-node-00,3,OK,12.65,0,0
t0024,train-job-001,comm-0,4,gpu-node-01,0,OK,11.07,0,0
t0024,train-job-001,comm-0,5,gpu-node-01,1,OK,12.5,0,0
t0024,train-job-001,comm-0,6,gpu-node-01,2,OK,11.45,0,0
t0024,train-job-001,comm-0,7,gpu-node-01,3,OK,10.07,0,0
t0024,train-job-001,comm-0,8,gpu-node-02,0,OK,13.79,0,0
t0024,train-job-001,comm-0,9,gpu-node-02,1,OK,6.49,0,0
t0024,train-job-001,comm-0,10,gpu-node-02,2,OK,9.74,0,0
t0024,train-job-001,comm-0,11,gpu-node-02,3,OK,8.21,0,0
t0024,train-job-001,comm-0,12,gpu-node-03,0,OK,13.77,0,0
t0024,train-job-001,comm-0,13,gpu-node-03,1,OK,11.4,0,0
t0024,train-job-001,comm-0,14,gpu-node-03,2,OK,10.43,0,0
t0024,train-job-001,comm-0,15,gpu-node-03,3,OK,11.16,0,0
t0024,train-job-001,comm-0,16,gpu-node-04,0,OK,14.28,0,0
t0024,train-job-001,comm-0,17,gpu-node-04,1,OK,11.04,0,0
t0024,train-job-001,comm-0,18,gpu-node-04,2,OK,15.97,0,0
t0024,train-job-001,comm-0,19,gpu-node-04,3,OK,11.69,0,0
t0024,train-job-001,comm-0,20,gpu-node-05,0,OK,13.01,0,0
t0024,train-job-001,comm-0,21,gpu-node-05,1,OK,7.18,0,0
t0024,train-job-001,comm-0,22,gpu-node-05,2,OK,9.65,0,0
t0024,train-job-001,comm-0,23,gpu-node-05,3,OK,12.44,0,0
t0024,train-job-001,comm-0,24,gpu-node-06,0,OK,10.46,0,0
t0024,train-job-001,comm-0,25,gpu-node-06,1,OK,12.1,0,0
t0024,train-job-001,comm-0,26,gpu-node-06,2,OK,16.5,0,0
t0024,train-job-001,comm-0,27,gpu-node-06,3,OK,11.11,0,0
t0024,train-job-001,comm-0,28,gpu-node-07,0,OK,10.22,0,0
t0024,train-job-001,comm-0,29,gpu-node-07,1,OK,13.77,0,0
t0024,train-job-001,comm-0,30,gpu-node-07,2,OK,10.88,0,0
t0024,train-job-001,comm-0,31,gpu-node-07,3,OK,10.98,0,0
t0024,train-job-001,comm-0,32,gpu-node-08,0,OK,10.15,0,0
t0024,train-job-001,comm-0,33,gpu-node-08,1,OK,12.17,0,0
t0024,train-job-001,comm-0,34,gpu-node-08,2,OK,9.8,0,0
t0024,train-job-001,comm-0,35,gpu-node-08,3,OK,13.25,0,0
t0024,train-job-001,comm-0,36,gpu-node-09,0,OK,12.59,0,0
t0024,train-job-001,comm-0,37,gpu-node-09,1,OK,11.71,0,0
t0024,train-job-001,comm-0,38,gpu-node-09,2,OK,15.14,0,0
t0024,train-job-001,comm-0,39,gpu-node-09,3,OK,8.81,0,0
t0024,train-job-001,comm-0,40,gpu-node-10,0,OK,11.09,0,0
t0024,train-job-001,comm-0,41,gpu-node-10,1,OK,8.1,0,0
t0024,train-job-001,comm-0,42,gpu-node-10,2,OK,10.76,0,0
t0024,train-job-001,comm-0,43,gpu-node-10,3,OK,12.02,0,0
t0024,train-job-001,comm-0,44,gpu-node-11,0,OK,13.4,0,0
t0024,train-job-001,comm-0,45,gpu-node-11,1,OK,12.7,0,0
t0024,train-job-001,comm-0,46,gpu-node-11,2,OK,9.95,0,0
t0024,train-job-001,comm-0,47,gpu-node-11,3,OK,10.3,0,0
t0025,train-job-001,comm-0,0,gpu-node-00,0,OK,14.6,0,0
t0025,train-job-001,comm-0,1,gpu-node-00,1,OK,9.3,0,0
t0025,train-job-001,comm-0,2,gpu-node-00,2,OK,10.2,0,0
t0025,train-job-001,comm-0,3,gpu-node-00,3,OK,11.98,0,0
t0025,train-job-001,comm-0,4,gpu-node-01,0,OK,11.82,0,0
t0025,train-job-001,comm-0,5,gpu-node-01,1,OK,10.29,0,0
t0025,train-job-001,comm-0,6,gpu-node-01,2,OK,13.09,0,0
t0025,train-job-001,comm-0,7,gpu-node-01,3,OK,15.46,0,0
t0025,train-job-001,comm-0,8,gpu-node-02,0,OK,11.18,0,0
t0025,train-job-001,comm-0,9,gpu-node-02,1,OK,10.17,0,0
t0025,train-job-001,comm-0,10,gpu-node-02,2,OK,13.02,0,0
t0025,train-job-001,comm-0,11,gpu-node-02,3,OK,11.25,0,0
t0025,train-job-001,comm-0,12,gpu-node-03,0,OK,8.05,0,0
t0025,train-job-001,comm-0,13,gpu-node-03,1,OK,10.82,0,0
t0025,train-job-001,comm-0,14,gpu-node-03,2,OK,8.79,0,0
t0025,train-job-001,comm-0,15,gpu-node-03,3,OK,10.85,0,0
t0025,train-job-001,comm-0,16,gpu-node-04,0,OK,12.91,0,0
t0025,train-job-001,comm-0,17,gpu-node-04,1,OK,12.27,0,0
t0025,train-job-001,comm-0,18,gpu-node-04,2,OK,12.93,0,0
t0025,train-job-001,comm-0,19,gpu-node-04,3,OK,10.67,0,0
t0025,train-job-001,comm-0,20,gpu-node-05,0,OK,13.5,0,0
t0025,train-job-001,comm-0,21,gpu-node-05,1,OK,14.29,0,0
t0025,train-job-001,comm-0,22,gpu-node-05,2,OK,8.78,0,0
t0025,train-job-001,comm-0,23,gpu-node-05,3,OK,12.25,0,0
t0025,train-job-001,comm-0,24,gpu-node-06,0,OK,11.13,0,0
t0025,train-job-001,comm-0,25,gpu-node-06,1,OK,12.63,0,0
t0025,train-job-001,comm-0,26,gpu-node-06,2,OK,13.79,0,0
t0025,train-job-001,comm-0,27,gpu-node-06,3,OK,14.26,0,0
t0025,train-job-001,comm-0,28,gpu-node-07,0,OK,13.45,0,0
t0025,train-job-001,comm-0,29,gpu-node-07,1,OK,12.21,0,0
t0025,train-job-001,comm-0,30,gpu-node-07,2,OK,13.14,0,0
t0025,train-job-001,comm-0,31,gpu-node-07,3,OK,14.39,0,0
t0025,train-job-001,comm-0,32,gpu-node-08,0,OK,12.58,0,0
t0025,train-job-001,comm-0,33,gpu-node-08,1,OK,14.97,0,0
t0025,train-job-001,comm-0,34,gpu-node-08,2,OK,12.04,0,0
t0025,train-job-001,comm-0,35,gpu-node-08,3,OK,12.49,0,0
t0025,train-job-001,comm-0,36,gpu-node-09,0,OK,15.04,0,0
t0025,train-job-001,comm-0,37,gpu-node-09,1,OK,13.12,0,0
t0025,train-job-001,comm-0,38,gpu-node-09,2,OK,10.39,0,0
t0025,train-job-001,comm-0,39,gpu-node-09,3,OK,13.02,0,0
t0025,train-job-001,comm-0,40,gpu-node-10,0,OK,14.19,0,0
t0025,train-job-001,comm-0,41,gpu-node-10,1,OK,9.78,0,0
t0025,train-job-001,comm-0,42,gpu-node-10,2,OK,11.35,0,0
t0025,train-job-001,comm-0,43,gpu-node-10,3,OK,12.46,0,0
t0025,train-job-001,comm-0,44,gpu-node-11,0,OK,11.38,0,0
t0025,train-job-001,comm-0,45,gpu-node-11,1,OK,10.75,0,0
t0025,train-job-001,comm-0,46,gpu-node-11,2,OK,10.9,0,0
t0025,train-job-001,comm-0,47,gpu-node-11,3,OK,19.79,0,0
t0026,train-job-001,comm-0,0,gpu-node-00,0,OK,12.37,0,0
t0026,train-job-001,comm-0,1,gpu-node-00,1,OK,14.83,0,0
t0026,train-job-001,comm-0,2,gpu-node-00,2,OK,11.78,0,0
t0026,train-job-001,comm-0,3,gpu-node-00,3,OK,11.98,0,0
t0026,train-job-001,comm-0,4,gpu-node-01,0,OK,11.01,0,0
t0026,train-job-001,comm-0,5,gpu-node-01,1,OK,10.64,0,0
t0026,train-job-001,comm-0,6,gpu-node-01,2,OK,14.7,0,0
t0026,train-job-001,comm-0,7,gpu-node-01,3,OK,7.39,0,0
t0026,train-job-001,comm-0,8,gpu-node-02,0,OK,9.62,0,0
t0026,train-job-001,comm-0,9,gpu-node-02,1,OK,14.06,0,0
t0026,train-job-001,comm-0,10,gpu-node-02,2,OK,11.36,0,0
t0026,train-job-001,comm-0,11,gpu-node-02,3,OK,14.49,0,0
t0026,train-job-001,comm-0,12,gpu-node-03,0,OK,10.45,0,0
t0026,train-job-001,comm-0,13,gpu-node-03,1,OK,10.7,0,0
t0026,train-job-001,comm-0,14,gpu-node-03,2,OK,13.12,0,0
t0026,train-job-001,comm-0,15,gpu-node-03,3,OK,15.49,0,0
t0026,train-job-001,comm-0,16,gpu-node-04,0,OK,9.54,0,0
t0026,train-job-001,comm-0,17,gpu-node-04,1,OK,11.71,0,0
t0026,train-job-001,comm-0,18,gpu-node-04,2,OK,10.27,0,0
t0026,train-job-001,comm-0,19,gpu-node-04,3,OK,16.21,0,0
t0026,train-job-001,comm-0,20,gpu-node-05,0,OK,12.97,0,0
t0026,train-job-001,comm-0,21,gpu-node-05,1,OK,11.87,0,0
t0026,train-job-001,comm-0,22,gpu-node-05,2,OK,10.53,0,0
t0026,train-job-001,comm-0,23,gpu-node-05,3,OK,9.56,0,0
t0026,train-job-001,comm-0,24,gpu-node-06,0,OK,7.82,0,0
t0026,train-job-001,comm-0,25,gpu-node-06,1,OK,13.58,0,0
t0026,train-job-001,comm-0,26,gpu-node-06,2,OK,12.04,0,0
t0026,train-job-001,comm-0,27,gpu-node-06,3,OK,13.5,0,0
t0026,train-job-001,comm-0,28,gpu-node-07,0,OK,13.26,0,0
t0026,train-job-001,comm-0,29,gpu-node-07,1,OK,15.83,0,0
t0026,train-job-001,comm-0,30,gpu-node-07,2,OK,14.19,0,0
t0026,train-job-001,comm-0,31,gpu-node-07,3,OK,13.84,0,0
t0026,train-job-001,comm-0,32,gpu-node-08,0,OK,13.13,0,0
t0026,train-job-001,comm-0,33,gpu-node-08,1,OK,10.16,0,0
t0026,train-job-001,comm-0,34,gpu-node-08,2,OK,15.26,0,0
t0026,train-job-001,comm-0,35,gpu-node-08,3,OK,9.93,0,0
t0026,train-job-001,comm-0,36,gpu-node-09,0,OK,8.78,0,0
t0026,train-job-001,comm-0,37,gpu-node-09,1,OK,9.87,0,0
t0026,train-job-001,comm-0,38,gpu-node-09,2,OK,16.78,0,0
t0026,train-job-001,comm-0,39,gpu-node-09,3,OK,11.34,0,0
t0026,train-job-001,comm-0,40,gpu-node-10,0,OK,8.86,0,0
t0026,train-job-001,comm-0,41,gpu-node-10,1,OK,11.34,0,0
t0026,train-job-001,comm-0,42,gpu-node-10,2,OK,9.71,0,0
t0026,train-job-001,comm-0,43,gpu-node-10,3,OK,12.63,0,0
t0026,train-job-001,comm-0,44,gpu-node-11,0,OK,9.48,0,0
t0026,train-job-001,comm-0,45,gpu-node-11,1,OK,13.25,0,0
t0026,train-job-001,comm-0,46,gpu-node-11,2,OK,5.48,0,0
t0026,train-job-001,comm-0,47,gpu-node-11,3,OK,9.15,0,0
t0027,train-job-001,comm-0,0,gpu-node-00,0,OK,13.79,0,0
t0027,train-job-001,comm-0,1,gpu-node-00,1,OK,9.77,0,0
t0027,train-job-001,comm-0,2,gpu-node-00,2,OK,13.33,0,0
t0027,train-job-001,comm-0,3,gpu-node-00,3,OK,8.87,0,0
t0027,train-job-001,comm-0,4,gpu-node-01,0,OK,12.42,0,0
t0027,train-job-001,comm-0,5,gpu-node-01,1,OK,12.5,0,0
t0027,train-job-001,comm-0,6,gpu-node-01,2,OK,12.23,0,0
t0027,train-job-001,comm-0,7,gpu-node-01,3,OK,12.34,0,0
t0027,train-job-001,comm-0,8,gpu-node-02,0,OK,11.6,0,0
t0027,train-job-001,comm-0,9,gpu-node-02,1,OK,15.31,0,0
t0027,train-job-001,comm-0,10,gpu-node-02,2,OK,11.3,0,0
t0027,train-job-001,comm-0,11,gpu-node-02,3,OK,10.11,0,0
t0027,train-job-001,comm-0,12,gpu-node-03,0,OK,13.21,0,0
t0027,train-job-001,comm-0,13,gpu-node-03,1,OK,12.65,0,0
t0027,train-job-001,comm-0,14,gpu-node-03,2,OK,9.57,0,0
t0027,train-job-001,comm-0,15,gpu-node-03,3,OK,13.02,0,0
t0027,train-job-001,comm-0,16,gpu-node-04,0,OK,11.1,0,0
t0027,train-job-001,comm-0,17,gpu-node-04,1,OK,12.44,0,0
t0027,train-job-001,comm-0,18,gpu-node-04,2,OK,14.86,0,0
t0027,train-job-001,comm-0,19,gpu-node-04,3,OK,10.29,0,0
t0027,train-job-001,comm-0,20,gpu-node-05,0,OK,12.34,0,0
t0027,train-job-001,comm-0,21,gpu-node-05,1,OK,12.69,0,0
t0027,train-job-001,comm-0,22,gpu-node-05,2,OK,11.57,0,0
t0027,train-job-001,comm-0,23,gpu-node-05,3,OK,12.8,0,0
t0027,train-job-001,comm-0,24,gpu-node-06,0,OK,14.74,0,0
t0027,train-job-001,comm-0,25,gpu-node-06,1,OK,12.24,0,0
t0027,train-job-001,comm-0,26,gpu-node-06,2,OK,10.54,0,0
t0027,train-job-001,comm-0,27,gpu-node-06,3,OK,15.35,0,0
t0027,train-job-001,comm-0,28,gpu-node-07,0,OK,11.91,0,0
t0027,train-job-001,comm-0,29,gpu-node-07,1,OK,14.47,0,0
t0027,train-job-001,comm-0,30,gpu-node-07,2,OK,13.32,0,0
t0027,train-job-001,comm-0,31,gpu-node-07,3,OK,11.6,0,0
t0027,train-job-001,comm-0,32,gpu-node-08,0,OK,14.07,0,0
t0027,train-job-001,comm-0,33,gpu-node-08,1,OK,9.23,0,0
t0027,train-job-001,comm-0,34,gpu-node-08,2,OK,14.38,0,0
t0027,train-job-001,comm-0,35,gpu-node-08,3,OK,13.09,0,0
t0027,train-job-001,comm-0,36,gpu-node-09,0,OK,12.08,0,0
t0027,train-job-001,comm-0,37,gpu-node-09,1,OK,11.98,0,0
t0027,train-job-001,comm-0,38,gpu-node-09,2,OK,12.41,0,0
t0027,train-job-001,comm-0,39,gpu-node-09,3,OK,10.44,0,0
t0027,train-job-001,comm-0,40,gpu-node-10,0,OK,10.98,0,0
t0027,train-job-001,comm-0,41,gpu-node-10,1,OK,11.29,0,0
t0027,train-job-001,comm-0,42,gpu-node-10,2,OK,12.59,0,0
t0027,train-job-001,comm-0,43,gpu-node-10,3,OK,11.29,0,0
t0027,train-job-001,comm-0,44,gpu-node-11,0,OK,9.53,0,0
t0027,train-job-001,comm-0,45,gpu-node-11,1,OK,11.76,0,0
t0027,train-job-001,comm-0,46,gpu-node-11,2,OK,9.3,0,0
t0027,train-job-001,comm-0,47,gpu-node-11,3,OK,8.57,0,0
t0028,train-job-001,comm-0,0,gpu-node-00,0,OK,12.12,0,0
t0028,train-job-001,comm-0,1,gpu-node-00,1,OK,10.19,0,0
t0028,train-job-001,comm-0,2,gpu-node-00,2,OK,12.17,0,0
t0028,train-job-001,comm-0,3,gpu-node-00,3,OK,13.16,0,0
t0028,train-job-001,comm-0,4,gpu-node-01,0,OK,12.17,0,0
t0028,train-job-001,comm-0,5,gpu-node-01,1,OK,10.13,0,0
t0028,train-job-001,comm-0,6,gpu-node-01,2,OK,11.57,0,0
t0028,train-job-001,comm-0,7,gpu-node-01,3,OK,13.18,0,0
t0028,train-job-001,comm-0,8,gpu-node-02,0,OK,12.03,0,0
t0028,train-job-001,comm-0,9,gpu-node-02,1,OK,10.24,0,0
t0028,train-job-001,comm-0,10,gpu-node-02,2,OK,10.62,0,0
t0028,train-job-001,comm-0,11,gpu-node-02,3,OK,8.14,0,0
t0028,train-job-001,comm-0,12,gpu-node-03,0,OK,15.77,0,0
t0028,train-job-001,comm-0,13,gpu-node-03,1,OK,12.6,0,0
t0028,train-job-001,comm-0,14,gpu-node-03,2,OK,13.03,0,0
t0028,train-job-001,comm-0,15,gpu-node-03,3,OK,11.45,0,0
t0028,train-job-001,comm-0,16,gpu-node-04,0,OK,12.65,0,0
t0028,train-job-001,comm-0,17,gpu-node-04,1,OK,8.52,0,0
t0028,train-job-001,comm-0,18,gpu-node-04,2,OK,13.15,0,0
t0028,train-job-001,comm-0,19,gpu-node-04,3,OK,7.78,0,0
t0028,train-job-001,comm-0,20,gpu-node-05,0,OK,9.24,0,0
t0028,train-job-001,comm-0,21,gpu-node-05,1,OK,15.28,0,0
t0028,train-job-001,comm-0,22,gpu-node-05,2,OK,11.04,0,0
t0028,train-job-001,comm-0,23,gpu-node-05,3,OK,11.25,0,0
t0028,train-job-001,comm-0,24,gpu-node-06,0,OK,10.11,0,0
t0028,train-job-001,comm-0,25,gpu-node-06,1,OK,13.13,0,0
t0028,train-job-001,comm-0,26,gpu-node-06,2,OK,12.0,0,0
t0028,train-job-001,comm-0,27,gpu-node-06,3,OK,10.92,0,0
t0028,train-job-001,comm-0,28,gpu-node-07,0,OK,15.7,0,0
t0028,train-job-001,comm-0,29,gpu-node-07,1,OK,11.95,0,0
t0028,train-job-001,comm-0,30,gpu-node-07,2,OK,10.7,0,0
t0028,train-job-001,comm-0,31,gpu-node-07,3,OK,13.31,0,0
t0028,train-job-001,comm-0,32,gpu-node-08,0,OK,14.12,0,0
t0028,train-job-001,comm-0,33,gpu-node-08,1,OK,15.92,0,0
t0028,train-job-001,comm-0,34,gpu-node-08,2,OK,12.6,0,0
t0028,train-job-001,comm-0,35,gpu-node-08,3,OK,10.99,0,0
t0028,train-job-001,comm-0,36,gpu-node-09,0,OK,12.06,0,0
t0028,train-job-001,comm-0,37,gpu-node-09,1,OK,11.24,0,0
t0028,train-job-001,comm-0,38,gpu-node-09,2,OK,11.81,0,0
t0028,train-job-001,comm-0,39,gpu-node-09,3,OK,11.65,0,0
t0028,train-job-001,comm-0,40,gpu-node-10,0,OK,9.08,0,0
t0028,train-job-001,comm-0,41,gpu-node-10,1,OK,11.23,0,0
t0028,train-job-001,comm-0,42,gpu-node-10,2,OK,8.36,0,0
t0028,train-job-001,comm-0,43,gpu-node-10,3,OK,11.97,0,0
t0028,train-job-001,comm-0,44,gpu-node-11,0,OK,8.67,0,0
t0028,train-job-001,comm-0,45,gpu-node-11,1,OK,13.4,0,0
t0028,train-job-001,comm-0,46,gpu-node-11,2,OK,11.2,0,0
t0028,train-job-001,comm-0,47,gpu-node-11,3,OK,8.71,0,0
t0029,train-job-001,comm-0,0,gpu-node-00,0,OK,9.26,0,0
t0029,train-job-001,comm-0,1,gpu-node-00,1,OK,12.64,0,0
t0029,train-job-001,comm-0,2,gpu-node-00,2,OK,12.44,0,0
t0029,train-job-001,comm-0,3,gpu-node-00,3,OK,11.98,0,0
t0029,train-job-001,comm-0,4,gpu-node-01,0,OK,8.9,0,0
t0029,train-job-001,comm-0,5,gpu-node-01,1,OK,14.77,0,0
t0029,train-job-001,comm-0,6,gpu-node-01,2,OK,11.85,0,0
t0029,train-job-001,comm-0,7,gpu-node-01,3,OK,9.29,0,0
t0029,train-job-001,comm-0,8,gpu-node-02,0,OK,10.91,0,0
t0029,train-job-001,comm-0,9,gpu-node-02,1,OK,11.75,0,0
t0029,train-job-001,comm-0,10,gpu-node-02,2,OK,10.2,0,0
t0029,train-job-001,comm-0,11,gpu-node-02,3,OK,12.52,0,0
t0029,train-job-001,comm-0,12,gpu-node-03,0,OK,14.43,0,0
t0029,train-job-001,comm-0,13,gpu-node-03,1,OK,11.02,0,0
t0029,train-job-001,comm-0,14,gpu-node-03,2,OK,8.84,0,0
t0029,train-job-001,comm-0,15,gpu-node-03,3,OK,12.59,0,0
t0029,train-job-001,comm-0,16,gpu-node-04,0,OK,11.04,0,0
t0029,train-job-001,comm-0,17,gpu-node-04,1,OK,14.94,0,0
t0029,train-job-001,comm-0,18,gpu-node-04,2,OK,11.0,0,0
t0029,train-job-001,comm-0,19,gpu-node-04,3,OK,12.91,0,0
t0029,train-job-001,comm-0,20,gpu-node-05,0,OK,13.95,0,0
t0029,train-job-001,comm-0,21,gpu-node-05,1,OK,8.38,0,0
t0029,train-job-001,comm-0,22,gpu-node-05,2,OK,9.91,0,0
t0029,train-job-001,comm-0,23,gpu-node-05,3,OK,11.92,0,0
t0029,train-job-001,comm-0,24,gpu-node-06,0,OK,14.52,0,0
t0029,train-job-001,comm-0,25,gpu-node-06,1,OK,11.68,0,0
t0029,train-job-001,comm-0,26,gpu-node-06,2,OK,13.16,0,0
t0029,train-job-001,comm-0,27,gpu-node-06,3,OK,13.38,0,0
t0029,train-job-001,comm-0,28,gpu-node-07,0,OK,12.05,0,0
t0029,train-job-001,comm-0,29,gpu-node-07,1,OK,12.78,0,0
t0029,train-job-001,comm-0,30,gpu-node-07,2,OK,11.49,0,0
t0029,train-job-001,comm-0,31,gpu-node-07,3,OK,12.98,0,0
t0029,train-job-001,comm-0,32,gpu-node-08,0,OK,11.66,0,0
t0029,train-job-001,comm-0,33,gpu-node-08,1,OK,12.84,0,0
t0029,train-job-001,comm-0,34,gpu-node-08,2,OK,7.64,0,0
t0029,train-job-001,comm-0,35,gpu-node-08,3,OK,17.53,0,0
t0029,train-job-001,comm-0,36,gpu-node-09,0,OK,10.47,0,0
t0029,train-job-001,comm-0,37,gpu-node-09,1,OK,11.82,0,0
t0029,train-job-001,comm-0,38,gpu-node-09,2,OK,9.47,0,0
t0029,train-job-001,comm-0,39,gpu-node-09,3,OK,8.93,0,0
t0029,train-job-001,comm-0,40,gpu-node-10,0,OK,12.3,0,0
t0029,train-job-001,comm-0,41,gpu-node-10,1,OK,11.6,0,0
t0029,train-job-001,comm-0,42,gpu-node-10,2,OK,15.28,0,0
t0029,train-job-001,comm-0,43,gpu-node-10,3,OK,11.62,0,0
t0029,train-job-001,comm-0,44,gpu-node-11,0,OK,12.33,0,0
t0029,train-job-001,comm-0,45,gpu-node-11,1,OK,16.75,0,0
t0029,train-job-001,comm-0,46,gpu-node-11,2,OK,10.06,0,0
t0029,train-job-001,comm-0,47,gpu-node-11,3,OK,11.22,0,0
t0030,train-job-001,comm-0,0,gpu-node-00,0,OK,9.63,0,0
t0030,train-job-001,comm-0,1,gpu-node-00,1,OK,10.07,0,0
t0030,train-job-001,comm-0,2,gpu-node-00,2,OK,10.43,0,0
t0030,train-job-001,comm-0,3,gpu-node-00,3,OK,12.88,0,0
t0030,train-job-001,comm-0,4,gpu-node-01,0,OK,14.37,0,0
t0030,train-job-001,comm-0,5,gpu-node-01,1,OK,9.05,0,0
t0030,train-job-001,comm-0,6,gpu-node-01,2,OK,12.21,0,0
t0030,train-job-001,comm-0,7,gpu-node-01,3,OK,11.82,0,0
t0030,train-job-001,comm-0,8,gpu-node-02,0,OK,10.63,0,0
t0030,train-job-001,comm-0,9,gpu-node-02,1,OK,10.71,0,0
t0030,train-job-001,comm-0,10,gpu-node-02,2,OK,13.87,0,0
t0030,train-job-001,comm-0,11,gpu-node-02,3,OK,10.62,0,0
t0030,train-job-001,comm-0,12,gpu-node-03,0,OK,10.55,0,0
t0030,train-job-001,comm-0,13,gpu-node-03,1,OK,10.01,0,0
t0030,train-job-001,comm-0,14,gpu-node-03,2,OK,10.7,0,0
t0030,train-job-001,comm-0,15,gpu-node-03,3,OK,8.13,0,0
t0030,train-job-001,comm-0,16,gpu-node-04,0,OK,9.08,0,0
t0030,train-job-001,comm-0,17,gpu-node-04,1,OK,12.96,0,0
t0030,train-job-001,comm-0,18,gpu-node-04,2,OK,9.44,0,0
t0030,train-job-001,comm-0,19,gpu-node-04,3,OK,14.14,0,0
t0030,train-job-001,comm-0,20,gpu-node-05,0,OK,13.67,0,0
t0030,train-job-001,comm-0,21,gpu-node-05,1,OK,9.51,0,0
t0030,train-job-001,comm-0,22,gpu-node-05,2,OK,12.98,0,0
t0030,train-job-001,comm-0,23,gpu-node-05,3,OK,15.77,0,0
t0030,train-job-001,comm-0,24,gpu-node-06,0,OK,11.13,0,0
t0030,train-job-001,comm-0,25,gpu-node-06,1,OK,11.58,0,0
t0030,train-job-001,comm-0,26,gpu-node-06,2,OK,13.16,0,0
t0030,train-job-001,comm-0,27,gpu-node-06,3,OK,12.8,0,0
t0030,train-job-001,comm-0,28,gpu-node-07,0,OK,9.52,0,0
t0030,train-job-001,comm-0,29,gpu-node-07,1,OK,11.4,0,0
t0030,train-job-001,comm-0,30,gpu-node-07,2,OK,14.42,0,0
t0030,train-job-001,comm-0,31,gpu-node-07,3,OK,12.49,0,0
t0030,train-job-001,comm-0,32,gpu-node-08,0,OK,9.54,0,0
t0030,train-job-001,comm-0,33,gpu-node-08,1,OK,13.71,0,0
t0030,train-job-001,comm-0,34,gpu-node-08,2,OK,12.99,0,0
t0030,train-job-001,comm-0,35,gpu-node-08,3,OK,12.39,0,0
t0030,train-job-001,comm-0,36,gpu-node-09,0,OK,11.57,0,0
t0030,train-job-001,comm-0,37,gpu-node-09,1,OK,11.04,0,0
t0030,train-job-001,comm-0,38,gpu-node-09,2,OK,7.79,0,0
t0030,train-job-001,comm-0,39,gpu-node-09,3,OK,14.13,0,0
t0030,train-job-001,comm-0,40,gpu-node-10,0,OK,11.97,0,0
t0030,train-job-001,comm-0,41,gpu-node-10,1,OK,12.02,0,0
t0030,train-job-001,comm-0,42,gpu-node-10,2,OK,9.49,0,0
t0030,train-job-001,comm-0,43,gpu-node-10,3,OK,7.24,0,0
t0030,train-job-001,comm-0,44,gpu-node-11,0,OK,13.23,0,0
t0030,train-job-001,comm-0,45,gpu-node-11,1,OK,15.26,0,0
t0030,train-job-001,comm-0,46,gpu-node-11,2,OK,13.27,0,0
t0030,train-job-001,comm-0,47,gpu-node-11,3,OK,8.85,0,0
t0031,train-job-001,comm-0,0,gpu-node-00,0,OK,13.12,0,0
t0031,train-job-001,comm-0,1,gpu-node-00,1,OK,8.06,0,0
t0031,train-job-001,comm-0,2,gpu-node-00,2,OK,13.87,0,0
t0031,train-job-001,comm-0,3,gpu-node-00,3,OK,11.41,0,0
t0031,train-job-001,comm-0,4,gpu-node-01,0,OK,11.3,0,0
t0031,train-job-001,comm-0,5,gpu-node-01,1,OK,12.94,0,0
t0031,train-job-001,comm-0,6,gpu-node-01,2,OK,10.6,0,0
t0031,train-job-001,comm-0,7,gpu-node-01,3,OK,16.86,0,0
t0031,train-job-001,comm-0,8,gpu-node-02,0,OK,12.94,0,0
t0031,train-job-001,comm-0,9,gpu-node-02,1,OK,11.6,0,0
t0031,train-job-001,comm-0,10,gpu-node-02,2,OK,12.94,0,0
t0031,train-job-001,comm-0,11,gpu-node-02,3,OK,8.24,0,0
t0031,train-job-001,comm-0,12,gpu-node-03,0,OK,14.69,0,0
t0031,train-job-001,comm-0,13,gpu-node-03,1,OK,15.66,0,0
t0031,train-job-001,comm-0,14,gpu-node-03,2,OK,11.09,0,0
t0031,train-job-001,comm-0,15,gpu-node-03,3,OK,9.99,0,0
t0031,train-job-001,comm-0,16,gpu-node-04,0,OK,14.74,0,0
t0031,train-job-001,comm-0,17,gpu-node-04,1,OK,11.64,0,0
t0031,train-job-001,comm-0,18,gpu-node-04,2,OK,12.53,0,0
t0031,train-job-001,comm-0,19,gpu-node-04,3,OK,12.63,0,0
t0031,train-job-001,comm-0,20,gpu-node-05,0,OK,15.45,0,0
t0031,train-job-001,comm-0,21,gpu-node-05,1,OK,11.42,0,0
t0031,train-job-001,comm-0,22,gpu-node-05,2,OK,11.88,0,0
t0031,train-job-001,comm-0,23,gpu-node-05,3,OK,13.83,0,0
t0031,train-job-001,comm-0,24,gpu-node-06,0,OK,13.99,0,0
t0031,train-job-001,comm-0,25,gpu-node-06,1,OK,9.08,0,0
t0031,train-job-001,comm-0,26,gpu-node-06,2,OK,9.77,0,0
t0031,train-job-001,comm-0,27,gpu-node-06,3,OK,11.98,0,0
t0031,train-job-001,comm-0,28,gpu-node-07,0,OK,13.52,0,0
t0031,train-job-001,comm-0,29,gpu-node-07,1,OK,12.34,0,0
t0031,train-job-001,comm-0,30,gpu-node-07,2,OK,9.51,0,0
t0031,train-job-001,comm-0,31,gpu-node-07,3,OK,12.4,0,0
t0031,train-job-001,comm-0,32,gpu-node-08,0,OK,13.01,0,0
t0031,train-job-001,comm-0,33,gpu-node-08,1,OK,14.49,0,0
t0031,train-job-001,comm-0,34,gpu-node-08,2,OK,14.03,0,0
t0031,train-job-001,comm-0,35,gpu-node-08,3,OK,8.86,0,0
t0031,train-job-001,comm-0,36,gpu-node-09,0,OK,10.05,0,0
t0031,train-job-001,comm-0,37,gpu-node-09,1,OK,11.3,0,0
t0031,train-job-001,comm-0,38,gpu-node-09,2,OK,12.55,0,0
t0031,train-job-001,comm-0,39,gpu-node-09,3,OK,13.44,0,0
t0031,train-job-001,comm-0,40,gpu-node-10,0,OK,10.52,0,0
t0031,train-job-001,comm-0,41,gpu-node-10,1,OK,16.43,0,0
t0031,train-job-001,comm-0,42,gpu-node-10,2,OK,11.63,0,0
t0031,train-job-001,comm-0,43,gpu-node-10,3,OK,13.59,0,0
t0031,train-job-001,comm-0,44,gpu-node-11,0,OK,14.73,0,0
t0031,train-job-001,comm-0,45,gpu-node-11,1,OK,10.3,0,0
t0031,train-job-001,comm-0,46,gpu-node-11,2,OK,10.89,0,0
t0031,train-job-001,comm-0,47,gpu-node-11,3,OK,10.99,0,0
t0032,train-job-001,comm-0,0,gpu-node-00,0,OK,6.87,0,0
t0032,train-job-001,comm-0,1,gpu-node-00,1,OK,12.82,0,0
t0032,train-job-001,comm-0,2,gpu-node-00,2,OK,12.43,0,0
t0032,train-job-001,comm-0,3,gpu-node-00,3,OK,11.62,0,0
t0032,train-job-001,comm-0,4,gpu-node-01,0,OK,12.18,0,0
t0032,train-job-001,comm-0,5,gpu-node-01,1,OK,15.91,0,0
t0032,train-job-001,comm-0,6,gpu-node-01,2,OK,12.66,0,0
t0032,train-job-001,comm-0,7,gpu-node-01,3,OK,10.39,0,0
t0032,train-job-001,comm-0,8,gpu-node-02,0,OK,12.53,0,0
t0032,train-job-001,comm-0,9,gpu-node-02,1,OK,9.05,0,0
t0032,train-job-001,comm-0,10,gpu-node-02,2,OK,9.74,0,0
t0032,train-job-001,comm-0,11,gpu-node-02,3,OK,10.77,0,0
t0032,train-job-001,comm-0,12,gpu-node-03,0,OK,14.34,0,0
t0032,train-job-001,comm-0,13,gpu-node-03,1,OK,12.46,0,0
t0032,train-job-001,comm-0,14,gpu-node-03,2,OK,8.55,0,0
t0032,train-job-001,comm-0,15,gpu-node-03,3,OK,15.87,0,0
t0032,train-job-001,comm-0,16,gpu-node-04,0,OK,9.89,0,0
t0032,train-job-001,comm-0,17,gpu-node-04,1,OK,14.78,0,0
t0032,train-job-001,comm-0,18,gpu-node-04,2,OK,7.56,0,0
t0032,train-job-001,comm-0,19,gpu-node-04,3,OK,12.61,0,0
t0032,train-job-001,comm-0,20,gpu-node-05,0,OK,15.77,0,0
t0032,train-job-001,comm-0,21,gpu-node-05,1,OK,10.85,0,0
t0032,train-job-001,comm-0,22,gpu-node-05,2,OK,13.35,0,0
t0032,train-job-001,comm-0,23,gpu-node-05,3,OK,12.35,0,0
t0032,train-job-001,comm-0,24,gpu-node-06,0,OK,11.3,0,0
t0032,train-job-001,comm-0,25,gpu-node-06,1,OK,12.66,0,0
t0032,train-job-001,comm-0,26,gpu-node-06,2,OK,12.26,0,0
t0032,train-job-001,comm-0,27,gpu-node-06,3,OK,13.14,0,0
t0032,train-job-001,comm-0,28,gpu-node-07,0,OK,10.91,0,0
t0032,train-job-001,comm-0,29,gpu-node-07,1,OK,9.63,0,0
t0032,train-job-001,comm-0,30,gpu-node-07,2,OK,10.56,0,0
t0032,train-job-001,comm-0,31,gpu-node-07,3,OK,16.44,0,0
t0032,train-job-001,comm-0,32,gpu-node-08,0,OK,14.26,0,0
t0032,train-job-001,comm-0,33,gpu-node-08,1,OK,12.06,0,0
t0032,train-job-001,comm-0,34,gpu-node-08,2,OK,15.22,0,0
t0032,train-job-001,comm-0,35,gpu-node-08,3,OK,10.02,0,0
t0032,train-job-001,comm-0,36,gpu-node-09,0,OK,8.69,0,0
t0032,train-job-001,comm-0,37,gpu-node-09,1,OK,11.2,0,0
t0032,train-job-001,comm-0,38,gpu-node-09,2,OK,13.94,0,0
t0032,train-job-001,comm-0,39,gpu-node-09,3,OK,8.63,0,0
t0032,train-job-001,comm-0,40,gpu-node-10,0,OK,12.33,0,0
t0032,train-job-001,comm-0,41,gpu-node-10,1,OK,8.93,0,0
t0032,train-job-001,comm-0,42,gpu-node-10,2,OK,9.96,0,0
t0032,train-job-001,comm-0,43,gpu-node-10,3,OK,9.05,0,0
t0032,train-job-001,comm-0,44,gpu-node-11,0,OK,13.63,0,0
t0032,train-job-001,comm-0,45,gpu-node-11,1,OK,9.92,0,0
t0032,train-job-001,comm-0,46,gpu-node-11,2,OK,8.94,0,0
t0032,train-job-001,comm-0,47,gpu-node-11,3,OK,11.09,0,0
t0033,train-job-001,comm-0,0,gpu-node-00,0,OK,10.83,0,0
t0033,train-job-001,comm-0,1,gpu-node-00,1,OK,10.18,0,0
t0033,train-job-001,comm-0,2,gpu-node-00,2,OK,9.31,0,0
t0033,train-job-001,comm-0,3,gpu-node-00,3,OK,12.5,0,0
t0033,train-job-001,comm-0,4,gpu-node-01,0,OK,12.4,0,0
t0033,train-job-001,comm-0,5,gpu-node-01,1,OK,12.73,0,0
t0033,train-job-001,comm-0,6,gpu-node-01,2,OK,12.82,0,0
t0033,train-job-001,comm-0,7,gpu-node-01,3,OK,11.94,0,0
t0033,train-job-001,comm-0,8,gpu-node-02,0,OK,13.8,0,0
t0033,train-job-001,comm-0,9,gpu-node-02,1,OK,10.27,0,0
t0033,train-job-001,comm-0,10,gpu-node-02,2,OK,13.88,0,0
t0033,train-job-001,comm-0,11,gpu-node-02,3,OK,11.28,0,0
t0033,train-job-001,comm-0,12,gpu-node-03,0,OK,9.24,0,0
t0033,train-job-001,comm-0,13,gpu-node-03,1,OK,13.67,0,0
t0033,train-job-001,comm-0,14,gpu-node-03,2,OK,10.44,0,0
t0033,train-job-001,comm-0,15,gpu-node-03,3,OK,11.92,0,0
t0033,train-job-001,comm-0,16,gpu-node-04,0,OK,10.69,0,0
t0033,train-job-001,comm-0,17,gpu-node-04,1,OK,10.78,0,0
t0033,train-job-001,comm-0,18,gpu-node-04,2,OK,11.23,0,0
t0033,train-job-001,comm-0,19,gpu-node-04,3,OK,11.02,0,0
t0033,train-job-001,comm-0,20,gpu-node-05,0,OK,14.68,0,0
t0033,train-job-001,comm-0,21,gpu-node-05,1,OK,10.44,0,0
t0033,train-job-001,comm-0,22,gpu-node-05,2,OK,11.53,0,0
t0033,train-job-001,comm-0,23,gpu-node-05,3,OK,13.72,0,0
t0033,train-job-001,comm-0,24,gpu-node-06,0,OK,13.2,0,0
t0033,train-job-001,comm-0,25,gpu-node-06,1,OK,8.66,0,0
t0033,train-job-001,comm-0,26,gpu-node-06,2,OK,11.85,0,0
t0033,train-job-001,comm-0,27,gpu-node-06,3,OK,8.23,0,0
t0033,train-job-001,comm-0,28,gpu-node-07,0,OK,13.05,0,0
t0033,train-job-001,comm-0,29,gpu-node-07,1,OK,11.9,0,0
t0033,train-job-001,comm-0,30,gpu-node-07,2,OK,10.44,0,0
t0033,train-job-001,comm-0,31,gpu-node-07,3,OK,7.5,0,0
t0033,train-job-001,comm-0,32,gpu-node-08,0,OK,9.16,0,0
t0033,train-job-001,comm-0,33,gpu-node-08,1,OK,14.1,0,0
t0033,train-job-001,comm-0,34,gpu-node-08,2,OK,13.49,0,0
t0033,train-job-001,comm-0,35,gpu-node-08,3,OK,11.85,0,0
t0033,train-job-001,comm-0,36,gpu-node-09,0,OK,11.44,0,0
t0033,train-job-001,comm-0,37,gpu-node-09,1,OK,12.31,0,0
t0033,train-job-001,comm-0,38,gpu-node-09,2,OK,13.37,0,0
t0033,train-job-001,comm-0,39,gpu-node-09,3,OK,12.91,0,0
t0033,train-job-001,comm-0,40,gpu-node-10,0,OK,14.23,0,0
t0033,train-job-001,comm-0,41,gpu-node-10,1,OK,14.94,0,0
t0033,train-job-001,comm-0,42,gpu-node-10,2,OK,13.07,0,0
t0033,train-job-001,comm-0,43,gpu-node-10,3,OK,14.28,0,0
t0033,train-job-001,comm-0,44,gpu-node-11,0,OK,10.54,0,0
t0033,train-job-001,comm-0,45,gpu-node-11,1,OK,10.76,0,0
t0033,train-job-001,comm-0,46,gpu-node-11,2,OK,15.6,0,0
t0033,train-job-001,comm-0,47,gpu-node-11,3,OK,12.45,0,0
t0034,train-job-001,comm-0,0,gpu-node-00,0,OK,13.46,0,0
t0034,train-job-001,comm-0,1,gpu-node-00,1,OK,9.78,0,0
t0034,train-job-001,comm-0,2,gpu-node-00,2,OK,13.04,0,0
t0034,train-job-001,comm-0,3,gpu-node-00,3,OK,13.86,0,0
t0034,train-job-001,comm-0,4,gpu-node-01,0,OK,11.92,0,0
t0034,train-job-001,comm-0,5,gpu-node-01,1,OK,11.57,0,0
t0034,train-job-001,comm-0,6,gpu-node-01,2,OK,11.22,0,0
t0034,train-job-001,comm-0,7,gpu-node-01,3,OK,14.51,0,0
t0034,train-job-001,comm-0,8,gpu-node-02,0,OK,12.6,0,0
t0034,train-job-001,comm-0,9,gpu-node-02,1,OK,13.08,0,0
t0034,train-job-001,comm-0,10,gpu-node-02,2,OK,12.75,0,0
t0034,train-job-001,comm-0,11,gpu-node-02,3,OK,9.86,0,0
t0034,train-job-001,comm-0,12,gpu-node-03,0,OK,10.12,0,0
t0034,train-job-001,comm-0,13,gpu-node-03,1,OK,12.42,0,0
t0034,train-job-001,comm-0,14,gpu-node-03,2,OK,10.32,0,0
t0034,train-job-001,comm-0,15,gpu-node-03,3,OK,10.52,0,0
t0034,train-job-001,comm-0,16,gpu-node-04,0,OK,14.37,0,0
t0034,train-job-001,comm-0,17,gpu-node-04,1,OK,10.9,0,0
t0034,train-job-001,comm-0,18,gpu-node-04,2,OK,10.89,0,0
t0034,train-job-001,comm-0,19,gpu-node-04,3,OK,11.01,0,0
t0034,train-job-001,comm-0,20,gpu-node-05,0,OK,13.81,0,0
t0034,train-job-001,comm-0,21,gpu-node-05,1,OK,9.17,0,0
t0034,train-job-001,comm-0,22,gpu-node-05,2,OK,11.71,0,0
t0034,train-job-001,comm-0,23,gpu-node-05,3,OK,13.61,0,0
t0034,train-job-001,comm-0,24,gpu-node-06,0,OK,12.47,0,0
t0034,train-job-001,comm-0,25,gpu-node-06,1,OK,13.19,0,0
t0034,train-job-001,comm-0,26,gpu-node-06,2,OK,12.6,0,0
t0034,train-job-001,comm-0,27,gpu-node-06,3,OK,13.17,0,0
t0034,train-job-001,comm-0,28,gpu-node-07,0,OK,9.4,0,0
t0034,train-job-001,comm-0,29,gpu-node-07,1,OK,12.93,0,0
t0034,train-job-001,comm-0,30,gpu-node-07,2,OK,15.84,0,0
t0034,train-job-001,comm-0,31,gpu-node-07,3,OK,6.38,0,0
t0034,train-job-001,comm-0,32,gpu-node-08,0,OK,13.71,0,0
t0034,train-job-001,comm-0,33,gpu-node-08,1,OK,12.85,0,0
t0034,train-job-001,comm-0,34,gpu-node-08,2,OK,11.04,0,0
t0034,train-job-001,comm-0,35,gpu-node-08,3,OK,9.07,0,0
t0034,train-job-001,comm-0,36,gpu-node-09,0,OK,8.51,0,0
t0034,train-job-001,comm-0,37,gpu-node-09,1,OK,10.24,0,0
t0034,train-job-001,comm-0,38,gpu-node-09,2,OK,9.94,0,0
t0034,train-job-001,comm-0,39,gpu-node-09,3,OK,11.91,0,0
t0034,train-job-001,comm-0,40,gpu-node-10,0,OK,14.18,0,0
t0034,train-job-001,comm-0,41,gpu-node-10,1,OK,13.45,0,0
t0034,train-job-001,comm-0,42,gpu-node-10,2,OK,12.58,0,0
t0034,train-job-001,comm-0,43,gpu-node-10,3,OK,11.99,0,0
t0034,train-job-001,comm-0,44,gpu-node-11,0,OK,13.43,0,0
t0034,train-job-001,comm-0,45,gpu-node-11,1,OK,10.2,0,0
t0034,train-job-001,comm-0,46,gpu-node-11,2,OK,11.06,0,0
t0034,train-job-001,comm-0,47,gpu-node-11,3,OK,11.14,0,0
t0035,train-job-001,comm-0,0,gpu-node-00,0,OK,12.17,0,0
t0035,train-job-001,comm-0,1,gpu-node-00,1,OK,9.96,0,0
t0035,train-job-001,comm-0,2,gpu-node-00,2,OK,14.32,0,0
t0035,train-job-001,comm-0,3,gpu-node-00,3,OK,9.11,0,0
t0035,train-job-001,comm-0,4,gpu-node-01,0,OK,11.63,0,0
t0035,train-job-001,comm-0,5,gpu-node-01,1,OK,12.01,0,0
t0035,train-job-001,comm-0,6,gpu-node-01,2,OK,8.91,0,0
t0035,train-job-001,comm-0,7,gpu-node-01,3,OK,12.96,0,0
t0035,train-job-001,comm-0,8,gpu-node-02,0,OK,10.39,0,0
t0035,train-job-001,comm-0,9,gpu-node-02,1,OK,15.23,0,0
t0035,train-job-001,comm-0,10,gpu-node-02,2,OK,11.0,0,0
t0035,train-job-001,comm-0,11,gpu-node-02,3,OK,13.59,0,0
t0035,train-job-001,comm-0,12,gpu-node-03,0,OK,13.65,0,0
t0035,train-job-001,comm-0,13,gpu-node-03,1,OK,10.01,0,0
t0035,train-job-001,comm-0,14,gpu-node-03,2,OK,13.3,0,0
t0035,train-job-001,comm-0,15,gpu-node-03,3,OK,10.71,0,0
t0035,train-job-001,comm-0,16,gpu-node-04,0,OK,11.9,0,0
t0035,train-job-001,comm-0,17,gpu-node-04,1,OK,12.99,0,0
t0035,train-job-001,comm-0,18,gpu-node-04,2,OK,12.09,0,0
t0035,train-job-001,comm-0,19,gpu-node-04,3,OK,8.76,0,0
t0035,train-job-001,comm-0,20,gpu-node-05,0,OK,10.62,0,0
t0035,train-job-001,comm-0,21,gpu-node-05,1,OK,10.54,0,0
t0035,train-job-001,comm-0,22,gpu-node-05,2,OK,13.26,0,0
t0035,train-job-001,comm-0,23,gpu-node-05,3,OK,12.35,0,0
t0035,train-job-001,comm-0,24,gpu-node-06,0,OK,11.24,0,0
t0035,train-job-001,comm-0,25,gpu-node-06,1,OK,11.07,0,0
t0035,train-job-001,comm-0,26,gpu-node-06,2,OK,12.5,0,0
t0035,train-job-001,comm-0,27,gpu-node-06,3,OK,11.47,0,0
t0035,train-job-001,comm-0,28,gpu-node-07,0,OK,15.15,0,0
t0035,train-job-001,comm-0,29,gpu-node-07,1,OK,12.38,0,0
t0035,train-job-001,comm-0,30,gpu-node-07,2,OK,11.69,0,0
t0035,train-job-001,comm-0,31,gpu-node-07,3,OK,13.22,0,0
t0035,train-job-001,comm-0,32,gpu-node-08,0,OK,12.07,0,0
t0035,train-job-001,comm-0,33,gpu-node-08,1,OK,10.31,0,0
t0035,train-job-001,comm-0,34,gpu-node-08,2,OK,14.82,0,0
t0035,train-job-001,comm-0,35,gpu-node-08,3,OK,16.69,0,0
t0035,train-job-001,comm-0,36,gpu-node-09,0,OK,11.88,0,0
t0035,train-job-001,comm-0,37,gpu-node-09,1,OK,12.55,0,0
t0035,train-job-001,comm-0,38,gpu-node-09,2,OK,13.95,0,0
t0035,train-job-001,comm-0,39,gpu-node-09,3,OK,14.18,0,0
t0035,train-job-001,comm-0,40,gpu-node-10,0,OK,11.28,0,0
t0035,train-job-001,comm-0,41,gpu-node-10,1,OK,10.07,0,0
t0035,train-job-001,comm-0,42,gpu-node-10,2,OK,11.81,0,0
t0035,train-job-001,comm-0,43,gpu-node-10,3,OK,9.91,0,0
t0035,train-job-001,comm-0,44,gpu-node-11,0,OK,14.31,0,0
t0035,train-job-001,comm-0,45,gpu-node-11,1,OK,8.39,0,0
t0035,train-job-001,comm-0,46,gpu-node-11,2,OK,8.29,0,0
t0035,train-job-001,comm-0,47,gpu-node-11,3,OK,10.99,0,0
t0036,train-job-001,comm-0,0,gpu-node-00,0,OK,8.87,0,0
t0036,train-job-001,comm-0,1,gpu-node-00,1,OK,11.04,0,0
t0036,train-job-001,comm-0,2,gpu-node-00,2,OK,10.77,0,0
t0036,train-job-001,comm-0,3,gpu-node-00,3,OK,14.82,0,0
t0036,train-job-001,comm-0,4,gpu-node-01,0,OK,10.83,0,0
t0036,train-job-001,comm-0,5,gpu-node-01,1,OK,12.43,0,0
t0036,train-job-001,comm-0,6,gpu-node-01,2,OK,15.02,0,0
t0036,train-job-001,comm-0,7,gpu-node-01,3,OK,15.39,0,0
t0036,train-job-001,comm-0,8,gpu-node-02,0,OK,15.38,0,0
t0036,train-job-001,comm-0,9,gpu-node-02,1,OK,14.35,0,0
t0036,train-job-001,comm-0,10,gpu-node-02,2,OK,12.5,0,0
t0036,train-job-001,comm-0,11,gpu-node-02,3,OK,10.58,0,0
t0036,train-job-001,comm-0,12,gpu-node-03,0,OK,12.73,0,0
t0036,train-job-001,comm-0,13,gpu-node-03,1,OK,10.1,0,0
t0036,train-job-001,comm-0,14,gpu-node-03,2,OK,15.33,0,0
t0036,train-job-001,comm-0,15,gpu-node-03,3,OK,12.02,0,0
t0036,train-job-001,comm-0,16,gpu-node-04,0,OK,13.75,0,0
t0036,train-job-001,comm-0,17,gpu-node-04,1,OK,7.66,0,0
t0036,train-job-001,comm-0,18,gpu-node-04,2,OK,12.88,0,0
t0036,train-job-001,comm-0,19,gpu-node-04,3,OK,12.21,0,0
t0036,train-job-001,comm-0,20,gpu-node-05,0,OK,12.27,0,0
t0036,train-job-001,comm-0,21,gpu-node-05,1,OK,8.12,0,0
t0036,train-job-001,comm-0,22,gpu-node-05,2,OK,14.9,0,0
t0036,train-job-001,comm-0,23,gpu-node-05,3,OK,11.7,0,0
t0036,train-job-001,comm-0,24,gpu-node-06,0,OK,13.61,0,0
t0036,train-job-001,comm-0,25,gpu-node-06,1,OK,14.97,0,0
t0036,train-job-001,comm-0,26,gpu-node-06,2,OK,8.48,0,0
t0036,train-job-001,comm-0,27,gpu-node-06,3,OK,16.19,0,0
t0036,train-job-001,comm-0,28,gpu-node-07,0,OK,15.19,0,0
t0036,train-job-001,comm-0,29,gpu-node-07,1,OK,12.0,0,0
t0036,train-job-001,comm-0,30,gpu-node-07,2,OK,12.53,0,0
t0036,train-job-001,comm-0,31,gpu-node-07,3,OK,11.61,0,0
t0036,train-job-001,comm-0,32,gpu-node-08,0,OK,11.5,0,0
t0036,train-job-001,comm-0,33,gpu-node-08,1,OK,13.36,0,0
t0036,train-job-001,comm-0,34,gpu-node-08,2,OK,11.55,0,0
t0036,train-job-001,comm-0,35,gpu-node-08,3,OK,10.95,0,0
t0036,train-job-001,comm-0,36,gpu-node-09,0,OK,10.51,0,0
t0036,train-job-001,comm-0,37,gpu-node-09,1,OK,10.53,0,0
t0036,train-job-001,comm-0,38,gpu-node-09,2,OK,14.42,0,0
t0036,train-job-001,comm-0,39,gpu-node-09,3,OK,12.38,0,0
t0036,train-job-001,comm-0,40,gpu-node-10,0,OK,13.45,0,0
t0036,train-job-001,comm-0,41,gpu-node-10,1,OK,11.62,0,0
t0036,train-job-001,comm-0,42,gpu-node-10,2,OK,14.62,0,0
t0036,train-job-001,comm-0,43,gpu-node-10,3,OK,11.24,0,0
t0036,train-job-001,comm-0,44,gpu-node-11,0,OK,12.38,0,0
t0036,train-job-001,comm-0,45,gpu-node-11,1,OK,10.17,0,0
t0036,train-job-001,comm-0,46,gpu-node-11,2,OK,10.06,0,0
t0036,train-job-001,comm-0,47,gpu-node-11,3,OK,14.03,0,0
t0037,train-job-001,comm-0,0,gpu-node-00,0,OK,13.69,0,0
t0037,train-job-001,comm-0,1,gpu-node-00,1,OK,12.21,0,0
t0037,train-job-001,comm-0,2,gpu-node-00,2,OK,12.13,0,0
t0037,train-job-001,comm-0,3,gpu-node-00,3,OK,12.24,0,0
t0037,train-job-001,comm-0,4,gpu-node-01,0,OK,14.17,0,0
t0037,train-job-001,comm-0,5,gpu-node-01,1,OK,11.71,0,0
t0037,train-job-001,comm-0,6,gpu-node-01,2,OK,14.2,0,0
t0037,train-job-001,comm-0,7,gpu-node-01,3,OK,10.38,0,0
t0037,train-job-001,comm-0,8,gpu-node-02,0,OK,10.91,0,0
t0037,train-job-001,comm-0,9,gpu-node-02,1,OK,9.8,0,0
t0037,train-job-001,comm-0,10,gpu-node-02,2,OK,13.35,0,0
t0037,train-job-001,comm-0,11,gpu-node-02,3,OK,13.57,0,0
t0037,train-job-001,comm-0,12,gpu-node-03,0,OK,9.95,0,0
t0037,train-job-001,comm-0,13,gpu-node-03,1,OK,9.78,0,0
t0037,train-job-001,comm-0,14,gpu-node-03,2,OK,11.45,0,0
t0037,train-job-001,comm-0,15,gpu-node-03,3,OK,11.11,0,0
t0037,train-job-001,comm-0,16,gpu-node-04,0,OK,10.84,0,0
t0037,train-job-001,comm-0,17,gpu-node-04,1,OK,14.92,0,0
t0037,train-job-001,comm-0,18,gpu-node-04,2,OK,9.56,0,0
t0037,train-job-001,comm-0,19,gpu-node-04,3,OK,10.51,0,0
t0037,train-job-001,comm-0,20,gpu-node-05,0,OK,11.31,0,0
t0037,train-job-001,comm-0,21,gpu-node-05,1,OK,7.45,0,0
t0037,train-job-001,comm-0,22,gpu-node-05,2,OK,12.65,0,0
t0037,train-job-001,comm-0,23,gpu-node-05,3,OK,11.25,0,0
t0037,train-job-001,comm-0,24,gpu-node-06,0,OK,15.0,0,0
t0037,train-job-001,comm-0,25,gpu-node-06,1,OK,16.13,0,0
t0037,train-job-001,comm-0,26,gpu-node-06,2,OK,11.14,0,0
t0037,train-job-001,comm-0,27,gpu-node-06,3,OK,11.22,0,0
t0037,train-job-001,comm-0,28,gpu-node-07,0,OK,15.39,0,0
t0037,train-job-001,comm-0,29,gpu-node-07,1,OK,14.5,0,0
t0037,train-job-001,comm-0,30,gpu-node-07,2,OK,10.53,0,0
t0037,train-job-001,comm-0,31,gpu-node-07,3,OK,15.18,0,0
t0037,train-job-001,comm-0,32,gpu-node-08,0,OK,13.9,0,0
t0037,train-job-001,comm-0,33,gpu-node-08,1,OK,14.15,0,0
t0037,train-job-001,comm-0,34,gpu-node-08,2,OK,11.0,0,0
t0037,train-job-001,comm-0,35,gpu-node-08,3,OK,15.79,0,0
t0037,train-job-001,comm-0,36,gpu-node-09,0,OK,11.87,0,0
t0037,train-job-001,comm-0,37,gpu-node-09,1,OK,7.7,0,0
t0037,train-job-001,comm-0,38,gpu-node-09,2,OK,13.44,0,0
t0037,train-job-001,comm-0,39,gpu-node-09,3,OK,14.34,0,0
t0037,train-job-001,comm-0,40,gpu-node-10,0,OK,13.09,0,0
t0037,train-job-001,comm-0,41,gpu-node-10,1,OK,14.65,0,0
t0037,train-job-001,comm-0,42,gpu-node-10,2,OK,11.61,0,0
t0037,train-job-001,comm-0,43,gpu-node-10,3,OK,13.54,0,0
t0037,train-job-001,comm-0,44,gpu-node-11,0,OK,11.53,0,0
t0037,train-job-001,comm-0,45,gpu-node-11,1,OK,12.48,0,0
t0037,train-job-001,comm-0,46,gpu-node-11,2,OK,11.82,0,0
t0037,train-job-001,comm-0,47,gpu-node-11,3,OK,11.23,0,0
t0038,train-job-001,comm-0,0,gpu-node-00,0,OK,13.0,0,0
t0038,train-job-001,comm-0,1,gpu-node-00,1,OK,14.52,0,0
t0038,train-job-001,comm-0,2,gpu-node-00,2,OK,11.57,0,0
t0038,train-job-001,comm-0,3,gpu-node-00,3,OK,10.96,0,0
t0038,train-job-001,comm-0,4,gpu-node-01,0,OK,13.62,0,0
t0038,train-job-001,comm-0,5,gpu-node-01,1,OK,9.28,0,0
t0038,train-job-001,comm-0,6,gpu-node-01,2,OK,11.19,0,0
t0038,train-job-001,comm-0,7,gpu-node-01,3,OK,11.26,0,0
t0038,train-job-001,comm-0,8,gpu-node-02,0,OK,11.53,0,0
t0038,train-job-001,comm-0,9,gpu-node-02,1,OK,13.37,0,0
t0038,train-job-001,comm-0,10,gpu-node-02,2,OK,11.65,0,0
t0038,train-job-001,comm-0,11,gpu-node-02,3,OK,11.47,0,0
t0038,train-job-001,comm-0,12,gpu-node-03,0,OK,14.89,0,0
t0038,train-job-001,comm-0,13,gpu-node-03,1,OK,13.24,0,0
t0038,train-job-001,comm-0,14,gpu-node-03,2,OK,11.28,0,0
t0038,train-job-001,comm-0,15,gpu-node-03,3,OK,11.09,0,0
t0038,train-job-001,comm-0,16,gpu-node-04,0,OK,13.62,0,0
t0038,train-job-001,comm-0,17,gpu-node-04,1,OK,17.9,0,0
t0038,train-job-001,comm-0,18,gpu-node-04,2,OK,10.68,0,0
t0038,train-job-001,comm-0,19,gpu-node-04,3,OK,11.4,0,0
t0038,train-job-001,comm-0,20,gpu-node-05,0,OK,11.72,0,0
t0038,train-job-001,comm-0,21,gpu-node-05,1,OK,10.01,0,0
t0038,train-job-001,comm-0,22,gpu-node-05,2,OK,13.11,0,0
t0038,train-job-001,comm-0,23,gpu-node-05,3,OK,10.61,0,0
t0038,train-job-001,comm-0,24,gpu-node-06,0,OK,12.01,0,0
t0038,train-job-001,comm-0,25,gpu-node-06,1,OK,12.76,0,0
t0038,train-job-001,comm-0,26,gpu-node-06,2,OK,11.23,0,0
t0038,train-job-001,comm-0,27,gpu-node-06,3,OK,13.15,0,0
t0038,train-job-001,comm-0,28,gpu-node-07,0,OK,11.77,0,0
t0038,train-job-001,comm-0,29,gpu-node-07,1,OK,11.03,0,0
t0038,train-job-001,comm-0,30,gpu-node-07,2,OK,15.32,0,0
t0038,train-job-001,comm-0,31,gpu-node-07,3,OK,8.12,0,0
t0038,train-job-001,comm-0,32,gpu-node-08,0,OK,10.99,0,0
t0038,train-job-001,comm-0,33,gpu-node-08,1,OK,12.04,0,0
t0038,train-job-001,comm-0,34,gpu-node-08,2,OK,11.52,0,0
t0038,train-job-001,comm-0,35,gpu-node-08,3,OK,14.93,0,0
t0038,train-job-001,comm-0,36,gpu-node-09,0,OK,11.47,0,0
t0038,train-job-001,comm-0,37,gpu-node-09,1,OK,13.14,0,0
t0038,train-job-001,comm-0,38,gpu-node-09,2,OK,12.48,0,0
t0038,train-job-001,comm-0,39,gpu-node-09,3,OK,13.17,0,0
t0038,train-job-001,comm-0,40,gpu-node-10,0,OK,10.71,0,0
t0038,train-job-001,comm-0,41,gpu-node-10,1,OK,14.85,0,0
t0038,train-job-001,comm-0,42,gpu-node-10,2,OK,9.83,0,0
t0038,train-job-001,comm-0,43,gpu-node-10,3,OK,13.02,0,0
t0038,train-job-001,comm-0,44,gpu-node-11,0,OK,14.19,0,0
t0038,train-job-001,comm-0,45,gpu-node-11,1,OK,10.77,0,0
t0038,train-job-001,comm-0,46,gpu-node-11,2,OK,12.03,0,0
t0038,train-job-001,comm-0,47,gpu-node-11,3,OK,14.8,0,0
t0039,train-job-001,comm-0,0,gpu-node-00,0,OK,10.84,0,0
t0039,train-job-001,comm-0,1,gpu-node-00,1,OK,9.93,0,0
t0039,train-job-001,comm-0,2,gpu-node-00,2,OK,10.65,0,0
t0039,train-job-001,comm-0,3,gpu-node-00,3,OK,7.05,0,0
t0039,train-job-001,comm-0,4,gpu-node-01,0,OK,10.52,0,0
t0039,train-job-001,comm-0,5,gpu-node-01,1,OK,14.17,0,0
t0039,train-job-001,comm-0,6,gpu-node-01,2,OK,9.75,0,0
t0039,train-job-001,comm-0,7,gpu-node-01,3,OK,9.08,0,0
t0039,train-job-001,comm-0,8,gpu-node-02,0,OK,13.88,0,0
t0039,train-job-001,comm-0,9,gpu-node-02,1,OK,14.58,0,0
t0039,train-job-001,comm-0,10,gpu-node-02,2,OK,13.65,0,0
t0039,train-job-001,comm-0,11,gpu-node-02,3,OK,15.19,0,0
t0039,train-job-001,comm-0,12,gpu-node-03,0,OK,12.31,0,0
t0039,train-job-001,comm-0,13,gpu-node-03,1,OK,11.98,0,0
t0039,train-job-001,comm-0,14,gpu-node-03,2,OK,9.71,0,0
t0039,train-job-001,comm-0,15,gpu-node-03,3,OK,10.1,0,0
t0039,train-job-001,comm-0,16,gpu-node-04,0,OK,14.67,0,0
t0039,train-job-001,comm-0,17,gpu-node-04,1,OK,9.44,0,0
t0039,train-job-001,comm-0,18,gpu-node-04,2,OK,10.21,0,0
t0039,train-job-001,comm-0,19,gpu-node-04,3,OK,9.99,0,0
t0039,train-job-001,comm-0,20,gpu-node-05,0,OK,12.62,0,0
t0039,train-job-001,comm-0,21,gpu-node-05,1,OK,12.28,0,0
t0039,train-job-001,comm-0,22,gpu-node-05,2,OK,14.5,0,0
t0039,train-job-001,comm-0,23,gpu-node-05,3,OK,11.52,0,0
t0039,train-job-001,comm-0,24,gpu-node-06,0,OK,12.21,0,0
t0039,train-job-001,comm-0,25,gpu-node-06,1,OK,12.53,0,0
t0039,train-job-001,comm-0,26,gpu-node-06,2,OK,11.33,0,0
t0039,train-job-001,comm-0,27,gpu-node-06,3,OK,14.78,0,0
t0039,train-job-001,comm-0,28,gpu-node-07,0,OK,17.2,0,0
t0039,train-job-001,comm-0,29,gpu-node-07,1,OK,11.04,0,0
t0039,train-job-001,comm-0,30,gpu-node-07,2,OK,13.27,0,0
t0039,train-job-001,comm-0,31,gpu-node-07,3,OK,13.96,0,0
t0039,train-job-001,comm-0,32,gpu-node-08,0,OK,12.47,0,0
t0039,train-job-001,comm-0,33,gpu-node-08,1,OK,13.38,0,0
t0039,train-job-001,comm-0,34,gpu-node-08,2,OK,13.58,0,0
t0039,train-job-001,comm-0,35,gpu-node-08,3,OK,13.28,0,0
t0039,train-job-001,comm-0,36,gpu-node-09,0,OK,12.34,0,0
t0039,train-job-001,comm-0,37,gpu-node-09,1,OK,15.22,0,0
t0039,train-job-001,comm-0,38,gpu-node-09,2,OK,9.51,0,0
t0039,train-job-001,comm-0,39,gpu-node-09,3,OK,11.31,0,0
t0039,train-job-001,comm-0,40,gpu-node-10,0,OK,13.06,0,0
t0039,train-job-001,comm-0,41,gpu-node-10,1,OK,13.03,0,0
t0039,train-job-001,comm-0,42,gpu-node-10,2,OK,10.2,0,0
t0039,train-job-001,comm-0,43,gpu-node-10,3,OK,14.35,0,0
t0039,train-job-001,comm-0,44,gpu-node-11,0,OK,9.93,0,0
t0039,train-job-001,comm-0,45,gpu-node-11,1,OK,11.3,0,0
t0039,train-job-001,comm-0,46,gpu-node-11,2,OK,13.91,0,0
t0039,train-job-001,comm-0,47,gpu-node-11,3,OK,13.71,0,0
t0040,train-job-001,comm-0,0,gpu-node-00,0,OK,14.99,0,0
t0040,train-job-001,comm-0,1,gpu-node-00,1,OK,13.47,0,0
t0040,train-job-001,comm-0,2,gpu-node-00,2,OK,12.97,0,0
t0040,train-job-001,comm-0,3,gpu-node-00,3,OK,12.11,0,0
t0040,train-job-001,comm-0,4,gpu-node-01,0,OK,11.83,0,0
t0040,train-job-001,comm-0,5,gpu-node-01,1,OK,9.94,0,0
t0040,train-job-001,comm-0,6,gpu-node-01,2,OK,13.06,0,0
t0040,train-job-001,comm-0,7,gpu-node-01,3,OK,10.5,0,0
t0040,train-job-001,comm-0,8,gpu-node-02,0,OK,11.6,0,0
t0040,train-job-001,comm-0,9,gpu-node-02,1,OK,9.01,0,0
t0040,train-job-001,comm-0,10,gpu-node-02,2,OK,10.7,0,0
t0040,train-job-001,comm-0,11,gpu-node-02,3,OK,8.98,0,0
t0040,train-job-001,comm-0,12,gpu-node-03,0,OK,10.59,0,0
t0040,train-job-001,comm-0,13,gpu-node-03,1,OK,12.4,0,0
t0040,train-job-001,comm-0,14,gpu-node-03,2,OK,11.4,0,0
t0040,train-job-001,comm-0,15,gpu-node-03,3,OK,12.08,0,0
t0040,train-job-001,comm-0,16,gpu-node-04,0,OK,11.59,0,0
t0040,train-job-001,comm-0,17,gpu-node-04,1,OK,12.35,0,0
t0040,train-job-001,comm-0,18,gpu-node-04,2,OK,15.29,0,0
t0040,train-job-001,comm-0,19,gpu-node-04,3,OK,11.61,0,0
t0040,train-job-001,comm-0,20,gpu-node-05,0,OK,12.34,0,0
t0040,train-job-001,comm-0,21,gpu-node-05,1,OK,10.07,0,0
t0040,train-job-001,comm-0,22,gpu-node-05,2,OK,12.59,0,0
t0040,train-job-001,comm-0,23,gpu-node-05,3,OK,10.23,0,0
t0040,train-job-001,comm-0,24,gpu-node-06,0,OK,13.78,0,0
t0040,train-job-001,comm-0,25,gpu-node-06,1,OK,9.8,0,0
t0040,train-job-001,comm-0,26,gpu-node-06,2,OK,15.52,0,0
t0040,train-job-001,comm-0,27,gpu-node-06,3,OK,14.31,0,0
t0040,train-job-001,comm-0,28,gpu-node-07,0,OK,11.27,0,0
t0040,train-job-001,comm-0,29,gpu-node-07,1,OK,14.17,0,0
t0040,train-job-001,comm-0,30,gpu-node-07,2,OK,10.82,0,0
t0040,train-job-001,comm-0,31,gpu-node-07,3,OK,13.59,0,0
t0040,train-job-001,comm-0,32,gpu-node-08,0,OK,16.86,0,0
t0040,train-job-001,comm-0,33,gpu-node-08,1,OK,16.06,0,0
t0040,train-job-001,comm-0,34,gpu-node-08,2,OK,12.33,0,0
t0040,train-job-001,comm-0,35,gpu-node-08,3,OK,13.06,0,0
t0040,train-job-001,comm-0,36,gpu-node-09,0,OK,10.55,0,0
t0040,train-job-001,comm-0,37,gpu-node-09,1,OK,8.57,0,0
t0040,train-job-001,comm-0,38,gpu-node-09,2,OK,11.75,0,0
t0040,train-job-001,comm-0,39,gpu-node-09,3,OK,12.71,0,0
t0040,train-job-001,comm-0,40,gpu-node-10,0,OK,13.69,0,0
t0040,train-job-001,comm-0,41,gpu-node-10,1,OK,12.96,0,0
t0040,train-job-001,comm-0,42,gpu-node-10,2,OK,5.73,0,0
t0040,train-job-001,comm-0,43,gpu-node-10,3,OK,14.35,0,0
t0040,train-job-001,comm-0,44,gpu-node-11,0,OK,13.67,0,0
t0040,train-job-001,comm-0,45,gpu-node-11,1,OK,9.89,0,0
t0040,train-job-001,comm-0,46,gpu-node-11,2,OK,10.93,0,0
t0040,train-job-001,comm-0,47,gpu-node-11,3,OK,13.87,0,0
t0041,train-job-001,comm-0,0,gpu-node-00,0,OK,11.47,0,0
t0041,train-job-001,comm-0,1,gpu-node-00,1,OK,9.36,0,0
t0041,train-job-001,comm-0,2,gpu-node-00,2,OK,8.06,0,0
t0041,train-job-001,comm-0,3,gpu-node-00,3,OK,11.09,0,0
t0041,train-job-001,comm-0,4,gpu-node-01,0,OK,14.71,0,0
t0041,train-job-001,comm-0,5,gpu-node-01,1,OK,8.98,0,0
t0041,train-job-001,comm-0,6,gpu-node-01,2,OK,17.45,0,0
t0041,train-job-001,comm-0,7,gpu-node-01,3,OK,8.57,0,0
t0041,train-job-001,comm-0,8,gpu-node-02,0,OK,10.44,0,0
t0041,train-job-001,comm-0,9,gpu-node-02,1,OK,11.43,0,0
t0041,train-job-001,comm-0,10,gpu-node-02,2,OK,10.73,0,0
t0041,train-job-001,comm-0,11,gpu-node-02,3,OK,13.52,0,0
t0041,train-job-001,comm-0,12,gpu-node-03,0,OK,10.49,0,0
t0041,train-job-001,comm-0,13,gpu-node-03,1,OK,11.26,0,0
t0041,train-job-001,comm-0,14,gpu-node-03,2,OK,13.1,0,0
t0041,train-job-001,comm-0,15,gpu-node-03,3,OK,13.52,0,0
t0041,train-job-001,comm-0,16,gpu-node-04,0,OK,15.31,0,0
t0041,train-job-001,comm-0,17,gpu-node-04,1,OK,13.91,0,0
t0041,train-job-001,comm-0,18,gpu-node-04,2,OK,13.93,0,0
t0041,train-job-001,comm-0,19,gpu-node-04,3,OK,15.17,0,0
t0041,train-job-001,comm-0,20,gpu-node-05,0,OK,11.21,0,0
t0041,train-job-001,comm-0,21,gpu-node-05,1,OK,10.8,0,0
t0041,train-job-001,comm-0,22,gpu-node-05,2,OK,10.46,0,0
t0041,train-job-001,comm-0,23,gpu-node-05,3,OK,14.77,0,0
t0041,train-job-001,comm-0,24,gpu-node-06,0,OK,11.05,0,0
t0041,train-job-001,comm-0,25,gpu-node-06,1,OK,10.85,0,0
t0041,train-job-001,comm-0,26,gpu-node-06,2,OK,11.19,0,0
t0041,train-job-001,comm-0,27,gpu-node-06,3,OK,10.4,0,0
t0041,train-job-001,comm-0,28,gpu-node-07,0,OK,11.97,0,0
t0041,train-job-001,comm-0,29,gpu-node-07,1,OK,11.4,0,0
t0041,train-job-001,comm-0,30,gpu-node-07,2,OK,17.35,0,0
t0041,train-job-001,comm-0,31,gpu-node-07,3,OK,10.12,0,0
t0041,train-job-001,comm-0,32,gpu-node-08,0,OK,11.88,0,0
t0041,train-job-001,comm-0,33,gpu-node-08,1,OK,11.42,0,0
t0041,train-job-001,comm-0,34,gpu-node-08,2,OK,12.86,0,0
t0041,train-job-001,comm-0,35,gpu-node-08,3,OK,12.37,0,0
t0041,train-job-001,comm-0,36,gpu-node-09,0,OK,12.3,0,0
t0041,train-job-001,comm-0,37,gpu-node-09,1,OK,10.5,0,0
t0041,train-job-001,comm-0,38,gpu-node-09,2,OK,11.23,0,0
t0041,train-job-001,comm-0,39,gpu-node-09,3,OK,10.39,0,0
t0041,train-job-001,comm-0,40,gpu-node-10,0,OK,11.79,0,0
t0041,train-job-001,comm-0,41,gpu-node-10,1,OK,12.59,0,0
t0041,train-job-001,comm-0,42,gpu-node-10,2,OK,13.86,0,0
t0041,train-job-001,comm-0,43,gpu-node-10,3,OK,10.2,0,0
t0041,train-job-001,comm-0,44,gpu-node-11,0,OK,11.94,0,0
t0041,train-job-001,comm-0,45,gpu-node-11,1,OK,10.85,0,0
t0041,train-job-001,comm-0,46,gpu-node-11,2,OK,12.93,0,0
t0041,train-job-001,comm-0,47,gpu-node-11,3,OK,12.64,0,0
t0042,train-job-001,comm-0,0,gpu-node-00,0,OK,6.1,0,0
t0042,train-job-001,comm-0,1,gpu-node-00,1,OK,10.78,0,0
t0042,train-job-001,comm-0,2,gpu-node-00,2,OK,13.29,0,0
t0042,train-job-001,comm-0,3,gpu-node-00,3,OK,10.86,0,0
t0042,train-job-001,comm-0,4,gpu-node-01,0,OK,9.86,0,0
t0042,train-job-001,comm-0,5,gpu-node-01,1,OK,12.91,0,0
t0042,train-job-001,comm-0,6,gpu-node-01,2,OK,14.12,0,0
t0042,train-job-001,comm-0,7,gpu-node-01,3,OK,11.41,0,0
t0042,train-job-001,comm-0,8,gpu-node-02,0,OK,11.82,0,0
t0042,train-job-001,comm-0,9,gpu-node-02,1,OK,10.03,0,0
t0042,train-job-001,comm-0,10,gpu-node-02,2,OK,12.48,0,0
t0042,train-job-001,comm-0,11,gpu-node-02,3,OK,8.39,0,0
t0042,train-job-001,comm-0,12,gpu-node-03,0,OK,13.27,0,0
t0042,train-job-001,comm-0,13,gpu-node-03,1,OK,13.77,0,0
t0042,train-job-001,comm-0,14,gpu-node-03,2,OK,12.42,0,0
t0042,train-job-001,comm-0,15,gpu-node-03,3,OK,10.8,0,0
t0042,train-job-001,comm-0,16,gpu-node-04,0,OK,11.93,0,0
t0042,train-job-001,comm-0,17,gpu-node-04,1,OK,13.23,0,0
t0042,train-job-001,comm-0,18,gpu-node-04,2,OK,11.6,0,0
t0042,train-job-001,comm-0,19,gpu-node-04,3,OK,11.93,0,0
t0042,train-job-001,comm-0,20,gpu-node-05,0,OK,12.9,0,0
t0042,train-job-001,comm-0,21,gpu-node-05,1,OK,15.07,0,0
t0042,train-job-001,comm-0,22,gpu-node-05,2,OK,11.57,0,0
t0042,train-job-001,comm-0,23,gpu-node-05,3,OK,13.84,0,0
t0042,train-job-001,comm-0,24,gpu-node-06,0,OK,10.78,0,0
t0042,train-job-001,comm-0,25,gpu-node-06,1,OK,10.2,0,0
t0042,train-job-001,comm-0,26,gpu-node-06,2,OK,11.23,0,0
t0042,train-job-001,comm-0,27,gpu-node-06,3,OK,10.52,0,0
t0042,train-job-001,comm-0,28,gpu-node-07,0,OK,10.33,0,0
t0042,train-job-001,comm-0,29,gpu-node-07,1,OK,11.13,0,0
t0042,train-job-001,comm-0,30,gpu-node-07,2,OK,10.88,0,0
t0042,train-job-001,comm-0,31,gpu-node-07,3,OK,10.7,0,0
t0042,train-job-001,comm-0,32,gpu-node-08,0,OK,13.47,0,0
t0042,train-job-001,comm-0,33,gpu-node-08,1,OK,13.09,0,0
t0042,train-job-001,comm-0,34,gpu-node-08,2,OK,12.13,0,0
t0042,train-job-001,comm-0,35,gpu-node-08,3,OK,9.28,0,0
t0042,train-job-001,comm-0,36,gpu-node-09,0,OK,10.26,0,0
t0042,train-job-001,comm-0,37,gpu-node-09,1,OK,14.93,0,0
t0042,train-job-001,comm-0,38,gpu-node-09,2,OK,8.07,0,0
t0042,train-job-001,comm-0,39,gpu-node-09,3,OK,14.29,0,0
t0042,train-job-001,comm-0,40,gpu-node-10,0,OK,10.58,0,0
t0042,train-job-001,comm-0,41,gpu-node-10,1,OK,10.32,0,0
t0042,train-job-001,comm-0,42,gpu-node-10,2,OK,10.72,0,0
t0042,train-job-001,comm-0,43,gpu-node-10,3,OK,12.25,0,0
t0042,train-job-001,comm-0,44,gpu-node-11,0,OK,14.89,0,0
t0042,train-job-001,comm-0,45,gpu-node-11,1,OK,12.73,0,0
t0042,train-job-001,comm-0,46,gpu-node-11,2,OK,12.85,0,0
t0042,train-job-001,comm-0,47,gpu-node-11,3,OK,13.13,0,0
t0043,train-job-001,comm-0,0,gpu-node-00,0,OK,10.76,0,0
t0043,train-job-001,comm-0,1,gpu-node-00,1,OK,12.09,0,0
t0043,train-job-001,comm-0,2,gpu-node-00,2,OK,14.16,0,0
t0043,train-job-001,comm-0,3,gpu-node-00,3,OK,10.66,0,0
t0043,train-job-001,comm-0,4,gpu-node-01,0,OK,13.03,0,0
t0043,train-job-001,comm-0,5,gpu-node-01,1,OK,12.96,0,0
t0043,train-job-001,comm-0,6,gpu-node-01,2,OK,11.79,0,0
t0043,train-job-001,comm-0,7,gpu-node-01,3,OK,10.99,0,0
t0043,train-job-001,comm-0,8,gpu-node-02,0,OK,11.1,0,0
t0043,train-job-001,comm-0,9,gpu-node-02,1,OK,9.06,0,0
t0043,train-job-001,comm-0,10,gpu-node-02,2,OK,11.12,0,0
t0043,train-job-001,comm-0,11,gpu-node-02,3,OK,9.76,0,0
t0043,train-job-001,comm-0,12,gpu-node-03,0,OK,10.77,0,0
t0043,train-job-001,comm-0,13,gpu-node-03,1,OK,14.97,0,0
t0043,train-job-001,comm-0,14,gpu-node-03,2,OK,12.28,0,0
t0043,train-job-001,comm-0,15,gpu-node-03,3,OK,12.19,0,0
t0043,train-job-001,comm-0,16,gpu-node-04,0,OK,12.22,0,0
t0043,train-job-001,comm-0,17,gpu-node-04,1,OK,12.65,0,0
t0043,train-job-001,comm-0,18,gpu-node-04,2,OK,12.21,0,0
t0043,train-job-001,comm-0,19,gpu-node-04,3,OK,11.58,0,0
t0043,train-job-001,comm-0,20,gpu-node-05,0,OK,12.32,0,0
t0043,train-job-001,comm-0,21,gpu-node-05,1,OK,12.85,0,0
t0043,train-job-001,comm-0,22,gpu-node-05,2,OK,9.83,0,0
t0043,train-job-001,comm-0,23,gpu-node-05,3,OK,10.75,0,0
t0043,train-job-001,comm-0,24,gpu-node-06,0,OK,10.66,0,0
t0043,train-job-001,comm-0,25,gpu-node-06,1,OK,12.32,0,0
t0043,train-job-001,comm-0,26,gpu-node-06,2,OK,11.64,0,0
t0043,train-job-001,comm-0,27,gpu-node-06,3,OK,13.28,0,0
t0043,train-job-001,comm-0,28,gpu-node-07,0,OK,11.29,0,0
t0043,train-job-001,comm-0,29,gpu-node-07,1,OK,7.93,0,0
t0043,train-job-001,comm-0,30,gpu-node-07,2,OK,13.4,0,0
t0043,train-job-001,comm-0,31,gpu-node-07,3,OK,14.41,0,0
t0043,train-job-001,comm-0,32,gpu-node-08,0,OK,10.28,0,0
t0043,train-job-001,comm-0,33,gpu-node-08,1,OK,10.82,0,0
t0043,train-job-001,comm-0,34,gpu-node-08,2,OK,12.26,0,0
t0043,train-job-001,comm-0,35,gpu-node-08,3,OK,10.19,0,0
t0043,train-job-001,comm-0,36,gpu-node-09,0,OK,12.23,0,0
t0043,train-job-001,comm-0,37,gpu-node-09,1,OK,8.22,0,0
t0043,train-job-001,comm-0,38,gpu-node-09,2,OK,14.24,0,0
t0043,train-job-001,comm-0,39,gpu-node-09,3,OK,11.6,0,0
t0043,train-job-001,comm-0,40,gpu-node-10,0,OK,12.6,0,0
t0043,train-job-001,comm-0,41,gpu-node-10,1,OK,13.01,0,0
t0043,train-job-001,comm-0,42,gpu-node-10,2,OK,8.91,0,0
t0043,train-job-001,comm-0,43,gpu-node-10,3,OK,11.27,0,0
t0043,train-job-001,comm-0,44,gpu-node-11,0,OK,12.81,0,0
t0043,train-job-001,comm-0,45,gpu-node-11,1,OK,12.64,0,0
t0043,train-job-001,comm-0,46,gpu-node-11,2,OK,9.21,0,0
t0043,train-job-001,comm-0,47,gpu-node-11,3,OK,14.62,0,0
t0044,train-job-001,comm-0,0,gpu-node-00,0,OK,13.04,0,0
t0044,train-job-001,comm-0,1,gpu-node-00,1,OK,13.19,0,0
t0044,train-job-001,comm-0,2,gpu-node-00,2,OK,13.1,0,0
t0044,train-job-001,comm-0,3,gpu-node-00,3,OK,12.11,0,0
t0044,train-job-001,comm-0,4,gpu-node-01,0,OK,11.14,0,0
t0044,train-job-001,comm-0,5,gpu-node-01,1,OK,10.62,0,0
t0044,train-job-001,comm-0,6,gpu-node-01,2,OK,9.81,0,0
t0044,train-job-001,comm-0,7,gpu-node-01,3,OK,14.97,0,0
t0044,train-job-001,comm-0,8,gpu-node-02,0,OK,16.92,0,0
t0044,train-job-001,comm-0,9,gpu-node-02,1,OK,14.27,0,0
t0044,train-job-001,comm-0,10,gpu-node-02,2,OK,12.43,0,0
t0044,train-job-001,comm-0,11,gpu-node-02,3,OK,7.7,0,0
t0044,train-job-001,comm-0,12,gpu-node-03,0,OK,14.12,0,0
t0044,train-job-001,comm-0,13,gpu-node-03,1,OK,11.05,0,0
t0044,train-job-001,comm-0,14,gpu-node-03,2,OK,8.91,0,0
t0044,train-job-001,comm-0,15,gpu-node-03,3,OK,11.53,0,0
t0044,train-job-001,comm-0,16,gpu-node-04,0,OK,12.06,0,0
t0044,train-job-001,comm-0,17,gpu-node-04,1,OK,11.66,0,0
t0044,train-job-001,comm-0,18,gpu-node-04,2,OK,13.18,0,0
t0044,train-job-001,comm-0,19,gpu-node-04,3,OK,12.5,0,0
t0044,train-job-001,comm-0,20,gpu-node-05,0,OK,9.97,0,0
t0044,train-job-001,comm-0,21,gpu-node-05,1,OK,12.83,0,0
t0044,train-job-001,comm-0,22,gpu-node-05,2,OK,11.63,0,0
t0044,train-job-001,comm-0,23,gpu-node-05,3,OK,8.78,0,0
t0044,train-job-001,comm-0,24,gpu-node-06,0,OK,13.15,0,0
t0044,train-job-001,comm-0,25,gpu-node-06,1,OK,13.56,0,0
t0044,train-job-001,comm-0,26,gpu-node-06,2,OK,13.96,0,0
t0044,train-job-001,comm-0,27,gpu-node-06,3,OK,11.61,0,0
t0044,train-job-001,comm-0,28,gpu-node-07,0,OK,11.14,0,0
t0044,train-job-001,comm-0,29,gpu-node-07,1,OK,13.78,0,0
t0044,train-job-001,comm-0,30,gpu-node-07,2,OK,13.41,0,0
t0044,train-job-001,comm-0,31,gpu-node-07,3,OK,11.68,0,0
t0044,train-job-001,comm-0,32,gpu-node-08,0,OK,14.05,0,0
t0044,train-job-001,comm-0,33,gpu-node-08,1,OK,6.99,0,0
t0044,train-job-001,comm-0,34,gpu-node-08,2,OK,11.64,0,0
t0044,train-job-001,comm-0,35,gpu-node-08,3,OK,9.9,0,0
t0044,train-job-001,comm-0,36,gpu-node-09,0,OK,13.57,0,0
t0044,train-job-001,comm-0,37,gpu-node-09,1,OK,12.3,0,0
t0044,train-job-001,comm-0,38,gpu-node-09,2,OK,13.3,0,0
t0044,train-job-001,comm-0,39,gpu-node-09,3,OK,9.56,0,0
t0044,train-job-001,comm-0,40,gpu-node-10,0,OK,10.68,0,0
t0044,train-job-001,comm-0,41,gpu-node-10,1,OK,11.1,0,0
t0044,train-job-001,comm-0,42,gpu-node-10,2,OK,14.52,0,0
t0044,train-job-001,comm-0,43,gpu-node-10,3,OK,11.27,0,0
t0044,train-job-001,comm-0,44,gpu-node-11,0,OK,12.57,0,0
t0044,train-job-001,comm-0,45,gpu-node-11,1,OK,13.44,0,0
t0044,train-job-001,comm-0,46,gpu-node-11,2,OK,13.57,0,0
t0044,train-job-001,comm-0,47,gpu-node-11,3,OK,14.01,0,0
t0045,train-job-001,comm-0,0,gpu-node-00,0,OK,13.67,0,0
t0045,train-job-001,comm-0,1,gpu-node-00,1,OK,14.45,0,0
t0045,train-job-001,comm-0,2,gpu-node-00,2,OK,12.48,0,0
t0045,train-job-001,comm-0,3,gpu-node-00,3,OK,14.28,0,0
t0045,train-job-001,comm-0,4,gpu-node-01,0,OK,11.95,0,0
t0045,train-job-001,comm-0,5,gpu-node-01,1,OK,13.46,0,0
t0045,train-job-001,comm-0,6,gpu-node-01,2,OK,11.88,0,0
t0045,train-job-001,comm-0,7,gpu-node-01,3,OK,14.39,0,0
t0045,train-job-001,comm-0,8,gpu-node-02,0,OK,15.83,0,0
t0045,train-job-001,comm-0,9,gpu-node-02,1,OK,12.63,0,0
t0045,train-job-001,comm-0,10,gpu-node-02,2,OK,11.64,0,0
t0045,train-job-001,comm-0,11,gpu-node-02,3,OK,9.07,0,0
t0045,train-job-001,comm-0,12,gpu-node-03,0,OK,13.27,0,0
t0045,train-job-001,comm-0,13,gpu-node-03,1,OK,12.96,0,0
t0045,train-job-001,comm-0,14,gpu-node-03,2,OK,9.88,0,0
t0045,train-job-001,comm-0,15,gpu-node-03,3,OK,11.18,0,0
t0045,train-job-001,comm-0,16,gpu-node-04,0,OK,9.02,0,0
t0045,train-job-001,comm-0,17,gpu-node-04,1,OK,12.05,0,0
t0045,train-job-001,comm-0,18,gpu-node-04,2,OK,11.79,0,0
t0045,train-job-001,comm-0,19,gpu-node-04,3,OK,9.48,0,0
t0045,train-job-001,comm-0,20,gpu-node-05,0,OK,14.01,0,0
t0045,train-job-001,comm-0,21,gpu-node-05,1,OK,13.49,0,0
t0045,train-job-001,comm-0,22,gpu-node-05,2,OK,12.29,0,0
t0045,train-job-001,comm-0,23,gpu-node-05,3,OK,10.07,0,0
t0045,train-job-001,comm-0,24,gpu-node-06,0,OK,11.92,0,0
t0045,train-job-001,comm-0,25,gpu-node-06,1,OK,12.18,0,0
t0045,train-job-001,comm-0,26,gpu-node-06,2,OK,10.66,0,0
t0045,train-job-001,comm-0,27,gpu-node-06,3,OK,11.9,0,0
t0045,train-job-001,comm-0,28,gpu-node-07,0,OK,8.58,0,0
t0045,train-job-001,comm-0,29,gpu-node-07,1,OK,10.47,0,0
t0045,train-job-001,comm-0,30,gpu-node-07,2,OK,12.65,0,0
t0045,train-job-001,comm-0,31,gpu-node-07,3,OK,12.8,0,0
t0045,train-job-001,comm-0,32,gpu-node-08,0,OK,13.17,0,0
t0045,train-job-001,comm-0,33,gpu-node-08,1,OK,10.32,0,0
t0045,train-job-001,comm-0,34,gpu-node-08,2,OK,12.1,0,0
t0045,train-job-001,comm-0,35,gpu-node-08,3,OK,12.74,0,0
t0045,train-job-001,comm-0,36,gpu-node-09,0,OK,9.94,0,0
t0045,train-job-001,comm-0,37,gpu-node-09,1,OK,12.15,0,0
t0045,train-job-001,comm-0,38,gpu-node-09,2,OK,13.41,0,0
t0045,train-job-001,comm-0,39,gpu-node-09,3,OK,11.11,0,0
t0045,train-job-001,comm-0,40,gpu-node-10,0,OK,12.33,0,0
t0045,train-job-001,comm-0,41,gpu-node-10,1,OK,13.7,0,0
t0045,train-job-001,comm-0,42,gpu-node-10,2,OK,11.71,0,0
t0045,train-job-001,comm-0,43,gpu-node-10,3,OK,9.33,0,0
t0045,train-job-001,comm-0,44,gpu-node-11,0,OK,12.64,0,0
t0045,train-job-001,comm-0,45,gpu-node-11,1,OK,12.62,0,0
t0045,train-job-001,comm-0,46,gpu-node-11,2,OK,11.74,0,0
t0045,train-job-001,comm-0,47,gpu-node-11,3,OK,8.91,0,0
t0046,train-job-001,comm-0,0,gpu-node-00,0,OK,12.49,0,0
t0046,train-job-001,comm-0,1,gpu-node-00,1,OK,7.5,0,0
t0046,train-job-001,comm-0,2,gpu-node-00,2,OK,15.97,0,0
t0046,train-job-001,comm-0,3,gpu-node-00,3,OK,11.9,0,0
t0046,train-job-001,comm-0,4,gpu-node-01,0,OK,8.23,0,0
t0046,train-job-001,comm-0,5,gpu-node-01,1,OK,12.3,0,0
t0046,train-job-001,comm-0,6,gpu-node-01,2,OK,12.76,0,0
t0046,train-job-001,comm-0,7,gpu-node-01,3,OK,12.35,0,0
t0046,train-job-001,comm-0,8,gpu-node-02,0,OK,9.65,0,0
t0046,train-job-001,comm-0,9,gpu-node-02,1,OK,12.2,0,0
t0046,train-job-001,comm-0,10,gpu-node-02,2,OK,13.2,0,0
t0046,train-job-001,comm-0,11,gpu-node-02,3,OK,10.34,0,0
t0046,train-job-001,comm-0,12,gpu-node-03,0,OK,12.97,0,0
t0046,train-job-001,comm-0,13,gpu-node-03,1,OK,13.7,0,0
t0046,train-job-001,comm-0,14,gpu-node-03,2,OK,10.45,0,0
t0046,train-job-001,comm-0,15,gpu-node-03,3,OK,13.25,0,0
t0046,train-job-001,comm-0,16,gpu-node-04,0,OK,13.11,0,0
t0046,train-job-001,comm-0,17,gpu-node-04,1,OK,10.84,0,0
t0046,train-job-001,comm-0,18,gpu-node-04,2,OK,10.46,0,0
t0046,train-job-001,comm-0,19,gpu-node-04,3,OK,12.26,0,0
t0046,train-job-001,comm-0,20,gpu-node-05,0,OK,10.63,0,0
t0046,train-job-001,comm-0,21,gpu-node-05,1,OK,13.13,0,0
t0046,train-job-001,comm-0,22,gpu-node-05,2,OK,13.5,0,0
t0046,train-job-001,comm-0,23,gpu-node-05,3,OK,15.25,0,0
t0046,train-job-001,comm-0,24,gpu-node-06,0,OK,12.94,0,0
t0046,train-job-001,comm-0,25,gpu-node-06,1,OK,16.37,0,0
t0046,train-job-001,comm-0,26,gpu-node-06,2,OK,12.62,0,0
t0046,train-job-001,comm-0,27,gpu-node-06,3,OK,12.08,0,0
t0046,train-job-001,comm-0,28,gpu-node-07,0,OK,9.16,0,0
t0046,train-job-001,comm-0,29,gpu-node-07,1,OK,8.14,0,0
t0046,train-job-001,comm-0,30,gpu-node-07,2,OK,11.21,0,0
t0046,train-job-001,comm-0,31,gpu-node-07,3,OK,14.63,0,0
t0046,train-job-001,comm-0,32,gpu-node-08,0,OK,13.5,0,0
t0046,train-job-001,comm-0,33,gpu-node-08,1,OK,10.24,0,0
t0046,train-job-001,comm-0,34,gpu-node-08,2,OK,12.95,0,0
t0046,train-job-001,comm-0,35,gpu-node-08,3,OK,12.7,0,0
t0046,train-job-001,comm-0,36,gpu-node-09,0,OK,15.58,0,0
t0046,train-job-001,comm-0,37,gpu-node-09,1,OK,10.94,0,0
t0046,train-job-001,comm-0,38,gpu-node-09,2,OK,10.99,0,0
t0046,train-job-001,comm-0,39,gpu-node-09,3,OK,10.86,0,0
t0046,train-job-001,comm-0,40,gpu-node-10,0,OK,9.08,0,0
t0046,train-job-001,comm-0,41,gpu-node-10,1,OK,12.35,0,0
t0046,train-job-001,comm-0,42,gpu-node-10,2,OK,13.6,0,0
t0046,train-job-001,comm-0,43,gpu-node-10,3,OK,14.7,0,0
t0046,train-job-001,comm-0,44,gpu-node-11,0,OK,13.96,0,0
t0046,train-job-001,comm-0,45,gpu-node-11,1,OK,11.27,0,0
t0046,train-job-001,comm-0,46,gpu-node-11,2,OK,7.77,0,0
t0046,train-job-001,comm-0,47,gpu-node-11,3,OK,16.65,0,0
t0047,train-job-001,comm-0,0,gpu-node-00,0,OK,13.53,0,0
t0047,train-job-001,comm-0,1,gpu-node-00,1,OK,16.96,0,0
t0047,train-job-001,comm-0,2,gpu-node-00,2,OK,12.95,0,0
t0047,train-job-001,comm-0,3,gpu-node-00,3,OK,13.33,0,0
t0047,train-job-001,comm-0,4,gpu-node-01,0,OK,9.34,0,0
t0047,train-job-001,comm-0,5,gpu-node-01,1,OK,11.69,0,0
t0047,train-job-001,comm-0,6,gpu-node-01,2,OK,12.49,0,0
t0047,train-job-001,comm-0,7,gpu-node-01,3,OK,7.56,0,0
t0047,train-job-001,comm-0,8,gpu-node-02,0,OK,10.76,0,0
t0047,train-job-001,comm-0,9,gpu-node-02,1,OK,13.96,0,0
t0047,train-job-001,comm-0,10,gpu-node-02,2,OK,13.87,0,0
t0047,train-job-001,comm-0,11,gpu-node-02,3,OK,10.23,0,0
t0047,train-job-001,comm-0,12,gpu-node-03,0,OK,11.51,0,0
t0047,train-job-001,comm-0,13,gpu-node-03,1,OK,13.11,0,0
t0047,train-job-001,comm-0,14,gpu-node-03,2,OK,13.52,0,0
t0047,train-job-001,comm-0,15,gpu-node-03,3,OK,11.41,0,0
t0047,train-job-001,comm-0,16,gpu-node-04,0,OK,7.89,0,0
t0047,train-job-001,comm-0,17,gpu-node-04,1,OK,13.71,0,0
t0047,train-job-001,comm-0,18,gpu-node-04,2,OK,12.9,0,0
t0047,train-job-001,comm-0,19,gpu-node-04,3,OK,12.46,0,0
t0047,train-job-001,comm-0,20,gpu-node-05,0,OK,16.39,0,0
t0047,train-job-001,comm-0,21,gpu-node-05,1,OK,10.07,0,0
t0047,train-job-001,comm-0,22,gpu-node-05,2,OK,13.58,0,0
t0047,train-job-001,comm-0,23,gpu-node-05,3,OK,14.33,0,0
t0047,train-job-001,comm-0,24,gpu-node-06,0,OK,13.28,0,0
t0047,train-job-001,comm-0,25,gpu-node-06,1,OK,10.52,0,0
t0047,train-job-001,comm-0,26,gpu-node-06,2,OK,15.3,0,0
t0047,train-job-001,comm-0,27,gpu-node-06,3,OK,9.48,0,0
t0047,train-job-001,comm-0,28,gpu-node-07,0,OK,8.11,0,0
t0047,train-job-001,comm-0,29,gpu-node-07,1,OK,11.68,0,0
t0047,train-job-001,comm-0,30,gpu-node-07,2,OK,12.36,0,0
t0047,train-job-001,comm-0,31,gpu-node-07,3,OK,10.17,0,0
t0047,train-job-001,comm-0,32,gpu-node-08,0,OK,9.83,0,0
t0047,train-job-001,comm-0,33,gpu-node-08,1,OK,14.59,0,0
t0047,train-job-001,comm-0,34,gpu-node-08,2,OK,13.86,0,0
t0047,train-job-001,comm-0,35,gpu-node-08,3,OK,9.97,0,0
t0047,train-job-001,comm-0,36,gpu-node-09,0,OK,12.15,0,0
t0047,train-job-001,comm-0,37,gpu-node-09,1,OK,13.91,0,0
t0047,train-job-001,comm-0,38,gpu-node-09,2,OK,14.67,0,0
t0047,train-job-001,comm-0,39,gpu-node-09,3,OK,9.24,0,0
t0047,train-job-001,comm-0,40,gpu-node-10,0,OK,10.86,0,0
t0047,train-job-001,comm-0,41,gpu-node-10,1,OK,10.25,0,0
t0047,train-job-001,comm-0,42,gpu-node-10,2,OK,7.28,0,0
t0047,train-job-001,comm-0,43,gpu-node-10,3,OK,9.45,0,0
t0047,train-job-001,comm-0,44,gpu-node-11,0,OK,11.81,0,0
t0047,train-job-001,comm-0,45,gpu-node-11,1,OK,14.39,0,0
t0047,train-job-001,comm-0,46,gpu-node-11,2,OK,9.23,0,0
t0047,train-job-001,comm-0,47,gpu-node-11,3,OK,11.27,0,0
t0048,train-job-001,comm-0,0,gpu-node-00,0,OK,12.1,0,0
t0048,train-job-001,comm-0,1,gpu-node-00,1,OK,11.31,0,0
t0048,train-job-001,comm-0,2,gpu-node-00,2,OK,10.81,0,0
t0048,train-job-001,comm-0,3,gpu-node-00,3,OK,11.95,0,0
t0048,train-job-001,comm-0,4,gpu-node-01,0,OK,15.31,0,0
t0048,train-job-001,comm-0,5,gpu-node-01,1,OK,15.22,0,0
t0048,train-job-001,comm-0,6,gpu-node-01,2,OK,12.71,0,0
t0048,train-job-001,comm-0,7,gpu-node-01,3,OK,12.12,0,0
t0048,train-job-001,comm-0,8,gpu-node-02,0,OK,10.45,0,0
t0048,train-job-001,comm-0,9,gpu-node-02,1,OK,13.4,0,0
t0048,train-job-001,comm-0,10,gpu-node-02,2,OK,13.68,0,0
t0048,train-job-001,comm-0,11,gpu-node-02,3,OK,10.62,0,0
t0048,train-job-001,comm-0,12,gpu-node-03,0,OK,11.04,0,0
t0048,train-job-001,comm-0,13,gpu-node-03,1,OK,9.65,0,0
t0048,train-job-001,comm-0,14,gpu-node-03,2,OK,13.12,0,0
t0048,train-job-001,comm-0,15,gpu-node-03,3,OK,10.08,0,0
t0048,train-job-001,comm-0,16,gpu-node-04,0,OK,14.6,0,0
t0048,train-job-001,comm-0,17,gpu-node-04,1,OK,13.44,0,0
t0048,train-job-001,comm-0,18,gpu-node-04,2,OK,12.53,0,0
t0048,train-job-001,comm-0,19,gpu-node-04,3,OK,10.32,0,0
t0048,train-job-001,comm-0,20,gpu-node-05,0,OK,13.84,0,0
t0048,train-job-001,comm-0,21,gpu-node-05,1,OK,10.71,0,0
t0048,train-job-001,comm-0,22,gpu-node-05,2,OK,10.35,0,0
t0048,train-job-001,comm-0,23,gpu-node-05,3,OK,12.22,0,0
t0048,train-job-001,comm-0,24,gpu-node-06,0,OK,11.1,0,0
t0048,train-job-001,comm-0,25,gpu-node-06,1,OK,5.86,0,0
t0048,train-job-001,comm-0,26,gpu-node-06,2,OK,15.02,0,0
t0048,train-job-001,comm-0,27,gpu-node-06,3,OK,9.45,0,0
t0048,train-job-001,comm-0,28,gpu-node-07,0,OK,11.04,0,0
t0048,train-job-001,comm-0,29,gpu-node-07,1,OK,14.21,0,0
t0048,train-job-001,comm-0,30,gpu-node-07,2,OK,13.48,0,0
t0048,train-job-001,comm-0,31,gpu-node-07,3,OK,9.81,0,0
t0048,train-job-001,comm-0,32,gpu-node-08,0,OK,14.21,0,0
t0048,train-job-001,comm-0,33,gpu-node-08,1,OK,9.46,0,0
t0048,train-job-001,comm-0,34,gpu-node-08,2,OK,11.21,0,0
t0048,train-job-001,comm-0,35,gpu-node-08,3,OK,12.71,0,0
t0048,train-job-001,comm-0,36,gpu-node-09,0,OK,15.03,0,0
t0048,train-job-001,comm-0,37,gpu-node-09,1,OK,10.86,0,0
t0048,train-job-001,comm-0,38,gpu-node-09,2,OK,14.23,0,0
t0048,train-job-001,comm-0,39,gpu-node-09,3,OK,14.79,0,0
t0048,train-job-001,comm-0,40,gpu-node-10,0,OK,12.59,0,0
t0048,train-job-001,comm-0,41,gpu-node-10,1,OK,13.21,0,0
t0048,train-job-001,comm-0,42,gpu-node-10,2,OK,11.27,0,0
t0048,train-job-001,comm-0,43,gpu-node-10,3,OK,15.87,0,0
t0048,train-job-001,comm-0,44,gpu-node-11,0,OK,15.79,0,0
t0048,train-job-001,comm-0,45,gpu-node-11,1,OK,12.67,0,0
t0048,train-job-001,comm-0,46,gpu-node-11,2,OK,11.82,0,0
t0048,train-job-001,comm-0,47,gpu-node-11,3,OK,12.13,0,0
t0049,train-job-001,comm-0,0,gpu-node-00,0,OK,14.36,0,0
t0049,train-job-001,comm-0,1,gpu-node-00,1,OK,11.46,0,0
t0049,train-job-001,comm-0,2,gpu-node-00,2,OK,10.38,0,0
t0049,train-job-001,comm-0,3,gpu-node-00,3,OK,13.53,0,0
t0049,train-job-001,comm-0,4,gpu-node-01,0,OK,12.35,0,0
t0049,train-job-001,comm-0,5,gpu-node-01,1,OK,9.47,0,0
t0049,train-job-001,comm-0,6,gpu-node-01,2,OK,11.93,0,0
t0049,train-job-001,comm-0,7,gpu-node-01,3,OK,14.06,0,0
t0049,train-job-001,comm-0,8,gpu-node-02,0,OK,11.2,0,0
t0049,train-job-001,comm-0,9,gpu-node-02,1,OK,10.45,0,0
t0049,train-job-001,comm-0,10,gpu-node-02,2,OK,12.35,0,0
t0049,train-job-001,comm-0,11,gpu-node-02,3,OK,6.94,0,0
t0049,train-job-001,comm-0,12,gpu-node-03,0,OK,15.89,0,0
t0049,train-job-001,comm-0,13,gpu-node-03,1,OK,9.48,0,0
t0049,train-job-001,comm-0,14,gpu-node-03,2,OK,11.56,0,0
t0049,train-job-001,comm-0,15,gpu-node-03,3,OK,13.0,0,0
t0049,train-job-001,comm-0,16,gpu-node-04,0,OK,12.57,0,0
t0049,train-job-001,comm-0,17,gpu-node-04,1,OK,13.79,0,0
t0049,train-job-001,comm-0,18,gpu-node-04,2,OK,14.28,0,0
t0049,train-job-001,comm-0,19,gpu-node-04,3,OK,12.81,0,0
t0049,train-job-001,comm-0,20,gpu-node-05,0,OK,13.74,0,0
t0049,train-job-001,comm-0,21,gpu-node-05,1,OK,8.64,0,0
t0049,train-job-001,comm-0,22,gpu-node-05,2,OK,11.28,0,0
t0049,train-job-001,comm-0,23,gpu-node-05,3,OK,11.73,0,0
t0049,train-job-001,comm-0,24,gpu-node-06,0,OK,9.78,0,0
t0049,train-job-001,comm-0,25,gpu-node-06,1,OK,12.71,0,0
t0049,train-job-001,comm-0,26,gpu-node-06,2,OK,9.38,0,0
t0049,train-job-001,comm-0,27,gpu-node-06,3,OK,11.64,0,0
t0049,train-job-001,comm-0,28,gpu-node-07,0,OK,13.7,0,0
t0049,train-job-001,comm-0,29,gpu-node-07,1,OK,14.83,0,0
t0049,train-job-001,comm-0,30,gpu-node-07,2,OK,13.12,0,0
t0049,train-job-001,comm-0,31,gpu-node-07,3,OK,10.91,0,0
t0049,train-job-001,comm-0,32,gpu-node-08,0,OK,15.95,0,0
t0049,train-job-001,comm-0,33,gpu-node-08,1,OK,11.83,0,0
t0049,train-job-001,comm-0,34,gpu-node-08,2,OK,13.36,0,0
t0049,train-job-001,comm-0,35,gpu-node-08,3,OK,13.17,0,0
t0049,train-job-001,comm-0,36,gpu-node-09,0,OK,11.78,0,0
t0049,train-job-001,comm-0,37,gpu-node-09,1,OK,9.38,0,0
t0049,train-job-001,comm-0,38,gpu-node-09,2,OK,12.5,0,0
t0049,train-job-001,comm-0,39,gpu-node-09,3,OK,14.69,0,0
t0049,train-job-001,comm-0,40,gpu-node-10,0,OK,14.22,0,0
t0049,train-job-001,comm-0,41,gpu-node-10,1,OK,10.84,0,0
t0049,train-job-001,comm-0,42,gpu-node-10,2,OK,13.22,0,0
t0049,train-job-001,comm-0,43,gpu-node-10,3,OK,11.44,0,0
t0049,train-job-001,comm-0,44,gpu-node-11,0,OK,11.41,0,0
t0049,train-job-001,comm-0,45,gpu-node-11,1,OK,12.18,0,0
t0049,train-job-001,comm-0,46,gpu-node-11,2,OK,12.07,0,0
t0049,train-job-001,comm-0,47,gpu-node-11,3,OK,10.07,0,0
t0050,train-job-001,comm-0,0,gpu-node-00,0,OK,14.26,0,0
t0050,train-job-001,comm-0,1,gpu-node-00,1,OK,8.84,0,0
t0050,train-job-001,comm-0,2,gpu-node-00,2,OK,8.3,0,0
t0050,train-job-001,comm-0,3,gpu-node-00,3,OK,12.35,0,0
t0050,train-job-001,comm-0,4,gpu-node-01,0,OK,10.8,0,0
t0050,train-job-001,comm-0,5,gpu-node-01,1,OK,11.26,0,0
t0050,train-job-001,comm-0,6,gpu-node-01,2,OK,16.83,0,0
t0050,train-job-001,comm-0,7,gpu-node-01,3,OK,9.95,0,0
t0050,train-job-001,comm-0,8,gpu-node-02,0,OK,9.22,0,0
t0050,train-job-001,comm-0,9,gpu-node-02,1,OK,11.07,0,0
t0050,train-job-001,comm-0,10,gpu-node-02,2,OK,13.21,0,0
t0050,train-job-001,comm-0,11,gpu-node-02,3,OK,10.72,0,0
t0050,train-job-001,comm-0,12,gpu-node-03,0,OK,11.59,0,0
t0050,train-job-001,comm-0,13,gpu-node-03,1,OK,11.08,0,0
t0050,train-job-001,comm-0,14,gpu-node-03,2,OK,11.09,0,0
t0050,train-job-001,comm-0,15,gpu-node-03,3,OK,11.5,0,0
t0050,train-job-001,comm-0,16,gpu-node-04,0,OK,15.13,0,0
t0050,train-job-001,comm-0,17,gpu-node-04,1,OK,11.34,0,0
t0050,train-job-001,comm-0,18,gpu-node-04,2,OK,13.53,0,0
t0050,train-job-001,comm-0,19,gpu-node-04,3,OK,8.92,0,0
t0050,train-job-001,comm-0,20,gpu-node-05,0,OK,12.17,0,0
t0050,train-job-001,comm-0,21,gpu-node-05,1,OK,9.9,0,0
t0050,train-job-001,comm-0,22,gpu-node-05,2,OK,12.01,0,0
t0050,train-job-001,comm-0,23,gpu-node-05,3,OK,10.92,0,0
t0050,train-job-001,comm-0,24,gpu-node-06,0,OK,14.06,0,0
t0050,train-job-001,comm-0,25,gpu-node-06,1,OK,10.5,0,0
t0050,train-job-001,comm-0,26,gpu-node-06,2,OK,10.07,0,0
t0050,train-job-001,comm-0,27,gpu-node-06,3,OK,10.49,0,0
t0050,train-job-001,comm-0,28,gpu-node-07,0,OK,7.47,0,0
t0050,train-job-001,comm-0,29,gpu-node-07,1,OK,11.19,0,0
t0050,train-job-001,comm-0,30,gpu-node-07,2,OK,8.38,0,0
t0050,train-job-001,comm-0,31,gpu-node-07,3,OK,10.49,0,0
t0050,train-job-001,comm-0,32,gpu-node-08,0,OK,16.53,0,0
t0050,train-job-001,comm-0,33,gpu-node-08,1,OK,11.27,0,0
t0050,train-job-001,comm-0,34,gpu-node-08,2,OK,16.28,0,0
t0050,train-job-001,comm-0,35,gpu-node-08,3,OK,5.82,0,0
t0050,train-job-001,comm-0,36,gpu-node-09,0,OK,13.26,0,0
t0050,train-job-001,comm-0,37,gpu-node-09,1,OK,10.2,0,0
t0050,train-job-001,comm-0,38,gpu-node-09,2,OK,12.66,0,0
t0050,train-job-001,comm-0,39,gpu-node-09,3,OK,10.01,0,0
t0050,train-job-001,comm-0,40,gpu-node-10,0,OK,12.23,0,0
t0050,train-job-001,comm-0,41,gpu-node-10,1,OK,9.88,0,0
t0050,train-job-001,comm-0,42,gpu-node-10,2,OK,9.37,0,0
t0050,train-job-001,comm-0,43,gpu-node-10,3,OK,9.92,0,0
t0050,train-job-001,comm-0,44,gpu-node-11,0,OK,11.2,0,0
t0050,train-job-001,comm-0,45,gpu-node-11,1,OK,14.2,0,0
t0050,train-job-001,comm-0,46,gpu-node-11,2,OK,12.63,0,0
t0050,train-job-001,comm-0,47,gpu-node-11,3,OK,13.29,0,0
t0051,train-job-001,comm-0,0,gpu-node-00,0,OK,10.71,0,0
t0051,train-job-001,comm-0,1,gpu-node-00,1,OK,14.65,0,0
t0051,train-job-001,comm-0,2,gpu-node-00,2,OK,15.26,0,0
t0051,train-job-001,comm-0,3,gpu-node-00,3,OK,11.91,0,0
t0051,train-job-001,comm-0,4,gpu-node-01,0,OK,10.1,0,0
t0051,train-job-001,comm-0,5,gpu-node-01,1,OK,13.91,0,0
t0051,train-job-001,comm-0,6,gpu-node-01,2,OK,10.58,0,0
t0051,train-job-001,comm-0,7,gpu-node-01,3,OK,13.68,0,0
t0051,train-job-001,comm-0,8,gpu-node-02,0,OK,8.31,0,0
t0051,train-job-001,comm-0,9,gpu-node-02,1,OK,12.35,0,0
t0051,train-job-001,comm-0,10,gpu-node-02,2,OK,11.7,0,0
t0051,train-job-001,comm-0,11,gpu-node-02,3,OK,10.79,0,0
t0051,train-job-001,comm-0,12,gpu-node-03,0,OK,14.14,0,0
t0051,train-job-001,comm-0,13,gpu-node-03,1,OK,8.24,0,0
t0051,train-job-001,comm-0,14,gpu-node-03,2,OK,14.5,0,0
t0051,train-job-001,comm-0,15,gpu-node-03,3,OK,14.3,0,0
t0051,train-job-001,comm-0,16,gpu-node-04,0,OK,8.7,0,0
t0051,train-job-001,comm-0,17,gpu-node-04,1,OK,13.02,0,0
t0051,train-job-001,comm-0,18,gpu-node-04,2,OK,9.38,0,0
t0051,train-job-001,comm-0,19,gpu-node-04,3,OK,10.97,0,0
t0051,train-job-001,comm-0,20,gpu-node-05,0,OK,16.12,0,0
t0051,train-job-001,comm-0,21,gpu-node-05,1,OK,12.54,0,0
t0051,train-job-001,comm-0,22,gpu-node-05,2,OK,11.76,0,0
t0051,train-job-001,comm-0,23,gpu-node-05,3,OK,9.58,0,0
t0051,train-job-001,comm-0,24,gpu-node-06,0,OK,11.6,0,0
t0051,train-job-001,comm-0,25,gpu-node-06,1,OK,10.18,0,0
t0051,train-job-001,comm-0,26,gpu-node-06,2,OK,11.91,0,0
t0051,train-job-001,comm-0,27,gpu-node-06,3,OK,11.84,0,0
t0051,train-job-001,comm-0,28,gpu-node-07,0,OK,12.8,0,0
t0051,train-job-001,comm-0,29,gpu-node-07,1,OK,11.98,0,0
t0051,train-job-001,comm-0,30,gpu-node-07,2,OK,10.46,0,0
t0051,train-job-001,comm-0,31,gpu-node-07,3,OK,11.33,0,0
t0051,train-job-001,comm-0,32,gpu-node-08,0,OK,10.13,0,0
t0051,train-job-001,comm-0,33,gpu-node-08,1,OK,8.62,0,0
t0051,train-job-001,comm-0,34,gpu-node-08,2,OK,11.19,0,0
t0051,train-job-001,comm-0,35,gpu-node-08,3,OK,12.54,0,0
t0051,train-job-001,comm-0,36,gpu-node-09,0,OK,13.15,0,0
t0051,train-job-001,comm-0,37,gpu-node-09,1,OK,11.79,0,0
t0051,train-job-001,comm-0,38,gpu-node-09,2,OK,11.99,0,0
t0051,train-job-001,comm-0,39,gpu-node-09,3,OK,13.13,0,0
t0051,train-job-001,comm-0,40,gpu-node-10,0,OK,12.77,0,0
t0051,train-job-001,comm-0,41,gpu-node-10,1,OK,8.81,0,0
t0051,train-job-001,comm-0,42,gpu-node-10,2,OK,10.93,0,0
t0051,train-job-001,comm-0,43,gpu-node-10,3,OK,14.31,0,0
t0051,train-job-001,comm-0,44,gpu-node-11,0,OK,9.05,0,0
t0051,train-job-001,comm-0,45,gpu-node-11,1,OK,11.21,0,0
t0051,train-job-001,comm-0,46,gpu-node-11,2,OK,13.43,0,0
t0051,train-job-001,comm-0,47,gpu-node-11,3,OK,12.96,0,0
t0052,train-job-001,comm-0,0,gpu-node-00,0,OK,10.87,0,0
t0052,train-job-001,comm-0,1,gpu-node-00,1,OK,13.79,0,0
t0052,train-job-001,comm-0,2,gpu-node-00,2,OK,13.4,0,0
t0052,train-job-001,comm-0,3,gpu-node-00,3,OK,9.02,0,0
t0052,train-job-001,comm-0,4,gpu-node-01,0,OK,10.37,0,0
t0052,train-job-001,comm-0,5,gpu-node-01,1,OK,9.9,0,0
t0052,train-job-001,comm-0,6,gpu-node-01,2,OK,14.38,0,0
t0052,train-job-001,comm-0,7,gpu-node-01,3,OK,11.42,0,0
t0052,train-job-001,comm-0,8,gpu-node-02,0,OK,13.48,0,0
t0052,train-job-001,comm-0,9,gpu-node-02,1,OK,13.71,0,0
t0052,train-job-001,comm-0,10,gpu-node-02,2,OK,12.81,0,0
t0052,train-job-001,comm-0,11,gpu-node-02,3,OK,14.24,0,0
t0052,train-job-001,comm-0,12,gpu-node-03,0,OK,12.92,0,0
t0052,train-job-001,comm-0,13,gpu-node-03,1,OK,12.42,0,0
t0052,train-job-001,comm-0,14,gpu-node-03,2,OK,12.16,0,0
t0052,train-job-001,comm-0,15,gpu-node-03,3,OK,15.82,0,0
t0052,train-job-001,comm-0,16,gpu-node-04,0,OK,10.98,0,0
t0052,train-job-001,comm-0,17,gpu-node-04,1,OK,13.34,0,0
t0052,train-job-001,comm-0,18,gpu-node-04,2,OK,13.77,0,0
t0052,train-job-001,comm-0,19,gpu-node-04,3,OK,14.1,0,0
t0052,train-job-001,comm-0,20,gpu-node-05,0,OK,13.74,0,0
t0052,train-job-001,comm-0,21,gpu-node-05,1,OK,9.64,0,0
t0052,train-job-001,comm-0,22,gpu-node-05,2,OK,12.33,0,0
t0052,train-job-001,comm-0,23,gpu-node-05,3,OK,8.97,0,0
t0052,train-job-001,comm-0,24,gpu-node-06,0,OK,10.79,0,0
t0052,train-job-001,comm-0,25,gpu-node-06,1,OK,13.41,0,0
t0052,train-job-001,comm-0,26,gpu-node-06,2,OK,9.46,0,0
t0052,train-job-001,comm-0,27,gpu-node-06,3,OK,9.95,0,0
t0052,train-job-001,comm-0,28,gpu-node-07,0,OK,11.89,0,0
t0052,train-job-001,comm-0,29,gpu-node-07,1,OK,12.92,0,0
t0052,train-job-001,comm-0,30,gpu-node-07,2,OK,11.43,0,0
t0052,train-job-001,comm-0,31,gpu-node-07,3,OK,10.74,0,0
t0052,train-job-001,comm-0,32,gpu-node-08,0,OK,9.65,0,0
t0052,train-job-001,comm-0,33,gpu-node-08,1,OK,14.58,0,0
t0052,train-job-001,comm-0,34,gpu-node-08,2,OK,13.3,0,0
t0052,train-job-001,comm-0,35,gpu-node-08,3,OK,9.54,0,0
t0052,train-job-001,comm-0,36,gpu-node-09,0,OK,12.97,0,0
t0052,train-job-001,comm-0,37,gpu-node-09,1,OK,11.3,0,0
t0052,train-job-001,comm-0,38,gpu-node-09,2,OK,12.51,0,0
t0052,train-job-001,comm-0,39,gpu-node-09,3,OK,12.73,0,0
t0052,train-job-001,comm-0,40,gpu-node-10,0,OK,10.41,0,0
t0052,train-job-001,comm-0,41,gpu-node-10,1,OK,12.57,0,0
t0052,train-job-001,comm-0,42,gpu-node-10,2,OK,13.14,0,0
t0052,train-job-001,comm-0,43,gpu-node-10,3,OK,10.26,0,0
t0052,train-job-001,comm-0,44,gpu-node-11,0,OK,14.23,0,0
t0052,train-job-001,comm-0,45,gpu-node-11,1,OK,9.3,0,0
t0052,train-job-001,comm-0,46,gpu-node-11,2,OK,14.35,0,0
t0052,train-job-001,comm-0,47,gpu-node-11,3,OK,9.57,0,0
t0053,train-job-001,comm-0,0,gpu-node-00,0,OK,9.24,0,0
t0053,train-job-001,comm-0,1,gpu-node-00,1,OK,12.72,0,0
t0053,train-job-001,comm-0,2,gpu-node-00,2,OK,10.77,0,0
t0053,train-job-001,comm-0,3,gpu-node-00,3,OK,11.95,0,0
t0053,train-job-001,comm-0,4,gpu-node-01,0,OK,16.51,0,0
t0053,train-job-001,comm-0,5,gpu-node-01,1,OK,13.29,0,0
t0053,train-job-001,comm-0,6,gpu-node-01,2,OK,15.09,0,0
t0053,train-job-001,comm-0,7,gpu-node-01,3,OK,10.84,0,0
t0053,train-job-001,comm-0,8,gpu-node-02,0,OK,11.78,0,0
t0053,train-job-001,comm-0,9,gpu-node-02,1,OK,8.91,0,0
t0053,train-job-001,comm-0,10,gpu-node-02,2,OK,10.84,0,0
t0053,train-job-001,comm-0,11,gpu-node-02,3,OK,12.65,0,0
t0053,train-job-001,comm-0,12,gpu-node-03,0,OK,12.89,0,0
t0053,train-job-001,comm-0,13,gpu-node-03,1,OK,9.9,0,0
t0053,train-job-001,comm-0,14,gpu-node-03,2,OK,15.67,0,0
t0053,train-job-001,comm-0,15,gpu-node-03,3,OK,7.87,0,0
t0053,train-job-001,comm-0,16,gpu-node-04,0,OK,8.13,0,0
t0053,train-job-001,comm-0,17,gpu-node-04,1,OK,11.59,0,0
t0053,train-job-001,comm-0,18,gpu-node-04,2,OK,15.08,0,0
t0053,train-job-001,comm-0,19,gpu-node-04,3,OK,14.74,0,0
t0053,train-job-001,comm-0,20,gpu-node-05,0,OK,11.19,0,0
t0053,train-job-001,comm-0,21,gpu-node-05,1,OK,9.92,0,0
t0053,train-job-001,comm-0,22,gpu-node-05,2,OK,13.26,0,0
t0053,train-job-001,comm-0,23,gpu-node-05,3,OK,14.04,0,0
t0053,train-job-001,comm-0,24,gpu-node-06,0,OK,11.56,0,0
t0053,train-job-001,comm-0,25,gpu-node-06,1,OK,8.47,0,0
t0053,train-job-001,comm-0,26,gpu-node-06,2,OK,13.52,0,0
t0053,train-job-001,comm-0,27,gpu-node-06,3,OK,11.44,0,0
t0053,train-job-001,comm-0,28,gpu-node-07,0,OK,13.78,0,0
t0053,train-job-001,comm-0,29,gpu-node-07,1,OK,13.5,0,0
t0053,train-job-001,comm-0,30,gpu-node-07,2,OK,9.56,0,0
t0053,train-job-001,comm-0,31,gpu-node-07,3,OK,11.77,0,0
t0053,train-job-001,comm-0,32,gpu-node-08,0,OK,9.92,0,0
t0053,train-job-001,comm-0,33,gpu-node-08,1,OK,10.6,0,0
t0053,train-job-001,comm-0,34,gpu-node-08,2,OK,16.3,0,0
t0053,train-job-001,comm-0,35,gpu-node-08,3,OK,12.74,0,0
t0053,train-job-001,comm-0,36,gpu-node-09,0,OK,14.14,0,0
t0053,train-job-001,comm-0,37,gpu-node-09,1,OK,12.02,0,0
t0053,train-job-001,comm-0,38,gpu-node-09,2,OK,11.77,0,0
t0053,train-job-001,comm-0,39,gpu-node-09,3,OK,13.67,0,0
t0053,train-job-001,comm-0,40,gpu-node-10,0,OK,10.78,0,0
t0053,train-job-001,comm-0,41,gpu-node-10,1,OK,11.57,0,0
t0053,train-job-001,comm-0,42,gpu-node-10,2,OK,9.43,0,0
t0053,train-job-001,comm-0,43,gpu-node-10,3,OK,15.22,0,0
t0053,train-job-001,comm-0,44,gpu-node-11,0,OK,8.65,0,0
t0053,train-job-001,comm-0,45,gpu-node-11,1,OK,8.38,0,0
t0053,train-job-001,comm-0,46,gpu-node-11,2,OK,11.76,0,0
t0053,train-job-001,comm-0,47,gpu-node-11,3,OK,10.1,0,0
t0054,train-job-001,comm-0,0,gpu-node-00,0,OK,9.92,0,0
t0054,train-job-001,comm-0,1,gpu-node-00,1,OK,10.49,0,0
t0054,train-job-001,comm-0,2,gpu-node-00,2,OK,10.99,0,0
t0054,train-job-001,comm-0,3,gpu-node-00,3,OK,11.1,0,0
t0054,train-job-001,comm-0,4,gpu-node-01,0,OK,12.51,0,0
t0054,train-job-001,comm-0,5,gpu-node-01,1,OK,12.57,0,0
t0054,train-job-001,comm-0,6,gpu-node-01,2,OK,13.17,0,0
t0054,train-job-001,comm-0,7,gpu-node-01,3,OK,14.27,0,0
t0054,train-job-001,comm-0,8,gpu-node-02,0,OK,13.65,0,0
t0054,train-job-001,comm-0,9,gpu-node-02,1,OK,14.21,0,0
t0054,train-job-001,comm-0,10,gpu-node-02,2,OK,12.81,0,0
t0054,train-job-001,comm-0,11,gpu-node-02,3,OK,8.11,0,0
t0054,train-job-001,comm-0,12,gpu-node-03,0,OK,15.36,0,0
t0054,train-job-001,comm-0,13,gpu-node-03,1,OK,10.84,0,0
t0054,train-job-001,comm-0,14,gpu-node-03,2,OK,8.26,0,0
t0054,train-job-001,comm-0,15,gpu-node-03,3,OK,13.5,0,0
t0054,train-job-001,comm-0,16,gpu-node-04,0,OK,9.16,0,0
t0054,train-job-001,comm-0,17,gpu-node-04,1,OK,13.74,0,0
t0054,train-job-001,comm-0,18,gpu-node-04,2,OK,9.04,0,0
t0054,train-job-001,comm-0,19,gpu-node-04,3,OK,11.04,0,0
t0054,train-job-001,comm-0,20,gpu-node-05,0,OK,9.35,0,0
t0054,train-job-001,comm-0,21,gpu-node-05,1,OK,15.51,0,0
t0054,train-job-001,comm-0,22,gpu-node-05,2,OK,11.75,0,0
t0054,train-job-001,comm-0,23,gpu-node-05,3,OK,9.51,0,0
t0054,train-job-001,comm-0,24,gpu-node-06,0,OK,7.99,0,0
t0054,train-job-001,comm-0,25,gpu-node-06,1,OK,9.58,0,0
t0054,train-job-001,comm-0,26,gpu-node-06,2,OK,9.95,0,0
t0054,train-job-001,comm-0,27,gpu-node-06,3,OK,15.31,0,0
t0054,train-job-001,comm-0,28,gpu-node-07,0,OK,9.47,0,0
t0054,train-job-001,comm-0,29,gpu-node-07,1,OK,12.37,0,0
t0054,train-job-001,comm-0,30,gpu-node-07,2,OK,10.85,0,0
t0054,train-job-001,comm-0,31,gpu-node-07,3,OK,11.96,0,0
t0054,train-job-001,comm-0,32,gpu-node-08,0,OK,12.78,0,0
t0054,train-job-001,comm-0,33,gpu-node-08,1,OK,13.97,0,0
t0054,train-job-001,comm-0,34,gpu-node-08,2,OK,13.09,0,0
t0054,train-job-001,comm-0,35,gpu-node-08,3,OK,13.17,0,0
t0054,train-job-001,comm-0,36,gpu-node-09,0,OK,12.14,0,0
t0054,train-job-001,comm-0,37,gpu-node-09,1,OK,12.74,0,0
t0054,train-job-001,comm-0,38,gpu-node-09,2,OK,11.21,0,0
t0054,train-job-001,comm-0,39,gpu-node-09,3,OK,9.28,0,0
t0054,train-job-001,comm-0,40,gpu-node-10,0,OK,14.07,0,0
t0054,train-job-001,comm-0,41,gpu-node-10,1,OK,9.13,0,0
t0054,train-job-001,comm-0,42,gpu-node-10,2,OK,12.5,0,0
t0054,train-job-001,comm-0,43,gpu-node-10,3,OK,12.56,0,0
t0054,train-job-001,comm-0,44,gpu-node-11,0,OK,12.97,0,0
t0054,train-job-001,comm-0,45,gpu-node-11,1,OK,14.05,0,0
t0054,train-job-001,comm-0,46,gpu-node-11,2,OK,10.36,0,0
t0054,train-job-001,comm-0,47,gpu-node-11,3,OK,11.45,0,0
t0055,train-job-001,comm-0,0,gpu-node-00,0,OK,15.77,0,0
t0055,train-job-001,comm-0,1,gpu-node-00,1,OK,9.42,0,0
t0055,train-job-001,comm-0,2,gpu-node-00,2,OK,12.93,0,0
t0055,train-job-001,comm-0,3,gpu-node-00,3,OK,12.2,0,0
t0055,train-job-001,comm-0,4,gpu-node-01,0,OK,10.45,0,0
t0055,train-job-001,comm-0,5,gpu-node-01,1,OK,9.85,0,0
t0055,train-job-001,comm-0,6,gpu-node-01,2,OK,9.66,0,0
t0055,train-job-001,comm-0,7,gpu-node-01,3,OK,12.54,0,0
t0055,train-job-001,comm-0,8,gpu-node-02,0,OK,9.45,0,0
t0055,train-job-001,comm-0,9,gpu-node-02,1,OK,13.23,0,0
t0055,train-job-001,comm-0,10,gpu-node-02,2,OK,11.78,0,0
t0055,train-job-001,comm-0,11,gpu-node-02,3,OK,12.56,0,0
t0055,train-job-001,comm-0,12,gpu-node-03,0,OK,11.75,0,0
t0055,train-job-001,comm-0,13,gpu-node-03,1,OK,13.13,0,0
t0055,train-job-001,comm-0,14,gpu-node-03,2,OK,8.54,0,0
t0055,train-job-001,comm-0,15,gpu-node-03,3,OK,8.93,0,0
t0055,train-job-001,comm-0,16,gpu-node-04,0,OK,14.35,0,0
t0055,train-job-001,comm-0,17,gpu-node-04,1,OK,11.84,0,0
t0055,train-job-001,comm-0,18,gpu-node-04,2,OK,14.51,0,0
t0055,train-job-001,comm-0,19,gpu-node-04,3,OK,10.96,0,0
t0055,train-job-001,comm-0,20,gpu-node-05,0,OK,11.22,0,0
t0055,train-job-001,comm-0,21,gpu-node-05,1,OK,14.07,0,0
t0055,train-job-001,comm-0,22,gpu-node-05,2,OK,11.06,0,0
t0055,train-job-001,comm-0,23,gpu-node-05,3,OK,14.74,0,0
t0055,train-job-001,comm-0,24,gpu-node-06,0,OK,10.66,0,0
t0055,train-job-001,comm-0,25,gpu-node-06,1,OK,11.53,0,0
t0055,train-job-001,comm-0,26,gpu-node-06,2,OK,11.64,0,0
t0055,train-job-001,comm-0,27,gpu-node-06,3,OK,13.51,0,0
t0055,train-job-001,comm-0,28,gpu-node-07,0,OK,10.86,0,0
t0055,train-job-001,comm-0,29,gpu-node-07,1,OK,14.17,0,0
t0055,train-job-001,comm-0,30,gpu-node-07,2,OK,13.89,0,0
t0055,train-job-001,comm-0,31,gpu-node-07,3,OK,11.87,0,0
t0055,train-job-001,comm-0,32,gpu-node-08,0,OK,10.83,0,0
t0055,train-job-001,comm-0,33,gpu-node-08,1,OK,11.65,0,0
t0055,train-job-001,comm-0,34,gpu-node-08,2,OK,11.91,0,0
t0055,train-job-001,comm-0,35,gpu-node-08,3,OK,13.96,0,0
t0055,train-job-001,comm-0,36,gpu-node-09,0,OK,11.8,0,0
t0055,train-job-001,comm-0,37,gpu-node-09,1,OK,11.66,0,0
t0055,train-job-001,comm-0,38,gpu-node-09,2,OK,15.18,0,0
t0055,train-job-001,comm-0,39,gpu-node-09,3,OK,11.25,0,0
t0055,train-job-001,comm-0,40,gpu-node-10,0,OK,11.22,0,0
t0055,train-job-001,comm-0,41,gpu-node-10,1,OK,13.11,0,0
t0055,train-job-001,comm-0,42,gpu-node-10,2,OK,12.57,0,0
t0055,train-job-001,comm-0,43,gpu-node-10,3,OK,12.28,0,0
t0055,train-job-001,comm-0,44,gpu-node-11,0,OK,14.11,0,0
t0055,train-job-001,comm-0,45,gpu-node-11,1,OK,6.58,0,0
t0055,train-job-001,comm-0,46,gpu-node-11,2,OK,14.02,0,0
t0055,train-job-001,comm-0,47,gpu-node-11,3,OK,16.03,0,0
t0056,train-job-001,comm-0,0,gpu-node-00,0,OK,9.9,0,0
t0056,train-job-001,comm-0,1,gpu-node-00,1,OK,10.37,0,0
t0056,train-job-001,comm-0,2,gpu-node-00,2,OK,11.3,0,0
t0056,train-job-001,comm-0,3,gpu-node-00,3,OK,10.79,0,0
t0056,train-job-001,comm-0,4,gpu-node-01,0,OK,11.47,0,0
t0056,train-job-001,comm-0,5,gpu-node-01,1,OK,12.57,0,0
t0056,train-job-001,comm-0,6,gpu-node-01,2,OK,8.14,0,0
t0056,train-job-001,comm-0,7,gpu-node-01,3,OK,10.67,0,0
t0056,train-job-001,comm-0,8,gpu-node-02,0,OK,17.07,0,0
t0056,train-job-001,comm-0,9,gpu-node-02,1,OK,13.35,0,0
t0056,train-job-001,comm-0,10,gpu-node-02,2,OK,12.61,0,0
t0056,train-job-001,comm-0,11,gpu-node-02,3,OK,12.34,0,0
t0056,train-job-001,comm-0,12,gpu-node-03,0,OK,9.06,0,0
t0056,train-job-001,comm-0,13,gpu-node-03,1,OK,13.2,0,0
t0056,train-job-001,comm-0,14,gpu-node-03,2,OK,8.72,0,0
t0056,train-job-001,comm-0,15,gpu-node-03,3,OK,12.91,0,0
t0056,train-job-001,comm-0,16,gpu-node-04,0,OK,13.34,0,0
t0056,train-job-001,comm-0,17,gpu-node-04,1,OK,10.98,0,0
t0056,train-job-001,comm-0,18,gpu-node-04,2,OK,15.39,0,0
t0056,train-job-001,comm-0,19,gpu-node-04,3,OK,11.45,0,0
t0056,train-job-001,comm-0,20,gpu-node-05,0,OK,11.99,0,0
t0056,train-job-001,comm-0,21,gpu-node-05,1,OK,12.75,0,0
t0056,train-job-001,comm-0,22,gpu-node-05,2,OK,9.97,0,0
t0056,train-job-001,comm-0,23,gpu-node-05,3,OK,11.66,0,0
t0056,train-job-001,comm-0,24,gpu-node-06,0,OK,13.09,0,0
t0056,train-job-001,comm-0,25,gpu-node-06,1,OK,14.86,0,0
t0056,train-job-001,comm-0,26,gpu-node-06,2,OK,11.22,0,0
t0056,train-job-001,comm-0,27,gpu-node-06,3,OK,12.85,0,0
t0056,train-job-001,comm-0,28,gpu-node-07,0,OK,10.03,0,0
t0056,train-job-001,comm-0,29,gpu-node-07,1,OK,13.74,0,0
t0056,train-job-001,comm-0,30,gpu-node-07,2,OK,13.37,0,0
t0056,train-job-001,comm-0,31,gpu-node-07,3,OK,10.09,0,0
t0056,train-job-001,comm-0,32,gpu-node-08,0,OK,15.01,0,0
t0056,train-job-001,comm-0,33,gpu-node-08,1,OK,8.22,0,0
t0056,train-job-001,comm-0,34,gpu-node-08,2,OK,12.98,0,0
t0056,train-job-001,comm-0,35,gpu-node-08,3,OK,11.9,0,0
t0056,train-job-001,comm-0,36,gpu-node-09,0,OK,12.85,0,0
t0056,train-job-001,comm-0,37,gpu-node-09,1,OK,13.68,0,0
t0056,train-job-001,comm-0,38,gpu-node-09,2,OK,13.11,0,0
t0056,train-job-001,comm-0,39,gpu-node-09,3,OK,10.63,0,0
t0056,train-job-001,comm-0,40,gpu-node-10,0,OK,12.25,0,0
t0056,train-job-001,comm-0,41,gpu-node-10,1,OK,9.85,0,0
t0056,train-job-001,comm-0,42,gpu-node-10,2,OK,12.06,0,0
t0056,train-job-001,comm-0,43,gpu-node-10,3,OK,16.77,0,0
t0056,train-job-001,comm-0,44,gpu-node-11,0,OK,15.2,0,0
t0056,train-job-001,comm-0,45,gpu-node-11,1,OK,9.43,0,0
t0056,train-job-001,comm-0,46,gpu-node-11,2,OK,11.25,0,0
t0056,train-job-001,comm-0,47,gpu-node-11,3,OK,13.48,0,0
t0057,train-job-001,comm-0,0,gpu-node-00,0,OK,14.31,0,0
t0057,train-job-001,comm-0,1,gpu-node-00,1,OK,11.83,0,0
t0057,train-job-001,comm-0,2,gpu-node-00,2,OK,9.17,0,0
t0057,train-job-001,comm-0,3,gpu-node-00,3,OK,12.81,0,0
t0057,train-job-001,comm-0,4,gpu-node-01,0,OK,13.08,0,0
t0057,train-job-001,comm-0,5,gpu-node-01,1,OK,11.7,0,0
t0057,train-job-001,comm-0,6,gpu-node-01,2,OK,14.42,0,0
t0057,train-job-001,comm-0,7,gpu-node-01,3,OK,11.21,0,0
t0057,train-job-001,comm-0,8,gpu-node-02,0,OK,10.5,0,0
t0057,train-job-001,comm-0,9,gpu-node-02,1,OK,12.48,0,0
t0057,train-job-001,comm-0,10,gpu-node-02,2,OK,10.64,0,0
t0057,train-job-001,comm-0,11,gpu-node-02,3,OK,12.99,0,0
t0057,train-job-001,comm-0,12,gpu-node-03,0,OK,10.46,0,0
t0057,train-job-001,comm-0,13,gpu-node-03,1,OK,14.18,0,0
t0057,train-job-001,comm-0,14,gpu-node-03,2,OK,12.64,0,0
t0057,train-job-001,comm-0,15,gpu-node-03,3,OK,11.39,0,0
t0057,train-job-001,comm-0,16,gpu-node-04,0,OK,13.74,0,0
t0057,train-job-001,comm-0,17,gpu-node-04,1,OK,12.03,0,0
t0057,train-job-001,comm-0,18,gpu-node-04,2,OK,8.4,0,0
t0057,train-job-001,comm-0,19,gpu-node-04,3,OK,11.21,0,0
t0057,train-job-001,comm-0,20,gpu-node-05,0,OK,16.01,0,0
t0057,train-job-001,comm-0,21,gpu-node-05,1,OK,11.13,0,0
t0057,train-job-001,comm-0,22,gpu-node-05,2,OK,15.03,0,0
t0057,train-job-001,comm-0,23,gpu-node-05,3,OK,12.14,0,0
t0057,train-job-001,comm-0,24,gpu-node-06,0,OK,11.77,0,0
t0057,train-job-001,comm-0,25,gpu-node-06,1,OK,13.54,0,0
t0057,train-job-001,comm-0,26,gpu-node-06,2,OK,13.27,0,0
t0057,train-job-001,comm-0,27,gpu-node-06,3,OK,11.22,0,0
t0057,train-job-001,comm-0,28,gpu-node-07,0,OK,8.52,0,0
t0057,train-job-001,comm-0,29,gpu-node-07,1,OK,13.26,0,0
t0057,train-job-001,comm-0,30,gpu-node-07,2,OK,14.79,0,0
t0057,train-job-001,comm-0,31,gpu-node-07,3,OK,9.34,0,0
t0057,train-job-001,comm-0,32,gpu-node-08,0,OK,10.37,0,0
t0057,train-job-001,comm-0,33,gpu-node-08,1,OK,11.53,0,0
t0057,train-job-001,comm-0,34,gpu-node-08,2,OK,10.78,0,0
t0057,train-job-001,comm-0,35,gpu-node-08,3,OK,14.26,0,0
t0057,train-job-001,comm-0,36,gpu-node-09,0,OK,11.26,0,0
t0057,train-job-001,comm-0,37,gpu-node-09,1,OK,10.5,0,0
t0057,train-job-001,comm-0,38,gpu-node-09,2,OK,10.77,0,0
t0057,train-job-001,comm-0,39,gpu-node-09,3,OK,7.93,0,0
t0057,train-job-001,comm-0,40,gpu-node-10,0,OK,17.39,0,0
t0057,train-job-001,comm-0,41,gpu-node-10,1,OK,8.65,0,0
t0057,train-job-001,comm-0,42,gpu-node-10,2,OK,12.47,0,0
t0057,train-job-001,comm-0,43,gpu-node-10,3,OK,12.66,0,0
t0057,train-job-001,comm-0,44,gpu-node-11,0,OK,9.17,0,0
t0057,train-job-001,comm-0,45,gpu-node-11,1,OK,12.08,0,0
t0057,train-job-001,comm-0,46,gpu-node-11,2,OK,9.98,0,0
t0057,train-job-001,comm-0,47,gpu-node-11,3,OK,14.28,0,0
t0058,train-job-001,comm-0,0,gpu-node-00,0,OK,14.2,0,0
t0058,train-job-001,comm-0,1,gpu-node-00,1,OK,13.0,0,0
t0058,train-job-001,comm-0,2,gpu-node-00,2,OK,13.9,0,0
t0058,train-job-001,comm-0,3,gpu-node-00,3,OK,12.2,0,0
t0058,train-job-001,comm-0,4,gpu-node-01,0,OK,10.73,0,0
t0058,train-job-001,comm-0,5,gpu-node-01,1,OK,12.19,0,0
t0058,train-job-001,comm-0,6,gpu-node-01,2,OK,10.94,0,0
t0058,train-job-001,comm-0,7,gpu-node-01,3,OK,8.24,0,0
t0058,train-job-001,comm-0,8,gpu-node-02,0,OK,13.59,0,0
t0058,train-job-001,comm-0,9,gpu-node-02,1,OK,14.03,0,0
t0058,train-job-001,comm-0,10,gpu-node-02,2,OK,14.43,0,0
t0058,train-job-001,comm-0,11,gpu-node-02,3,OK,16.37,0,0
t0058,train-job-001,comm-0,12,gpu-node-03,0,OK,10.56,0,0
t0058,train-job-001,comm-0,13,gpu-node-03,1,OK,14.5,0,0
t0058,train-job-001,comm-0,14,gpu-node-03,2,OK,10.53,0,0
t0058,train-job-001,comm-0,15,gpu-node-03,3,OK,11.46,0,0
t0058,train-job-001,comm-0,16,gpu-node-04,0,OK,13.89,0,0
t0058,train-job-001,comm-0,17,gpu-node-04,1,OK,11.01,0,0
t0058,train-job-001,comm-0,18,gpu-node-04,2,OK,14.18,0,0
t0058,train-job-001,comm-0,19,gpu-node-04,3,OK,9.53,0,0
t0058,train-job-001,comm-0,20,gpu-node-05,0,OK,13.8,0,0
t0058,train-job-001,comm-0,21,gpu-node-05,1,OK,13.14,0,0
t0058,train-job-001,comm-0,22,gpu-node-05,2,OK,9.66,0,0
t0058,train-job-001,comm-0,23,gpu-node-05,3,OK,12.14,0,0
t0058,train-job-001,comm-0,24,gpu-node-06,0,OK,13.42,0,0
t0058,train-job-001,comm-0,25,gpu-node-06,1,OK,11.86,0,0
t0058,train-job-001,comm-0,26,gpu-node-06,2,OK,9.8,0,0
t0058,train-job-001,comm-0,27,gpu-node-06,3,OK,14.65,0,0
t0058,train-job-001,comm-0,28,gpu-node-07,0,OK,12.2,0,0
t0058,train-job-001,comm-0,29,gpu-node-07,1,OK,14.55,0,0
t0058,train-job-001,comm-0,30,gpu-node-07,2,OK,10.98,0,0
t0058,train-job-001,comm-0,31,gpu-node-07,3,OK,13.63,0,0
t0058,train-job-001,comm-0,32,gpu-node-08,0,OK,10.79,0,0
t0058,train-job-001,comm-0,33,gpu-node-08,1,OK,12.21,0,0
t0058,train-job-001,comm-0,34,gpu-node-08,2,OK,11.71,0,0
t0058,train-job-001,comm-0,35,gpu-node-08,3,OK,13.61,0,0
t0058,train-job-001,comm-0,36,gpu-node-09,0,OK,9.41,0,0
t0058,train-job-001,comm-0,37,gpu-node-09,1,OK,15.5,0,0
t0058,train-job-001,comm-0,38,gpu-node-09,2,OK,11.18,0,0
t0058,train-job-001,comm-0,39,gpu-node-09,3,OK,12.57,0,0
t0058,train-job-001,comm-0,40,gpu-node-10,0,OK,13.19,0,0
t0058,train-job-001,comm-0,41,gpu-node-10,1,OK,11.76,0,0
t0058,train-job-001,comm-0,42,gpu-node-10,2,OK,13.49,0,0
t0058,train-job-001,comm-0,43,gpu-node-10,3,OK,11.84,0,0
t0058,train-job-001,comm-0,44,gpu-node-11,0,OK,8.38,0,0
t0058,train-job-001,comm-0,45,gpu-node-11,1,OK,9.69,0,0
t0058,train-job-001,comm-0,46,gpu-node-11,2,OK,14.27,0,0
t0058,train-job-001,comm-0,47,gpu-node-11,3,OK,9.89,0,0
t0059,train-job-001,comm-0,0,gpu-node-00,0,OK,13.28,0,0
t0059,train-job-001,comm-0,1,gpu-node-00,1,OK,8.51,0,0
t0059,train-job-001,comm-0,2,gpu-node-00,2,OK,12.35,0,0
t0059,train-job-001,comm-0,3,gpu-node-00,3,OK,13.27,0,0
t0059,train-job-001,comm-0,4,gpu-node-01,0,OK,11.33,0,0
t0059,train-job-001,comm-0,5,gpu-node-01,1,OK,12.01,0,0
t0059,train-job-001,comm-0,6,gpu-node-01,2,OK,11.62,0,0
t0059,train-job-001,comm-0,7,gpu-node-01,3,OK,12.97,0,0
t0059,train-job-001,comm-0,8,gpu-node-02,0,OK,12.3,0,0
t0059,train-job-001,comm-0,9,gpu-node-02,1,OK,10.25,0,0
t0059,train-job-001,comm-0,10,gpu-node-02,2,OK,12.73,0,0
t0059,train-job-001,comm-0,11,gpu-node-02,3,OK,13.91,0,0
t0059,train-job-001,comm-0,12,gpu-node-03,0,OK,13.64,0,0
t0059,train-job-001,comm-0,13,gpu-node-03,1,OK,9.72,0,0
t0059,train-job-001,comm-0,14,gpu-node-03,2,OK,11.87,0,0
t0059,train-job-001,comm-0,15,gpu-node-03,3,OK,13.96,0,0
t0059,train-job-001,comm-0,16,gpu-node-04,0,OK,12.98,0,0
t0059,train-job-001,comm-0,17,gpu-node-04,1,OK,10.12,0,0
t0059,train-job-001,comm-0,18,gpu-node-04,2,OK,11.67,0,0
t0059,train-job-001,comm-0,19,gpu-node-04,3,OK,12.58,0,0
t0059,train-job-001,comm-0,20,gpu-node-05,0,OK,11.78,0,0
t0059,train-job-001,comm-0,21,gpu-node-05,1,OK,12.6,0,0
t0059,train-job-001,comm-0,22,gpu-node-05,2,OK,12.5,0,0
t0059,train-job-001,comm-0,23,gpu-node-05,3,OK,12.38,0,0
t0059,train-job-001,comm-0,24,gpu-node-06,0,OK,17.82,0,0
t0059,train-job-001,comm-0,25,gpu-node-06,1,OK,13.02,0,0
t0059,train-job-001,comm-0,26,gpu-node-06,2,OK,13.86,0,0
t0059,train-job-001,comm-0,27,gpu-node-06,3,OK,9.2,0,0
t0059,train-job-001,comm-0,28,gpu-node-07,0,OK,10.22,0,0
t0059,train-job-001,comm-0,29,gpu-node-07,1,OK,13.48,0,0
t0059,train-job-001,comm-0,30,gpu-node-07,2,OK,11.88,0,0
t0059,train-job-001,comm-0,31,gpu-node-07,3,OK,15.34,0,0
t0059,train-job-001,comm-0,32,gpu-node-08,0,OK,10.42,0,0
t0059,train-job-001,comm-0,33,gpu-node-08,1,OK,12.26,0,0
t0059,train-job-001,comm-0,34,gpu-node-08,2,OK,11.57,0,0
t0059,train-job-001,comm-0,35,gpu-node-08,3,OK,11.47,0,0
t0059,train-job-001,comm-0,36,gpu-node-09,0,OK,13.92,0,0
t0059,train-job-001,comm-0,37,gpu-node-09,1,OK,11.08,0,0
t0059,train-job-001,comm-0,38,gpu-node-09,2,OK,16.69,0,0
t0059,train-job-001,comm-0,39,gpu-node-09,3,OK,15.07,0,0
t0059,train-job-001,comm-0,40,gpu-node-10,0,OK,14.17,0,0
t0059,train-job-001,comm-0,41,gpu-node-10,1,OK,11.61,0,0
t0059,train-job-001,comm-0,42,gpu-node-10,2,OK,13.96,0,0
t0059,train-job-001,comm-0,43,gpu-node-10,3,OK,15.64,0,0
t0059,train-job-001,comm-0,44,gpu-node-11,0,OK,10.61,0,0
t0059,train-job-001,comm-0,45,gpu-node-11,1,OK,8.39,0,0
t0059,train-job-001,comm-0,46,gpu-node-11,2,OK,6.73,0,0
t0059,train-job-001,comm-0,47,gpu-node-11,3,OK,12.24,0,0
t0060,train-job-001,comm-0,0,gpu-node-00,0,OK,13.26,0,0
t0060,train-job-001,comm-0,1,gpu-node-00,1,OK,10.8,0,0
t0060,train-job-001,comm-0,2,gpu-node-00,2,OK,10.17,0,0
t0060,train-job-001,comm-0,3,gpu-node-00,3,OK,14.34,0,0
t0060,train-job-001,comm-0,4,gpu-node-01,0,OK,8.42,0,0
t0060,train-job-001,comm-0,5,gpu-node-01,1,OK,13.61,0,0
t0060,train-job-001,comm-0,6,gpu-node-01,2,OK,16.38,0,0
t0060,train-job-001,comm-0,7,gpu-node-01,3,OK,12.57,0,0
t0060,train-job-001,comm-0,8,gpu-node-02,0,OK,12.21,0,0
t0060,train-job-001,comm-0,9,gpu-node-02,1,OK,12.47,0,0
t0060,train-job-001,comm-0,10,gpu-node-02,2,OK,10.32,0,0
t0060,train-job-001,comm-0,11,gpu-node-02,3,OK,8.83,0,0
t0060,train-job-001,comm-0,12,gpu-node-03,0,OK,15.39,0,0
t0060,train-job-001,comm-0,13,gpu-node-03,1,OK,15.98,0,0
t0060,train-job-001,comm-0,14,gpu-node-03,2,OK,12.08,0,0
t0060,train-job-001,comm-0,15,gpu-node-03,3,OK,12.46,0,0
t0060,train-job-001,comm-0,16,gpu-node-04,0,OK,13.5,0,0
t0060,train-job-001,comm-0,17,gpu-node-04,1,OK,11.82,0,0
t0060,train-job-001,comm-0,18,gpu-node-04,2,OK,9.72,0,0
t0060,train-job-001,comm-0,19,gpu-node-04,3,OK,11.39,0,0
t0060,train-job-001,comm-0,20,gpu-node-05,0,OK,8.94,0,0
t0060,train-job-001,comm-0,21,gpu-node-05,1,OK,11.02,0,0
t0060,train-job-001,comm-0,22,gpu-node-05,2,OK,11.1,0,0
t0060,train-job-001,comm-0,23,gpu-node-05,3,OK,10.69,0,0
t0060,train-job-001,comm-0,24,gpu-node-06,0,OK,11.34,0,0
t0060,train-job-001,comm-0,25,gpu-node-06,1,OK,14.48,0,0
t0060,train-job-001,comm-0,26,gpu-node-06,2,OK,14.08,0,0
t0060,train-job-001,comm-0,27,gpu-node-06,3,OK,11.61,0,0
t0060,train-job-001,comm-0,28,gpu-node-07,0,OK,8.97,0,0
t0060,train-job-001,comm-0,29,gpu-node-07,1,OK,14.83,0,0
t0060,train-job-001,comm-0,30,gpu-node-07,2,OK,8.51,0,0
t0060,train-job-001,comm-0,31,gpu-node-07,3,OK,11.5,0,0
t0060,train-job-001,comm-0,32,gpu-node-08,0,OK,13.4,0,0
t0060,train-job-001,comm-0,33,gpu-node-08,1,OK,9.8,0,0
t0060,train-job-001,comm-0,34,gpu-node-08,2,OK,8.4,0,0
t0060,train-job-001,comm-0,35,gpu-node-08,3,OK,10.76,0,0
t0060,train-job-001,comm-0,36,gpu-node-09,0,OK,10.4,0,0
t0060,train-job-001,comm-0,37,gpu-node-09,1,OK,12.94,0,0
t0060,train-job-001,comm-0,38,gpu-node-09,2,OK,11.52,0,0
t0060,train-job-001,comm-0,39,gpu-node-09,3,OK,11.32,0,0
t0060,train-job-001,comm-0,40,gpu-node-10,0,OK,11.07,0,0
t0060,train-job-001,comm-0,41,gpu-node-10,1,OK,9.17,0,0
t0060,train-job-001,comm-0,42,gpu-node-10,2,OK,9.56,0,0
t0060,train-job-001,comm-0,43,gpu-node-10,3,OK,12.93,0,0
t0060,train-job-001,comm-0,44,gpu-node-11,0,OK,11.73,0,0
t0060,train-job-001,comm-0,45,gpu-node-11,1,OK,13.3,0,0
t0060,train-job-001,comm-0,46,gpu-node-11,2,OK,10.44,0,0
t0060,train-job-001,comm-0,47,gpu-node-11,3,OK,11.68,0,0
t0061,train-job-001,comm-0,0,gpu-node-00,0,OK,12.79,0,0
t0061,train-job-001,comm-0,1,gpu-node-00,1,OK,14.02,0,0
t0061,train-job-001,comm-0,2,gpu-node-00,2,OK,13.7,0,0
t0061,train-job-001,comm-0,3,gpu-node-00,3,OK,12.5,0,0
t0061,train-job-001,comm-0,4,gpu-node-01,0,OK,10.01,0,0
t0061,train-job-001,comm-0,5,gpu-node-01,1,OK,11.22,0,0
t0061,train-job-001,comm-0,6,gpu-node-01,2,OK,13.06,0,0
t0061,train-job-001,comm-0,7,gpu-node-01,3,OK,12.3,0,0
t0061,train-job-001,comm-0,8,gpu-node-02,0,OK,8.5,0,0
t0061,train-job-001,comm-0,9,gpu-node-02,1,OK,11.5,0,0
t0061,train-job-001,comm-0,10,gpu-node-02,2,OK,12.45,0,0
t0061,train-job-001,comm-0,11,gpu-node-02,3,OK,9.25,0,0
t0061,train-job-001,comm-0,12,gpu-node-03,0,OK,12.87,0,0
t0061,train-job-001,comm-0,13,gpu-node-03,1,OK,10.6,0,0
t0061,train-job-001,comm-0,14,gpu-node-03,2,OK,13.26,0,0
t0061,train-job-001,comm-0,15,gpu-node-03,3,OK,10.67,0,0
t0061,train-job-001,comm-0,16,gpu-node-04,0,OK,11.63,0,0
t0061,train-job-001,comm-0,17,gpu-node-04,1,OK,10.18,0,0
t0061,train-job-001,comm-0,18,gpu-node-04,2,OK,12.61,0,0
t0061,train-job-001,comm-0,19,gpu-node-04,3,OK,11.93,0,0
t0061,train-job-001,comm-0,20,gpu-node-05,0,OK,11.94,0,0
t0061,train-job-001,comm-0,21,gpu-node-05,1,OK,14.42,0,0
t0061,train-job-001,comm-0,22,gpu-node-05,2,OK,12.68,0,0
t0061,train-job-001,comm-0,23,gpu-node-05,3,OK,12.43,0,0
t0061,train-job-001,comm-0,24,gpu-node-06,0,OK,11.83,0,0
t0061,train-job-001,comm-0,25,gpu-node-06,1,OK,10.5,0,0
t0061,train-job-001,comm-0,26,gpu-node-06,2,OK,14.22,0,0
t0061,train-job-001,comm-0,27,gpu-node-06,3,OK,11.12,0,0
t0061,train-job-001,comm-0,28,gpu-node-07,0,OK,11.45,0,0
t0061,train-job-001,comm-0,29,gpu-node-07,1,OK,12.95,0,0
t0061,train-job-001,comm-0,30,gpu-node-07,2,OK,14.02,0,0
t0061,train-job-001,comm-0,31,gpu-node-07,3,OK,11.72,0,0
t0061,train-job-001,comm-0,32,gpu-node-08,0,OK,11.77,0,0
t0061,train-job-001,comm-0,33,gpu-node-08,1,OK,9.04,0,0
t0061,train-job-001,comm-0,34,gpu-node-08,2,OK,14.9,0,0
t0061,train-job-001,comm-0,35,gpu-node-08,3,OK,9.58,0,0
t0061,train-job-001,comm-0,36,gpu-node-09,0,OK,12.39,0,0
t0061,train-job-001,comm-0,37,gpu-node-09,1,OK,11.76,0,0
t0061,train-job-001,comm-0,38,gpu-node-09,2,OK,15.03,0,0
t0061,train-job-001,comm-0,39,gpu-node-09,3,OK,13.7,0,0
t0061,train-job-001,comm-0,40,gpu-node-10,0,OK,13.91,0,0
t0061,train-job-001,comm-0,41,gpu-node-10,1,OK,10.36,0,0
t0061,train-job-001,comm-0,42,gpu-node-10,2,OK,12.52,0,0
t0061,train-job-001,comm-0,43,gpu-node-10,3,OK,11.57,0,0
t0061,train-job-001,comm-0,44,gpu-node-11,0,OK,14.5,0,0
t0061,train-job-001,comm-0,45,gpu-node-11,1,OK,13.14,0,0
t0061,train-job-001,comm-0,46,gpu-node-11,2,OK,10.08,0,0
t0061,train-job-001,comm-0,47,gpu-node-11,3,OK,10.06,0,0
t0062,train-job-001,comm-0,0,gpu-node-00,0,OK,9.47,0,0
t0062,train-job-001,comm-0,1,gpu-node-00,1,OK,14.15,0,0
t0062,train-job-001,comm-0,2,gpu-node-00,2,OK,15.17,0,0
t0062,train-job-001,comm-0,3,gpu-node-00,3,OK,11.66,0,0
t0062,train-job-001,comm-0,4,gpu-node-01,0,OK,11.49,0,0
t0062,train-job-001,comm-0,5,gpu-node-01,1,OK,14.72,0,0
t0062,train-job-001,comm-0,6,gpu-node-01,2,OK,12.07,0,0
t0062,train-job-001,comm-0,7,gpu-node-01,3,OK,10.42,0,0
t0062,train-job-001,comm-0,8,gpu-node-02,0,OK,14.48,0,0
t0062,train-job-001,comm-0,9,gpu-node-02,1,OK,11.15,0,0
t0062,train-job-001,comm-0,10,gpu-node-02,2,OK,13.27,0,0
t0062,train-job-001,comm-0,11,gpu-node-02,3,OK,8.71,0,0
t0062,train-job-001,comm-0,12,gpu-node-03,0,OK,11.83,0,0
t0062,train-job-001,comm-0,13,gpu-node-03,1,OK,10.42,0,0
t0062,train-job-001,comm-0,14,gpu-node-03,2,OK,11.83,0,0
t0062,train-job-001,comm-0,15,gpu-node-03,3,OK,12.85,0,0
t0062,train-job-001,comm-0,16,gpu-node-04,0,OK,11.98,0,0
t0062,train-job-001,comm-0,17,gpu-node-04,1,OK,12.49,0,0
t0062,train-job-001,comm-0,18,gpu-node-04,2,OK,12.01,0,0
t0062,train-job-001,comm-0,19,gpu-node-04,3,OK,14.07,0,0
t0062,train-job-001,comm-0,20,gpu-node-05,0,OK,13.1,0,0
t0062,train-job-001,comm-0,21,gpu-node-05,1,OK,12.41,0,0
t0062,train-job-001,comm-0,22,gpu-node-05,2,OK,10.74,0,0
t0062,train-job-001,comm-0,23,gpu-node-05,3,OK,12.68,0,0
t0062,train-job-001,comm-0,24,gpu-node-06,0,OK,11.1,0,0
t0062,train-job-001,comm-0,25,gpu-node-06,1,OK,10.26,0,0
t0062,train-job-001,comm-0,26,gpu-node-06,2,OK,15.68,0,0
t0062,train-job-001,comm-0,27,gpu-node-06,3,OK,12.16,0,0
t0062,train-job-001,comm-0,28,gpu-node-07,0,OK,11.51,0,0
t0062,train-job-001,comm-0,29,gpu-node-07,1,OK,12.88,0,0
t0062,train-job-001,comm-0,30,gpu-node-07,2,OK,9.91,0,0
t0062,train-job-001,comm-0,31,gpu-node-07,3,OK,8.8,0,0
t0062,train-job-001,comm-0,32,gpu-node-08,0,OK,11.99,0,0
t0062,train-job-001,comm-0,33,gpu-node-08,1,OK,12.42,0,0
t0062,train-job-001,comm-0,34,gpu-node-08,2,OK,12.43,0,0
t0062,train-job-001,comm-0,35,gpu-node-08,3,OK,12.75,0,0
t0062,train-job-001,comm-0,36,gpu-node-09,0,OK,12.61,0,0
t0062,train-job-001,comm-0,37,gpu-node-09,1,OK,10.4,0,0
t0062,train-job-001,comm-0,38,gpu-node-09,2,OK,11.06,0,0
t0062,train-job-001,comm-0,39,gpu-node-09,3,OK,12.77,0,0
t0062,train-job-001,comm-0,40,gpu-node-10,0,OK,11.24,0,0
t0062,train-job-001,comm-0,41,gpu-node-10,1,OK,12.05,0,0
t0062,train-job-001,comm-0,42,gpu-node-10,2,OK,10.27,0,0
t0062,train-job-001,comm-0,43,gpu-node-10,3,OK,12.21,0,0
t0062,train-job-001,comm-0,44,gpu-node-11,0,OK,11.28,0,0
t0062,train-job-001,comm-0,45,gpu-node-11,1,OK,9.76,0,0
t0062,train-job-001,comm-0,46,gpu-node-11,2,OK,13.42,0,0
t0062,train-job-001,comm-0,47,gpu-node-11,3,OK,14.9,0,0
t0063,train-job-001,comm-0,0,gpu-node-00,0,OK,12.32,0,0
t0063,train-job-001,comm-0,1,gpu-node-00,1,OK,13.08,0,0
t0063,train-job-001,comm-0,2,gpu-node-00,2,OK,12.32,0,0
t0063,train-job-001,comm-0,3,gpu-node-00,3,OK,12.03,0,0
t0063,train-job-001,comm-0,4,gpu-node-01,0,OK,10.45,0,0
t0063,train-job-001,comm-0,5,gpu-node-01,1,OK,12.15,0,0
t0063,train-job-001,comm-0,6,gpu-node-01,2,OK,10.42,0,0
t0063,train-job-001,comm-0,7,gpu-node-01,3,OK,13.06,0,0
t0063,train-job-001,comm-0,8,gpu-node-02,0,OK,11.55,0,0
t0063,train-job-001,comm-0,9,gpu-node-02,1,OK,10.8,0,0
t0063,train-job-001,comm-0,10,gpu-node-02,2,OK,11.71,0,0
t0063,train-job-001,comm-0,11,gpu-node-02,3,OK,12.16,0,0
t0063,train-job-001,comm-0,12,gpu-node-03,0,OK,10.17,0,0
t0063,train-job-001,comm-0,13,gpu-node-03,1,OK,10.99,0,0
t0063,train-job-001,comm-0,14,gpu-node-03,2,OK,12.03,0,0
t0063,train-job-001,comm-0,15,gpu-node-03,3,OK,13.19,0,0
t0063,train-job-001,comm-0,16,gpu-node-04,0,OK,8.6,0,0
t0063,train-job-001,comm-0,17,gpu-node-04,1,OK,12.73,0,0
t0063,train-job-001,comm-0,18,gpu-node-04,2,OK,8.84,0,0
t0063,train-job-001,comm-0,19,gpu-node-04,3,OK,9.91,0,0
t0063,train-job-001,comm-0,20,gpu-node-05,0,OK,11.33,0,0
t0063,train-job-001,comm-0,21,gpu-node-05,1,OK,12.25,0,0
t0063,train-job-001,comm-0,22,gpu-node-05,2,OK,13.09,0,0
t0063,train-job-001,comm-0,23,gpu-node-05,3,OK,14.36,0,0
t0063,train-job-001,comm-0,24,gpu-node-06,0,OK,10.45,0,0
t0063,train-job-001,comm-0,25,gpu-node-06,1,OK,13.84,0,0
t0063,train-job-001,comm-0,26,gpu-node-06,2,OK,11.26,0,0
t0063,train-job-001,comm-0,27,gpu-node-06,3,OK,13.63,0,0
t0063,train-job-001,comm-0,28,gpu-node-07,0,OK,13.47,0,0
t0063,train-job-001,comm-0,29,gpu-node-07,1,OK,14.49,0,0
t0063,train-job-001,comm-0,30,gpu-node-07,2,OK,10.76,0,0
t0063,train-job-001,comm-0,31,gpu-node-07,3,OK,11.87,0,0
t0063,train-job-001,comm-0,32,gpu-node-08,0,OK,12.27,0,0
t0063,train-job-001,comm-0,33,gpu-node-08,1,OK,12.77,0,0
t0063,train-job-001,comm-0,34,gpu-node-08,2,OK,10.2,0,0
t0063,train-job-001,comm-0,35,gpu-node-08,3,OK,12.55,0,0
t0063,train-job-001,comm-0,36,gpu-node-09,0,OK,14.75,0,0
t0063,train-job-001,comm-0,37,gpu-node-09,1,OK,11.3,0,0
t0063,train-job-001,comm-0,38,gpu-node-09,2,OK,10.14,0,0
t0063,train-job-001,comm-0,39,gpu-node-09,3,OK,10.18,0,0
t0063,train-job-001,comm-0,40,gpu-node-10,0,OK,13.22,0,0
t0063,train-job-001,comm-0,41,gpu-node-10,1,OK,15.33,0,0
t0063,train-job-001,comm-0,42,gpu-node-10,2,OK,9.08,0,0
t0063,train-job-001,comm-0,43,gpu-node-10,3,OK,12.49,0,0
t0063,train-job-001,comm-0,44,gpu-node-11,0,OK,11.74,0,0
t0063,train-job-001,comm-0,45,gpu-node-11,1,OK,11.55,0,0
t0063,train-job-001,comm-0,46,gpu-node-11,2,OK,11.54,0,0
t0063,train-job-001,comm-0,47,gpu-node-11,3,OK,6.33,0,0
t0064,train-job-001,comm-0,0,gpu-node-00,0,OK,12.53,0,0
t0064,train-job-001,comm-0,1,gpu-node-00,1,OK,13.6,0,0
t0064,train-job-001,comm-0,2,gpu-node-00,2,OK,12.04,0,0
t0064,train-job-001,comm-0,3,gpu-node-00,3,OK,12.27,0,0
t0064,train-job-001,comm-0,4,gpu-node-01,0,OK,10.89,0,0
t0064,train-job-001,comm-0,5,gpu-node-01,1,OK,14.24,0,0
t0064,train-job-001,comm-0,6,gpu-node-01,2,OK,8.24,0,0
t0064,train-job-001,comm-0,7,gpu-node-01,3,OK,15.88,0,0
t0064,train-job-001,comm-0,8,gpu-node-02,0,OK,13.68,0,0
t0064,train-job-001,comm-0,9,gpu-node-02,1,OK,10.98,0,0
t0064,train-job-001,comm-0,10,gpu-node-02,2,OK,12.41,0,0
t0064,train-job-001,comm-0,11,gpu-node-02,3,OK,14.94,0,0
t0064,train-job-001,comm-0,12,gpu-node-03,0,OK,13.41,0,0
t0064,train-job-001,comm-0,13,gpu-node-03,1,OK,11.62,0,0
t0064,train-job-001,comm-0,14,gpu-node-03,2,OK,9.63,0,0
t0064,train-job-001,comm-0,15,gpu-node-03,3,OK,12.64,0,0
t0064,train-job-001,comm-0,16,gpu-node-04,0,OK,10.46,0,0
t0064,train-job-001,comm-0,17,gpu-node-04,1,OK,13.13,0,0
t0064,train-job-001,comm-0,18,gpu-node-04,2,OK,8.78,0,0
t0064,train-job-001,comm-0,19,gpu-node-04,3,OK,11.56,0,0
t0064,train-job-001,comm-0,20,gpu-node-05,0,OK,14.59,0,0
t0064,train-job-001,comm-0,21,gpu-node-05,1,OK,13.07,0,0
t0064,train-job-001,comm-0,22,gpu-node-05,2,OK,12.32,0,0
t0064,train-job-001,comm-0,23,gpu-node-05,3,OK,14.83,0,0
t0064,train-job-001,comm-0,24,gpu-node-06,0,OK,11.73,0,0
t0064,train-job-001,comm-0,25,gpu-node-06,1,OK,13.76,0,0
t0064,train-job-001,comm-0,26,gpu-node-06,2,OK,14.16,0,0
t0064,train-job-001,comm-0,27,gpu-node-06,3,OK,11.55,0,0
t0064,train-job-001,comm-0,28,gpu-node-07,0,OK,10.7,0,0
t0064,train-job-001,comm-0,29,gpu-node-07,1,OK,14.66,0,0
t0064,train-job-001,comm-0,30,gpu-node-07,2,OK,13.05,0,0
t0064,train-job-001,comm-0,31,gpu-node-07,3,OK,11.54,0,0
t0064,train-job-001,comm-0,32,gpu-node-08,0,OK,14.85,0,0
t0064,train-job-001,comm-0,33,gpu-node-08,1,OK,12.45,0,0
t0064,train-job-001,comm-0,34,gpu-node-08,2,OK,11.03,0,0
t0064,train-job-001,comm-0,35,gpu-node-08,3,OK,7.88,0,0
t0064,train-job-001,comm-0,36,gpu-node-09,0,OK,10.6,0,0
t0064,train-job-001,comm-0,37,gpu-node-09,1,OK,9.55,0,0
t0064,train-job-001,comm-0,38,gpu-node-09,2,OK,12.09,0,0
t0064,train-job-001,comm-0,39,gpu-node-09,3,OK,10.05,0,0
t0064,train-job-001,comm-0,40,gpu-node-10,0,OK,12.99,0,0
t0064,train-job-001,comm-0,41,gpu-node-10,1,OK,12.22,0,0
t0064,train-job-001,comm-0,42,gpu-node-10,2,OK,11.62,0,0
t0064,train-job-001,comm-0,43,gpu-node-10,3,OK,13.52,0,0
t0064,train-job-001,comm-0,44,gpu-node-11,0,OK,10.8,0,0
t0064,train-job-001,comm-0,45,gpu-node-11,1,OK,10.34,0,0
t0064,train-job-001,comm-0,46,gpu-node-11,2,OK,13.2,0,0
t0064,train-job-001,comm-0,47,gpu-node-11,3,OK,9.36,0,0
t0065,train-job-001,comm-0,0,gpu-node-00,0,OK,11.9,0,0
t0065,train-job-001,comm-0,1,gpu-node-00,1,OK,15.72,0,0
t0065,train-job-001,comm-0,2,gpu-node-00,2,OK,9.74,0,0
t0065,train-job-001,comm-0,3,gpu-node-00,3,OK,12.21,0,0
t0065,train-job-001,comm-0,4,gpu-node-01,0,OK,10.22,0,0
t0065,train-job-001,comm-0,5,gpu-node-01,1,OK,9.48,0,0
t0065,train-job-001,comm-0,6,gpu-node-01,2,OK,11.72,0,0
t0065,train-job-001,comm-0,7,gpu-node-01,3,OK,8.4,0,0
t0065,train-job-001,comm-0,8,gpu-node-02,0,OK,12.26,0,0
t0065,train-job-001,comm-0,9,gpu-node-02,1,OK,15.46,0,0
t0065,train-job-001,comm-0,10,gpu-node-02,2,OK,13.23,0,0
t0065,train-job-001,comm-0,11,gpu-node-02,3,OK,9.99,0,0
t0065,train-job-001,comm-0,12,gpu-node-03,0,OK,14.13,0,0
t0065,train-job-001,comm-0,13,gpu-node-03,1,OK,11.9,0,0
t0065,train-job-001,comm-0,14,gpu-node-03,2,OK,11.69,0,0
t0065,train-job-001,comm-0,15,gpu-node-03,3,OK,11.45,0,0
t0065,train-job-001,comm-0,16,gpu-node-04,0,OK,8.95,0,0
t0065,train-job-001,comm-0,17,gpu-node-04,1,OK,15.53,0,0
t0065,train-job-001,comm-0,18,gpu-node-04,2,OK,10.69,0,0
t0065,train-job-001,comm-0,19,gpu-node-04,3,OK,12.97,0,0
t0065,train-job-001,comm-0,20,gpu-node-05,0,OK,11.38,0,0
t0065,train-job-001,comm-0,21,gpu-node-05,1,OK,12.47,0,0
t0065,train-job-001,comm-0,22,gpu-node-05,2,OK,10.17,0,0
t0065,train-job-001,comm-0,23,gpu-node-05,3,OK,12.51,0,0
t0065,train-job-001,comm-0,24,gpu-node-06,0,OK,12.3,0,0
t0065,train-job-001,comm-0,25,gpu-node-06,1,OK,9.52,0,0
t0065,train-job-001,comm-0,26,gpu-node-06,2,OK,13.65,0,0
t0065,train-job-001,comm-0,27,gpu-node-06,3,OK,11.65,0,0
t0065,train-job-001,comm-0,28,gpu-node-07,0,OK,8.35,0,0
t0065,train-job-001,comm-0,29,gpu-node-07,1,OK,11.32,0,0
t0065,train-job-001,comm-0,30,gpu-node-07,2,OK,13.44,0,0
t0065,train-job-001,comm-0,31,gpu-node-07,3,OK,10.28,0,0
t0065,train-job-001,comm-0,32,gpu-node-08,0,OK,13.9,0,0
t0065,train-job-001,comm-0,33,gpu-node-08,1,OK,15.34,0,0
t0065,train-job-001,comm-0,34,gpu-node-08,2,OK,11.77,0,0
t0065,train-job-001,comm-0,35,gpu-node-08,3,OK,12.52,0,0
t0065,train-job-001,comm-0,36,gpu-node-09,0,OK,10.39,0,0
t0065,train-job-001,comm-0,37,gpu-node-09,1,OK,13.93,0,0
t0065,train-job-001,comm-0,38,gpu-node-09,2,OK,12.35,0,0
t0065,train-job-001,comm-0,39,gpu-node-09,3,OK,7.84,0,0
t0065,train-job-001,comm-0,40,gpu-node-10,0,OK,10.19,0,0
t0065,train-job-001,comm-0,41,gpu-node-10,1,OK,12.86,0,0
t0065,train-job-001,comm-0,42,gpu-node-10,2,OK,10.53,0,0
t0065,train-job-001,comm-0,43,gpu-node-10,3,OK,11.75,0,0
t0065,train-job-001,comm-0,44,gpu-node-11,0,OK,7.66,0,0
t0065,train-job-001,comm-0,45,gpu-node-11,1,OK,9.21,0,0
t0065,train-job-001,comm-0,46,gpu-node-11,2,OK,9.97,0,0
t0065,train-job-001,comm-0,47,gpu-node-11,3,OK,12.09,0,0
t0066,train-job-001,comm-0,0,gpu-node-00,0,OK,9.22,0,0
t0066,train-job-001,comm-0,1,gpu-node-00,1,OK,8.25,0,0
t0066,train-job-001,comm-0,2,gpu-node-00,2,OK,9.18,0,0
t0066,train-job-001,comm-0,3,gpu-node-00,3,OK,11.19,0,0
t0066,train-job-001,comm-0,4,gpu-node-01,0,OK,11.29,0,0
t0066,train-job-001,comm-0,5,gpu-node-01,1,OK,15.73,0,0
t0066,train-job-001,comm-0,6,gpu-node-01,2,OK,11.2,0,0
t0066,train-job-001,comm-0,7,gpu-node-01,3,OK,9.42,0,0
t0066,train-job-001,comm-0,8,gpu-node-02,0,OK,9.62,0,0
t0066,train-job-001,comm-0,9,gpu-node-02,1,OK,15.33,0,0
t0066,train-job-001,comm-0,10,gpu-node-02,2,OK,13.94,0,0
t0066,train-job-001,comm-0,11,gpu-node-02,3,OK,12.18,0,0
t0066,train-job-001,comm-0,12,gpu-node-03,0,OK,12.19,0,0
t0066,train-job-001,comm-0,13,gpu-node-03,1,OK,9.54,0,0
t0066,train-job-001,comm-0,14,gpu-node-03,2,OK,12.31,0,0
t0066,train-job-001,comm-0,15,gpu-node-03,3,OK,12.21,0,0
t0066,train-job-001,comm-0,16,gpu-node-04,0,OK,11.48,0,0
t0066,train-job-001,comm-0,17,gpu-node-04,1,OK,11.63,0,0
t0066,train-job-001,comm-0,18,gpu-node-04,2,OK,12.18,0,0
t0066,train-job-001,comm-0,19,gpu-node-04,3,OK,10.44,0,0
t0066,train-job-001,comm-0,20,gpu-node-05,0,OK,11.19,0,0
t0066,train-job-001,comm-0,21,gpu-node-05,1,OK,11.87,0,0
t0066,train-job-001,comm-0,22,gpu-node-05,2,OK,11.68,0,0
t0066,train-job-001,comm-0,23,gpu-node-05,3,OK,13.84,0,0
t0066,train-job-001,comm-0,24,gpu-node-06,0,OK,15.38,0,0
t0066,train-job-001,comm-0,25,gpu-node-06,1,OK,9.03,0,0
t0066,train-job-001,comm-0,26,gpu-node-06,2,OK,15.96,0,0
t0066,train-job-001,comm-0,27,gpu-node-06,3,OK,11.77,0,0
t0066,train-job-001,comm-0,28,gpu-node-07,0,OK,14.88,0,0
t0066,train-job-001,comm-0,29,gpu-node-07,1,OK,8.75,0,0
t0066,train-job-001,comm-0,30,gpu-node-07,2,OK,13.09,0,0
t0066,train-job-001,comm-0,31,gpu-node-07,3,OK,13.86,0,0
t0066,train-job-001,comm-0,32,gpu-node-08,0,OK,13.97,0,0
t0066,train-job-001,comm-0,33,gpu-node-08,1,OK,8.8,0,0
t0066,train-job-001,comm-0,34,gpu-node-08,2,OK,10.19,0,0
t0066,train-job-001,comm-0,35,gpu-node-08,3,OK,11.66,0,0
t0066,train-job-001,comm-0,36,gpu-node-09,0,OK,12.41,0,0
t0066,train-job-001,comm-0,37,gpu-node-09,1,OK,15.02,0,0
t0066,train-job-001,comm-0,38,gpu-node-09,2,OK,11.73,0,0
t0066,train-job-001,comm-0,39,gpu-node-09,3,OK,11.55,0,0
t0066,train-job-001,comm-0,40,gpu-node-10,0,OK,8.46,0,0
t0066,train-job-001,comm-0,41,gpu-node-10,1,OK,12.9,0,0
t0066,train-job-001,comm-0,42,gpu-node-10,2,OK,12.05,0,0
t0066,train-job-001,comm-0,43,gpu-node-10,3,OK,7.56,0,0
t0066,train-job-001,comm-0,44,gpu-node-11,0,OK,14.49,0,0
t0066,train-job-001,comm-0,45,gpu-node-11,1,OK,14.35,0,0
t0066,train-job-001,comm-0,46,gpu-node-11,2,OK,11.31,0,0
t0066,train-job-001,comm-0,47,gpu-node-11,3,OK,11.98,0,0
t0067,train-job-001,comm-0,0,gpu-node-00,0,OK,9.12,0,0
t0067,train-job-001,comm-0,1,gpu-node-00,1,OK,15.23,0,0
t0067,train-job-001,comm-0,2,gpu-node-00,2,OK,9.72,0,0
t0067,train-job-001,comm-0,3,gpu-node-00,3,OK,14.09,0,0
t0067,train-job-001,comm-0,4,gpu-node-01,0,OK,14.33,0,0
t0067,train-job-001,comm-0,5,gpu-node-01,1,OK,11.37,0,0
t0067,train-job-001,comm-0,6,gpu-node-01,2,OK,13.28,0,0
t0067,train-job-001,comm-0,7,gpu-node-01,3,OK,10.91,0,0
t0067,train-job-001,comm-0,8,gpu-node-02,0,OK,13.52,0,0
t0067,train-job-001,comm-0,9,gpu-node-02,1,OK,10.38,0,0
t0067,train-job-001,comm-0,10,gpu-node-02,2,OK,12.13,0,0
t0067,train-job-001,comm-0,11,gpu-node-02,3,OK,9.95,0,0
t0067,train-job-001,comm-0,12,gpu-node-03,0,OK,10.17,0,0
t0067,train-job-001,comm-0,13,gpu-node-03,1,OK,11.69,0,0
t0067,train-job-001,comm-0,14,gpu-node-03,2,OK,10.38,0,0
t0067,train-job-001,comm-0,15,gpu-node-03,3,OK,9.25,0,0
t0067,train-job-001,comm-0,16,gpu-node-04,0,OK,13.79,0,0
t0067,train-job-001,comm-0,17,gpu-node-04,1,OK,14.14,0,0
t0067,train-job-001,comm-0,18,gpu-node-04,2,OK,12.39,0,0
t0067,train-job-001,comm-0,19,gpu-node-04,3,OK,9.74,0,0
t0067,train-job-001,comm-0,20,gpu-node-05,0,OK,11.79,0,0
t0067,train-job-001,comm-0,21,gpu-node-05,1,OK,9.07,0,0
t0067,train-job-001,comm-0,22,gpu-node-05,2,OK,14.18,0,0
t0067,train-job-001,comm-0,23,gpu-node-05,3,OK,10.55,0,0
t0067,train-job-001,comm-0,24,gpu-node-06,0,OK,10.59,0,0
t0067,train-job-001,comm-0,25,gpu-node-06,1,OK,13.13,0,0
t0067,train-job-001,comm-0,26,gpu-node-06,2,OK,13.19,0,0
t0067,train-job-001,comm-0,27,gpu-node-06,3,OK,15.99,0,0
t0067,train-job-001,comm-0,28,gpu-node-07,0,OK,14.37,0,0
t0067,train-job-001,comm-0,29,gpu-node-07,1,OK,10.07,0,0
t0067,train-job-001,comm-0,30,gpu-node-07,2,OK,14.12,0,0
t0067,train-job-001,comm-0,31,gpu-node-07,3,OK,12.29,0,0
t0067,train-job-001,comm-0,32,gpu-node-08,0,OK,12.14,0,0
t0067,train-job-001,comm-0,33,gpu-node-08,1,OK,9.1,0,0
t0067,train-job-001,comm-0,34,gpu-node-08,2,OK,13.02,0,0
t0067,train-job-001,comm-0,35,gpu-node-08,3,OK,12.97,0,0
t0067,train-job-001,comm-0,36,gpu-node-09,0,OK,10.63,0,0
t0067,train-job-001,comm-0,37,gpu-node-09,1,OK,11.98,0,0
t0067,train-job-001,comm-0,38,gpu-node-09,2,OK,13.35,0,0
t0067,train-job-001,comm-0,39,gpu-node-09,3,OK,11.96,0,0
t0067,train-job-001,comm-0,40,gpu-node-10,0,OK,8.44,0,0
t0067,train-job-001,comm-0,41,gpu-node-10,1,OK,14.2,0,0
t0067,train-job-001,comm-0,42,gpu-node-10,2,OK,11.03,0,0
t0067,train-job-001,comm-0,43,gpu-node-10,3,OK,11.86,0,0
t0067,train-job-001,comm-0,44,gpu-node-11,0,OK,11.7,0,0
t0067,train-job-001,comm-0,45,gpu-node-11,1,OK,16.79,0,0
t0067,train-job-001,comm-0,46,gpu-node-11,2,OK,11.29,0,0
t0067,train-job-001,comm-0,47,gpu-node-11,3,OK,14.94,0,0
t0068,train-job-001,comm-0,0,gpu-node-00,0,OK,9.44,0,0
t0068,train-job-001,comm-0,1,gpu-node-00,1,OK,11.03,0,0
t0068,train-job-001,comm-0,2,gpu-node-00,2,OK,12.36,0,0
t0068,train-job-001,comm-0,3,gpu-node-00,3,OK,9.44,0,0
t0068,train-job-001,comm-0,4,gpu-node-01,0,OK,9.73,0,0
t0068,train-job-001,comm-0,5,gpu-node-01,1,OK,11.04,0,0
t0068,train-job-001,comm-0,6,gpu-node-01,2,OK,11.7,0,0
t0068,train-job-001,comm-0,7,gpu-node-01,3,OK,9.7,0,0
t0068,train-job-001,comm-0,8,gpu-node-02,0,OK,12.79,0,0
t0068,train-job-001,comm-0,9,gpu-node-02,1,OK,11.25,0,0
t0068,train-job-001,comm-0,10,gpu-node-02,2,OK,12.18,0,0
t0068,train-job-001,comm-0,11,gpu-node-02,3,OK,12.61,0,0
t0068,train-job-001,comm-0,12,gpu-node-03,0,OK,15.28,0,0
t0068,train-job-001,comm-0,13,gpu-node-03,1,OK,12.6,0,0
t0068,train-job-001,comm-0,14,gpu-node-03,2,OK,15.01,0,0
t0068,train-job-001,comm-0,15,gpu-node-03,3,OK,15.4,0,0
t0068,train-job-001,comm-0,16,gpu-node-04,0,OK,11.5,0,0
t0068,train-job-001,comm-0,17,gpu-node-04,1,OK,13.54,0,0
t0068,train-job-001,comm-0,18,gpu-node-04,2,OK,13.4,0,0
t0068,train-job-001,comm-0,19,gpu-node-04,3,OK,11.02,0,0
t0068,train-job-001,comm-0,20,gpu-node-05,0,OK,12.79,0,0
t0068,train-job-001,comm-0,21,gpu-node-05,1,OK,15.4,0,0
t0068,train-job-001,comm-0,22,gpu-node-05,2,OK,8.61,0,0
t0068,train-job-001,comm-0,23,gpu-node-05,3,OK,11.56,0,0
t0068,train-job-001,comm-0,24,gpu-node-06,0,OK,10.62,0,0
t0068,train-job-001,comm-0,25,gpu-node-06,1,OK,12.22,0,0
t0068,train-job-001,comm-0,26,gpu-node-06,2,OK,13.67,0,0
t0068,train-job-001,comm-0,27,gpu-node-06,3,OK,11.79,0,0
t0068,train-job-001,comm-0,28,gpu-node-07,0,OK,14.63,0,0
t0068,train-job-001,comm-0,29,gpu-node-07,1,OK,13.6,0,0
t0068,train-job-001,comm-0,30,gpu-node-07,2,OK,13.69,0,0
t0068,train-job-001,comm-0,31,gpu-node-07,3,OK,11.45,0,0
t0068,train-job-001,comm-0,32,gpu-node-08,0,OK,11.04,0,0
t0068,train-job-001,comm-0,33,gpu-node-08,1,OK,11.05,0,0
t0068,train-job-001,comm-0,34,gpu-node-08,2,OK,11.34,0,0
t0068,train-job-001,comm-0,35,gpu-node-08,3,OK,10.84,0,0
t0068,train-job-001,comm-0,36,gpu-node-09,0,OK,9.96,0,0
t0068,train-job-001,comm-0,37,gpu-node-09,1,OK,13.12,0,0
t0068,train-job-001,comm-0,38,gpu-node-09,2,OK,11.17,0,0
t0068,train-job-001,comm-0,39,gpu-node-09,3,OK,8.14,0,0
t0068,train-job-001,comm-0,40,gpu-node-10,0,OK,16.55,0,0
t0068,train-job-001,comm-0,41,gpu-node-10,1,OK,16.41,0,0
t0068,train-job-001,comm-0,42,gpu-node-10,2,OK,11.32,0,0
t0068,train-job-001,comm-0,43,gpu-node-10,3,OK,12.41,0,0
t0068,train-job-001,comm-0,44,gpu-node-11,0,OK,12.39,0,0
t0068,train-job-001,comm-0,45,gpu-node-11,1,OK,11.95,0,0
t0068,train-job-001,comm-0,46,gpu-node-11,2,OK,12.13,0,0
t0068,train-job-001,comm-0,47,gpu-node-11,3,OK,13.37,0,0
t0069,train-job-001,comm-0,0,gpu-node-00,0,OK,11.68,0,0
t0069,train-job-001,comm-0,1,gpu-node-00,1,OK,11.51,0,0
t0069,train-job-001,comm-0,2,gpu-node-00,2,OK,11.68,0,0
t0069,train-job-001,comm-0,3,gpu-node-00,3,OK,12.46,0,0
t0069,train-job-001,comm-0,4,gpu-node-01,0,OK,14.01,0,0
t0069,train-job-001,comm-0,5,gpu-node-01,1,OK,13.53,0,0
t0069,train-job-001,comm-0,6,gpu-node-01,2,OK,11.12,0,0
t0069,train-job-001,comm-0,7,gpu-node-01,3,OK,11.49,0,0
t0069,train-job-001,comm-0,8,gpu-node-02,0,OK,12.6,0,0
t0069,train-job-001,comm-0,9,gpu-node-02,1,OK,12.59,0,0
t0069,train-job-001,comm-0,10,gpu-node-02,2,OK,13.34,0,0
t0069,train-job-001,comm-0,11,gpu-node-02,3,OK,12.07,0,0
t0069,train-job-001,comm-0,12,gpu-node-03,0,OK,11.57,0,0
t0069,train-job-001,comm-0,13,gpu-node-03,1,OK,9.87,0,0
t0069,train-job-001,comm-0,14,gpu-node-03,2,OK,8.38,0,0
t0069,train-job-001,comm-0,15,gpu-node-03,3,OK,12.9,0,0
t0069,train-job-001,comm-0,16,gpu-node-04,0,OK,15.71,0,0
t0069,train-job-001,comm-0,17,gpu-node-04,1,OK,14.69,0,0
t0069,train-job-001,comm-0,18,gpu-node-04,2,OK,11.25,0,0
t0069,train-job-001,comm-0,19,gpu-node-04,3,OK,12.16,0,0
t0069,train-job-001,comm-0,20,gpu-node-05,0,OK,11.64,0,0
t0069,train-job-001,comm-0,21,gpu-node-05,1,OK,13.52,0,0
t0069,train-job-001,comm-0,22,gpu-node-05,2,OK,14.47,0,0
t0069,train-job-001,comm-0,23,gpu-node-05,3,OK,15.24,0,0
t0069,train-job-001,comm-0,24,gpu-node-06,0,OK,13.14,0,0
t0069,train-job-001,comm-0,25,gpu-node-06,1,OK,13.71,0,0
t0069,train-job-001,comm-0,26,gpu-node-06,2,OK,13.54,0,0
t0069,train-job-001,comm-0,27,gpu-node-06,3,OK,12.57,0,0
t0069,train-job-001,comm-0,28,gpu-node-07,0,OK,11.16,0,0
t0069,train-job-001,comm-0,29,gpu-node-07,1,OK,11.87,0,0
t0069,train-job-001,comm-0,30,gpu-node-07,2,OK,9.11,0,0
t0069,train-job-001,comm-0,31,gpu-node-07,3,OK,9.44,0,0
t0069,train-job-001,comm-0,32,gpu-node-08,0,OK,10.44,0,0
t0069,train-job-001,comm-0,33,gpu-node-08,1,OK,10.08,0,0
t0069,train-job-001,comm-0,34,gpu-node-08,2,OK,13.27,0,0
t0069,train-job-001,comm-0,35,gpu-node-08,3,OK,11.91,0,0
t0069,train-job-001,comm-0,36,gpu-node-09,0,OK,14.38,0,0
t0069,train-job-001,comm-0,37,gpu-node-09,1,OK,14.94,0,0
t0069,train-job-001,comm-0,38,gpu-node-09,2,OK,13.04,0,0
t0069,train-job-001,comm-0,39,gpu-node-09,3,OK,9.39,0,0
t0069,train-job-001,comm-0,40,gpu-node-10,0,OK,12.39,0,0
t0069,train-job-001,comm-0,41,gpu-node-10,1,OK,9.61,0,0
t0069,train-job-001,comm-0,42,gpu-node-10,2,OK,14.35,0,0
t0069,train-job-001,comm-0,43,gpu-node-10,3,OK,15.94,0,0
t0069,train-job-001,comm-0,44,gpu-node-11,0,OK,13.05,0,0
t0069,train-job-001,comm-0,45,gpu-node-11,1,OK,9.42,0,0
t0069,train-job-001,comm-0,46,gpu-node-11,2,OK,13.49,0,0
t0069,train-job-001,comm-0,47,gpu-node-11,3,OK,9.68,0,0
t0070,train-job-001,comm-0,0,gpu-node-00,0,OK,12.68,0,0
t0070,train-job-001,comm-0,1,gpu-node-00,1,OK,13.72,0,0
t0070,train-job-001,comm-0,2,gpu-node-00,2,OK,13.04,0,0
t0070,train-job-001,comm-0,3,gpu-node-00,3,OK,13.83,0,0
t0070,train-job-001,comm-0,4,gpu-node-01,0,OK,11.24,0,0
t0070,train-job-001,comm-0,5,gpu-node-01,1,OK,11.37,0,0
t0070,train-job-001,comm-0,6,gpu-node-01,2,OK,12.64,0,0
t0070,train-job-001,comm-0,7,gpu-node-01,3,OK,11.59,0,0
t0070,train-job-001,comm-0,8,gpu-node-02,0,OK,13.53,0,0
t0070,train-job-001,comm-0,9,gpu-node-02,1,OK,10.84,0,0
t0070,train-job-001,comm-0,10,gpu-node-02,2,OK,12.92,0,0
t0070,train-job-001,comm-0,11,gpu-node-02,3,OK,16.02,0,0
t0070,train-job-001,comm-0,12,gpu-node-03,0,OK,5.55,0,0
t0070,train-job-001,comm-0,13,gpu-node-03,1,OK,12.51,0,0
t0070,train-job-001,comm-0,14,gpu-node-03,2,OK,10.49,0,0
t0070,train-job-001,comm-0,15,gpu-node-03,3,OK,13.98,0,0
t0070,train-job-001,comm-0,16,gpu-node-04,0,OK,14.14,0,0
t0070,train-job-001,comm-0,17,gpu-node-04,1,OK,13.25,0,0
t0070,train-job-001,comm-0,18,gpu-node-04,2,OK,12.36,0,0
t0070,train-job-001,comm-0,19,gpu-node-04,3,OK,8.25,0,0
t0070,train-job-001,comm-0,20,gpu-node-05,0,OK,12.62,0,0
t0070,train-job-001,comm-0,21,gpu-node-05,1,OK,12.21,0,0
t0070,train-job-001,comm-0,22,gpu-node-05,2,OK,16.05,0,0
t0070,train-job-001,comm-0,23,gpu-node-05,3,OK,9.7,0,0
t0070,train-job-001,comm-0,24,gpu-node-06,0,OK,12.31,0,0
t0070,train-job-001,comm-0,25,gpu-node-06,1,OK,12.38,0,0
t0070,train-job-001,comm-0,26,gpu-node-06,2,OK,11.8,0,0
t0070,train-job-001,comm-0,27,gpu-node-06,3,OK,12.07,0,0
t0070,train-job-001,comm-0,28,gpu-node-07,0,OK,11.32,0,0
t0070,train-job-001,comm-0,29,gpu-node-07,1,OK,11.32,0,0
t0070,train-job-001,comm-0,30,gpu-node-07,2,OK,11.45,0,0
t0070,train-job-001,comm-0,31,gpu-node-07,3,OK,13.35,0,0
t0070,train-job-001,comm-0,32,gpu-node-08,0,OK,10.83,0,0
t0070,train-job-001,comm-0,33,gpu-node-08,1,OK,11.07,0,0
t0070,train-job-001,comm-0,34,gpu-node-08,2,OK,11.92,0,0
t0070,train-job-001,comm-0,35,gpu-node-08,3,OK,12.74,0,0
t0070,train-job-001,comm-0,36,gpu-node-09,0,OK,10.99,0,0
t0070,train-job-001,comm-0,37,gpu-node-09,1,OK,12.97,0,0
t0070,train-job-001,comm-0,38,gpu-node-09,2,OK,10.39,0,0
t0070,train-job-001,comm-0,39,gpu-node-09,3,OK,12.65,0,0
t0070,train-job-001,comm-0,40,gpu-node-10,0,OK,13.78,0,0
t0070,train-job-001,comm-0,41,gpu-node-10,1,OK,8.05,0,0
t0070,train-job-001,comm-0,42,gpu-node-10,2,OK,14.28,0,0
t0070,train-job-001,comm-0,43,gpu-node-10,3,OK,11.12,0,0
t0070,train-job-001,comm-0,44,gpu-node-11,0,OK,10.82,0,0
t0070,train-job-001,comm-0,45,gpu-node-11,1,OK,7.45,0,0
t0070,train-job-001,comm-0,46,gpu-node-11,2,OK,11.26,0,0
t0070,train-job-001,comm-0,47,gpu-node-11,3,OK,9.52,0,0
t0071,train-job-001,comm-0,0,gpu-node-00,0,OK,12.18,0,0
t0071,train-job-001,comm-0,1,gpu-node-00,1,OK,13.31,0,0
t0071,train-job-001,comm-0,2,gpu-node-00,2,OK,12.41,0,0
t0071,train-job-001,comm-0,3,gpu-node-00,3,OK,9.58,0,0
t0071,train-job-001,comm-0,4,gpu-node-01,0,OK,8.95,0,0
t0071,train-job-001,comm-0,5,gpu-node-01,1,OK,14.43,0,0
t0071,train-job-001,comm-0,6,gpu-node-01,2,OK,13.9,0,0
t0071,train-job-001,comm-0,7,gpu-node-01,3,OK,9.39,0,0
t0071,train-job-001,comm-0,8,gpu-node-02,0,OK,11.22,0,0
t0071,train-job-001,comm-0,9,gpu-node-02,1,OK,12.78,0,0
t0071,train-job-001,comm-0,10,gpu-node-02,2,OK,8.12,0,0
t0071,train-job-001,comm-0,11,gpu-node-02,3,OK,11.82,0,0
t0071,train-job-001,comm-0,12,gpu-node-03,0,OK,12.97,0,0
t0071,train-job-001,comm-0,13,gpu-node-03,1,OK,13.56,0,0
t0071,train-job-001,comm-0,14,gpu-node-03,2,OK,10.96,0,0
t0071,train-job-001,comm-0,15,gpu-node-03,3,OK,9.9,0,0
t0071,train-job-001,comm-0,16,gpu-node-04,0,OK,13.37,0,0
t0071,train-job-001,comm-0,17,gpu-node-04,1,OK,11.27,0,0
t0071,train-job-001,comm-0,18,gpu-node-04,2,OK,13.48,0,0
t0071,train-job-001,comm-0,19,gpu-node-04,3,OK,10.37,0,0
t0071,train-job-001,comm-0,20,gpu-node-05,0,OK,12.41,0,0
t0071,train-job-001,comm-0,21,gpu-node-05,1,OK,12.57,0,0
t0071,train-job-001,comm-0,22,gpu-node-05,2,OK,10.37,0,0
t0071,train-job-001,comm-0,23,gpu-node-05,3,OK,10.77,0,0
t0071,train-job-001,comm-0,24,gpu-node-06,0,OK,10.75,0,0
t0071,train-job-001,comm-0,25,gpu-node-06,1,OK,10.65,0,0
t0071,train-job-001,comm-0,26,gpu-node-06,2,OK,11.8,0,0
t0071,train-job-001,comm-0,27,gpu-node-06,3,OK,11.31,0,0
t0071,train-job-001,comm-0,28,gpu-node-07,0,OK,10.01,0,0
t0071,train-job-001,comm-0,29,gpu-node-07,1,OK,9.52,0,0
t0071,train-job-001,comm-0,30,gpu-node-07,2,OK,6.53,0,0
t0071,train-job-001,comm-0,31,gpu-node-07,3,OK,13.32,0,0
t0071,train-job-001,comm-0,32,gpu-node-08,0,OK,14.83,0,0
t0071,train-job-001,comm-0,33,gpu-node-08,1,OK,14.53,0,0
t0071,train-job-001,comm-0,34,gpu-node-08,2,OK,12.99,0,0
t0071,train-job-001,comm-0,35,gpu-node-08,3,OK,12.0,0,0
t0071,train-job-001,comm-0,36,gpu-node-09,0,OK,11.03,0,0
t0071,train-job-001,comm-0,37,gpu-node-09,1,OK,12.69,0,0
t0071,train-job-001,comm-0,38,gpu-node-09,2,OK,9.04,0,0
t0071,train-job-001,comm-0,39,gpu-node-09,3,OK,12.39,0,0
t0071,train-job-001,comm-0,40,gpu-node-10,0,OK,7.73,0,0
t0071,train-job-001,comm-0,41,gpu-node-10,1,OK,11.17,0,0
t0071,train-job-001,comm-0,42,gpu-node-10,2,OK,14.62,0,0
t0071,train-job-001,comm-0,43,gpu-node-10,3,OK,11.89,0,0
t0071,train-job-001,comm-0,44,gpu-node-11,0,OK,11.25,0,0
t0071,train-job-001,comm-0,45,gpu-node-11,1,OK,14.25,0,0
t0071,train-job-001,comm-0,46,gpu-node-11,2,OK,12.05,0,0
t0071,train-job-001,comm-0,47,gpu-node-11,3,OK,10.25,0,0
t0072,train-job-001,comm-0,0,gpu-node-00,0,OK,14.57,0,0
t0072,train-job-001,comm-0,1,gpu-node-00,1,OK,13.24,0,0
t0072,train-job-001,comm-0,2,gpu-node-00,2,OK,10.41,0,0
t0072,train-job-001,comm-0,3,gpu-node-00,3,OK,14.06,0,0
t0072,train-job-001,comm-0,4,gpu-node-01,0,OK,13.24,0,0
t0072,train-job-001,comm-0,5,gpu-node-01,1,OK,11.41,0,0
t0072,train-job-001,comm-0,6,gpu-node-01,2,OK,10.99,0,0
t0072,train-job-001,comm-0,7,gpu-node-01,3,OK,10.6,0,0
t0072,train-job-001,comm-0,8,gpu-node-02,0,OK,12.21,0,0
t0072,train-job-001,comm-0,9,gpu-node-02,1,OK,10.63,0,0
t0072,train-job-001,comm-0,10,gpu-node-02,2,OK,11.28,0,0
t0072,train-job-001,comm-0,11,gpu-node-02,3,OK,12.43,0,0
t0072,train-job-001,comm-0,12,gpu-node-03,0,OK,10.43,0,0
t0072,train-job-001,comm-0,13,gpu-node-03,1,OK,11.68,0,0
t0072,train-job-001,comm-0,14,gpu-node-03,2,OK,12.33,0,0
t0072,train-job-001,comm-0,15,gpu-node-03,3,OK,10.33,0,0
t0072,train-job-001,comm-0,16,gpu-node-04,0,OK,11.91,0,0
t0072,train-job-001,comm-0,17,gpu-node-04,1,OK,11.53,0,0
t0072,train-job-001,comm-0,18,gpu-node-04,2,OK,12.65,0,0
t0072,train-job-001,comm-0,19,gpu-node-04,3,OK,10.98,0,0
t0072,train-job-001,comm-0,20,gpu-node-05,0,OK,6.93,0,0
t0072,train-job-001,comm-0,21,gpu-node-05,1,OK,11.75,0,0
t0072,train-job-001,comm-0,22,gpu-node-05,2,OK,13.3,0,0
t0072,train-job-001,comm-0,23,gpu-node-05,3,OK,13.32,0,0
t0072,train-job-001,comm-0,24,gpu-node-06,0,OK,9.93,0,0
t0072,train-job-001,comm-0,25,gpu-node-06,1,OK,9.44,0,0
t0072,train-job-001,comm-0,26,gpu-node-06,2,OK,12.32,0,0
t0072,train-job-001,comm-0,27,gpu-node-06,3,OK,11.36,0,0
t0072,train-job-001,comm-0,28,gpu-node-07,0,OK,9.4,0,0
t0072,train-job-001,comm-0,29,gpu-node-07,1,OK,11.96,0,0
t0072,train-job-001,comm-0,30,gpu-node-07,2,OK,13.24,0,0
t0072,train-job-001,comm-0,31,gpu-node-07,3,OK,10.8,0,0
t0072,train-job-001,comm-0,32,gpu-node-08,0,OK,12.91,0,0
t0072,train-job-001,comm-0,33,gpu-node-08,1,OK,9.65,0,0
t0072,train-job-001,comm-0,34,gpu-node-08,2,OK,10.49,0,0
t0072,train-job-001,comm-0,35,gpu-node-08,3,OK,12.97,0,0
t0072,train-job-001,comm-0,36,gpu-node-09,0,OK,15.05,0,0
t0072,train-job-001,comm-0,37,gpu-node-09,1,OK,11.77,0,0
t0072,train-job-001,comm-0,38,gpu-node-09,2,OK,7.42,0,0
t0072,train-job-001,comm-0,39,gpu-node-09,3,OK,15.54,0,0
t0072,train-job-001,comm-0,40,gpu-node-10,0,OK,13.12,0,0
t0072,train-job-001,comm-0,41,gpu-node-10,1,OK,10.39,0,0
t0072,train-job-001,comm-0,42,gpu-node-10,2,OK,12.06,0,0
t0072,train-job-001,comm-0,43,gpu-node-10,3,OK,13.09,0,0
t0072,train-job-001,comm-0,44,gpu-node-11,0,OK,12.57,0,0
t0072,train-job-001,comm-0,45,gpu-node-11,1,OK,9.93,0,0
t0072,train-job-001,comm-0,46,gpu-node-11,2,OK,9.59,0,0
t0072,train-job-001,comm-0,47,gpu-node-11,3,OK,8.76,0,0
t0073,train-job-001,comm-0,0,gpu-node-00,0,OK,11.33,0,0
t0073,train-job-001,comm-0,1,gpu-node-00,1,OK,9.79,0,0
t0073,train-job-001,comm-0,2,gpu-node-00,2,OK,15.18,0,0
t0073,train-job-001,comm-0,3,gpu-node-00,3,OK,11.9,0,0
t0073,train-job-001,comm-0,4,gpu-node-01,0,OK,13.44,0,0
t0073,train-job-001,comm-0,5,gpu-node-01,1,OK,11.58,0,0
t0073,train-job-001,comm-0,6,gpu-node-01,2,OK,9.71,0,0
t0073,train-job-001,comm-0,7,gpu-node-01,3,OK,11.4,0,0
t0073,train-job-001,comm-0,8,gpu-node-02,0,OK,14.22,0,0
t0073,train-job-001,comm-0,9,gpu-node-02,1,OK,9.31,0,0
t0073,train-job-001,comm-0,10,gpu-node-02,2,OK,10.4,0,0
t0073,train-job-001,comm-0,11,gpu-node-02,3,OK,12.31,0,0
t0073,train-job-001,comm-0,12,gpu-node-03,0,OK,8.64,0,0
t0073,train-job-001,comm-0,13,gpu-node-03,1,OK,11.01,0,0
t0073,train-job-001,comm-0,14,gpu-node-03,2,OK,8.98,0,0
t0073,train-job-001,comm-0,15,gpu-node-03,3,OK,11.41,0,0
t0073,train-job-001,comm-0,16,gpu-node-04,0,OK,12.82,0,0
t0073,train-job-001,comm-0,17,gpu-node-04,1,OK,13.74,0,0
t0073,train-job-001,comm-0,18,gpu-node-04,2,OK,11.54,0,0
t0073,train-job-001,comm-0,19,gpu-node-04,3,OK,14.06,0,0
t0073,train-job-001,comm-0,20,gpu-node-05,0,OK,9.82,0,0
t0073,train-job-001,comm-0,21,gpu-node-05,1,OK,13.39,0,0
t0073,train-job-001,comm-0,22,gpu-node-05,2,OK,10.08,0,0
t0073,train-job-001,comm-0,23,gpu-node-05,3,OK,13.11,0,0
t0073,train-job-001,comm-0,24,gpu-node-06,0,OK,15.6,0,0
t0073,train-job-001,comm-0,25,gpu-node-06,1,OK,11.77,0,0
t0073,train-job-001,comm-0,26,gpu-node-06,2,OK,14.47,0,0
t0073,train-job-001,comm-0,27,gpu-node-06,3,OK,12.55,0,0
t0073,train-job-001,comm-0,28,gpu-node-07,0,OK,10.41,0,0
t0073,train-job-001,comm-0,29,gpu-node-07,1,OK,13.09,0,0
t0073,train-job-001,comm-0,30,gpu-node-07,2,OK,12.52,0,0
t0073,train-job-001,comm-0,31,gpu-node-07,3,OK,10.39,0,0
t0073,train-job-001,comm-0,32,gpu-node-08,0,OK,16.18,0,0
t0073,train-job-001,comm-0,33,gpu-node-08,1,OK,15.48,0,0
t0073,train-job-001,comm-0,34,gpu-node-08,2,OK,13.91,0,0
t0073,train-job-001,comm-0,35,gpu-node-08,3,OK,11.83,0,0
t0073,train-job-001,comm-0,36,gpu-node-09,0,OK,11.39,0,0
t0073,train-job-001,comm-0,37,gpu-node-09,1,OK,10.9,0,0
t0073,train-job-001,comm-0,38,gpu-node-09,2,OK,10.81,0,0
t0073,train-job-001,comm-0,39,gpu-node-09,3,OK,14.4,0,0
t0073,train-job-001,comm-0,40,gpu-node-10,0,OK,13.96,0,0
t0073,train-job-001,comm-0,41,gpu-node-10,1,OK,9.04,0,0
t0073,train-job-001,comm-0,42,gpu-node-10,2,OK,15.33,0,0
t0073,train-job-001,comm-0,43,gpu-node-10,3,OK,12.6,0,0
t0073,train-job-001,comm-0,44,gpu-node-11,0,OK,13.58,0,0
t0073,train-job-001,comm-0,45,gpu-node-11,1,OK,11.76,0,0
t0073,train-job-001,comm-0,46,gpu-node-11,2,OK,11.41,0,0
t0073,train-job-001,comm-0,47,gpu-node-11,3,OK,10.82,0,0
t0074,train-job-001,comm-0,0,gpu-node-00,0,OK,12.64,0,0
t0074,train-job-001,comm-0,1,gpu-node-00,1,OK,13.85,0,0
t0074,train-job-001,comm-0,2,gpu-node-00,2,OK,14.6,0,0
t0074,train-job-001,comm-0,3,gpu-node-00,3,OK,11.88,0,0
t0074,train-job-001,comm-0,4,gpu-node-01,0,OK,15.93,0,0
t0074,train-job-001,comm-0,5,gpu-node-01,1,OK,11.59,0,0
t0074,train-job-001,comm-0,6,gpu-node-01,2,OK,14.71,0,0
t0074,train-job-001,comm-0,7,gpu-node-01,3,OK,11.72,0,0
t0074,train-job-001,comm-0,8,gpu-node-02,0,OK,14.61,0,0
t0074,train-job-001,comm-0,9,gpu-node-02,1,OK,13.31,0,0
t0074,train-job-001,comm-0,10,gpu-node-02,2,OK,12.91,0,0
t0074,train-job-001,comm-0,11,gpu-node-02,3,OK,11.01,0,0
t0074,train-job-001,comm-0,12,gpu-node-03,0,OK,11.91,0,0
t0074,train-job-001,comm-0,13,gpu-node-03,1,OK,12.46,0,0
t0074,train-job-001,comm-0,14,gpu-node-03,2,OK,13.38,0,0
t0074,train-job-001,comm-0,15,gpu-node-03,3,OK,11.25,0,0
t0074,train-job-001,comm-0,16,gpu-node-04,0,OK,14.87,0,0
t0074,train-job-001,comm-0,17,gpu-node-04,1,OK,10.66,0,0
t0074,train-job-001,comm-0,18,gpu-node-04,2,OK,13.66,0,0
t0074,train-job-001,comm-0,19,gpu-node-04,3,OK,11.61,0,0
t0074,train-job-001,comm-0,20,gpu-node-05,0,OK,11.57,0,0
t0074,train-job-001,comm-0,21,gpu-node-05,1,OK,10.02,0,0
t0074,train-job-001,comm-0,22,gpu-node-05,2,OK,14.63,0,0
t0074,train-job-001,comm-0,23,gpu-node-05,3,OK,9.8,0,0
t0074,train-job-001,comm-0,24,gpu-node-06,0,OK,12.03,0,0
t0074,train-job-001,comm-0,25,gpu-node-06,1,OK,14.78,0,0
t0074,train-job-001,comm-0,26,gpu-node-06,2,OK,12.49,0,0
t0074,train-job-001,comm-0,27,gpu-node-06,3,OK,11.01,0,0
t0074,train-job-001,comm-0,28,gpu-node-07,0,OK,12.53,0,0
t0074,train-job-001,comm-0,29,gpu-node-07,1,OK,11.48,0,0
t0074,train-job-001,comm-0,30,gpu-node-07,2,OK,11.11,0,0
t0074,train-job-001,comm-0,31,gpu-node-07,3,OK,12.53,0,0
t0074,train-job-001,comm-0,32,gpu-node-08,0,OK,11.04,0,0
t0074,train-job-001,comm-0,33,gpu-node-08,1,OK,12.31,0,0
t0074,train-job-001,comm-0,34,gpu-node-08,2,OK,13.13,0,0
t0074,train-job-001,comm-0,35,gpu-node-08,3,OK,8.34,0,0
t0074,train-job-001,comm-0,36,gpu-node-09,0,OK,13.14,0,0
t0074,train-job-001,comm-0,37,gpu-node-09,1,OK,10.73,0,0
t0074,train-job-001,comm-0,38,gpu-node-09,2,OK,9.05,0,0
t0074,train-job-001,comm-0,39,gpu-node-09,3,OK,13.38,0,0
t0074,train-job-001,comm-0,40,gpu-node-10,0,OK,10.54,0,0
t0074,train-job-001,comm-0,41,gpu-node-10,1,OK,13.14,0,0
t0074,train-job-001,comm-0,42,gpu-node-10,2,OK,13.27,0,0
t0074,train-job-001,comm-0,43,gpu-node-10,3,OK,14.77,0,0
t0074,train-job-001,comm-0,44,gpu-node-11,0,OK,14.08,0,0
t0074,train-job-001,comm-0,45,gpu-node-11,1,OK,15.64,0,0
t0074,train-job-001,comm-0,46,gpu-node-11,2,OK,9.51,0,0
t0074,train-job-001,comm-0,47,gpu-node-11,3,OK,12.03,0,0
t0075,train-job-001,comm-0,0,gpu-node-00,0,OK,9.73,0,0
t0075,train-job-001,comm-0,1,gpu-node-00,1,OK,11.41,0,0
t0075,train-job-001,comm-0,2,gpu-node-00,2,OK,9.2,0,0
t0075,train-job-001,comm-0,3,gpu-node-00,3,OK,12.93,0,0
t0075,train-job-001,comm-0,4,gpu-node-01,0,OK,12.22,0,0
t0075,train-job-001,comm-0,5,gpu-node-01,1,OK,12.68,0,0
t0075,train-job-001,comm-0,6,gpu-node-01,2,OK,13.83,0,0
t0075,train-job-001,comm-0,7,gpu-node-01,3,OK,10.91,0,0
t0075,train-job-001,comm-0,8,gpu-node-02,0,OK,13.45,0,0
t0075,train-job-001,comm-0,9,gpu-node-02,1,OK,15.12,0,0
t0075,train-job-001,comm-0,10,gpu-node-02,2,OK,9.81,0,0
t0075,train-job-001,comm-0,11,gpu-node-02,3,OK,12.85,0,0
t0075,train-job-001,comm-0,12,gpu-node-03,0,OK,16.03,0,0
t0075,train-job-001,comm-0,13,gpu-node-03,1,OK,9.8,0,0
t0075,train-job-001,comm-0,14,gpu-node-03,2,OK,11.67,0,0
t0075,train-job-001,comm-0,15,gpu-node-03,3,OK,10.17,0,0
t0075,train-job-001,comm-0,16,gpu-node-04,0,OK,14.59,0,0
t0075,train-job-001,comm-0,17,gpu-node-04,1,OK,11.84,0,0
t0075,train-job-001,comm-0,18,gpu-node-04,2,OK,12.55,0,0
t0075,train-job-001,comm-0,19,gpu-node-04,3,OK,12.22,0,0
t0075,train-job-001,comm-0,20,gpu-node-05,0,OK,12.07,0,0
t0075,train-job-001,comm-0,21,gpu-node-05,1,OK,10.02,0,0
t0075,train-job-001,comm-0,22,gpu-node-05,2,OK,10.26,0,0
t0075,train-job-001,comm-0,23,gpu-node-05,3,OK,10.85,0,0
t0075,train-job-001,comm-0,24,gpu-node-06,0,OK,11.03,0,0
t0075,train-job-001,comm-0,25,gpu-node-06,1,OK,15.84,0,0
t0075,train-job-001,comm-0,26,gpu-node-06,2,OK,13.52,0,0
t0075,train-job-001,comm-0,27,gpu-node-06,3,OK,14.06,0,0
t0075,train-job-001,comm-0,28,gpu-node-07,0,OK,12.85,0,0
t0075,train-job-001,comm-0,29,gpu-node-07,1,OK,13.7,0,0
t0075,train-job-001,comm-0,30,gpu-node-07,2,OK,12.99,0,0
t0075,train-job-001,comm-0,31,gpu-node-07,3,OK,8.62,0,0
t0075,train-job-001,comm-0,32,gpu-node-08,0,OK,13.1,0,0
t0075,train-job-001,comm-0,33,gpu-node-08,1,OK,11.41,0,0
t0075,train-job-001,comm-0,34,gpu-node-08,2,OK,10.59,0,0
t0075,train-job-001,comm-0,35,gpu-node-08,3,OK,12.26,0,0
t0075,train-job-001,comm-0,36,gpu-node-09,0,OK,8.67,0,0
t0075,train-job-001,comm-0,37,gpu-node-09,1,OK,9.91,0,0
t0075,train-job-001,comm-0,38,gpu-node-09,2,OK,14.83,0,0
t0075,train-job-001,comm-0,39,gpu-node-09,3,OK,12.21,0,0
t0075,train-job-001,comm-0,40,gpu-node-10,0,OK,16.95,0,0
t0075,train-job-001,comm-0,41,gpu-node-10,1,OK,10.7,0,0
t0075,train-job-001,comm-0,42,gpu-node-10,2,OK,5.99,0,0
t0075,train-job-001,comm-0,43,gpu-node-10,3,OK,11.43,0,0
t0075,train-job-001,comm-0,44,gpu-node-11,0,OK,13.05,0,0
t0075,train-job-001,comm-0,45,gpu-node-11,1,OK,8.58,0,0
t0075,train-job-001,comm-0,46,gpu-node-11,2,OK,15.01,0,0
t0075,train-job-001,comm-0,47,gpu-node-11,3,OK,10.9,0,0
t0076,train-job-001,comm-0,0,gpu-node-00,0,OK,13.11,0,0
t0076,train-job-001,comm-0,1,gpu-node-00,1,OK,11.65,0,0
t0076,train-job-001,comm-0,2,gpu-node-00,2,OK,13.0,0,0
t0076,train-job-001,comm-0,3,gpu-node-00,3,OK,8.38,0,0
t0076,train-job-001,comm-0,4,gpu-node-01,0,OK,11.56,0,0
t0076,train-job-001,comm-0,5,gpu-node-01,1,OK,12.24,0,0
t0076,train-job-001,comm-0,6,gpu-node-01,2,OK,10.65,0,0
t0076,train-job-001,comm-0,7,gpu-node-01,3,OK,13.89,0,0
t0076,train-job-001,comm-0,8,gpu-node-02,0,OK,10.64,0,0
t0076,train-job-001,comm-0,9,gpu-node-02,1,OK,9.39,0,0
t0076,train-job-001,comm-0,10,gpu-node-02,2,OK,13.43,0,0
t0076,train-job-001,comm-0,11,gpu-node-02,3,OK,10.11,0,0
t0076,train-job-001,comm-0,12,gpu-node-03,0,OK,13.53,0,0
t0076,train-job-001,comm-0,13,gpu-node-03,1,OK,10.59,0,0
t0076,train-job-001,comm-0,14,gpu-node-03,2,OK,10.21,0,0
t0076,train-job-001,comm-0,15,gpu-node-03,3,OK,12.35,0,0
t0076,train-job-001,comm-0,16,gpu-node-04,0,OK,12.58,0,0
t0076,train-job-001,comm-0,17,gpu-node-04,1,OK,13.71,0,0
t0076,train-job-001,comm-0,18,gpu-node-04,2,OK,10.84,0,0
t0076,train-job-001,comm-0,19,gpu-node-04,3,OK,15.57,0,0
t0076,train-job-001,comm-0,20,gpu-node-05,0,OK,11.08,0,0
t0076,train-job-001,comm-0,21,gpu-node-05,1,OK,11.33,0,0
t0076,train-job-001,comm-0,22,gpu-node-05,2,OK,11.46,0,0
t0076,train-job-001,comm-0,23,gpu-node-05,3,OK,12.17,0,0
t0076,train-job-001,comm-0,24,gpu-node-06,0,OK,11.29,0,0
t0076,train-job-001,comm-0,25,gpu-node-06,1,OK,6.76,0,0
t0076,train-job-001,comm-0,26,gpu-node-06,2,OK,17.23,0,0
t0076,train-job-001,comm-0,27,gpu-node-06,3,OK,10.57,0,0
t0076,train-job-001,comm-0,28,gpu-node-07,0,OK,9.83,0,0
t0076,train-job-001,comm-0,29,gpu-node-07,1,OK,8.47,0,0
t0076,train-job-001,comm-0,30,gpu-node-07,2,OK,11.01,0,0
t0076,train-job-001,comm-0,31,gpu-node-07,3,OK,13.4,0,0
t0076,train-job-001,comm-0,32,gpu-node-08,0,OK,11.95,0,0
t0076,train-job-001,comm-0,33,gpu-node-08,1,OK,12.66,0,0
t0076,train-job-001,comm-0,34,gpu-node-08,2,OK,12.2,0,0
t0076,train-job-001,comm-0,35,gpu-node-08,3,OK,12.81,0,0
t0076,train-job-001,comm-0,36,gpu-node-09,0,OK,13.21,0,0
t0076,train-job-001,comm-0,37,gpu-node-09,1,OK,9.18,0,0
t0076,train-job-001,comm-0,38,gpu-node-09,2,OK,13.95,0,0
t0076,train-job-001,comm-0,39,gpu-node-09,3,OK,12.38,0,0
t0076,train-job-001,comm-0,40,gpu-node-10,0,OK,9.78,0,0
t0076,train-job-001,comm-0,41,gpu-node-10,1,OK,7.85,0,0
t0076,train-job-001,comm-0,42,gpu-node-10,2,OK,14.6,0,0
t0076,train-job-001,comm-0,43,gpu-node-10,3,OK,12.45,0,0
t0076,train-job-001,comm-0,44,gpu-node-11,0,OK,10.85,0,0
t0076,train-job-001,comm-0,45,gpu-node-11,1,OK,12.49,0,0
t0076,train-job-001,comm-0,46,gpu-node-11,2,OK,11.87,0,0
t0076,train-job-001,comm-0,47,gpu-node-11,3,OK,11.88,0,0
t0077,train-job-001,comm-0,0,gpu-node-00,0,OK,11.69,0,0
t0077,train-job-001,comm-0,1,gpu-node-00,1,OK,11.83,0,0
t0077,train-job-001,comm-0,2,gpu-node-00,2,OK,12.51,0,0
t0077,train-job-001,comm-0,3,gpu-node-00,3,OK,11.49,0,0
t0077,train-job-001,comm-0,4,gpu-node-01,0,OK,12.46,0,0
t0077,train-job-001,comm-0,5,gpu-node-01,1,OK,12.93,0,0
t0077,train-job-001,comm-0,6,gpu-node-01,2,OK,12.43,0,0
t0077,train-job-001,comm-0,7,gpu-node-01,3,OK,14.18,0,0
t0077,train-job-001,comm-0,8,gpu-node-02,0,OK,8.35,0,0
t0077,train-job-001,comm-0,9,gpu-node-02,1,OK,10.92,0,0
t0077,train-job-001,comm-0,10,gpu-node-02,2,OK,13.32,0,0
t0077,train-job-001,comm-0,11,gpu-node-02,3,OK,12.43,0,0
t0077,train-job-001,comm-0,12,gpu-node-03,0,OK,12.4,0,0
t0077,train-job-001,comm-0,13,gpu-node-03,1,OK,16.99,0,0
t0077,train-job-001,comm-0,14,gpu-node-03,2,OK,13.85,0,0
t0077,train-job-001,comm-0,15,gpu-node-03,3,OK,12.1,0,0
t0077,train-job-001,comm-0,16,gpu-node-04,0,OK,13.45,0,0
t0077,train-job-001,comm-0,17,gpu-node-04,1,OK,9.25,0,0
t0077,train-job-001,comm-0,18,gpu-node-04,2,OK,18.54,0,0
t0077,train-job-001,comm-0,19,gpu-node-04,3,OK,15.75,0,0
t0077,train-job-001,comm-0,20,gpu-node-05,0,OK,13.1,0,0
t0077,train-job-001,comm-0,21,gpu-node-05,1,OK,11.14,0,0
t0077,train-job-001,comm-0,22,gpu-node-05,2,OK,12.22,0,0
t0077,train-job-001,comm-0,23,gpu-node-05,3,OK,12.46,0,0
t0077,train-job-001,comm-0,24,gpu-node-06,0,OK,14.47,0,0
t0077,train-job-001,comm-0,25,gpu-node-06,1,OK,14.15,0,0
t0077,train-job-001,comm-0,26,gpu-node-06,2,OK,8.54,0,0
t0077,train-job-001,comm-0,27,gpu-node-06,3,OK,12.33,0,0
t0077,train-job-001,comm-0,28,gpu-node-07,0,OK,11.19,0,0
t0077,train-job-001,comm-0,29,gpu-node-07,1,OK,8.52,0,0
t0077,train-job-001,comm-0,30,gpu-node-07,2,OK,12.19,0,0
t0077,train-job-001,comm-0,31,gpu-node-07,3,OK,15.34,0,0
t0077,train-job-001,comm-0,32,gpu-node-08,0,OK,13.21,0,0
t0077,train-job-001,comm-0,33,gpu-node-08,1,OK,12.55,0,0
t0077,train-job-001,comm-0,34,gpu-node-08,2,OK,13.14,0,0
t0077,train-job-001,comm-0,35,gpu-node-08,3,OK,15.43,0,0
t0077,train-job-001,comm-0,36,gpu-node-09,0,OK,9.51,0,0
t0077,train-job-001,comm-0,37,gpu-node-09,1,OK,12.34,0,0
t0077,train-job-001,comm-0,38,gpu-node-09,2,OK,10.03,0,0
t0077,train-job-001,comm-0,39,gpu-node-09,3,OK,13.78,0,0
t0077,train-job-001,comm-0,40,gpu-node-10,0,OK,11.88,0,0
t0077,train-job-001,comm-0,41,gpu-node-10,1,OK,12.74,0,0
t0077,train-job-001,comm-0,42,gpu-node-10,2,OK,11.08,0,0
t0077,train-job-001,comm-0,43,gpu-node-10,3,OK,14.64,0,0
t0077,train-job-001,comm-0,44,gpu-node-11,0,OK,13.32,0,0
t0077,train-job-001,comm-0,45,gpu-node-11,1,OK,12.85,0,0
t0077,train-job-001,comm-0,46,gpu-node-11,2,OK,14.34,0,0
t0077,train-job-001,comm-0,47,gpu-node-11,3,OK,12.28,0,0
t0078,train-job-001,comm-0,0,gpu-node-00,0,OK,9.76,0,0
t0078,train-job-001,comm-0,1,gpu-node-00,1,OK,15.31,0,0
t0078,train-job-001,comm-0,2,gpu-node-00,2,OK,12.67,0,0
t0078,train-job-001,comm-0,3,gpu-node-00,3,OK,10.1,0,0
t0078,train-job-001,comm-0,4,gpu-node-01,0,OK,11.99,0,0
t0078,train-job-001,comm-0,5,gpu-node-01,1,OK,10.76,0,0
t0078,train-job-001,comm-0,6,gpu-node-01,2,OK,9.75,0,0
t0078,train-job-001,comm-0,7,gpu-node-01,3,OK,12.92,0,0
t0078,train-job-001,comm-0,8,gpu-node-02,0,OK,13.38,0,0
t0078,train-job-001,comm-0,9,gpu-node-02,1,OK,11.1,0,0
t0078,train-job-001,comm-0,10,gpu-node-02,2,OK,10.77,0,0
t0078,train-job-001,comm-0,11,gpu-node-02,3,OK,9.28,0,0
t0078,train-job-001,comm-0,12,gpu-node-03,0,OK,13.0,0,0
t0078,train-job-001,comm-0,13,gpu-node-03,1,OK,11.38,0,0
t0078,train-job-001,comm-0,14,gpu-node-03,2,OK,10.25,0,0
t0078,train-job-001,comm-0,15,gpu-node-03,3,OK,12.32,0,0
t0078,train-job-001,comm-0,16,gpu-node-04,0,OK,10.82,0,0
t0078,train-job-001,comm-0,17,gpu-node-04,1,OK,10.5,0,0
t0078,train-job-001,comm-0,18,gpu-node-04,2,OK,10.99,0,0
t0078,train-job-001,comm-0,19,gpu-node-04,3,OK,12.25,0,0
t0078,train-job-001,comm-0,20,gpu-node-05,0,OK,11.85,0,0
t0078,train-job-001,comm-0,21,gpu-node-05,1,OK,11.68,0,0
t0078,train-job-001,comm-0,22,gpu-node-05,2,OK,13.15,0,0
t0078,train-job-001,comm-0,23,gpu-node-05,3,OK,11.72,0,0
t0078,train-job-001,comm-0,24,gpu-node-06,0,OK,17.07,0,0
t0078,train-job-001,comm-0,25,gpu-node-06,1,OK,10.11,0,0
t0078,train-job-001,comm-0,26,gpu-node-06,2,OK,10.92,0,0
t0078,train-job-001,comm-0,27,gpu-node-06,3,OK,11.7,0,0
t0078,train-job-001,comm-0,28,gpu-node-07,0,OK,11.8,0,0
t0078,train-job-001,comm-0,29,gpu-node-07,1,OK,11.58,0,0
t0078,train-job-001,comm-0,30,gpu-node-07,2,OK,13.18,0,0
t0078,train-job-001,comm-0,31,gpu-node-07,3,OK,13.81,0,0
t0078,train-job-001,comm-0,32,gpu-node-08,0,OK,11.75,0,0
t0078,train-job-001,comm-0,33,gpu-node-08,1,OK,7.48,0,0
t0078,train-job-001,comm-0,34,gpu-node-08,2,OK,14.05,0,0
t0078,train-job-001,comm-0,35,gpu-node-08,3,OK,15.14,0,0
t0078,train-job-001,comm-0,36,gpu-node-09,0,OK,11.4,0,0
t0078,train-job-001,comm-0,37,gpu-node-09,1,OK,16.23,0,0
t0078,train-job-001,comm-0,38,gpu-node-09,2,OK,11.15,0,0
t0078,train-job-001,comm-0,39,gpu-node-09,3,OK,15.07,0,0
t0078,train-job-001,comm-0,40,gpu-node-10,0,OK,11.35,0,0
t0078,train-job-001,comm-0,41,gpu-node-10,1,OK,11.09,0,0
t0078,train-job-001,comm-0,42,gpu-node-10,2,OK,10.91,0,0
t0078,train-job-001,comm-0,43,gpu-node-10,3,OK,10.22,0,0
t0078,train-job-001,comm-0,44,gpu-node-11,0,OK,14.5,0,0
t0078,train-job-001,comm-0,45,gpu-node-11,1,OK,10.09,0,0
t0078,train-job-001,comm-0,46,gpu-node-11,2,OK,13.19,0,0
t0078,train-job-001,comm-0,47,gpu-node-11,3,OK,9.54,0,0
t0079,train-job-001,comm-0,0,gpu-node-00,0,OK,10.42,0,0
t0079,train-job-001,comm-0,1,gpu-node-00,1,OK,9.5,0,0
t0079,train-job-001,comm-0,2,gpu-node-00,2,OK,14.14,0,0
t0079,train-job-001,comm-0,3,gpu-node-00,3,OK,16.1,0,0
t0079,train-job-001,comm-0,4,gpu-node-01,0,OK,10.37,0,0
t0079,train-job-001,comm-0,5,gpu-node-01,1,OK,11.43,0,0
t0079,train-job-001,comm-0,6,gpu-node-01,2,OK,9.68,0,0
t0079,train-job-001,comm-0,7,gpu-node-01,3,OK,11.98,0,0
t0079,train-job-001,comm-0,8,gpu-node-02,0,OK,9.74,0,0
t0079,train-job-001,comm-0,9,gpu-node-02,1,OK,14.96,0,0
t0079,train-job-001,comm-0,10,gpu-node-02,2,OK,16.72,0,0
t0079,train-job-001,comm-0,11,gpu-node-02,3,OK,11.62,0,0
t0079,train-job-001,comm-0,12,gpu-node-03,0,OK,14.05,0,0
t0079,train-job-001,comm-0,13,gpu-node-03,1,OK,11.87,0,0
t0079,train-job-001,comm-0,14,gpu-node-03,2,OK,13.75,0,0
t0079,train-job-001,comm-0,15,gpu-node-03,3,OK,9.57,0,0
t0079,train-job-001,comm-0,16,gpu-node-04,0,OK,13.78,0,0
t0079,train-job-001,comm-0,17,gpu-node-04,1,OK,15.03,0,0
t0079,train-job-001,comm-0,18,gpu-node-04,2,OK,12.01,0,0
t0079,train-job-001,comm-0,19,gpu-node-04,3,OK,11.53,0,0
t0079,train-job-001,comm-0,20,gpu-node-05,0,OK,13.89,0,0
t0079,train-job-001,comm-0,21,gpu-node-05,1,OK,11.22,0,0
t0079,train-job-001,comm-0,22,gpu-node-05,2,OK,14.21,0,0
t0079,train-job-001,comm-0,23,gpu-node-05,3,OK,8.67,0,0
t0079,train-job-001,comm-0,24,gpu-node-06,0,OK,9.44,0,0
t0079,train-job-001,comm-0,25,gpu-node-06,1,OK,11.14,0,0
t0079,train-job-001,comm-0,26,gpu-node-06,2,OK,14.48,0,0
t0079,train-job-001,comm-0,27,gpu-node-06,3,OK,12.02,0,0
t0079,train-job-001,comm-0,28,gpu-node-07,0,OK,11.37,0,0
t0079,train-job-001,comm-0,29,gpu-node-07,1,OK,8.97,0,0
t0079,train-job-001,comm-0,30,gpu-node-07,2,OK,10.7,0,0
t0079,train-job-001,comm-0,31,gpu-node-07,3,OK,11.02,0,0
t0079,train-job-001,comm-0,32,gpu-node-08,0,OK,14.34,0,0
t0079,train-job-001,comm-0,33,gpu-node-08,1,OK,12.49,0,0
t0079,train-job-001,comm-0,34,gpu-node-08,2,OK,12.67,0,0
t0079,train-job-001,comm-0,35,gpu-node-08,3,OK,12.55,0,0
t0079,train-job-001,comm-0,36,gpu-node-09,0,OK,12.75,0,0
t0079,train-job-001,comm-0,37,gpu-node-09,1,OK,13.58,0,0
t0079,train-job-001,comm-0,38,gpu-node-09,2,OK,13.23,0,0
t0079,train-job-001,comm-0,39,gpu-node-09,3,OK,12.62,0,0
t0079,train-job-001,comm-0,40,gpu-node-10,0,OK,9.84,0,0
t0079,train-job-001,comm-0,41,gpu-node-10,1,OK,12.83,0,0
t0079,train-job-001,comm-0,42,gpu-node-10,2,OK,15.64,0,0
t0079,train-job-001,comm-0,43,gpu-node-10,3,OK,10.35,0,0
t0079,train-job-001,comm-0,44,gpu-node-11,0,OK,15.05,0,0
t0079,train-job-001,comm-0,45,gpu-node-11,1,OK,13.01,0,0
t0079,train-job-001,comm-0,46,gpu-node-11,2,OK,11.48,0,0
t0079,train-job-001,comm-0,47,gpu-node-11,3,OK,13.35,0,0
t0080,train-job-001,comm-0,0,gpu-node-00,0,OK,11.35,0,0
t0080,train-job-001,comm-0,1,gpu-node-00,1,OK,12.51,0,0
t0080,train-job-001,comm-0,2,gpu-node-00,2,OK,11.23,0,0
t0080,train-job-001,comm-0,3,gpu-node-00,3,OK,10.77,0,0
t0080,train-job-001,comm-0,4,gpu-node-01,0,OK,12.51,0,0
t0080,train-job-001,comm-0,5,gpu-node-01,1,OK,11.62,0,0
t0080,train-job-001,comm-0,6,gpu-node-01,2,OK,9.88,0,0
t0080,train-job-001,comm-0,7,gpu-node-01,3,OK,10.89,0,0
t0080,train-job-001,comm-0,8,gpu-node-02,0,OK,11.95,0,0
t0080,train-job-001,comm-0,9,gpu-node-02,1,OK,14.55,0,0
t0080,train-job-001,comm-0,10,gpu-node-02,2,OK,9.74,0,0
t0080,train-job-001,comm-0,11,gpu-node-02,3,OK,15.66,0,0
t0080,train-job-001,comm-0,12,gpu-node-03,0,OK,11.38,0,0
t0080,train-job-001,comm-0,13,gpu-node-03,1,OK,13.12,0,0
t0080,train-job-001,comm-0,14,gpu-node-03,2,OK,12.04,0,0
t0080,train-job-001,comm-0,15,gpu-node-03,3,OK,13.53,0,0
t0080,train-job-001,comm-0,16,gpu-node-04,0,OK,10.27,0,0
t0080,train-job-001,comm-0,17,gpu-node-04,1,OK,13.76,0,0
t0080,train-job-001,comm-0,18,gpu-node-04,2,OK,11.9,0,0
t0080,train-job-001,comm-0,19,gpu-node-04,3,OK,11.51,0,0
t0080,train-job-001,comm-0,20,gpu-node-05,0,OK,12.17,0,0
t0080,train-job-001,comm-0,21,gpu-node-05,1,OK,14.93,0,0
t0080,train-job-001,comm-0,22,gpu-node-05,2,OK,10.21,0,0
t0080,train-job-001,comm-0,23,gpu-node-05,3,OK,11.01,0,0
t0080,train-job-001,comm-0,24,gpu-node-06,0,OK,10.96,0,0
t0080,train-job-001,comm-0,25,gpu-node-06,1,OK,13.11,0,0
t0080,train-job-001,comm-0,26,gpu-node-06,2,OK,15.17,0,0
t0080,train-job-001,comm-0,27,gpu-node-06,3,OK,13.29,0,0
t0080,train-job-001,comm-0,28,gpu-node-07,0,OK,10.99,0,0
t0080,train-job-001,comm-0,29,gpu-node-07,1,OK,10.18,0,0
t0080,train-job-001,comm-0,30,gpu-node-07,2,OK,12.09,0,0
t0080,train-job-001,comm-0,31,gpu-node-07,3,OK,13.94,0,0
t0080,train-job-001,comm-0,32,gpu-node-08,0,OK,13.94,0,0
t0080,train-job-001,comm-0,33,gpu-node-08,1,OK,13.0,0,0
t0080,train-job-001,comm-0,34,gpu-node-08,2,OK,10.01,0,0
t0080,train-job-001,comm-0,35,gpu-node-08,3,OK,11.69,0,0
t0080,train-job-001,comm-0,36,gpu-node-09,0,OK,14.2,0,0
t0080,train-job-001,comm-0,37,gpu-node-09,1,OK,12.21,0,0
t0080,train-job-001,comm-0,38,gpu-node-09,2,OK,11.3,0,0
t0080,train-job-001,comm-0,39,gpu-node-09,3,OK,9.81,0,0
t0080,train-job-001,comm-0,40,gpu-node-10,0,OK,14.66,0,0
t0080,train-job-001,comm-0,41,gpu-node-10,1,OK,11.48,0,0
t0080,train-job-001,comm-0,42,gpu-node-10,2,OK,13.6,0,0
t0080,train-job-001,comm-0,43,gpu-node-10,3,OK,15.94,0,0
t0080,train-job-001,comm-0,44,gpu-node-11,0,OK,15.73,0,0
t0080,train-job-001,comm-0,45,gpu-node-11,1,OK,13.25,0,0
t0080,train-job-001,comm-0,46,gpu-node-11,2,OK,13.08,0,0
t0080,train-job-001,comm-0,47,gpu-node-11,3,OK,11.06,0,0
t0081,train-job-001,comm-0,0,gpu-node-00,0,OK,14.76,0,0
t0081,train-job-001,comm-0,1,gpu-node-00,1,OK,16.1,0,0
t0081,train-job-001,comm-0,2,gpu-node-00,2,OK,12.5,0,0
t0081,train-job-001,comm-0,3,gpu-node-00,3,OK,13.02,0,0
t0081,train-job-001,comm-0,4,gpu-node-01,0,OK,11.56,0,0
t0081,train-job-001,comm-0,5,gpu-node-01,1,OK,11.36,0,0
t0081,train-job-001,comm-0,6,gpu-node-01,2,OK,14.01,0,0
t0081,train-job-001,comm-0,7,gpu-node-01,3,OK,11.85,0,0
t0081,train-job-001,comm-0,8,gpu-node-02,0,OK,13.06,0,0
t0081,train-job-001,comm-0,9,gpu-node-02,1,OK,13.24,0,0
t0081,train-job-001,comm-0,10,gpu-node-02,2,OK,13.7,0,0
t0081,train-job-001,comm-0,11,gpu-node-02,3,OK,8.98,0,0
t0081,train-job-001,comm-0,12,gpu-node-03,0,OK,12.76,0,0
t0081,train-job-001,comm-0,13,gpu-node-03,1,OK,13.07,0,0
t0081,train-job-001,comm-0,14,gpu-node-03,2,OK,13.65,0,0
t0081,train-job-001,comm-0,15,gpu-node-03,3,OK,13.79,0,0
t0081,train-job-001,comm-0,16,gpu-node-04,0,OK,11.19,0,0
t0081,train-job-001,comm-0,17,gpu-node-04,1,OK,10.65,0,0
t0081,train-job-001,comm-0,18,gpu-node-04,2,OK,12.99,0,0
t0081,train-job-001,comm-0,19,gpu-node-04,3,OK,7.88,0,0
t0081,train-job-001,comm-0,20,gpu-node-05,0,OK,11.5,0,0
t0081,train-job-001,comm-0,21,gpu-node-05,1,OK,12.44,0,0
t0081,train-job-001,comm-0,22,gpu-node-05,2,OK,9.54,0,0
t0081,train-job-001,comm-0,23,gpu-node-05,3,OK,12.91,0,0
t0081,train-job-001,comm-0,24,gpu-node-06,0,OK,13.34,0,0
t0081,train-job-001,comm-0,25,gpu-node-06,1,OK,9.56,0,0
t0081,train-job-001,comm-0,26,gpu-node-06,2,OK,11.64,0,0
t0081,train-job-001,comm-0,27,gpu-node-06,3,OK,11.57,0,0
t0081,train-job-001,comm-0,28,gpu-node-07,0,OK,13.62,0,0
t0081,train-job-001,comm-0,29,gpu-node-07,1,OK,15.07,0,0
t0081,train-job-001,comm-0,30,gpu-node-07,2,OK,11.96,0,0
t0081,train-job-001,comm-0,31,gpu-node-07,3,OK,11.61,0,0
t0081,train-job-001,comm-0,32,gpu-node-08,0,OK,11.06,0,0
t0081,train-job-001,comm-0,33,gpu-node-08,1,OK,12.76,0,0
t0081,train-job-001,comm-0,34,gpu-node-08,2,OK,10.97,0,0
t0081,train-job-001,comm-0,35,gpu-node-08,3,OK,14.65,0,0
t0081,train-job-001,comm-0,36,gpu-node-09,0,OK,15.33,0,0
t0081,train-job-001,comm-0,37,gpu-node-09,1,OK,10.78,0,0
t0081,train-job-001,comm-0,38,gpu-node-09,2,OK,8.85,0,0
t0081,train-job-001,comm-0,39,gpu-node-09,3,OK,11.7,0,0
t0081,train-job-001,comm-0,40,gpu-node-10,0,OK,10.27,0,0
t0081,train-job-001,comm-0,41,gpu-node-10,1,OK,13.37,0,0
t0081,train-job-001,comm-0,42,gpu-node-10,2,OK,5.37,0,0
t0081,train-job-001,comm-0,43,gpu-node-10,3,OK,14.59,0,0
t0081,train-job-001,comm-0,44,gpu-node-11,0,OK,10.37,0,0
t0081,train-job-001,comm-0,45,gpu-node-11,1,OK,11.95,0,0
t0081,train-job-001,comm-0,46,gpu-node-11,2,OK,13.29,0,0
t0081,train-job-001,comm-0,47,gpu-node-11,3,OK,12.35,0,0
t0082,train-job-001,comm-0,0,gpu-node-00,0,OK,17.53,0,0
t0082,train-job-001,comm-0,1,gpu-node-00,1,OK,12.48,0,0
t0082,train-job-001,comm-0,2,gpu-node-00,2,OK,9.92,0,0
t0082,train-job-001,comm-0,3,gpu-node-00,3,OK,10.27,0,0
t0082,train-job-001,comm-0,4,gpu-node-01,0,OK,13.27,0,0
t0082,train-job-001,comm-0,5,gpu-node-01,1,OK,11.83,0,0
t0082,train-job-001,comm-0,6,gpu-node-01,2,OK,12.69,0,0
t0082,train-job-001,comm-0,7,gpu-node-01,3,OK,12.75,0,0
t0082,train-job-001,comm-0,8,gpu-node-02,0,OK,11.42,0,0
t0082,train-job-001,comm-0,9,gpu-node-02,1,OK,10.99,0,0
t0082,train-job-001,comm-0,10,gpu-node-02,2,OK,14.91,0,0
t0082,train-job-001,comm-0,11,gpu-node-02,3,OK,12.9,0,0
t0082,train-job-001,comm-0,12,gpu-node-03,0,OK,12.09,0,0
t0082,train-job-001,comm-0,13,gpu-node-03,1,OK,11.41,0,0
t0082,train-job-001,comm-0,14,gpu-node-03,2,OK,9.29,0,0
t0082,train-job-001,comm-0,15,gpu-node-03,3,OK,14.83,0,0
t0082,train-job-001,comm-0,16,gpu-node-04,0,OK,13.75,0,0
t0082,train-job-001,comm-0,17,gpu-node-04,1,OK,13.43,0,0
t0082,train-job-001,comm-0,18,gpu-node-04,2,OK,11.43,0,0
t0082,train-job-001,comm-0,19,gpu-node-04,3,OK,18.07,0,0
t0082,train-job-001,comm-0,20,gpu-node-05,0,OK,12.84,0,0
t0082,train-job-001,comm-0,21,gpu-node-05,1,OK,11.42,0,0
t0082,train-job-001,comm-0,22,gpu-node-05,2,OK,11.58,0,0
t0082,train-job-001,comm-0,23,gpu-node-05,3,OK,8.64,0,0
t0082,train-job-001,comm-0,24,gpu-node-06,0,OK,9.68,0,0
t0082,train-job-001,comm-0,25,gpu-node-06,1,OK,12.12,0,0
t0082,train-job-001,comm-0,26,gpu-node-06,2,OK,12.28,0,0
t0082,train-job-001,comm-0,27,gpu-node-06,3,OK,13.16,0,0
t0082,train-job-001,comm-0,28,gpu-node-07,0,OK,10.97,0,0
t0082,train-job-001,comm-0,29,gpu-node-07,1,OK,11.51,0,0
t0082,train-job-001,comm-0,30,gpu-node-07,2,OK,12.04,0,0
t0082,train-job-001,comm-0,31,gpu-node-07,3,OK,14.05,0,0
t0082,train-job-001,comm-0,32,gpu-node-08,0,OK,12.92,0,0
t0082,train-job-001,comm-0,33,gpu-node-08,1,OK,12.28,0,0
t0082,train-job-001,comm-0,34,gpu-node-08,2,OK,13.08,0,0
t0082,train-job-001,comm-0,35,gpu-node-08,3,OK,10.91,0,0
t0082,train-job-001,comm-0,36,gpu-node-09,0,OK,9.72,0,0
t0082,train-job-001,comm-0,37,gpu-node-09,1,OK,9.53,0,0
t0082,train-job-001,comm-0,38,gpu-node-09,2,OK,14.83,0,0
t0082,train-job-001,comm-0,39,gpu-node-09,3,OK,11.11,0,0
t0082,train-job-001,comm-0,40,gpu-node-10,0,OK,6.72,0,0
t0082,train-job-001,comm-0,41,gpu-node-10,1,OK,10.63,0,0
t0082,train-job-001,comm-0,42,gpu-node-10,2,OK,10.13,0,0
t0082,train-job-001,comm-0,43,gpu-node-10,3,OK,13.33,0,0
t0082,train-job-001,comm-0,44,gpu-node-11,0,OK,9.86,0,0
t0082,train-job-001,comm-0,45,gpu-node-11,1,OK,10.19,0,0
t0082,train-job-001,comm-0,46,gpu-node-11,2,OK,12.73,0,0
t0082,train-job-001,comm-0,47,gpu-node-11,3,OK,10.31,0,0
t0083,train-job-001,comm-0,0,gpu-node-00,0,OK,11.49,0,0
t0083,train-job-001,comm-0,1,gpu-node-00,1,OK,12.28,0,0
t0083,train-job-001,comm-0,2,gpu-node-00,2,OK,7.25,0,0
t0083,train-job-001,comm-0,3,gpu-node-00,3,OK,13.72,0,0
t0083,train-job-001,comm-0,4,gpu-node-01,0,OK,14.85,0,0
t0083,train-job-001,comm-0,5,gpu-node-01,1,OK,11.37,0,0
t0083,train-job-001,comm-0,6,gpu-node-01,2,OK,11.33,0,0
t0083,train-job-001,comm-0,7,gpu-node-01,3,OK,11.14,0,0
t0083,train-job-001,comm-0,8,gpu-node-02,0,OK,13.69,0,0
t0083,train-job-001,comm-0,9,gpu-node-02,1,OK,10.8,0,0
t0083,train-job-001,comm-0,10,gpu-node-02,2,OK,13.59,0,0
t0083,train-job-001,comm-0,11,gpu-node-02,3,OK,11.41,0,0
t0083,train-job-001,comm-0,12,gpu-node-03,0,OK,16.75,0,0
t0083,train-job-001,comm-0,13,gpu-node-03,1,OK,14.31,0,0
t0083,train-job-001,comm-0,14,gpu-node-03,2,OK,10.35,0,0
t0083,train-job-001,comm-0,15,gpu-node-03,3,OK,12.1,0,0
t0083,train-job-001,comm-0,16,gpu-node-04,0,OK,13.03,0,0
t0083,train-job-001,comm-0,17,gpu-node-04,1,OK,11.01,0,0
t0083,train-job-001,comm-0,18,gpu-node-04,2,OK,10.62,0,0
t0083,train-job-001,comm-0,19,gpu-node-04,3,OK,10.92,0,0
t0083,train-job-001,comm-0,20,gpu-node-05,0,OK,14.37,0,0
t0083,train-job-001,comm-0,21,gpu-node-05,1,OK,11.58,0,0
t0083,train-job-001,comm-0,22,gpu-node-05,2,OK,11.56,0,0
t0083,train-job-001,comm-0,23,gpu-node-05,3,OK,10.32,0,0
t0083,train-job-001,comm-0,24,gpu-node-06,0,OK,7.76,0,0
t0083,train-job-001,comm-0,25,gpu-node-06,1,OK,12.54,0,0
t0083,train-job-001,comm-0,26,gpu-node-06,2,OK,12.12,0,0
t0083,train-job-001,comm-0,27,gpu-node-06,3,OK,10.88,0,0
t0083,train-job-001,comm-0,28,gpu-node-07,0,OK,12.49,0,0
t0083,train-job-001,comm-0,29,gpu-node-07,1,OK,12.26,0,0
t0083,train-job-001,comm-0,30,gpu-node-07,2,OK,11.07,0,0
t0083,train-job-001,comm-0,31,gpu-node-07,3,OK,12.76,0,0
t0083,train-job-001,comm-0,32,gpu-node-08,0,OK,10.72,0,0
t0083,train-job-001,comm-0,33,gpu-node-08,1,OK,10.12,0,0
t0083,train-job-001,comm-0,34,gpu-node-08,2,OK,15.82,0,0
t0083,train-job-001,comm-0,35,gpu-node-08,3,OK,13.79,0,0
t0083,train-job-001,comm-0,36,gpu-node-09,0,OK,12.69,0,0
t0083,train-job-001,comm-0,37,gpu-node-09,1,OK,9.15,0,0
t0083,train-job-001,comm-0,38,gpu-node-09,2,OK,10.54,0,0
t0083,train-job-001,comm-0,39,gpu-node-09,3,OK,15.0,0,0
t0083,train-job-001,comm-0,40,gpu-node-10,0,OK,11.8,0,0
t0083,train-job-001,comm-0,41,gpu-node-10,1,OK,10.5,0,0
t0083,train-job-001,comm-0,42,gpu-node-10,2,OK,9.6,0,0
t0083,train-job-001,comm-0,43,gpu-node-10,3,OK,13.98,0,0
t0083,train-job-001,comm-0,44,gpu-node-11,0,OK,8.54,0,0
t0083,train-job-001,comm-0,45,gpu-node-11,1,OK,13.2,0,0
t0083,train-job-001,comm-0,46,gpu-node-11,2,OK,11.88,0,0
t0083,train-job-001,comm-0,47,gpu-node-11,3,OK,14.64,0,0
t0084,train-job-001,comm-0,0,gpu-node-00,0,OK,9.19,0,0
t0084,train-job-001,comm-0,1,gpu-node-00,1,OK,16.65,0,0
t0084,train-job-001,comm-0,2,gpu-node-00,2,OK,11.59,0,0
t0084,train-job-001,comm-0,3,gpu-node-00,3,OK,10.63,0,0
t0084,train-job-001,comm-0,4,gpu-node-01,0,OK,11.52,0,0
t0084,train-job-001,comm-0,5,gpu-node-01,1,OK,12.11,0,0
t0084,train-job-001,comm-0,6,gpu-node-01,2,OK,8.98,0,0
t0084,train-job-001,comm-0,7,gpu-node-01,3,OK,14.84,0,0
t0084,train-job-001,comm-0,8,gpu-node-02,0,OK,13.4,0,0
t0084,train-job-001,comm-0,9,gpu-node-02,1,OK,10.3,0,0
t0084,train-job-001,comm-0,10,gpu-node-02,2,OK,13.01,0,0
t0084,train-job-001,comm-0,11,gpu-node-02,3,OK,9.08,0,0
t0084,train-job-001,comm-0,12,gpu-node-03,0,OK,12.97,0,0
t0084,train-job-001,comm-0,13,gpu-node-03,1,OK,10.64,0,0
t0084,train-job-001,comm-0,14,gpu-node-03,2,OK,13.84,0,0
t0084,train-job-001,comm-0,15,gpu-node-03,3,OK,15.24,0,0
t0084,train-job-001,comm-0,16,gpu-node-04,0,OK,7.32,0,0
t0084,train-job-001,comm-0,17,gpu-node-04,1,OK,10.9,0,0
t0084,train-job-001,comm-0,18,gpu-node-04,2,OK,8.51,0,0
t0084,train-job-001,comm-0,19,gpu-node-04,3,OK,12.48,0,0
t0084,train-job-001,comm-0,20,gpu-node-05,0,OK,11.06,0,0
t0084,train-job-001,comm-0,21,gpu-node-05,1,OK,12.46,0,0
t0084,train-job-001,comm-0,22,gpu-node-05,2,OK,13.7,0,0
t0084,train-job-001,comm-0,23,gpu-node-05,3,OK,12.85,0,0
t0084,train-job-001,comm-0,24,gpu-node-06,0,OK,11.87,0,0
t0084,train-job-001,comm-0,25,gpu-node-06,1,OK,12.29,0,0
t0084,train-job-001,comm-0,26,gpu-node-06,2,OK,12.44,0,0
t0084,train-job-001,comm-0,27,gpu-node-06,3,OK,14.51,0,0
t0084,train-job-001,comm-0,28,gpu-node-07,0,OK,9.81,0,0
t0084,train-job-001,comm-0,29,gpu-node-07,1,OK,9.47,0,0
t0084,train-job-001,comm-0,30,gpu-node-07,2,OK,11.59,0,0
t0084,train-job-001,comm-0,31,gpu-node-07,3,OK,13.0,0,0
t0084,train-job-001,comm-0,32,gpu-node-08,0,OK,11.76,0,0
t0084,train-job-001,comm-0,33,gpu-node-08,1,OK,13.06,0,0
t0084,train-job-001,comm-0,34,gpu-node-08,2,OK,12.43,0,0
t0084,train-job-001,comm-0,35,gpu-node-08,3,OK,11.91,0,0
t0084,train-job-001,comm-0,36,gpu-node-09,0,OK,12.85,0,0
t0084,train-job-001,comm-0,37,gpu-node-09,1,OK,11.21,0,0
t0084,train-job-001,comm-0,38,gpu-node-09,2,OK,14.6,0,0
t0084,train-job-001,comm-0,39,gpu-node-09,3,OK,13.95,0,0
t0084,train-job-001,comm-0,40,gpu-node-10,0,OK,11.68,0,0
t0084,train-job-001,comm-0,41,gpu-node-10,1,OK,12.51,0,0
t0084,train-job-001,comm-0,42,gpu-node-10,2,OK,12.2,0,0
t0084,train-job-001,comm-0,43,gpu-node-10,3,OK,10.36,0,0
t0084,train-job-001,comm-0,44,gpu-node-11,0,OK,8.96,0,0
t0084,train-job-001,comm-0,45,gpu-node-11,1,OK,8.94,0,0
t0084,train-job-001,comm-0,46,gpu-node-11,2,OK,12.41,0,0
t0084,train-job-001,comm-0,47,gpu-node-11,3,OK,15.0,0,0
t0085,train-job-001,comm-0,0,gpu-node-00,0,OK,10.52,0,0
t0085,train-job-001,comm-0,1,gpu-node-00,1,OK,11.71,0,0
t0085,train-job-001,comm-0,2,gpu-node-00,2,OK,9.99,0,0
t0085,train-job-001,comm-0,3,gpu-node-00,3,OK,11.7,0,0
t0085,train-job-001,comm-0,4,gpu-node-01,0,OK,7.42,0,0
t0085,train-job-001,comm-0,5,gpu-node-01,1,OK,11.08,0,0
t0085,train-job-001,comm-0,6,gpu-node-01,2,OK,14.37,0,0
t0085,train-job-001,comm-0,7,gpu-node-01,3,OK,7.85,0,0
t0085,train-job-001,comm-0,8,gpu-node-02,0,OK,13.3,0,0
t0085,train-job-001,comm-0,9,gpu-node-02,1,OK,13.86,0,0
t0085,train-job-001,comm-0,10,gpu-node-02,2,OK,9.71,0,0
t0085,train-job-001,comm-0,11,gpu-node-02,3,OK,10.17,0,0
t0085,train-job-001,comm-0,12,gpu-node-03,0,OK,15.24,0,0
t0085,train-job-001,comm-0,13,gpu-node-03,1,OK,13.97,0,0
t0085,train-job-001,comm-0,14,gpu-node-03,2,OK,13.64,0,0
t0085,train-job-001,comm-0,15,gpu-node-03,3,OK,15.3,0,0
t0085,train-job-001,comm-0,16,gpu-node-04,0,OK,15.49,0,0
t0085,train-job-001,comm-0,17,gpu-node-04,1,OK,11.73,0,0
t0085,train-job-001,comm-0,18,gpu-node-04,2,OK,10.4,0,0
t0085,train-job-001,comm-0,19,gpu-node-04,3,OK,11.39,0,0
t0085,train-job-001,comm-0,20,gpu-node-05,0,OK,12.54,0,0
t0085,train-job-001,comm-0,21,gpu-node-05,1,OK,12.16,0,0
t0085,train-job-001,comm-0,22,gpu-node-05,2,OK,9.96,0,0
t0085,train-job-001,comm-0,23,gpu-node-05,3,OK,9.95,0,0
t0085,train-job-001,comm-0,24,gpu-node-06,0,OK,10.54,0,0
t0085,train-job-001,comm-0,25,gpu-node-06,1,OK,8.78,0,0
t0085,train-job-001,comm-0,26,gpu-node-06,2,OK,14.29,0,0
t0085,train-job-001,comm-0,27,gpu-node-06,3,OK,10.15,0,0
t0085,train-job-001,comm-0,28,gpu-node-07,0,OK,12.08,0,0
t0085,train-job-001,comm-0,29,gpu-node-07,1,OK,11.32,0,0
t0085,train-job-001,comm-0,30,gpu-node-07,2,OK,12.9,0,0
t0085,train-job-001,comm-0,31,gpu-node-07,3,OK,13.8,0,0
t0085,train-job-001,comm-0,32,gpu-node-08,0,OK,13.9,0,0
t0085,train-job-001,comm-0,33,gpu-node-08,1,OK,11.33,0,0
t0085,train-job-001,comm-0,34,gpu-node-08,2,OK,10.76,0,0
t0085,train-job-001,comm-0,35,gpu-node-08,3,OK,11.84,0,0
t0085,train-job-001,comm-0,36,gpu-node-09,0,OK,12.99,0,0
t0085,train-job-001,comm-0,37,gpu-node-09,1,OK,13.87,0,0
t0085,train-job-001,comm-0,38,gpu-node-09,2,OK,12.08,0,0
t0085,train-job-001,comm-0,39,gpu-node-09,3,OK,15.73,0,0
t0085,train-job-001,comm-0,40,gpu-node-10,0,OK,11.04,0,0
t0085,train-job-001,comm-0,41,gpu-node-10,1,OK,12.35,0,0
t0085,train-job-001,comm-0,42,gpu-node-10,2,OK,11.12,0,0
t0085,train-job-001,comm-0,43,gpu-node-10,3,OK,14.29,0,0
t0085,train-job-001,comm-0,44,gpu-node-11,0,OK,11.62,0,0
t0085,train-job-001,comm-0,45,gpu-node-11,1,OK,11.2,0,0
t0085,train-job-001,comm-0,46,gpu-node-11,2,OK,11.07,0,0
t0085,train-job-001,comm-0,47,gpu-node-11,3,OK,10.79,0,0
t0086,train-job-001,comm-0,0,gpu-node-00,0,OK,13.68,0,0
t0086,train-job-001,comm-0,1,gpu-node-00,1,OK,15.25,0,0
t0086,train-job-001,comm-0,2,gpu-node-00,2,OK,10.77,0,0
t0086,train-job-001,comm-0,3,gpu-node-00,3,OK,12.32,0,0
t0086,train-job-001,comm-0,4,gpu-node-01,0,OK,11.42,0,0
t0086,train-job-001,comm-0,5,gpu-node-01,1,OK,12.37,0,0
t0086,train-job-001,comm-0,6,gpu-node-01,2,OK,8.82,0,0
t0086,train-job-001,comm-0,7,gpu-node-01,3,OK,10.06,0,0
t0086,train-job-001,comm-0,8,gpu-node-02,0,OK,10.12,0,0
t0086,train-job-001,comm-0,9,gpu-node-02,1,OK,10.91,0,0
t0086,train-job-001,comm-0,10,gpu-node-02,2,OK,13.5,0,0
t0086,train-job-001,comm-0,11,gpu-node-02,3,OK,12.82,0,0
t0086,train-job-001,comm-0,12,gpu-node-03,0,OK,9.84,0,0
t0086,train-job-001,comm-0,13,gpu-node-03,1,OK,9.01,0,0
t0086,train-job-001,comm-0,14,gpu-node-03,2,OK,13.32,0,0
t0086,train-job-001,comm-0,15,gpu-node-03,3,OK,9.52,0,0
t0086,train-job-001,comm-0,16,gpu-node-04,0,OK,13.99,0,0
t0086,train-job-001,comm-0,17,gpu-node-04,1,OK,12.74,0,0
t0086,train-job-001,comm-0,18,gpu-node-04,2,OK,8.84,0,0
t0086,train-job-001,comm-0,19,gpu-node-04,3,OK,10.25,0,0
t0086,train-job-001,comm-0,20,gpu-node-05,0,OK,11.29,0,0
t0086,train-job-001,comm-0,21,gpu-node-05,1,OK,9.78,0,0
t0086,train-job-001,comm-0,22,gpu-node-05,2,OK,13.94,0,0
t0086,train-job-001,comm-0,23,gpu-node-05,3,OK,11.93,0,0
t0086,train-job-001,comm-0,24,gpu-node-06,0,OK,13.16,0,0
t0086,train-job-001,comm-0,25,gpu-node-06,1,OK,11.17,0,0
t0086,train-job-001,comm-0,26,gpu-node-06,2,OK,14.37,0,0
t0086,train-job-001,comm-0,27,gpu-node-06,3,OK,11.14,0,0
t0086,train-job-001,comm-0,28,gpu-node-07,0,OK,13.56,0,0
t0086,train-job-001,comm-0,29,gpu-node-07,1,OK,12.35,0,0
t0086,train-job-001,comm-0,30,gpu-node-07,2,OK,11.85,0,0
t0086,train-job-001,comm-0,31,gpu-node-07,3,OK,10.61,0,0
t0086,train-job-001,comm-0,32,gpu-node-08,0,OK,14.77,0,0
t0086,train-job-001,comm-0,33,gpu-node-08,1,OK,14.24,0,0
t0086,train-job-001,comm-0,34,gpu-node-08,2,OK,11.46,0,0
t0086,train-job-001,comm-0,35,gpu-node-08,3,OK,11.5,0,0
t0086,train-job-001,comm-0,36,gpu-node-09,0,OK,14.53,0,0
t0086,train-job-001,comm-0,37,gpu-node-09,1,OK,11.61,0,0
t0086,train-job-001,comm-0,38,gpu-node-09,2,OK,10.88,0,0
t0086,train-job-001,comm-0,39,gpu-node-09,3,OK,12.91,0,0
t0086,train-job-001,comm-0,40,gpu-node-10,0,OK,5.96,0,0
t0086,train-job-001,comm-0,41,gpu-node-10,1,OK,8.34,0,0
t0086,train-job-001,comm-0,42,gpu-node-10,2,OK,11.67,0,0
t0086,train-job-001,comm-0,43,gpu-node-10,3,OK,13.98,0,0
t0086,train-job-001,comm-0,44,gpu-node-11,0,OK,12.75,0,0
t0086,train-job-001,comm-0,45,gpu-node-11,1,OK,10.92,0,0
t0086,train-job-001,comm-0,46,gpu-node-11,2,OK,12.7,0,0
t0086,train-job-001,comm-0,47,gpu-node-11,3,OK,11.55,0,0
t0087,train-job-001,comm-0,0,gpu-node-00,0,OK,12.78,0,0
t0087,train-job-001,comm-0,1,gpu-node-00,1,OK,10.67,0,0
t0087,train-job-001,comm-0,2,gpu-node-00,2,OK,13.15,0,0
t0087,train-job-001,comm-0,3,gpu-node-00,3,OK,12.18,0,0
t0087,train-job-001,comm-0,4,gpu-node-01,0,OK,12.1,0,0
t0087,train-job-001,comm-0,5,gpu-node-01,1,OK,9.24,0,0
t0087,train-job-001,comm-0,6,gpu-node-01,2,OK,12.32,0,0
t0087,train-job-001,comm-0,7,gpu-node-01,3,OK,9.87,0,0
t0087,train-job-001,comm-0,8,gpu-node-02,0,OK,15.59,0,0
t0087,train-job-001,comm-0,9,gpu-node-02,1,OK,15.61,0,0
t0087,train-job-001,comm-0,10,gpu-node-02,2,OK,11.73,0,0
t0087,train-job-001,comm-0,11,gpu-node-02,3,OK,9.78,0,0
t0087,train-job-001,comm-0,12,gpu-node-03,0,OK,11.43,0,0
t0087,train-job-001,comm-0,13,gpu-node-03,1,OK,12.04,0,0
t0087,train-job-001,comm-0,14,gpu-node-03,2,OK,10.17,0,0
t0087,train-job-001,comm-0,15,gpu-node-03,3,OK,10.79,0,0
t0087,train-job-001,comm-0,16,gpu-node-04,0,OK,14.01,0,0
t0087,train-job-001,comm-0,17,gpu-node-04,1,OK,12.81,0,0
t0087,train-job-001,comm-0,18,gpu-node-04,2,OK,12.58,0,0
t0087,train-job-001,comm-0,19,gpu-node-04,3,OK,11.48,0,0
t0087,train-job-001,comm-0,20,gpu-node-05,0,OK,12.86,0,0
t0087,train-job-001,comm-0,21,gpu-node-05,1,OK,17.76,0,0
t0087,train-job-001,comm-0,22,gpu-node-05,2,OK,14.97,0,0
t0087,train-job-001,comm-0,23,gpu-node-05,3,OK,11.87,0,0
t0087,train-job-001,comm-0,24,gpu-node-06,0,OK,10.06,0,0
t0087,train-job-001,comm-0,25,gpu-node-06,1,OK,13.64,0,0
t0087,train-job-001,comm-0,26,gpu-node-06,2,OK,11.08,0,0
t0087,train-job-001,comm-0,27,gpu-node-06,3,OK,13.36,0,0
t0087,train-job-001,comm-0,28,gpu-node-07,0,OK,15.06,0,0
t0087,train-job-001,comm-0,29,gpu-node-07,1,OK,12.13,0,0
t0087,train-job-001,comm-0,30,gpu-node-07,2,OK,11.95,0,0
t0087,train-job-001,comm-0,31,gpu-node-07,3,OK,13.21,0,0
t0087,train-job-001,comm-0,32,gpu-node-08,0,OK,9.63,0,0
t0087,train-job-001,comm-0,33,gpu-node-08,1,OK,11.44,0,0
t0087,train-job-001,comm-0,34,gpu-node-08,2,OK,5.83,0,0
t0087,train-job-001,comm-0,35,gpu-node-08,3,OK,10.45,0,0
t0087,train-job-001,comm-0,36,gpu-node-09,0,OK,10.5,0,0
t0087,train-job-001,comm-0,37,gpu-node-09,1,OK,11.05,0,0
t0087,train-job-001,comm-0,38,gpu-node-09,2,OK,10.9,0,0
t0087,train-job-001,comm-0,39,gpu-node-09,3,OK,6.37,0,0
t0087,train-job-001,comm-0,40,gpu-node-10,0,OK,13.27,0,0
t0087,train-job-001,comm-0,41,gpu-node-10,1,OK,11.5,0,0
t0087,train-job-001,comm-0,42,gpu-node-10,2,OK,14.14,0,0
t0087,train-job-001,comm-0,43,gpu-node-10,3,OK,10.01,0,0
t0087,train-job-001,comm-0,44,gpu-node-11,0,OK,11.46,0,0
t0087,train-job-001,comm-0,45,gpu-node-11,1,OK,10.11,0,0
t0087,train-job-001,comm-0,46,gpu-node-11,2,OK,11.33,0,0
t0087,train-job-001,comm-0,47,gpu-node-11,3,OK,10.88,0,0
t0088,train-job-001,comm-0,0,gpu-node-00,0,OK,10.82,0,0
t0088,train-job-001,comm-0,1,gpu-node-00,1,OK,10.73,0,0
t0088,train-job-001,comm-0,2,gpu-node-00,2,OK,14.2,0,0
t0088,train-job-001,comm-0,3,gpu-node-00,3,OK,12.55,0,0
t0088,train-job-001,comm-0,4,gpu-node-01,0,OK,12.32,0,0
t0088,train-job-001,comm-0,5,gpu-node-01,1,OK,13.12,0,0
t0088,train-job-001,comm-0,6,gpu-node-01,2,OK,14.3,0,0
t0088,train-job-001,comm-0,7,gpu-node-01,3,OK,10.36,0,0
t0088,train-job-001,comm-0,8,gpu-node-02,0,OK,10.76,0,0
t0088,train-job-001,comm-0,9,gpu-node-02,1,OK,12.19,0,0
t0088,train-job-001,comm-0,10,gpu-node-02,2,OK,11.97,0,0
t0088,train-job-001,comm-0,11,gpu-node-02,3,OK,13.47,0,0
t0088,train-job-001,comm-0,12,gpu-node-03,0,OK,7.88,0,0
t0088,train-job-001,comm-0,13,gpu-node-03,1,OK,12.26,0,0
t0088,train-job-001,comm-0,14,gpu-node-03,2,OK,14.49,0,0
t0088,train-job-001,comm-0,15,gpu-node-03,3,OK,10.13,0,0
t0088,train-job-001,comm-0,16,gpu-node-04,0,OK,13.46,0,0
t0088,train-job-001,comm-0,17,gpu-node-04,1,OK,10.95,0,0
t0088,train-job-001,comm-0,18,gpu-node-04,2,OK,8.95,0,0
t0088,train-job-001,comm-0,19,gpu-node-04,3,OK,9.33,0,0
t0088,train-job-001,comm-0,20,gpu-node-05,0,OK,13.59,0,0
t0088,train-job-001,comm-0,21,gpu-node-05,1,OK,12.71,0,0
t0088,train-job-001,comm-0,22,gpu-node-05,2,OK,11.45,0,0
t0088,train-job-001,comm-0,23,gpu-node-05,3,OK,13.24,0,0
t0088,train-job-001,comm-0,24,gpu-node-06,0,OK,12.41,0,0
t0088,train-job-001,comm-0,25,gpu-node-06,1,OK,11.84,0,0
t0088,train-job-001,comm-0,26,gpu-node-06,2,OK,12.7,0,0
t0088,train-job-001,comm-0,27,gpu-node-06,3,OK,14.17,0,0
t0088,train-job-001,comm-0,28,gpu-node-07,0,OK,8.87,0,0
t0088,train-job-001,comm-0,29,gpu-node-07,1,OK,11.04,0,0
t0088,train-job-001,comm-0,30,gpu-node-07,2,OK,9.75,0,0
t0088,train-job-001,comm-0,31,gpu-node-07,3,OK,10.44,0,0
t0088,train-job-001,comm-0,32,gpu-node-08,0,OK,12.31,0,0
t0088,train-job-001,comm-0,33,gpu-node-08,1,OK,11.51,0,0
t0088,train-job-001,comm-0,34,gpu-node-08,2,OK,10.29,0,0
t0088,train-job-001,comm-0,35,gpu-node-08,3,OK,11.04,0,0
t0088,train-job-001,comm-0,36,gpu-node-09,0,OK,13.42,0,0
t0088,train-job-001,comm-0,37,gpu-node-09,1,OK,9.06,0,0
t0088,train-job-001,comm-0,38,gpu-node-09,2,OK,8.43,0,0
t0088,train-job-001,comm-0,39,gpu-node-09,3,OK,11.03,0,0
t0088,train-job-001,comm-0,40,gpu-node-10,0,OK,12.16,0,0
t0088,train-job-001,comm-0,41,gpu-node-10,1,OK,10.01,0,0
t0088,train-job-001,comm-0,42,gpu-node-10,2,OK,11.04,0,0
t0088,train-job-001,comm-0,43,gpu-node-10,3,OK,13.94,0,0
t0088,train-job-001,comm-0,44,gpu-node-11,0,OK,11.16,0,0
t0088,train-job-001,comm-0,45,gpu-node-11,1,OK,13.65,0,0
t0088,train-job-001,comm-0,46,gpu-node-11,2,OK,10.98,0,0
t0088,train-job-001,comm-0,47,gpu-node-11,3,OK,9.01,0,0
t0089,train-job-001,comm-0,0,gpu-node-00,0,OK,8.72,0,0
t0089,train-job-001,comm-0,1,gpu-node-00,1,OK,12.16,0,0
t0089,train-job-001,comm-0,2,gpu-node-00,2,OK,15.0,0,0
t0089,train-job-001,comm-0,3,gpu-node-00,3,OK,13.31,0,0
t0089,train-job-001,comm-0,4,gpu-node-01,0,OK,15.35,0,0
t0089,train-job-001,comm-0,5,gpu-node-01,1,OK,13.56,0,0
t0089,train-job-001,comm-0,6,gpu-node-01,2,OK,15.2,0,0
t0089,train-job-001,comm-0,7,gpu-node-01,3,OK,9.34,0,0
t0089,train-job-001,comm-0,8,gpu-node-02,0,OK,14.28,0,0
t0089,train-job-001,comm-0,9,gpu-node-02,1,OK,10.94,0,0
t0089,train-job-001,comm-0,10,gpu-node-02,2,OK,15.4,0,0
t0089,train-job-001,comm-0,11,gpu-node-02,3,OK,14.98,0,0
t0089,train-job-001,comm-0,12,gpu-node-03,0,OK,10.75,0,0
t0089,train-job-001,comm-0,13,gpu-node-03,1,OK,11.66,0,0
t0089,train-job-001,comm-0,14,gpu-node-03,2,OK,13.67,0,0
t0089,train-job-001,comm-0,15,gpu-node-03,3,OK,11.06,0,0
t0089,train-job-001,comm-0,16,gpu-node-04,0,OK,16.45,0,0
t0089,train-job-001,comm-0,17,gpu-node-04,1,OK,13.41,0,0
t0089,train-job-001,comm-0,18,gpu-node-04,2,OK,10.7,0,0
t0089,train-job-001,comm-0,19,gpu-node-04,3,OK,11.62,0,0
t0089,train-job-001,comm-0,20,gpu-node-05,0,OK,13.23,0,0
t0089,train-job-001,comm-0,21,gpu-node-05,1,OK,10.4,0,0
t0089,train-job-001,comm-0,22,gpu-node-05,2,OK,10.65,0,0
t0089,train-job-001,comm-0,23,gpu-node-05,3,OK,13.11,0,0
t0089,train-job-001,comm-0,24,gpu-node-06,0,OK,6.65,0,0
t0089,train-job-001,comm-0,25,gpu-node-06,1,OK,12.17,0,0
t0089,train-job-001,comm-0,26,gpu-node-06,2,OK,10.61,0,0
t0089,train-job-001,comm-0,27,gpu-node-06,3,OK,11.97,0,0
t0089,train-job-001,comm-0,28,gpu-node-07,0,OK,14.11,0,0
t0089,train-job-001,comm-0,29,gpu-node-07,1,OK,11.41,0,0
t0089,train-job-001,comm-0,30,gpu-node-07,2,OK,12.98,0,0
t0089,train-job-001,comm-0,31,gpu-node-07,3,OK,10.03,0,0
t0089,train-job-001,comm-0,32,gpu-node-08,0,OK,9.81,0,0
t0089,train-job-001,comm-0,33,gpu-node-08,1,OK,12.14,0,0
t0089,train-job-001,comm-0,34,gpu-node-08,2,OK,10.58,0,0
t0089,train-job-001,comm-0,35,gpu-node-08,3,OK,9.06,0,0
t0089,train-job-001,comm-0,36,gpu-node-09,0,OK,14.29,0,0
t0089,train-job-001,comm-0,37,gpu-node-09,1,OK,12.05,0,0
t0089,train-job-001,comm-0,38,gpu-node-09,2,OK,14.25,0,0
t0089,train-job-001,comm-0,39,gpu-node-09,3,OK,11.46,0,0
t0089,train-job-001,comm-0,40,gpu-node-10,0,OK,12.98,0,0
t0089,train-job-001,comm-0,41,gpu-node-10,1,OK,11.04,0,0
t0089,train-job-001,comm-0,42,gpu-node-10,2,OK,13.04,0,0
t0089,train-job-001,comm-0,43,gpu-node-10,3,OK,13.17,0,0
t0089,train-job-001,comm-0,44,gpu-node-11,0,OK,11.02,0,0
t0089,train-job-001,comm-0,45,gpu-node-11,1,OK,14.03,0,0
t0089,train-job-001,comm-0,46,gpu-node-11,2,OK,11.52,0,0
t0089,train-job-001,comm-0,47,gpu-node-11,3,OK,11.98,0,0
t0090,train-job-001,comm-0,0,gpu-node-00,0,OK,12.45,0,0
t0090,train-job-001,comm-0,1,gpu-node-00,1,OK,12.15,0,0
t0090,train-job-001,comm-0,2,gpu-node-00,2,OK,11.36,0,0
t0090,train-job-001,comm-0,3,gpu-node-00,3,OK,11.24,0,0
t0090,train-job-001,comm-0,4,gpu-node-01,0,OK,10.74,0,0
t0090,train-job-001,comm-0,5,gpu-node-01,1,OK,12.1,0,0
t0090,train-job-001,comm-0,6,gpu-node-01,2,OK,11.1,0,0
t0090,train-job-001,comm-0,7,gpu-node-01,3,OK,13.48,0,0
t0090,train-job-001,comm-0,8,gpu-node-02,0,OK,14.91,0,0
t0090,train-job-001,comm-0,9,gpu-node-02,1,OK,11.68,0,0
t0090,train-job-001,comm-0,10,gpu-node-02,2,OK,12.22,0,0
t0090,train-job-001,comm-0,11,gpu-node-02,3,OK,15.05,0,0
t0090,train-job-001,comm-0,12,gpu-node-03,0,OK,14.94,0,0
t0090,train-job-001,comm-0,13,gpu-node-03,1,OK,13.02,0,0
t0090,train-job-001,comm-0,14,gpu-node-03,2,OK,12.31,0,0
t0090,train-job-001,comm-0,15,gpu-node-03,3,OK,9.25,0,0
t0090,train-job-001,comm-0,16,gpu-node-04,0,OK,9.67,0,0
t0090,train-job-001,comm-0,17,gpu-node-04,1,OK,9.31,0,0
t0090,train-job-001,comm-0,18,gpu-node-04,2,OK,13.61,0,0
t0090,train-job-001,comm-0,19,gpu-node-04,3,OK,12.79,0,0
t0090,train-job-001,comm-0,20,gpu-node-05,0,OK,9.34,0,0
t0090,train-job-001,comm-0,21,gpu-node-05,1,OK,14.17,0,0
t0090,train-job-001,comm-0,22,gpu-node-05,2,OK,12.17,0,0
t0090,train-job-001,comm-0,23,gpu-node-05,3,OK,10.32,0,0
t0090,train-job-001,comm-0,24,gpu-node-06,0,OK,13.04,0,0
t0090,train-job-001,comm-0,25,gpu-node-06,1,OK,9.15,0,0
t0090,train-job-001,comm-0,26,gpu-node-06,2,OK,10.29,0,0
t0090,train-job-001,comm-0,27,gpu-node-06,3,OK,12.64,0,0
t0090,train-job-001,comm-0,28,gpu-node-07,0,OK,13.13,0,0
t0090,train-job-001,comm-0,29,gpu-node-07,1,OK,14.08,0,0
t0090,train-job-001,comm-0,30,gpu-node-07,2,OK,9.54,0,0
t0090,train-job-001,comm-0,31,gpu-node-07,3,OK,12.22,0,0
t0090,train-job-001,comm-0,32,gpu-node-08,0,OK,12.57,0,0
t0090,train-job-001,comm-0,33,gpu-node-08,1,OK,7.43,0,0
t0090,train-job-001,comm-0,34,gpu-node-08,2,OK,11.66,0,0
t0090,train-job-001,comm-0,35,gpu-node-08,3,OK,10.24,0,0
t0090,train-job-001,comm-0,36,gpu-node-09,0,OK,11.58,0,0
t0090,train-job-001,comm-0,37,gpu-node-09,1,OK,12.25,0,0
t0090,train-job-001,comm-0,38,gpu-node-09,2,OK,10.51,0,0
t0090,train-job-001,comm-0,39,gpu-node-09,3,OK,10.48,0,0
t0090,train-job-001,comm-0,40,gpu-node-10,0,OK,9.87,0,0
t0090,train-job-001,comm-0,41,gpu-node-10,1,OK,13.58,0,0
t0090,train-job-001,comm-0,42,gpu-node-10,2,OK,13.47,0,0
t0090,train-job-001,comm-0,43,gpu-node-10,3,OK,12.14,0,0
t0090,train-job-001,comm-0,44,gpu-node-11,0,OK,10.4,0,0
t0090,train-job-001,comm-0,45,gpu-node-11,1,OK,10.27,0,0
t0090,train-job-001,comm-0,46,gpu-node-11,2,OK,12.53,0,0
t0090,train-job-001,comm-0,47,gpu-node-11,3,OK,11.14,0,0
t0091,train-job-001,comm-0,0,gpu-node-00,0,OK,15.5,0,0
t0091,train-job-001,comm-0,1,gpu-node-00,1,OK,11.14,0,0
t0091,train-job-001,comm-0,2,gpu-node-00,2,OK,14.07,0,0
t0091,train-job-001,comm-0,3,gpu-node-00,3,OK,13.07,0,0
t0091,train-job-001,comm-0,4,gpu-node-01,0,OK,11.33,0,0
t0091,train-job-001,comm-0,5,gpu-node-01,1,OK,12.87,0,0
t0091,train-job-001,comm-0,6,gpu-node-01,2,OK,13.92,0,0
t0091,train-job-001,comm-0,7,gpu-node-01,3,OK,11.0,0,0
t0091,train-job-001,comm-0,8,gpu-node-02,0,OK,13.52,0,0
t0091,train-job-001,comm-0,9,gpu-node-02,1,OK,12.67,0,0
t0091,train-job-001,comm-0,10,gpu-node-02,2,OK,10.75,0,0
t0091,train-job-001,comm-0,11,gpu-node-02,3,OK,13.42,0,0
t0091,train-job-001,comm-0,12,gpu-node-03,0,OK,13.36,0,0
t0091,train-job-001,comm-0,13,gpu-node-03,1,OK,12.94,0,0
t0091,train-job-001,comm-0,14,gpu-node-03,2,OK,8.99,0,0
t0091,train-job-001,comm-0,15,gpu-node-03,3,OK,12.67,0,0
t0091,train-job-001,comm-0,16,gpu-node-04,0,OK,11.95,0,0
t0091,train-job-001,comm-0,17,gpu-node-04,1,OK,12.0,0,0
t0091,train-job-001,comm-0,18,gpu-node-04,2,OK,12.13,0,0
t0091,train-job-001,comm-0,19,gpu-node-04,3,OK,12.07,0,0
t0091,train-job-001,comm-0,20,gpu-node-05,0,OK,12.47,0,0
t0091,train-job-001,comm-0,21,gpu-node-05,1,OK,11.27,0,0
t0091,train-job-001,comm-0,22,gpu-node-05,2,OK,9.64,0,0
t0091,train-job-001,comm-0,23,gpu-node-05,3,OK,14.04,0,0
t0091,train-job-001,comm-0,24,gpu-node-06,0,OK,11.88,0,0
t0091,train-job-001,comm-0,25,gpu-node-06,1,OK,13.8,0,0
t0091,train-job-001,comm-0,26,gpu-node-06,2,OK,16.64,0,0
t0091,train-job-001,comm-0,27,gpu-node-06,3,OK,12.37,0,0
t0091,train-job-001,comm-0,28,gpu-node-07,0,OK,12.76,0,0
t0091,train-job-001,comm-0,29,gpu-node-07,1,OK,13.52,0,0
t0091,train-job-001,comm-0,30,gpu-node-07,2,OK,8.63,0,0
t0091,train-job-001,comm-0,31,gpu-node-07,3,OK,12.95,0,0
t0091,train-job-001,comm-0,32,gpu-node-08,0,OK,12.09,0,0
t0091,train-job-001,comm-0,33,gpu-node-08,1,OK,9.54,0,0
t0091,train-job-001,comm-0,34,gpu-node-08,2,OK,10.03,0,0
t0091,train-job-001,comm-0,35,gpu-node-08,3,OK,9.7,0,0
t0091,train-job-001,comm-0,36,gpu-node-09,0,OK,14.69,0,0
t0091,train-job-001,comm-0,37,gpu-node-09,1,OK,11.17,0,0
t0091,train-job-001,comm-0,38,gpu-node-09,2,OK,10.28,0,0
t0091,train-job-001,comm-0,39,gpu-node-09,3,OK,11.96,0,0
t0091,train-job-001,comm-0,40,gpu-node-10,0,OK,11.65,0,0
t0091,train-job-001,comm-0,41,gpu-node-10,1,OK,13.86,0,0
t0091,train-job-001,comm-0,42,gpu-node-10,2,OK,13.7,0,0
t0091,train-job-001,comm-0,43,gpu-node-10,3,OK,15.14,0,0
t0091,train-job-001,comm-0,44,gpu-node-11,0,OK,13.17,0,0
t0091,train-job-001,comm-0,45,gpu-node-11,1,OK,14.9,0,0
t0091,train-job-001,comm-0,46,gpu-node-11,2,OK,9.61,0,0
t0091,train-job-001,comm-0,47,gpu-node-11,3,OK,13.09,0,0
t0092,train-job-001,comm-0,0,gpu-node-00,0,OK,12.64,0,0
t0092,train-job-001,comm-0,1,gpu-node-00,1,OK,12.65,0,0
t0092,train-job-001,comm-0,2,gpu-node-00,2,OK,11.65,0,0
t0092,train-job-001,comm-0,3,gpu-node-00,3,OK,7.82,0,0
t0092,train-job-001,comm-0,4,gpu-node-01,0,OK,14.04,0,0
t0092,train-job-001,comm-0,5,gpu-node-01,1,OK,10.12,0,0
t0092,train-job-001,comm-0,6,gpu-node-01,2,OK,14.89,0,0
t0092,train-job-001,comm-0,7,gpu-node-01,3,OK,15.47,0,0
t0092,train-job-001,comm-0,8,gpu-node-02,0,OK,11.03,0,0
t0092,train-job-001,comm-0,9,gpu-node-02,1,OK,13.1,0,0
t0092,train-job-001,comm-0,10,gpu-node-02,2,OK,13.56,0,0
t0092,train-job-001,comm-0,11,gpu-node-02,3,OK,13.1,0,0
t0092,train-job-001,comm-0,12,gpu-node-03,0,OK,13.47,0,0
t0092,train-job-001,comm-0,13,gpu-node-03,1,OK,14.41,0,0
t0092,train-job-001,comm-0,14,gpu-node-03,2,OK,9.28,0,0
t0092,train-job-001,comm-0,15,gpu-node-03,3,OK,12.77,0,0
t0092,train-job-001,comm-0,16,gpu-node-04,0,OK,11.9,0,0
t0092,train-job-001,comm-0,17,gpu-node-04,1,OK,13.56,0,0
t0092,train-job-001,comm-0,18,gpu-node-04,2,OK,13.52,0,0
t0092,train-job-001,comm-0,19,gpu-node-04,3,OK,9.39,0,0
t0092,train-job-001,comm-0,20,gpu-node-05,0,OK,13.54,0,0
t0092,train-job-001,comm-0,21,gpu-node-05,1,OK,9.8,0,0
t0092,train-job-001,comm-0,22,gpu-node-05,2,OK,15.63,0,0
t0092,train-job-001,comm-0,23,gpu-node-05,3,OK,14.52,0,0
t0092,train-job-001,comm-0,24,gpu-node-06,0,OK,11.53,0,0
t0092,train-job-001,comm-0,25,gpu-node-06,1,OK,10.05,0,0
t0092,train-job-001,comm-0,26,gpu-node-06,2,OK,11.94,0,0
t0092,train-job-001,comm-0,27,gpu-node-06,3,OK,8.13,0,0
t0092,train-job-001,comm-0,28,gpu-node-07,0,OK,13.85,0,0
t0092,train-job-001,comm-0,29,gpu-node-07,1,OK,10.71,0,0
t0092,train-job-001,comm-0,30,gpu-node-07,2,OK,11.93,0,0
t0092,train-job-001,comm-0,31,gpu-node-07,3,OK,11.49,0,0
t0092,train-job-001,comm-0,32,gpu-node-08,0,OK,10.39,0,0
t0092,train-job-001,comm-0,33,gpu-node-08,1,OK,14.93,0,0
t0092,train-job-001,comm-0,34,gpu-node-08,2,OK,12.45,0,0
t0092,train-job-001,comm-0,35,gpu-node-08,3,OK,11.88,0,0
t0092,train-job-001,comm-0,36,gpu-node-09,0,OK,13.14,0,0
t0092,train-job-001,comm-0,37,gpu-node-09,1,OK,13.04,0,0
t0092,train-job-001,comm-0,38,gpu-node-09,2,OK,11.0,0,0
t0092,train-job-001,comm-0,39,gpu-node-09,3,OK,12.76,0,0
t0092,train-job-001,comm-0,40,gpu-node-10,0,OK,12.9,0,0
t0092,train-job-001,comm-0,41,gpu-node-10,1,OK,11.14,0,0
t0092,train-job-001,comm-0,42,gpu-node-10,2,OK,12.51,0,0
t0092,train-job-001,comm-0,43,gpu-node-10,3,OK,13.08,0,0
t0092,train-job-001,comm-0,44,gpu-node-11,0,OK,12.43,0,0
t0092,train-job-001,comm-0,45,gpu-node-11,1,OK,14.62,0,0
t0092,train-job-001,comm-0,46,gpu-node-11,2,OK,14.76,0,0
t0092,train-job-001,comm-0,47,gpu-node-11,3,OK,11.98,0,0
t0093,train-job-001,comm-0,0,gpu-node-00,0,OK,9.83,0,0
t0093,train-job-001,comm-0,1,gpu-node-00,1,OK,13.23,0,0
t0093,train-job-001,comm-0,2,gpu-node-00,2,OK,14.42,0,0
t0093,train-job-001,comm-0,3,gpu-node-00,3,OK,11.68,0,0
t0093,train-job-001,comm-0,4,gpu-node-01,0,OK,11.58,0,0
t0093,train-job-001,comm-0,5,gpu-node-01,1,OK,15.0,0,0
t0093,train-job-001,comm-0,6,gpu-node-01,2,OK,13.79,0,0
t0093,train-job-001,comm-0,7,gpu-node-01,3,OK,14.17,0,0
t0093,train-job-001,comm-0,8,gpu-node-02,0,OK,11.78,0,0
t0093,train-job-001,comm-0,9,gpu-node-02,1,OK,9.15,0,0
t0093,train-job-001,comm-0,10,gpu-node-02,2,OK,9.76,0,0
t0093,train-job-001,comm-0,11,gpu-node-02,3,OK,9.6,0,0
t0093,train-job-001,comm-0,12,gpu-node-03,0,OK,11.12,0,0
t0093,train-job-001,comm-0,13,gpu-node-03,1,OK,11.35,0,0
t0093,train-job-001,comm-0,14,gpu-node-03,2,OK,10.5,0,0
t0093,train-job-001,comm-0,15,gpu-node-03,3,OK,12.21,0,0
t0093,train-job-001,comm-0,16,gpu-node-04,0,OK,15.1,0,0
t0093,train-job-001,comm-0,17,gpu-node-04,1,OK,14.21,0,0
t0093,train-job-001,comm-0,18,gpu-node-04,2,OK,11.33,0,0
t0093,train-job-001,comm-0,19,gpu-node-04,3,OK,13.53,0,0
t0093,train-job-001,comm-0,20,gpu-node-05,0,OK,12.95,0,0
t0093,train-job-001,comm-0,21,gpu-node-05,1,OK,13.82,0,0
t0093,train-job-001,comm-0,22,gpu-node-05,2,OK,11.94,0,0
t0093,train-job-001,comm-0,23,gpu-node-05,3,OK,13.02,0,0
t0093,train-job-001,comm-0,24,gpu-node-06,0,OK,9.82,0,0
t0093,train-job-001,comm-0,25,gpu-node-06,1,OK,16.23,0,0
t0093,train-job-001,comm-0,26,gpu-node-06,2,OK,12.4,0,0
t0093,train-job-001,comm-0,27,gpu-node-06,3,OK,12.46,0,0
t0093,train-job-001,comm-0,28,gpu-node-07,0,OK,11.79,0,0
t0093,train-job-001,comm-0,29,gpu-node-07,1,OK,10.78,0,0
t0093,train-job-001,comm-0,30,gpu-node-07,2,OK,11.67,0,0
t0093,train-job-001,comm-0,31,gpu-node-07,3,OK,12.42,0,0
t0093,train-job-001,comm-0,32,gpu-node-08,0,OK,14.56,0,0
t0093,train-job-001,comm-0,33,gpu-node-08,1,OK,9.0,0,0
t0093,train-job-001,comm-0,34,gpu-node-08,2,OK,13.32,0,0
t0093,train-job-001,comm-0,35,gpu-node-08,3,OK,12.92,0,0
t0093,train-job-001,comm-0,36,gpu-node-09,0,OK,12.18,0,0
t0093,train-job-001,comm-0,37,gpu-node-09,1,OK,8.66,0,0
t0093,train-job-001,comm-0,38,gpu-node-09,2,OK,12.6,0,0
t0093,train-job-001,comm-0,39,gpu-node-09,3,OK,14.52,0,0
t0093,train-job-001,comm-0,40,gpu-node-10,0,OK,13.53,0,0
t0093,train-job-001,comm-0,41,gpu-node-10,1,OK,13.15,0,0
t0093,train-job-001,comm-0,42,gpu-node-10,2,OK,14.42,0,0
t0093,train-job-001,comm-0,43,gpu-node-10,3,OK,8.86,0,0
t0093,train-job-001,comm-0,44,gpu-node-11,0,OK,15.41,0,0
t0093,train-job-001,comm-0,45,gpu-node-11,1,OK,12.46,0,0
t0093,train-job-001,comm-0,46,gpu-node-11,2,OK,11.94,0,0
t0093,train-job-001,comm-0,47,gpu-node-11,3,OK,13.51,0,0
t0094,train-job-001,comm-0,0,gpu-node-00,0,OK,15.07,0,0
t0094,train-job-001,comm-0,1,gpu-node-00,1,OK,17.83,0,0
t0094,train-job-001,comm-0,2,gpu-node-00,2,OK,14.65,0,0
t0094,train-job-001,comm-0,3,gpu-node-00,3,OK,12.71,0,0
t0094,train-job-001,comm-0,4,gpu-node-01,0,OK,13.3,0,0
t0094,train-job-001,comm-0,5,gpu-node-01,1,OK,12.19,0,0
t0094,train-job-001,comm-0,6,gpu-node-01,2,OK,12.6,0,0
t0094,train-job-001,comm-0,7,gpu-node-01,3,OK,12.87,0,0
t0094,train-job-001,comm-0,8,gpu-node-02,0,OK,16.99,0,0
t0094,train-job-001,comm-0,9,gpu-node-02,1,OK,10.48,0,0
t0094,train-job-001,comm-0,10,gpu-node-02,2,OK,12.67,0,0
t0094,train-job-001,comm-0,11,gpu-node-02,3,OK,10.86,0,0
t0094,train-job-001,comm-0,12,gpu-node-03,0,OK,7.75,0,0
t0094,train-job-001,comm-0,13,gpu-node-03,1,OK,15.33,0,0
t0094,train-job-001,comm-0,14,gpu-node-03,2,OK,10.39,0,0
t0094,train-job-001,comm-0,15,gpu-node-03,3,OK,11.9,0,0
t0094,train-job-001,comm-0,16,gpu-node-04,0,OK,11.17,0,0
t0094,train-job-001,comm-0,17,gpu-node-04,1,OK,14.27,0,0
t0094,train-job-001,comm-0,18,gpu-node-04,2,OK,13.62,0,0
t0094,train-job-001,comm-0,19,gpu-node-04,3,OK,10.81,0,0
t0094,train-job-001,comm-0,20,gpu-node-05,0,OK,11.63,0,0
t0094,train-job-001,comm-0,21,gpu-node-05,1,OK,11.63,0,0
t0094,train-job-001,comm-0,22,gpu-node-05,2,OK,13.66,0,0
t0094,train-job-001,comm-0,23,gpu-node-05,3,OK,14.86,0,0
t0094,train-job-001,comm-0,24,gpu-node-06,0,OK,14.23,0,0
t0094,train-job-001,comm-0,25,gpu-node-06,1,OK,13.22,0,0
t0094,train-job-001,comm-0,26,gpu-node-06,2,OK,11.88,0,0
t0094,train-job-001,comm-0,27,gpu-node-06,3,OK,11.81,0,0
t0094,train-job-001,comm-0,28,gpu-node-07,0,OK,12.68,0,0
t0094,train-job-001,comm-0,29,gpu-node-07,1,OK,9.02,0,0
t0094,train-job-001,comm-0,30,gpu-node-07,2,OK,12.06,0,0
t0094,train-job-001,comm-0,31,gpu-node-07,3,OK,7.19,0,0
t0094,train-job-001,comm-0,32,gpu-node-08,0,OK,10.77,0,0
t0094,train-job-001,comm-0,33,gpu-node-08,1,OK,6.07,0,0
t0094,train-job-001,comm-0,34,gpu-node-08,2,OK,9.89,0,0
t0094,train-job-001,comm-0,35,gpu-node-08,3,OK,12.37,0,0
t0094,train-job-001,comm-0,36,gpu-node-09,0,OK,16.59,0,0
t0094,train-job-001,comm-0,37,gpu-node-09,1,OK,9.56,0,0
t0094,train-job-001,comm-0,38,gpu-node-09,2,OK,14.74,0,0
t0094,train-job-001,comm-0,39,gpu-node-09,3,OK,9.78,0,0
t0094,train-job-001,comm-0,40,gpu-node-10,0,OK,12.83,0,0
t0094,train-job-001,comm-0,41,gpu-node-10,1,OK,16.81,0,0
t0094,train-job-001,comm-0,42,gpu-node-10,2,OK,13.87,0,0
t0094,train-job-001,comm-0,43,gpu-node-10,3,OK,9.93,0,0
t0094,train-job-001,comm-0,44,gpu-node-11,0,OK,12.82,0,0
t0094,train-job-001,comm-0,45,gpu-node-11,1,OK,10.41,0,0
t0094,train-job-001,comm-0,46,gpu-node-11,2,OK,12.9,0,0
t0094,train-job-001,comm-0,47,gpu-node-11,3,OK,11.45,0,0
t0095,train-job-001,comm-0,0,gpu-node-00,0,OK,14.36,0,0
t0095,train-job-001,comm-0,1,gpu-node-00,1,OK,8.41,0,0
t0095,train-job-001,comm-0,2,gpu-node-00,2,OK,11.1,0,0
t0095,train-job-001,comm-0,3,gpu-node-00,3,OK,11.4,0,0
t0095,train-job-001,comm-0,4,gpu-node-01,0,OK,11.07,0,0
t0095,train-job-001,comm-0,5,gpu-node-01,1,OK,10.49,0,0
t0095,train-job-001,comm-0,6,gpu-node-01,2,OK,12.12,0,0
t0095,train-job-001,comm-0,7,gpu-node-01,3,OK,15.31,0,0
t0095,train-job-001,comm-0,8,gpu-node-02,0,OK,8.75,0,0
t0095,train-job-001,comm-0,9,gpu-node-02,1,OK,11.89,0,0
t0095,train-job-001,comm-0,10,gpu-node-02,2,OK,12.73,0,0
t0095,train-job-001,comm-0,11,gpu-node-02,3,OK,12.04,0,0
t0095,train-job-001,comm-0,12,gpu-node-03,0,OK,14.73,0,0
t0095,train-job-001,comm-0,13,gpu-node-03,1,OK,11.56,0,0
t0095,train-job-001,comm-0,14,gpu-node-03,2,OK,12.54,0,0
t0095,train-job-001,comm-0,15,gpu-node-03,3,OK,11.46,0,0
t0095,train-job-001,comm-0,16,gpu-node-04,0,OK,9.84,0,0
t0095,train-job-001,comm-0,17,gpu-node-04,1,OK,10.88,0,0
t0095,train-job-001,comm-0,18,gpu-node-04,2,OK,11.85,0,0
t0095,train-job-001,comm-0,19,gpu-node-04,3,OK,11.68,0,0
t0095,train-job-001,comm-0,20,gpu-node-05,0,OK,11.78,0,0
t0095,train-job-001,comm-0,21,gpu-node-05,1,OK,11.94,0,0
t0095,train-job-001,comm-0,22,gpu-node-05,2,OK,13.07,0,0
t0095,train-job-001,comm-0,23,gpu-node-05,3,OK,9.63,0,0
t0095,train-job-001,comm-0,24,gpu-node-06,0,OK,16.33,0,0
t0095,train-job-001,comm-0,25,gpu-node-06,1,OK,10.07,0,0
t0095,train-job-001,comm-0,26,gpu-node-06,2,OK,13.29,0,0
t0095,train-job-001,comm-0,27,gpu-node-06,3,OK,8.52,0,0
t0095,train-job-001,comm-0,28,gpu-node-07,0,OK,13.83,0,0
t0095,train-job-001,comm-0,29,gpu-node-07,1,OK,12.33,0,0
t0095,train-job-001,comm-0,30,gpu-node-07,2,OK,10.98,0,0
t0095,train-job-001,comm-0,31,gpu-node-07,3,OK,12.29,0,0
t0095,train-job-001,comm-0,32,gpu-node-08,0,OK,14.81,0,0
t0095,train-job-001,comm-0,33,gpu-node-08,1,OK,10.14,0,0
t0095,train-job-001,comm-0,34,gpu-node-08,2,OK,8.83,0,0
t0095,train-job-001,comm-0,35,gpu-node-08,3,OK,10.47,0,0
t0095,train-job-001,comm-0,36,gpu-node-09,0,OK,9.94,0,0
t0095,train-job-001,comm-0,37,gpu-node-09,1,OK,12.3,0,0
t0095,train-job-001,comm-0,38,gpu-node-09,2,OK,12.58,0,0
t0095,train-job-001,comm-0,39,gpu-node-09,3,OK,12.37,0,0
t0095,train-job-001,comm-0,40,gpu-node-10,0,OK,11.82,0,0
t0095,train-job-001,comm-0,41,gpu-node-10,1,OK,9.73,0,0
t0095,train-job-001,comm-0,42,gpu-node-10,2,OK,12.79,0,0
t0095,train-job-001,comm-0,43,gpu-node-10,3,OK,13.28,0,0
t0095,train-job-001,comm-0,44,gpu-node-11,0,OK,8.78,0,0
t0095,train-job-001,comm-0,45,gpu-node-11,1,OK,12.95,0,0
t0095,train-job-001,comm-0,46,gpu-node-11,2,OK,11.29,0,0
t0095,train-job-001,comm-0,47,gpu-node-11,3,OK,13.8,0,0
t0096,train-job-001,comm-0,0,gpu-node-00,0,OK,9.94,0,0
t0096,train-job-001,comm-0,1,gpu-node-00,1,OK,10.47,0,0
t0096,train-job-001,comm-0,2,gpu-node-00,2,OK,8.11,0,0
t0096,train-job-001,comm-0,3,gpu-node-00,3,OK,13.55,0,0
t0096,train-job-001,comm-0,4,gpu-node-01,0,OK,12.28,0,0
t0096,train-job-001,comm-0,5,gpu-node-01,1,OK,10.05,0,0
t0096,train-job-001,comm-0,6,gpu-node-01,2,OK,13.84,0,0
t0096,train-job-001,comm-0,7,gpu-node-01,3,OK,14.52,0,0
t0096,train-job-001,comm-0,8,gpu-node-02,0,OK,10.68,0,0
t0096,train-job-001,comm-0,9,gpu-node-02,1,OK,11.75,0,0
t0096,train-job-001,comm-0,10,gpu-node-02,2,OK,9.66,0,0
t0096,train-job-001,comm-0,11,gpu-node-02,3,OK,10.75,0,0
t0096,train-job-001,comm-0,12,gpu-node-03,0,OK,14.71,0,0
t0096,train-job-001,comm-0,13,gpu-node-03,1,OK,10.19,0,0
t0096,train-job-001,comm-0,14,gpu-node-03,2,OK,11.44,0,0
t0096,train-job-001,comm-0,15,gpu-node-03,3,OK,13.04,0,0
t0096,train-job-001,comm-0,16,gpu-node-04,0,OK,12.55,0,0
t0096,train-job-001,comm-0,17,gpu-node-04,1,OK,11.73,0,0
t0096,train-job-001,comm-0,18,gpu-node-04,2,OK,10.53,0,0
t0096,train-job-001,comm-0,19,gpu-node-04,3,OK,10.82,0,0
t0096,train-job-001,comm-0,20,gpu-node-05,0,OK,12.97,0,0
t0096,train-job-001,comm-0,21,gpu-node-05,1,OK,12.7,0,0
t0096,train-job-001,comm-0,22,gpu-node-05,2,OK,10.0,0,0
t0096,train-job-001,comm-0,23,gpu-node-05,3,OK,13.65,0,0
t0096,train-job-001,comm-0,24,gpu-node-06,0,OK,11.09,0,0
t0096,train-job-001,comm-0,25,gpu-node-06,1,OK,10.58,0,0
t0096,train-job-001,comm-0,26,gpu-node-06,2,OK,11.65,0,0
t0096,train-job-001,comm-0,27,gpu-node-06,3,OK,8.23,0,0
t0096,train-job-001,comm-0,28,gpu-node-07,0,OK,11.71,0,0
t0096,train-job-001,comm-0,29,gpu-node-07,1,OK,15.03,0,0
t0096,train-job-001,comm-0,30,gpu-node-07,2,OK,11.94,0,0
t0096,train-job-001,comm-0,31,gpu-node-07,3,OK,13.91,0,0
t0096,train-job-001,comm-0,32,gpu-node-08,0,OK,12.12,0,0
t0096,train-job-001,comm-0,33,gpu-node-08,1,OK,10.27,0,0
t0096,train-job-001,comm-0,34,gpu-node-08,2,OK,10.02,0,0
t0096,train-job-001,comm-0,35,gpu-node-08,3,OK,10.16,0,0
t0096,train-job-001,comm-0,36,gpu-node-09,0,OK,11.57,0,0
t0096,train-job-001,comm-0,37,gpu-node-09,1,OK,7.43,0,0
t0096,train-job-001,comm-0,38,gpu-node-09,2,OK,9.98,0,0
t0096,train-job-001,comm-0,39,gpu-node-09,3,OK,9.72,0,0
t0096,train-job-001,comm-0,40,gpu-node-10,0,OK,14.93,0,0
t0096,train-job-001,comm-0,41,gpu-node-10,1,OK,10.84,0,0
t0096,train-job-001,comm-0,42,gpu-node-10,2,OK,12.84,0,0
t0096,train-job-001,comm-0,43,gpu-node-10,3,OK,12.34,0,0
t0096,train-job-001,comm-0,44,gpu-node-11,0,OK,17.31,0,0
t0096,train-job-001,comm-0,45,gpu-node-11,1,OK,13.33,0,0
t0096,train-job-001,comm-0,46,gpu-node-11,2,OK,12.3,0,0
t0096,train-job-001,comm-0,47,gpu-node-11,3,OK,10.86,0,0
t0097,train-job-001,comm-0,0,gpu-node-00,0,OK,12.99,0,0
t0097,train-job-001,comm-0,1,gpu-node-00,1,OK,11.58,0,0
t0097,train-job-001,comm-0,2,gpu-node-00,2,OK,11.5,0,0
t0097,train-job-001,comm-0,3,gpu-node-00,3,OK,9.97,0,0
t0097,train-job-001,comm-0,4,gpu-node-01,0,OK,9.74,0,0
t0097,train-job-001,comm-0,5,gpu-node-01,1,OK,11.89,0,0
t0097,train-job-001,comm-0,6,gpu-node-01,2,OK,12.73,0,0
t0097,train-job-001,comm-0,7,gpu-node-01,3,OK,13.01,0,0
t0097,train-job-001,comm-0,8,gpu-node-02,0,OK,10.11,0,0
t0097,train-job-001,comm-0,9,gpu-node-02,1,OK,7.98,0,0
t0097,train-job-001,comm-0,10,gpu-node-02,2,OK,14.95,0,0
t0097,train-job-001,comm-0,11,gpu-node-02,3,OK,11.92,0,0
t0097,train-job-001,comm-0,12,gpu-node-03,0,OK,11.82,0,0
t0097,train-job-001,comm-0,13,gpu-node-03,1,OK,11.32,0,0
t0097,train-job-001,comm-0,14,gpu-node-03,2,OK,13.55,0,0
t0097,train-job-001,comm-0,15,gpu-node-03,3,OK,11.85,0,0
t0097,train-job-001,comm-0,16,gpu-node-04,0,OK,11.87,0,0
t0097,train-job-001,comm-0,17,gpu-node-04,1,OK,12.73,0,0
t0097,train-job-001,comm-0,18,gpu-node-04,2,OK,11.97,0,0
t0097,train-job-001,comm-0,19,gpu-node-04,3,OK,11.06,0,0
t0097,train-job-001,comm-0,20,gpu-node-05,0,OK,14.46,0,0
t0097,train-job-001,comm-0,21,gpu-node-05,1,OK,14.81,0,0
t0097,train-job-001,comm-0,22,gpu-node-05,2,OK,10.57,0,0
t0097,train-job-001,comm-0,23,gpu-node-05,3,OK,11.03,0,0
t0097,train-job-001,comm-0,24,gpu-node-06,0,OK,11.23,0,0
t0097,train-job-001,comm-0,25,gpu-node-06,1,OK,11.82,0,0
t0097,train-job-001,comm-0,26,gpu-node-06,2,OK,11.91,0,0
t0097,train-job-001,comm-0,27,gpu-node-06,3,OK,9.05,0,0
t0097,train-job-001,comm-0,28,gpu-node-07,0,OK,17.35,0,0
t0097,train-job-001,comm-0,29,gpu-node-07,1,OK,13.17,0,0
t0097,train-job-001,comm-0,30,gpu-node-07,2,OK,9.86,0,0
t0097,train-job-001,comm-0,31,gpu-node-07,3,OK,8.67,0,0
t0097,train-job-001,comm-0,32,gpu-node-08,0,OK,12.96,0,0
t0097,train-job-001,comm-0,33,gpu-node-08,1,OK,13.53,0,0
t0097,train-job-001,comm-0,34,gpu-node-08,2,OK,14.46,0,0
t0097,train-job-001,comm-0,35,gpu-node-08,3,OK,11.36,0,0
t0097,train-job-001,comm-0,36,gpu-node-09,0,OK,11.83,0,0
t0097,train-job-001,comm-0,37,gpu-node-09,1,OK,8.84,0,0
t0097,train-job-001,comm-0,38,gpu-node-09,2,OK,10.66,0,0
t0097,train-job-001,comm-0,39,gpu-node-09,3,OK,11.85,0,0
t0097,train-job-001,comm-0,40,gpu-node-10,0,OK,11.89,0,0
t0097,train-job-001,comm-0,41,gpu-node-10,1,OK,13.3,0,0
t0097,train-job-001,comm-0,42,gpu-node-10,2,OK,9.65,0,0
t0097,train-job-001,comm-0,43,gpu-node-10,3,OK,13.41,0,0
t0097,train-job-001,comm-0,44,gpu-node-11,0,OK,14.38,0,0
t0097,train-job-001,comm-0,45,gpu-node-11,1,OK,13.57,0,0
t0097,train-job-001,comm-0,46,gpu-node-11,2,OK,11.94,0,0
t0097,train-job-001,comm-0,47,gpu-node-11,3,OK,11.38,0,0
t0098,train-job-001,comm-0,0,gpu-node-00,0,OK,13.07,0,0
t0098,train-job-001,comm-0,1,gpu-node-00,1,OK,15.17,0,0
t0098,train-job-001,comm-0,2,gpu-node-00,2,OK,10.59,0,0
t0098,train-job-001,comm-0,3,gpu-node-00,3,OK,12.56,0,0
t0098,train-job-001,comm-0,4,gpu-node-01,0,OK,11.35,0,0
t0098,train-job-001,comm-0,5,gpu-node-01,1,OK,14.72,0,0
t0098,train-job-001,comm-0,6,gpu-node-01,2,OK,14.77,0,0
t0098,train-job-001,comm-0,7,gpu-node-01,3,OK,12.7,0,0
t0098,train-job-001,comm-0,8,gpu-node-02,0,OK,11.18,0,0
t0098,train-job-001,comm-0,9,gpu-node-02,1,OK,16.05,0,0
t0098,train-job-001,comm-0,10,gpu-node-02,2,OK,12.91,0,0
t0098,train-job-001,comm-0,11,gpu-node-02,3,OK,13.01,0,0
t0098,train-job-001,comm-0,12,gpu-node-03,0,OK,9.72,0,0
t0098,train-job-001,comm-0,13,gpu-node-03,1,OK,12.98,0,0
t0098,train-job-001,comm-0,14,gpu-node-03,2,OK,14.22,0,0
t0098,train-job-001,comm-0,15,gpu-node-03,3,OK,12.66,0,0
t0098,train-job-001,comm-0,16,gpu-node-04,0,OK,10.96,0,0
t0098,train-job-001,comm-0,17,gpu-node-04,1,OK,10.98,0,0
t0098,train-job-001,comm-0,18,gpu-node-04,2,OK,11.42,0,0
t0098,train-job-001,comm-0,19,gpu-node-04,3,OK,10.91,0,0
t0098,train-job-001,comm-0,20,gpu-node-05,0,OK,12.38,0,0
t0098,train-job-001,comm-0,21,gpu-node-05,1,OK,8.18,0,0
t0098,train-job-001,comm-0,22,gpu-node-05,2,OK,13.26,0,0
t0098,train-job-001,comm-0,23,gpu-node-05,3,OK,14.39,0,0
t0098,train-job-001,comm-0,24,gpu-node-06,0,OK,10.44,0,0
t0098,train-job-001,comm-0,25,gpu-node-06,1,OK,13.63,0,0
t0098,train-job-001,comm-0,26,gpu-node-06,2,OK,8.48,0,0
t0098,train-job-001,comm-0,27,gpu-node-06,3,OK,11.74,0,0
t0098,train-job-001,comm-0,28,gpu-node-07,0,OK,10.04,0,0
t0098,train-job-001,comm-0,29,gpu-node-07,1,OK,13.92,0,0
t0098,train-job-001,comm-0,30,gpu-node-07,2,OK,13.25,0,0
t0098,train-job-001,comm-0,31,gpu-node-07,3,OK,13.72,0,0
t0098,train-job-001,comm-0,32,gpu-node-08,0,OK,10.66,0,0
t0098,train-job-001,comm-0,33,gpu-node-08,1,OK,14.67,0,0
t0098,train-job-001,comm-0,34,gpu-node-08,2,OK,12.22,0,0
t0098,train-job-001,comm-0,35,gpu-node-08,3,OK,14.83,0,0
t0098,train-job-001,comm-0,36,gpu-node-09,0,OK,10.58,0,0
t0098,train-job-001,comm-0,37,gpu-node-09,1,OK,11.99,0,0
t0098,train-job-001,comm-0,38,gpu-node-09,2,OK,11.8,0,0
t0098,train-job-001,comm-0,39,gpu-node-09,3,OK,12.53,0,0
t0098,train-job-001,comm-0,40,gpu-node-10,0,OK,8.63,0,0
t0098,train-job-001,comm-0,41,gpu-node-10,1,OK,8.94,0,0
t0098,train-job-001,comm-0,42,gpu-node-10,2,OK,14.66,0,0
t0098,train-job-001,comm-0,43,gpu-node-10,3,OK,9.36,0,0
t0098,train-job-001,comm-0,44,gpu-node-11,0,OK,16.26,0,0
t0098,train-job-001,comm-0,45,gpu-node-11,1,OK,14.41,0,0
t0098,train-job-001,comm-0,46,gpu-node-11,2,OK,13.84,0,0
t0098,train-job-001,comm-0,47,gpu-node-11,3,OK,10.22,0,0
t0099,train-job-001,comm-0,0,gpu-node-00,0,OK,11.25,0,0
t0099,train-job-001,comm-0,1,gpu-node-00,1,OK,12.69,0,0
t0099,train-job-001,comm-0,2,gpu-node-00,2,OK,9.76,0,0
t0099,train-job-001,comm-0,3,gpu-node-00,3,OK,10.59,0,0
t0099,train-job-001,comm-0,4,gpu-node-01,0,OK,9.89,0,0
t0099,train-job-001,comm-0,5,gpu-node-01,1,OK,11.87,0,0
t0099,train-job-001,comm-0,6,gpu-node-01,2,OK,11.56,0,0
t0099,train-job-001,comm-0,7,gpu-node-01,3,OK,11.9,0,0
t0099,train-job-001,comm-0,8,gpu-node-02,0,OK,12.36,0,0
t0099,train-job-001,comm-0,9,gpu-node-02,1,OK,9.71,0,0
t0099,train-job-001,comm-0,10,gpu-node-02,2,OK,11.81,0,0
t0099,train-job-001,comm-0,11,gpu-node-02,3,OK,13.24,0,0
t0099,train-job-001,comm-0,12,gpu-node-03,0,OK,11.07,0,0
t0099,train-job-001,comm-0,13,gpu-node-03,1,OK,12.08,0,0
t0099,train-job-001,comm-0,14,gpu-node-03,2,OK,13.65,0,0
t0099,train-job-001,comm-0,15,gpu-node-03,3,OK,8.17,0,0
t0099,train-job-001,comm-0,16,gpu-node-04,0,OK,9.75,0,0
t0099,train-job-001,comm-0,17,gpu-node-04,1,OK,12.0,0,0
t0099,train-job-001,comm-0,18,gpu-node-04,2,OK,12.52,0,0
t0099,train-job-001,comm-0,19,gpu-node-04,3,OK,8.92,0,0
t0099,train-job-001,comm-0,20,gpu-node-05,0,OK,13.01,0,0
t0099,train-job-001,comm-0,21,gpu-node-05,1,OK,9.03,0,0
t0099,train-job-001,comm-0,22,gpu-node-05,2,OK,14.95,0,0
t0099,train-job-001,comm-0,23,gpu-node-05,3,OK,12.76,0,0
t0099,train-job-001,comm-0,24,gpu-node-06,0,OK,10.83,0,0
t0099,train-job-001,comm-0,25,gpu-node-06,1,OK,10.09,0,0
t0099,train-job-001,comm-0,26,gpu-node-06,2,OK,10.31,0,0
t0099,train-job-001,comm-0,27,gpu-node-06,3,OK,11.01,0,0
t0099,train-job-001,comm-0,28,gpu-node-07,0,OK,11.46,0,0
t0099,train-job-001,comm-0,29,gpu-node-07,1,OK,10.02,0,0
t0099,train-job-001,comm-0,30,gpu-node-07,2,OK,11.8,0,0
t0099,train-job-001,comm-0,31,gpu-node-07,3,OK,12.9,0,0
t0099,train-job-001,comm-0,32,gpu-node-08,0,OK,13.84,0,0
t0099,train-job-001,comm-0,33,gpu-node-08,1,OK,14.55,0,0
t0099,train-job-001,comm-0,34,gpu-node-08,2,OK,13.65,0,0
t0099,train-job-001,comm-0,35,gpu-node-08,3,OK,11.4,0,0
t0099,train-job-001,comm-0,36,gpu-node-09,0,OK,13.08,0,0
t0099,train-job-001,comm-0,37,gpu-node-09,1,OK,8.05,0,0
t0099,train-job-001,comm-0,38,gpu-node-09,2,OK,10.69,0,0
t0099,train-job-001,comm-0,39,gpu-node-09,3,OK,10.31,0,0
t0099,train-job-001,comm-0,40,gpu-node-10,0,OK,12.69,0,0
t0099,train-job-001,comm-0,41,gpu-node-10,1,OK,10.48,0,0
t0099,train-job-001,comm-0,42,gpu-node-10,2,OK,13.59,0,0
t0099,train-job-001,comm-0,43,gpu-node-10,3,OK,6.86,0,0
t0099,train-job-001,comm-0,44,gpu-node-11,0,OK,12.66,0,0
t0099,train-job-001,comm-0,45,gpu-node-11,1,OK,10.23,0,0
t0099,train-job-001,comm-0,46,gpu-node-11,2,OK,13.86,0,0
t0099,train-job-001,comm-0,47,gpu-node-11,3,OK,10.53,0,0
t0100,train-job-001,comm-0,0,gpu-node-00,0,OK,8.82,0,0
t0100,train-job-001,comm-0,1,gpu-node-00,1,OK,13.72,0,0
t0100,train-job-001,comm-0,2,gpu-node-00,2,OK,12.47,0,0
t0100,train-job-001,comm-0,3,gpu-node-00,3,OK,11.13,0,0
t0100,train-job-001,comm-0,4,gpu-node-01,0,OK,10.78,0,0
t0100,train-job-001,comm-0,5,gpu-node-01,1,OK,13.3,0,0
t0100,train-job-001,comm-0,6,gpu-node-01,2,OK,13.65,0,0
t0100,train-job-001,comm-0,7,gpu-node-01,3,OK,8.96,0,0
t0100,train-job-001,comm-0,8,gpu-node-02,0,OK,11.58,0,0
t0100,train-job-001,comm-0,9,gpu-node-02,1,OK,12.16,0,0
t0100,train-job-001,comm-0,10,gpu-node-02,2,OK,10.95,0,0
t0100,train-job-001,comm-0,11,gpu-node-02,3,OK,12.91,0,0
t0100,train-job-001,comm-0,12,gpu-node-03,0,OK,11.97,0,0
t0100,train-job-001,comm-0,13,gpu-node-03,1,OK,10.8,0,0
t0100,train-job-001,comm-0,14,gpu-node-03,2,OK,12.63,0,0
t0100,train-job-001,comm-0,15,gpu-node-03,3,OK,8.89,0,0
t0100,train-job-001,comm-0,16,gpu-node-04,0,OK,10.89,0,0
t0100,train-job-001,comm-0,17,gpu-node-04,1,OK,13.17,0,0
t0100,train-job-001,comm-0,18,gpu-node-04,2,OK,11.83,0,0
t0100,train-job-001,comm-0,19,gpu-node-04,3,OK,11.21,0,0
t0100,train-job-001,comm-0,20,gpu-node-05,0,OK,15.06,0,0
t0100,train-job-001,comm-0,21,gpu-node-05,1,OK,14.19,0,0
t0100,train-job-001,comm-0,22,gpu-node-05,2,OK,10.39,0,0
t0100,train-job-001,comm-0,23,gpu-node-05,3,OK,9.3,0,0
t0100,train-job-001,comm-0,24,gpu-node-06,0,OK,13.84,0,0
t0100,train-job-001,comm-0,25,gpu-node-06,1,OK,10.85,0,0
t0100,train-job-001,comm-0,26,gpu-node-06,2,OK,14.65,0,0
t0100,train-job-001,comm-0,27,gpu-node-06,3,OK,11.06,0,0
t0100,train-job-001,comm-0,28,gpu-node-07,0,OK,11.0,0,0
t0100,train-job-001,comm-0,29,gpu-node-07,1,OK,13.07,0,0
t0100,train-job-001,comm-0,30,gpu-node-07,2,OK,12.46,0,0
t0100,train-job-001,comm-0,31,gpu-node-07,3,OK,6.61,0,0
t0100,train-job-001,comm-0,32,gpu-node-08,0,OK,9.91,0,0
t0100,train-job-001,comm-0,33,gpu-node-08,1,OK,12.15,0,0
t0100,train-job-001,comm-0,34,gpu-node-08,2,OK,11.35,0,0
t0100,train-job-001,comm-0,35,gpu-node-08,3,OK,13.24,0,0
t0100,train-job-001,comm-0,36,gpu-node-09,0,OK,14.89,0,0
t0100,train-job-001,comm-0,37,gpu-node-09,1,OK,11.65,0,0
t0100,train-job-001,comm-0,38,gpu-node-09,2,OK,10.57,0,0
t0100,train-job-001,comm-0,39,gpu-node-09,3,OK,9.93,0,0
t0100,train-job-001,comm-0,40,gpu-node-10,0,OK,11.61,0,0
t0100,train-job-001,comm-0,41,gpu-node-10,1,OK,9.43,0,0
t0100,train-job-001,comm-0,42,gpu-node-10,2,OK,12.42,0,0
t0100,train-job-001,comm-0,43,gpu-node-10,3,OK,10.68,0,0
t0100,train-job-001,comm-0,44,gpu-node-11,0,OK,11.49,0,0
t0100,train-job-001,comm-0,45,gpu-node-11,1,OK,12.83,0,0
t0100,train-job-001,comm-0,46,gpu-node-11,2,OK,11.54,0,0
t0100,train-job-001,comm-0,47,gpu-node-11,3,OK,14.64,0,0
t0101,train-job-001,comm-0,0,gpu-node-00,0,OK,9.19,0,0
t0101,train-job-001,comm-0,1,gpu-node-00,1,OK,14.56,0,0
t0101,train-job-001,comm-0,2,gpu-node-00,2,OK,8.27,0,0
t0101,train-job-001,comm-0,3,gpu-node-00,3,OK,12.58,0,0
t0101,train-job-001,comm-0,4,gpu-node-01,0,OK,11.82,0,0
t0101,train-job-001,comm-0,5,gpu-node-01,1,OK,13.59,0,0
t0101,train-job-001,comm-0,6,gpu-node-01,2,OK,10.25,0,0
t0101,train-job-001,comm-0,7,gpu-node-01,3,OK,10.13,0,0
t0101,train-job-001,comm-0,8,gpu-node-02,0,OK,10.56,0,0
t0101,train-job-001,comm-0,9,gpu-node-02,1,OK,10.9,0,0
t0101,train-job-001,comm-0,10,gpu-node-02,2,OK,13.57,0,0
t0101,train-job-001,comm-0,11,gpu-node-02,3,OK,10.43,0,0
t0101,train-job-001,comm-0,12,gpu-node-03,0,OK,10.74,0,0
t0101,train-job-001,comm-0,13,gpu-node-03,1,OK,12.17,0,0
t0101,train-job-001,comm-0,14,gpu-node-03,2,OK,10.71,0,0
t0101,train-job-001,comm-0,15,gpu-node-03,3,OK,11.15,0,0
t0101,train-job-001,comm-0,16,gpu-node-04,0,OK,6.84,0,0
t0101,train-job-001,comm-0,17,gpu-node-04,1,OK,6.53,0,0
t0101,train-job-001,comm-0,18,gpu-node-04,2,OK,13.05,0,0
t0101,train-job-001,comm-0,19,gpu-node-04,3,OK,10.64,0,0
t0101,train-job-001,comm-0,20,gpu-node-05,0,OK,10.62,0,0
t0101,train-job-001,comm-0,21,gpu-node-05,1,OK,10.65,0,0
t0101,train-job-001,comm-0,22,gpu-node-05,2,OK,12.12,0,0
t0101,train-job-001,comm-0,23,gpu-node-05,3,OK,15.84,0,0
t0101,train-job-001,comm-0,24,gpu-node-06,0,OK,13.29,0,0
t0101,train-job-001,comm-0,25,gpu-node-06,1,OK,12.49,0,0
t0101,train-job-001,comm-0,26,gpu-node-06,2,OK,13.44,0,0
t0101,train-job-001,comm-0,27,gpu-node-06,3,OK,15.41,0,0
t0101,train-job-001,comm-0,28,gpu-node-07,0,OK,15.66,0,0
t0101,train-job-001,comm-0,29,gpu-node-07,1,OK,8.83,0,0
t0101,train-job-001,comm-0,30,gpu-node-07,2,OK,17.59,0,0
t0101,train-job-001,comm-0,31,gpu-node-07,3,OK,12.24,0,0
t0101,train-job-001,comm-0,32,gpu-node-08,0,OK,9.81,0,0
t0101,train-job-001,comm-0,33,gpu-node-08,1,OK,15.12,0,0
t0101,train-job-001,comm-0,34,gpu-node-08,2,OK,11.46,0,0
t0101,train-job-001,comm-0,35,gpu-node-08,3,OK,11.17,0,0
t0101,train-job-001,comm-0,36,gpu-node-09,0,OK,13.88,0,0
t0101,train-job-001,comm-0,37,gpu-node-09,1,OK,9.67,0,0
t0101,train-job-001,comm-0,38,gpu-node-09,2,OK,13.23,0,0
t0101,train-job-001,comm-0,39,gpu-node-09,3,OK,9.95,0,0
t0101,train-job-001,comm-0,40,gpu-node-10,0,OK,13.93,0,0
t0101,train-job-001,comm-0,41,gpu-node-10,1,OK,12.55,0,0
t0101,train-job-001,comm-0,42,gpu-node-10,2,OK,11.49,0,0
t0101,train-job-001,comm-0,43,gpu-node-10,3,OK,7.59,0,0
t0101,train-job-001,comm-0,44,gpu-node-11,0,OK,16.72,0,0
t0101,train-job-001,comm-0,45,gpu-node-11,1,OK,12.45,0,0
t0101,train-job-001,comm-0,46,gpu-node-11,2,OK,13.18,0,0
t0101,train-job-001,comm-0,47,gpu-node-11,3,OK,10.69,0,0
t0102,train-job-001,comm-0,0,gpu-node-00,0,OK,11.83,0,0
t0102,train-job-001,comm-0,1,gpu-node-00,1,OK,10.62,0,0
t0102,train-job-001,comm-0,2,gpu-node-00,2,OK,15.12,0,0
t0102,train-job-001,comm-0,3,gpu-node-00,3,OK,10.89,0,0
t0102,train-job-001,comm-0,4,gpu-node-01,0,OK,10.5,0,0
t0102,train-job-001,comm-0,5,gpu-node-01,1,OK,10.14,0,0
t0102,train-job-001,comm-0,6,gpu-node-01,2,OK,12.39,0,0
t0102,train-job-001,comm-0,7,gpu-node-01,3,OK,12.19,0,0
t0102,train-job-001,comm-0,8,gpu-node-02,0,OK,12.62,0,0
t0102,train-job-001,comm-0,9,gpu-node-02,1,OK,8.22,0,0
t0102,train-job-001,comm-0,10,gpu-node-02,2,OK,10.46,0,0
t0102,train-job-001,comm-0,11,gpu-node-02,3,OK,12.57,0,0
t0102,train-job-001,comm-0,12,gpu-node-03,0,OK,9.5,0,0
t0102,train-job-001,comm-0,13,gpu-node-03,1,OK,10.48,0,0
t0102,train-job-001,comm-0,14,gpu-node-03,2,OK,13.4,0,0
t0102,train-job-001,comm-0,15,gpu-node-03,3,OK,12.36,0,0
t0102,train-job-001,comm-0,16,gpu-node-04,0,OK,11.47,0,0
t0102,train-job-001,comm-0,17,gpu-node-04,1,OK,6.44,0,0
t0102,train-job-001,comm-0,18,gpu-node-04,2,OK,9.58,0,0
t0102,train-job-001,comm-0,19,gpu-node-04,3,OK,14.33,0,0
t0102,train-job-001,comm-0,20,gpu-node-05,0,OK,10.23,0,0
t0102,train-job-001,comm-0,21,gpu-node-05,1,OK,11.8,0,0
t0102,train-job-001,comm-0,22,gpu-node-05,2,OK,13.32,0,0
t0102,train-job-001,comm-0,23,gpu-node-05,3,OK,11.94,0,0
t0102,train-job-001,comm-0,24,gpu-node-06,0,OK,13.37,0,0
t0102,train-job-001,comm-0,25,gpu-node-06,1,OK,12.68,0,0
t0102,train-job-001,comm-0,26,gpu-node-06,2,OK,12.89,0,0
t0102,train-job-001,comm-0,27,gpu-node-06,3,OK,16.47,0,0
t0102,train-job-001,comm-0,28,gpu-node-07,0,OK,14.91,0,0
t0102,train-job-001,comm-0,29,gpu-node-07,1,OK,12.14,0,0
t0102,train-job-001,comm-0,30,gpu-node-07,2,OK,11.62,0,0
t0102,train-job-001,comm-0,31,gpu-node-07,3,OK,8.79,0,0
t0102,train-job-001,comm-0,32,gpu-node-08,0,OK,12.88,0,0
t0102,train-job-001,comm-0,33,gpu-node-08,1,OK,11.3,0,0
t0102,train-job-001,comm-0,34,gpu-node-08,2,OK,9.73,0,0
t0102,train-job-001,comm-0,35,gpu-node-08,3,OK,11.79,0,0
t0102,train-job-001,comm-0,36,gpu-node-09,0,OK,13.1,0,0
t0102,train-job-001,comm-0,37,gpu-node-09,1,OK,8.59,0,0
t0102,train-job-001,comm-0,38,gpu-node-09,2,OK,12.43,0,0
t0102,train-job-001,comm-0,39,gpu-node-09,3,OK,14.62,0,0
t0102,train-job-001,comm-0,40,gpu-node-10,0,OK,12.82,0,0
t0102,train-job-001,comm-0,41,gpu-node-10,1,OK,10.49,0,0
t0102,train-job-001,comm-0,42,gpu-node-10,2,OK,13.48,0,0
t0102,train-job-001,comm-0,43,gpu-node-10,3,OK,11.51,0,0
t0102,train-job-001,comm-0,44,gpu-node-11,0,OK,8.2,0,0
t0102,train-job-001,comm-0,45,gpu-node-11,1,OK,13.78,0,0
t0102,train-job-001,comm-0,46,gpu-node-11,2,OK,8.32,0,0
t0102,train-job-001,comm-0,47,gpu-node-11,3,OK,13.36,0,0
t0103,train-job-001,comm-0,0,gpu-node-00,0,OK,8.83,0,0
t0103,train-job-001,comm-0,1,gpu-node-00,1,OK,12.62,0,0
t0103,train-job-001,comm-0,2,gpu-node-00,2,OK,11.77,0,0
t0103,train-job-001,comm-0,3,gpu-node-00,3,OK,14.38,0,0
t0103,train-job-001,comm-0,4,gpu-node-01,0,OK,10.3,0,0
t0103,train-job-001,comm-0,5,gpu-node-01,1,OK,11.99,0,0
t0103,train-job-001,comm-0,6,gpu-node-01,2,OK,11.15,0,0
t0103,train-job-001,comm-0,7,gpu-node-01,3,OK,11.96,0,0
t0103,train-job-001,comm-0,8,gpu-node-02,0,OK,13.11,0,0
t0103,train-job-001,comm-0,9,gpu-node-02,1,OK,11.61,0,0
t0103,train-job-001,comm-0,10,gpu-node-02,2,OK,11.59,0,0
t0103,train-job-001,comm-0,11,gpu-node-02,3,OK,11.91,0,0
t0103,train-job-001,comm-0,12,gpu-node-03,0,OK,13.44,0,0
t0103,train-job-001,comm-0,13,gpu-node-03,1,OK,12.52,0,0
t0103,train-job-001,comm-0,14,gpu-node-03,2,OK,9.26,0,0
t0103,train-job-001,comm-0,15,gpu-node-03,3,OK,14.11,0,0
t0103,train-job-001,comm-0,16,gpu-node-04,0,OK,13.98,0,0
t0103,train-job-001,comm-0,17,gpu-node-04,1,OK,13.76,0,0
t0103,train-job-001,comm-0,18,gpu-node-04,2,OK,9.51,0,0
t0103,train-job-001,comm-0,19,gpu-node-04,3,OK,12.24,0,0
t0103,train-job-001,comm-0,20,gpu-node-05,0,OK,13.6,0,0
t0103,train-job-001,comm-0,21,gpu-node-05,1,OK,9.18,0,0
t0103,train-job-001,comm-0,22,gpu-node-05,2,OK,9.86,0,0
t0103,train-job-001,comm-0,23,gpu-node-05,3,OK,15.23,0,0
t0103,train-job-001,comm-0,24,gpu-node-06,0,OK,12.53,0,0
t0103,train-job-001,comm-0,25,gpu-node-06,1,OK,11.11,0,0
t0103,train-job-001,comm-0,26,gpu-node-06,2,OK,14.31,0,0
t0103,train-job-001,comm-0,27,gpu-node-06,3,OK,8.8,0,0
t0103,train-job-001,comm-0,28,gpu-node-07,0,OK,12.86,0,0
t0103,train-job-001,comm-0,29,gpu-node-07,1,OK,10.06,0,0
t0103,train-job-001,comm-0,30,gpu-node-07,2,OK,13.02,0,0
t0103,train-job-001,comm-0,31,gpu-node-07,3,OK,14.93,0,0
t0103,train-job-001,comm-0,32,gpu-node-08,0,OK,8.75,0,0
t0103,train-job-001,comm-0,33,gpu-node-08,1,OK,12.75,0,0
t0103,train-job-001,comm-0,34,gpu-node-08,2,OK,12.01,0,0
t0103,train-job-001,comm-0,35,gpu-node-08,3,OK,15.51,0,0
t0103,train-job-001,comm-0,36,gpu-node-09,0,OK,11.37,0,0
t0103,train-job-001,comm-0,37,gpu-node-09,1,OK,10.86,0,0
t0103,train-job-001,comm-0,38,gpu-node-09,2,OK,10.71,0,0
t0103,train-job-001,comm-0,39,gpu-node-09,3,OK,11.29,0,0
t0103,train-job-001,comm-0,40,gpu-node-10,0,OK,10.93,0,0
t0103,train-job-001,comm-0,41,gpu-node-10,1,OK,11.76,0,0
t0103,train-job-001,comm-0,42,gpu-node-10,2,OK,13.23,0,0
t0103,train-job-001,comm-0,43,gpu-node-10,3,OK,11.43,0,0
t0103,train-job-001,comm-0,44,gpu-node-11,0,OK,11.02,0,0
t0103,train-job-001,comm-0,45,gpu-node-11,1,OK,13.31,0,0
t0103,train-job-001,comm-0,46,gpu-node-11,2,OK,13.54,0,0
t0103,train-job-001,comm-0,47,gpu-node-11,3,OK,9.52,0,0
t0104,train-job-001,comm-0,0,gpu-node-00,0,OK,11.68,0,0
t0104,train-job-001,comm-0,1,gpu-node-00,1,OK,11.62,0,0
t0104,train-job-001,comm-0,2,gpu-node-00,2,OK,16.22,0,0
t0104,train-job-001,comm-0,3,gpu-node-00,3,OK,10.87,0,0
t0104,train-job-001,comm-0,4,gpu-node-01,0,OK,12.79,0,0
t0104,train-job-001,comm-0,5,gpu-node-01,1,OK,15.76,0,0
t0104,train-job-001,comm-0,6,gpu-node-01,2,OK,11.42,0,0
t0104,train-job-001,comm-0,7,gpu-node-01,3,OK,13.32,0,0
t0104,train-job-001,comm-0,8,gpu-node-02,0,OK,9.79,0,0
t0104,train-job-001,comm-0,9,gpu-node-02,1,OK,15.95,0,0
t0104,train-job-001,comm-0,10,gpu-node-02,2,OK,15.72,0,0
t0104,train-job-001,comm-0,11,gpu-node-02,3,OK,14.21,0,0
t0104,train-job-001,comm-0,12,gpu-node-03,0,OK,14.47,0,0
t0104,train-job-001,comm-0,13,gpu-node-03,1,OK,17.18,0,0
t0104,train-job-001,comm-0,14,gpu-node-03,2,OK,12.32,0,0
t0104,train-job-001,comm-0,15,gpu-node-03,3,OK,10.99,0,0
t0104,train-job-001,comm-0,16,gpu-node-04,0,OK,10.63,0,0
t0104,train-job-001,comm-0,17,gpu-node-04,1,OK,13.75,0,0
t0104,train-job-001,comm-0,18,gpu-node-04,2,OK,15.04,0,0
t0104,train-job-001,comm-0,19,gpu-node-04,3,OK,11.95,0,0
t0104,train-job-001,comm-0,20,gpu-node-05,0,OK,15.82,0,0
t0104,train-job-001,comm-0,21,gpu-node-05,1,OK,11.47,0,0
t0104,train-job-001,comm-0,22,gpu-node-05,2,OK,11.64,0,0
t0104,train-job-001,comm-0,23,gpu-node-05,3,OK,13.32,0,0
t0104,train-job-001,comm-0,24,gpu-node-06,0,OK,10.44,0,0
t0104,train-job-001,comm-0,25,gpu-node-06,1,OK,13.06,0,0
t0104,train-job-001,comm-0,26,gpu-node-06,2,OK,8.43,0,0
t0104,train-job-001,comm-0,27,gpu-node-06,3,OK,8.82,0,0
t0104,train-job-001,comm-0,28,gpu-node-07,0,OK,9.35,0,0
t0104,train-job-001,comm-0,29,gpu-node-07,1,OK,12.52,0,0
t0104,train-job-001,comm-0,30,gpu-node-07,2,OK,10.59,0,0
t0104,train-job-001,comm-0,31,gpu-node-07,3,OK,10.97,0,0
t0104,train-job-001,comm-0,32,gpu-node-08,0,OK,12.13,0,0
t0104,train-job-001,comm-0,33,gpu-node-08,1,OK,10.53,0,0
t0104,train-job-001,comm-0,34,gpu-node-08,2,OK,15.63,0,0
t0104,train-job-001,comm-0,35,gpu-node-08,3,OK,13.94,0,0
t0104,train-job-001,comm-0,36,gpu-node-09,0,OK,10.38,0,0
t0104,train-job-001,comm-0,37,gpu-node-09,1,OK,13.76,0,0
t0104,train-job-001,comm-0,38,gpu-node-09,2,OK,11.85,0,0
t0104,train-job-001,comm-0,39,gpu-node-09,3,OK,11.58,0,0
t0104,train-job-001,comm-0,40,gpu-node-10,0,OK,12.39,0,0
t0104,train-job-001,comm-0,41,gpu-node-10,1,OK,11.68,0,0
t0104,train-job-001,comm-0,42,gpu-node-10,2,OK,13.96,0,0
t0104,train-job-001,comm-0,43,gpu-node-10,3,OK,10.9,0,0
t0104,train-job-001,comm-0,44,gpu-node-11,0,OK,14.26,0,0
t0104,train-job-001,comm-0,45,gpu-node-11,1,OK,11.38,0,0
t0104,train-job-001,comm-0,46,gpu-node-11,2,OK,10.84,0,0
t0104,train-job-001,comm-0,47,gpu-node-11,3,OK,13.88,0,0
t0105,train-job-001,comm-0,0,gpu-node-00,0,OK,11.36,0,0
t0105,train-job-001,comm-0,1,gpu-node-00,1,OK,10.71,0,0
t0105,train-job-001,comm-0,2,gpu-node-00,2,OK,11.13,0,0
t0105,train-job-001,comm-0,3,gpu-node-00,3,OK,8.52,0,0
t0105,train-job-001,comm-0,4,gpu-node-01,0,OK,10.72,0,0
t0105,train-job-001,comm-0,5,gpu-node-01,1,OK,10.03,0,0
t0105,train-job-001,comm-0,6,gpu-node-01,2,OK,10.7,0,0
t0105,train-job-001,comm-0,7,gpu-node-01,3,OK,12.59,0,0
t0105,train-job-001,comm-0,8,gpu-node-02,0,OK,12.83,0,0
t0105,train-job-001,comm-0,9,gpu-node-02,1,OK,12.28,0,0
t0105,train-job-001,comm-0,10,gpu-node-02,2,OK,11.88,0,0
t0105,train-job-001,comm-0,11,gpu-node-02,3,OK,12.69,0,0
t0105,train-job-001,comm-0,12,gpu-node-03,0,OK,11.58,0,0
t0105,train-job-001,comm-0,13,gpu-node-03,1,OK,14.39,0,0
t0105,train-job-001,comm-0,14,gpu-node-03,2,OK,14.93,0,0
t0105,train-job-001,comm-0,15,gpu-node-03,3,OK,14.61,0,0
t0105,train-job-001,comm-0,16,gpu-node-04,0,OK,11.27,0,0
t0105,train-job-001,comm-0,17,gpu-node-04,1,OK,11.31,0,0
t0105,train-job-001,comm-0,18,gpu-node-04,2,OK,11.23,0,0
t0105,train-job-001,comm-0,19,gpu-node-04,3,OK,12.13,0,0
t0105,train-job-001,comm-0,20,gpu-node-05,0,OK,14.77,0,0
t0105,train-job-001,comm-0,21,gpu-node-05,1,OK,11.91,0,0
t0105,train-job-001,comm-0,22,gpu-node-05,2,OK,12.87,0,0
t0105,train-job-001,comm-0,23,gpu-node-05,3,OK,11.8,0,0
t0105,train-job-001,comm-0,24,gpu-node-06,0,OK,9.58,0,0
t0105,train-job-001,comm-0,25,gpu-node-06,1,OK,14.1,0,0
t0105,train-job-001,comm-0,26,gpu-node-06,2,OK,8.88,0,0
t0105,train-job-001,comm-0,27,gpu-node-06,3,OK,9.5,0,0
t0105,train-job-001,comm-0,28,gpu-node-07,0,OK,10.87,0,0
t0105,train-job-001,comm-0,29,gpu-node-07,1,OK,15.75,0,0
t0105,train-job-001,comm-0,30,gpu-node-07,2,OK,15.41,0,0
t0105,train-job-001,comm-0,31,gpu-node-07,3,OK,12.46,0,0
t0105,train-job-001,comm-0,32,gpu-node-08,0,OK,12.63,0,0
t0105,train-job-001,comm-0,33,gpu-node-08,1,OK,10.74,0,0
t0105,train-job-001,comm-0,34,gpu-node-08,2,OK,10.32,0,0
t0105,train-job-001,comm-0,35,gpu-node-08,3,OK,15.93,0,0
t0105,train-job-001,comm-0,36,gpu-node-09,0,OK,9.26,0,0
t0105,train-job-001,comm-0,37,gpu-node-09,1,OK,9.88,0,0
t0105,train-job-001,comm-0,38,gpu-node-09,2,OK,11.83,0,0
t0105,train-job-001,comm-0,39,gpu-node-09,3,OK,10.95,0,0
t0105,train-job-001,comm-0,40,gpu-node-10,0,OK,12.26,0,0
t0105,train-job-001,comm-0,41,gpu-node-10,1,OK,10.44,0,0
t0105,train-job-001,comm-0,42,gpu-node-10,2,OK,12.58,0,0
t0105,train-job-001,comm-0,43,gpu-node-10,3,OK,10.42,0,0
t0105,train-job-001,comm-0,44,gpu-node-11,0,OK,9.83,0,0
t0105,train-job-001,comm-0,45,gpu-node-11,1,OK,9.99,0,0
t0105,train-job-001,comm-0,46,gpu-node-11,2,OK,15.15,0,0
t0105,train-job-001,comm-0,47,gpu-node-11,3,OK,10.93,0,0
t0106,train-job-001,comm-0,0,gpu-node-00,0,OK,13.31,0,0
t0106,train-job-001,comm-0,1,gpu-node-00,1,OK,8.33,0,0
t0106,train-job-001,comm-0,2,gpu-node-00,2,OK,11.35,0,0
t0106,train-job-001,comm-0,3,gpu-node-00,3,OK,14.37,0,0
t0106,train-job-001,comm-0,4,gpu-node-01,0,OK,12.17,0,0
t0106,train-job-001,comm-0,5,gpu-node-01,1,OK,9.56,0,0
t0106,train-job-001,comm-0,6,gpu-node-01,2,OK,11.89,0,0
t0106,train-job-001,comm-0,7,gpu-node-01,3,OK,11.37,0,0
t0106,train-job-001,comm-0,8,gpu-node-02,0,OK,12.29,0,0
t0106,train-job-001,comm-0,9,gpu-node-02,1,OK,12.74,0,0
t0106,train-job-001,comm-0,10,gpu-node-02,2,OK,12.11,0,0
t0106,train-job-001,comm-0,11,gpu-node-02,3,OK,11.08,0,0
t0106,train-job-001,comm-0,12,gpu-node-03,0,OK,12.1,0,0
t0106,train-job-001,comm-0,13,gpu-node-03,1,OK,11.95,0,0
t0106,train-job-001,comm-0,14,gpu-node-03,2,OK,12.53,0,0
t0106,train-job-001,comm-0,15,gpu-node-03,3,OK,13.71,0,0
t0106,train-job-001,comm-0,16,gpu-node-04,0,OK,11.0,0,0
t0106,train-job-001,comm-0,17,gpu-node-04,1,OK,8.46,0,0
t0106,train-job-001,comm-0,18,gpu-node-04,2,OK,11.91,0,0
t0106,train-job-001,comm-0,19,gpu-node-04,3,OK,13.62,0,0
t0106,train-job-001,comm-0,20,gpu-node-05,0,OK,11.9,0,0
t0106,train-job-001,comm-0,21,gpu-node-05,1,OK,9.53,0,0
t0106,train-job-001,comm-0,22,gpu-node-05,2,OK,11.53,0,0
t0106,train-job-001,comm-0,23,gpu-node-05,3,OK,12.92,0,0
t0106,train-job-001,comm-0,24,gpu-node-06,0,OK,11.02,0,0
t0106,train-job-001,comm-0,25,gpu-node-06,1,OK,10.73,0,0
t0106,train-job-001,comm-0,26,gpu-node-06,2,OK,12.04,0,0
t0106,train-job-001,comm-0,27,gpu-node-06,3,OK,13.4,0,0
t0106,train-job-001,comm-0,28,gpu-node-07,0,OK,11.52,0,0
t0106,train-job-001,comm-0,29,gpu-node-07,1,OK,12.43,0,0
t0106,train-job-001,comm-0,30,gpu-node-07,2,OK,12.41,0,0
t0106,train-job-001,comm-0,31,gpu-node-07,3,OK,10.21,0,0
t0106,train-job-001,comm-0,32,gpu-node-08,0,OK,10.55,0,0
t0106,train-job-001,comm-0,33,gpu-node-08,1,OK,9.45,0,0
t0106,train-job-001,comm-0,34,gpu-node-08,2,OK,9.33,0,0
t0106,train-job-001,comm-0,35,gpu-node-08,3,OK,11.13,0,0
t0106,train-job-001,comm-0,36,gpu-node-09,0,OK,15.67,0,0
t0106,train-job-001,comm-0,37,gpu-node-09,1,OK,11.15,0,0
t0106,train-job-001,comm-0,38,gpu-node-09,2,OK,11.58,0,0
t0106,train-job-001,comm-0,39,gpu-node-09,3,OK,8.84,0,0
t0106,train-job-001,comm-0,40,gpu-node-10,0,OK,8.86,0,0
t0106,train-job-001,comm-0,41,gpu-node-10,1,OK,11.87,0,0
t0106,train-job-001,comm-0,42,gpu-node-10,2,OK,12.59,0,0
t0106,train-job-001,comm-0,43,gpu-node-10,3,OK,13.88,0,0
t0106,train-job-001,comm-0,44,gpu-node-11,0,OK,14.51,0,0
t0106,train-job-001,comm-0,45,gpu-node-11,1,OK,14.63,0,0
t0106,train-job-001,comm-0,46,gpu-node-11,2,OK,13.37,0,0
t0106,train-job-001,comm-0,47,gpu-node-11,3,OK,12.84,0,0
t0107,train-job-001,comm-0,0,gpu-node-00,0,OK,12.4,0,0
t0107,train-job-001,comm-0,1,gpu-node-00,1,OK,13.19,0,0
t0107,train-job-001,comm-0,2,gpu-node-00,2,OK,11.45,0,0
t0107,train-job-001,comm-0,3,gpu-node-00,3,OK,10.49,0,0
t0107,train-job-001,comm-0,4,gpu-node-01,0,OK,12.31,0,0
t0107,train-job-001,comm-0,5,gpu-node-01,1,OK,13.06,0,0
t0107,train-job-001,comm-0,6,gpu-node-01,2,OK,9.55,0,0
t0107,train-job-001,comm-0,7,gpu-node-01,3,OK,13.48,0,0
t0107,train-job-001,comm-0,8,gpu-node-02,0,OK,11.83,0,0
t0107,train-job-001,comm-0,9,gpu-node-02,1,OK,10.49,0,0
t0107,train-job-001,comm-0,10,gpu-node-02,2,OK,13.63,0,0
t0107,train-job-001,comm-0,11,gpu-node-02,3,OK,9.9,0,0
t0107,train-job-001,comm-0,12,gpu-node-03,0,OK,16.66,0,0
t0107,train-job-001,comm-0,13,gpu-node-03,1,OK,11.05,0,0
t0107,train-job-001,comm-0,14,gpu-node-03,2,OK,13.68,0,0
t0107,train-job-001,comm-0,15,gpu-node-03,3,OK,11.96,0,0
t0107,train-job-001,comm-0,16,gpu-node-04,0,OK,8.95,0,0
t0107,train-job-001,comm-0,17,gpu-node-04,1,OK,8.9,0,0
t0107,train-job-001,comm-0,18,gpu-node-04,2,OK,13.9,0,0
t0107,train-job-001,comm-0,19,gpu-node-04,3,OK,11.89,0,0
t0107,train-job-001,comm-0,20,gpu-node-05,0,OK,8.3,0,0
t0107,train-job-001,comm-0,21,gpu-node-05,1,OK,14.92,0,0
t0107,train-job-001,comm-0,22,gpu-node-05,2,OK,11.84,0,0
t0107,train-job-001,comm-0,23,gpu-node-05,3,OK,13.37,0,0
t0107,train-job-001,comm-0,24,gpu-node-06,0,OK,11.16,0,0
t0107,train-job-001,comm-0,25,gpu-node-06,1,OK,12.79,0,0
t0107,train-job-001,comm-0,26,gpu-node-06,2,OK,12.67,0,0
t0107,train-job-001,comm-0,27,gpu-node-06,3,OK,13.29,0,0
t0107,train-job-001,comm-0,28,gpu-node-07,0,OK,10.33,0,0
t0107,train-job-001,comm-0,29,gpu-node-07,1,OK,11.11,0,0
t0107,train-job-001,comm-0,30,gpu-node-07,2,OK,8.13,0,0
t0107,train-job-001,comm-0,31,gpu-node-07,3,OK,12.33,0,0
t0107,train-job-001,comm-0,32,gpu-node-08,0,OK,10.87,0,0
t0107,train-job-001,comm-0,33,gpu-node-08,1,OK,14.16,0,0
t0107,train-job-001,comm-0,34,gpu-node-08,2,OK,12.18,0,0
t0107,train-job-001,comm-0,35,gpu-node-08,3,OK,13.39,0,0
t0107,train-job-001,comm-0,36,gpu-node-09,0,OK,10.77,0,0
t0107,train-job-001,comm-0,37,gpu-node-09,1,OK,10.29,0,0
t0107,train-job-001,comm-0,38,gpu-node-09,2,OK,10.93,0,0
t0107,train-job-001,comm-0,39,gpu-node-09,3,OK,11.48,0,0
t0107,train-job-001,comm-0,40,gpu-node-10,0,OK,12.96,0,0
t0107,train-job-001,comm-0,41,gpu-node-10,1,OK,8.91,0,0
t0107,train-job-001,comm-0,42,gpu-node-10,2,OK,12.33,0,0
t0107,train-job-001,comm-0,43,gpu-node-10,3,OK,11.31,0,0
t0107,train-job-001,comm-0,44,gpu-node-11,0,OK,7.26,0,0
t0107,train-job-001,comm-0,45,gpu-node-11,1,OK,9.3,0,0
t0107,train-job-001,comm-0,46,gpu-node-11,2,OK,16.01,0,0
t0107,train-job-001,comm-0,47,gpu-node-11,3,OK,9.3,0,0
t0108,train-job-001,comm-0,0,gpu-node-00,0,OK,10.45,0,0
t0108,train-job-001,comm-0,1,gpu-node-00,1,OK,13.81,0,0
t0108,train-job-001,comm-0,2,gpu-node-00,2,OK,10.64,0,0
t0108,train-job-001,comm-0,3,gpu-node-00,3,OK,8.57,0,0
t0108,train-job-001,comm-0,4,gpu-node-01,0,OK,11.78,0,0
t0108,train-job-001,comm-0,5,gpu-node-01,1,OK,9.71,0,0
t0108,train-job-001,comm-0,6,gpu-node-01,2,OK,9.92,0,0
t0108,train-job-001,comm-0,7,gpu-node-01,3,OK,9.75,0,0
t0108,train-job-001,comm-0,8,gpu-node-02,0,OK,14.54,0,0
t0108,train-job-001,comm-0,9,gpu-node-02,1,OK,11.62,0,0
t0108,train-job-001,comm-0,10,gpu-node-02,2,OK,15.66,0,0
t0108,train-job-001,comm-0,11,gpu-node-02,3,OK,13.19,0,0
t0108,train-job-001,comm-0,12,gpu-node-03,0,OK,11.26,0,0
t0108,train-job-001,comm-0,13,gpu-node-03,1,OK,10.64,0,0
t0108,train-job-001,comm-0,14,gpu-node-03,2,OK,13.54,0,0
t0108,train-job-001,comm-0,15,gpu-node-03,3,OK,11.62,0,0
t0108,train-job-001,comm-0,16,gpu-node-04,0,OK,9.74,0,0
t0108,train-job-001,comm-0,17,gpu-node-04,1,OK,17.19,0,0
t0108,train-job-001,comm-0,18,gpu-node-04,2,OK,8.28,0,0
t0108,train-job-001,comm-0,19,gpu-node-04,3,OK,11.37,0,0
t0108,train-job-001,comm-0,20,gpu-node-05,0,OK,14.09,0,0
t0108,train-job-001,comm-0,21,gpu-node-05,1,OK,11.02,0,0
t0108,train-job-001,comm-0,22,gpu-node-05,2,OK,12.07,0,0
t0108,train-job-001,comm-0,23,gpu-node-05,3,OK,13.11,0,0
t0108,train-job-001,comm-0,24,gpu-node-06,0,OK,12.57,0,0
t0108,train-job-001,comm-0,25,gpu-node-06,1,OK,12.72,0,0
t0108,train-job-001,comm-0,26,gpu-node-06,2,OK,10.44,0,0
t0108,train-job-001,comm-0,27,gpu-node-06,3,OK,5.11,0,0
t0108,train-job-001,comm-0,28,gpu-node-07,0,OK,9.05,0,0
t0108,train-job-001,comm-0,29,gpu-node-07,1,OK,14.05,0,0
t0108,train-job-001,comm-0,30,gpu-node-07,2,OK,14.5,0,0
t0108,train-job-001,comm-0,31,gpu-node-07,3,OK,13.39,0,0
t0108,train-job-001,comm-0,32,gpu-node-08,0,OK,13.71,0,0
t0108,train-job-001,comm-0,33,gpu-node-08,1,OK,13.4,0,0
t0108,train-job-001,comm-0,34,gpu-node-08,2,OK,9.77,0,0
t0108,train-job-001,comm-0,35,gpu-node-08,3,OK,8.87,0,0
t0108,train-job-001,comm-0,36,gpu-node-09,0,OK,14.32,0,0
t0108,train-job-001,comm-0,37,gpu-node-09,1,OK,8.58,0,0
t0108,train-job-001,comm-0,38,gpu-node-09,2,OK,14.74,0,0
t0108,train-job-001,comm-0,39,gpu-node-09,3,OK,9.34,0,0
t0108,train-job-001,comm-0,40,gpu-node-10,0,OK,11.95,0,0
t0108,train-job-001,comm-0,41,gpu-node-10,1,OK,13.08,0,0
t0108,train-job-001,comm-0,42,gpu-node-10,2,OK,10.9,0,0
t0108,train-job-001,comm-0,43,gpu-node-10,3,OK,10.13,0,0
t0108,train-job-001,comm-0,44,gpu-node-11,0,OK,11.06,0,0
t0108,train-job-001,comm-0,45,gpu-node-11,1,OK,10.25,0,0
t0108,train-job-001,comm-0,46,gpu-node-11,2,OK,17.46,0,0
t0108,train-job-001,comm-0,47,gpu-node-11,3,OK,14.92,0,0
t0109,train-job-001,comm-0,0,gpu-node-00,0,OK,8.76,0,0
t0109,train-job-001,comm-0,1,gpu-node-00,1,OK,13.46,0,0
t0109,train-job-001,comm-0,2,gpu-node-00,2,OK,15.43,0,0
t0109,train-job-001,comm-0,3,gpu-node-00,3,OK,14.74,0,0
t0109,train-job-001,comm-0,4,gpu-node-01,0,OK,13.14,0,0
t0109,train-job-001,comm-0,5,gpu-node-01,1,OK,12.77,0,0
t0109,train-job-001,comm-0,6,gpu-node-01,2,OK,12.28,0,0
t0109,train-job-001,comm-0,7,gpu-node-01,3,OK,12.62,0,0
t0109,train-job-001,comm-0,8,gpu-node-02,0,OK,8.58,0,0
t0109,train-job-001,comm-0,9,gpu-node-02,1,OK,7.97,0,0
t0109,train-job-001,comm-0,10,gpu-node-02,2,OK,7.72,0,0
t0109,train-job-001,comm-0,11,gpu-node-02,3,OK,12.97,0,0
t0109,train-job-001,comm-0,12,gpu-node-03,0,OK,10.65,0,0
t0109,train-job-001,comm-0,13,gpu-node-03,1,OK,15.4,0,0
t0109,train-job-001,comm-0,14,gpu-node-03,2,OK,15.69,0,0
t0109,train-job-001,comm-0,15,gpu-node-03,3,OK,10.31,0,0
t0109,train-job-001,comm-0,16,gpu-node-04,0,OK,13.54,0,0
t0109,train-job-001,comm-0,17,gpu-node-04,1,OK,12.42,0,0
t0109,train-job-001,comm-0,18,gpu-node-04,2,OK,12.17,0,0
t0109,train-job-001,comm-0,19,gpu-node-04,3,OK,11.82,0,0
t0109,train-job-001,comm-0,20,gpu-node-05,0,OK,11.03,0,0
t0109,train-job-001,comm-0,21,gpu-node-05,1,OK,14.62,0,0
t0109,train-job-001,comm-0,22,gpu-node-05,2,OK,15.48,0,0
t0109,train-job-001,comm-0,23,gpu-node-05,3,OK,10.94,0,0
t0109,train-job-001,comm-0,24,gpu-node-06,0,OK,11.59,0,0
t0109,train-job-001,comm-0,25,gpu-node-06,1,OK,11.16,0,0
t0109,train-job-001,comm-0,26,gpu-node-06,2,OK,12.46,0,0
t0109,train-job-001,comm-0,27,gpu-node-06,3,OK,9.35,0,0
t0109,train-job-001,comm-0,28,gpu-node-07,0,OK,14.14,0,0
t0109,train-job-001,comm-0,29,gpu-node-07,1,OK,11.62,0,0
t0109,train-job-001,comm-0,30,gpu-node-07,2,OK,13.43,0,0
t0109,train-job-001,comm-0,31,gpu-node-07,3,OK,10.25,0,0
t0109,train-job-001,comm-0,32,gpu-node-08,0,OK,11.71,0,0
t0109,train-job-001,comm-0,33,gpu-node-08,1,OK,13.02,0,0
t0109,train-job-001,comm-0,34,gpu-node-08,2,OK,9.75,0,0
t0109,train-job-001,comm-0,35,gpu-node-08,3,OK,10.33,0,0
t0109,train-job-001,comm-0,36,gpu-node-09,0,OK,12.82,0,0
t0109,train-job-001,comm-0,37,gpu-node-09,1,OK,12.33,0,0
t0109,train-job-001,comm-0,38,gpu-node-09,2,OK,11.71,0,0
t0109,train-job-001,comm-0,39,gpu-node-09,3,OK,9.89,0,0
t0109,train-job-001,comm-0,40,gpu-node-10,0,OK,12.26,0,0
t0109,train-job-001,comm-0,41,gpu-node-10,1,OK,11.75,0,0
t0109,train-job-001,comm-0,42,gpu-node-10,2,OK,10.71,0,0
t0109,train-job-001,comm-0,43,gpu-node-10,3,OK,11.21,0,0
t0109,train-job-001,comm-0,44,gpu-node-11,0,OK,10.52,0,0
t0109,train-job-001,comm-0,45,gpu-node-11,1,OK,8.27,0,0
t0109,train-job-001,comm-0,46,gpu-node-11,2,OK,15.32,0,0
t0109,train-job-001,comm-0,47,gpu-node-11,3,OK,12.4,0,0
t0110,train-job-001,comm-0,0,gpu-node-00,0,OK,7.47,0,0
t0110,train-job-001,comm-0,1,gpu-node-00,1,OK,13.36,0,0
t0110,train-job-001,comm-0,2,gpu-node-00,2,OK,9.02,0,0
t0110,train-job-001,comm-0,3,gpu-node-00,3,OK,12.0,0,0
t0110,train-job-001,comm-0,4,gpu-node-01,0,OK,12.35,0,0
t0110,train-job-001,comm-0,5,gpu-node-01,1,OK,12.68,0,0
t0110,train-job-001,comm-0,6,gpu-node-01,2,OK,9.82,0,0
t0110,train-job-001,comm-0,7,gpu-node-01,3,OK,11.87,0,0
t0110,train-job-001,comm-0,8,gpu-node-02,0,OK,12.09,0,0
t0110,train-job-001,comm-0,9,gpu-node-02,1,OK,11.92,0,0
t0110,train-job-001,comm-0,10,gpu-node-02,2,OK,11.33,0,0
t0110,train-job-001,comm-0,11,gpu-node-02,3,OK,11.68,0,0
t0110,train-job-001,comm-0,12,gpu-node-03,0,OK,10.93,0,0
t0110,train-job-001,comm-0,13,gpu-node-03,1,OK,9.72,0,0
t0110,train-job-001,comm-0,14,gpu-node-03,2,OK,15.24,0,0
t0110,train-job-001,comm-0,15,gpu-node-03,3,OK,14.44,0,0
t0110,train-job-001,comm-0,16,gpu-node-04,0,OK,14.71,0,0
t0110,train-job-001,comm-0,17,gpu-node-04,1,OK,13.06,0,0
t0110,train-job-001,comm-0,18,gpu-node-04,2,OK,12.16,0,0
t0110,train-job-001,comm-0,19,gpu-node-04,3,OK,7.51,0,0
t0110,train-job-001,comm-0,20,gpu-node-05,0,OK,13.63,0,0
t0110,train-job-001,comm-0,21,gpu-node-05,1,OK,11.88,0,0
t0110,train-job-001,comm-0,22,gpu-node-05,2,OK,12.72,0,0
t0110,train-job-001,comm-0,23,gpu-node-05,3,OK,10.34,0,0
t0110,train-job-001,comm-0,24,gpu-node-06,0,OK,11.12,0,0
t0110,train-job-001,comm-0,25,gpu-node-06,1,OK,12.97,0,0
t0110,train-job-001,comm-0,26,gpu-node-06,2,OK,9.8,0,0
t0110,train-job-001,comm-0,27,gpu-node-06,3,OK,11.6,0,0
t0110,train-job-001,comm-0,28,gpu-node-07,0,OK,14.37,0,0
t0110,train-job-001,comm-0,29,gpu-node-07,1,OK,13.2,0,0
t0110,train-job-001,comm-0,30,gpu-node-07,2,OK,13.82,0,0
t0110,train-job-001,comm-0,31,gpu-node-07,3,OK,12.1,0,0
t0110,train-job-001,comm-0,32,gpu-node-08,0,OK,12.64,0,0
t0110,train-job-001,comm-0,33,gpu-node-08,1,OK,11.16,0,0
t0110,train-job-001,comm-0,34,gpu-node-08,2,OK,11.06,0,0
t0110,train-job-001,comm-0,35,gpu-node-08,3,OK,11.21,0,0
t0110,train-job-001,comm-0,36,gpu-node-09,0,OK,10.72,0,0
t0110,train-job-001,comm-0,37,gpu-node-09,1,OK,9.18,0,0
t0110,train-job-001,comm-0,38,gpu-node-09,2,OK,16.81,0,0
t0110,train-job-001,comm-0,39,gpu-node-09,3,OK,10.39,0,0
t0110,train-job-001,comm-0,40,gpu-node-10,0,OK,10.71,0,0
t0110,train-job-001,comm-0,41,gpu-node-10,1,OK,10.07,0,0
t0110,train-job-001,comm-0,42,gpu-node-10,2,OK,14.3,0,0
t0110,train-job-001,comm-0,43,gpu-node-10,3,OK,10.07,0,0
t0110,train-job-001,comm-0,44,gpu-node-11,0,OK,9.62,0,0
t0110,train-job-001,comm-0,45,gpu-node-11,1,OK,10.03,0,0
t0110,train-job-001,comm-0,46,gpu-node-11,2,OK,8.6,0,0
t0110,train-job-001,comm-0,47,gpu-node-11,3,OK,14.15,0,0
t0111,train-job-001,comm-0,0,gpu-node-00,0,OK,16.2,0,0
t0111,train-job-001,comm-0,1,gpu-node-00,1,OK,9.38,0,0
t0111,train-job-001,comm-0,2,gpu-node-00,2,OK,15.97,0,0
t0111,train-job-001,comm-0,3,gpu-node-00,3,OK,12.75,0,0
t0111,train-job-001,comm-0,4,gpu-node-01,0,OK,12.54,0,0
t0111,train-job-001,comm-0,5,gpu-node-01,1,OK,12.91,0,0
t0111,train-job-001,comm-0,6,gpu-node-01,2,OK,15.09,0,0
t0111,train-job-001,comm-0,7,gpu-node-01,3,OK,13.64,0,0
t0111,train-job-001,comm-0,8,gpu-node-02,0,OK,13.23,0,0
t0111,train-job-001,comm-0,9,gpu-node-02,1,OK,12.28,0,0
t0111,train-job-001,comm-0,10,gpu-node-02,2,OK,10.97,0,0
t0111,train-job-001,comm-0,11,gpu-node-02,3,OK,15.74,0,0
t0111,train-job-001,comm-0,12,gpu-node-03,0,OK,13.71,0,0
t0111,train-job-001,comm-0,13,gpu-node-03,1,OK,13.99,0,0
t0111,train-job-001,comm-0,14,gpu-node-03,2,OK,11.9,0,0
t0111,train-job-001,comm-0,15,gpu-node-03,3,OK,13.58,0,0
t0111,train-job-001,comm-0,16,gpu-node-04,0,OK,11.76,0,0
t0111,train-job-001,comm-0,17,gpu-node-04,1,OK,10.3,0,0
t0111,train-job-001,comm-0,18,gpu-node-04,2,OK,14.21,0,0
t0111,train-job-001,comm-0,19,gpu-node-04,3,OK,11.3,0,0
t0111,train-job-001,comm-0,20,gpu-node-05,0,OK,11.58,0,0
t0111,train-job-001,comm-0,21,gpu-node-05,1,OK,9.43,0,0
t0111,train-job-001,comm-0,22,gpu-node-05,2,OK,13.81,0,0
t0111,train-job-001,comm-0,23,gpu-node-05,3,OK,9.88,0,0
t0111,train-job-001,comm-0,24,gpu-node-06,0,OK,12.77,0,0
t0111,train-job-001,comm-0,25,gpu-node-06,1,OK,9.7,0,0
t0111,train-job-001,comm-0,26,gpu-node-06,2,OK,8.2,0,0
t0111,train-job-001,comm-0,27,gpu-node-06,3,OK,10.12,0,0
t0111,train-job-001,comm-0,28,gpu-node-07,0,OK,15.08,0,0
t0111,train-job-001,comm-0,29,gpu-node-07,1,OK,12.44,0,0
t0111,train-job-001,comm-0,30,gpu-node-07,2,OK,11.16,0,0
t0111,train-job-001,comm-0,31,gpu-node-07,3,OK,12.91,0,0
t0111,train-job-001,comm-0,32,gpu-node-08,0,OK,19.25,0,0
t0111,train-job-001,comm-0,33,gpu-node-08,1,OK,12.03,0,0
t0111,train-job-001,comm-0,34,gpu-node-08,2,OK,11.08,0,0
t0111,train-job-001,comm-0,35,gpu-node-08,3,OK,7.99,0,0
t0111,train-job-001,comm-0,36,gpu-node-09,0,OK,10.74,0,0
t0111,train-job-001,comm-0,37,gpu-node-09,1,OK,11.23,0,0
t0111,train-job-001,comm-0,38,gpu-node-09,2,OK,12.5,0,0
t0111,train-job-001,comm-0,39,gpu-node-09,3,OK,7.54,0,0
t0111,train-job-001,comm-0,40,gpu-node-10,0,OK,9.31,0,0
t0111,train-job-001,comm-0,41,gpu-node-10,1,OK,13.32,0,0
t0111,train-job-001,comm-0,42,gpu-node-10,2,OK,9.39,0,0
t0111,train-job-001,comm-0,43,gpu-node-10,3,OK,10.88,0,0
t0111,train-job-001,comm-0,44,gpu-node-11,0,OK,11.1,0,0
t0111,train-job-001,comm-0,45,gpu-node-11,1,OK,11.88,0,0
t0111,train-job-001,comm-0,46,gpu-node-11,2,OK,14.49,0,0
t0111,train-job-001,comm-0,47,gpu-node-11,3,OK,15.67,0,0
t0112,train-job-001,comm-0,0,gpu-node-00,0,OK,15.2,0,0
t0112,train-job-001,comm-0,1,gpu-node-00,1,OK,15.78,0,0
t0112,train-job-001,comm-0,2,gpu-node-00,2,OK,12.53,0,0
t0112,train-job-001,comm-0,3,gpu-node-00,3,OK,14.04,0,0
t0112,train-job-001,comm-0,4,gpu-node-01,0,OK,14.7,0,0
t0112,train-job-001,comm-0,5,gpu-node-01,1,OK,14.02,0,0
t0112,train-job-001,comm-0,6,gpu-node-01,2,OK,10.49,0,0
t0112,train-job-001,comm-0,7,gpu-node-01,3,OK,11.23,0,0
t0112,train-job-001,comm-0,8,gpu-node-02,0,OK,9.73,0,0
t0112,train-job-001,comm-0,9,gpu-node-02,1,OK,15.79,0,0
t0112,train-job-001,comm-0,10,gpu-node-02,2,OK,10.76,0,0
t0112,train-job-001,comm-0,11,gpu-node-02,3,OK,15.8,0,0
t0112,train-job-001,comm-0,12,gpu-node-03,0,OK,7.5,0,0
t0112,train-job-001,comm-0,13,gpu-node-03,1,OK,16.45,0,0
t0112,train-job-001,comm-0,14,gpu-node-03,2,OK,16.14,0,0
t0112,train-job-001,comm-0,15,gpu-node-03,3,OK,14.51,0,0
t0112,train-job-001,comm-0,16,gpu-node-04,0,OK,12.8,0,0
t0112,train-job-001,comm-0,17,gpu-node-04,1,OK,10.45,0,0
t0112,train-job-001,comm-0,18,gpu-node-04,2,OK,11.54,0,0
t0112,train-job-001,comm-0,19,gpu-node-04,3,OK,8.8,0,0
t0112,train-job-001,comm-0,20,gpu-node-05,0,OK,12.2,0,0
t0112,train-job-001,comm-0,21,gpu-node-05,1,OK,7.89,0,0
t0112,train-job-001,comm-0,22,gpu-node-05,2,OK,14.16,0,0
t0112,train-job-001,comm-0,23,gpu-node-05,3,OK,9.81,0,0
t0112,train-job-001,comm-0,24,gpu-node-06,0,OK,13.76,0,0
t0112,train-job-001,comm-0,25,gpu-node-06,1,OK,15.8,0,0
t0112,train-job-001,comm-0,26,gpu-node-06,2,OK,9.21,0,0
t0112,train-job-001,comm-0,27,gpu-node-06,3,OK,11.23,0,0
t0112,train-job-001,comm-0,28,gpu-node-07,0,OK,18.3,0,0
t0112,train-job-001,comm-0,29,gpu-node-07,1,OK,13.33,0,0
t0112,train-job-001,comm-0,30,gpu-node-07,2,OK,9.95,0,0
t0112,train-job-001,comm-0,31,gpu-node-07,3,OK,13.19,0,0
t0112,train-job-001,comm-0,32,gpu-node-08,0,OK,10.03,0,0
t0112,train-job-001,comm-0,33,gpu-node-08,1,OK,9.28,0,0
t0112,train-job-001,comm-0,34,gpu-node-08,2,OK,12.82,0,0
t0112,train-job-001,comm-0,35,gpu-node-08,3,OK,10.58,0,0
t0112,train-job-001,comm-0,36,gpu-node-09,0,OK,12.17,0,0
t0112,train-job-001,comm-0,37,gpu-node-09,1,OK,15.69,0,0
t0112,train-job-001,comm-0,38,gpu-node-09,2,OK,9.32,0,0
t0112,train-job-001,comm-0,39,gpu-node-09,3,OK,15.37,0,0
t0112,train-job-001,comm-0,40,gpu-node-10,0,OK,11.08,0,0
t0112,train-job-001,comm-0,41,gpu-node-10,1,OK,13.16,0,0
t0112,train-job-001,comm-0,42,gpu-node-10,2,OK,10.11,0,0
t0112,train-job-001,comm-0,43,gpu-node-10,3,OK,11.63,0,0
t0112,train-job-001,comm-0,44,gpu-node-11,0,OK,12.48,0,0
t0112,train-job-001,comm-0,45,gpu-node-11,1,OK,14.32,0,0
t0112,train-job-001,comm-0,46,gpu-node-11,2,OK,11.59,0,0
t0112,train-job-001,comm-0,47,gpu-node-11,3,OK,11.9,0,0
t0113,train-job-001,comm-0,0,gpu-node-00,0,OK,9.04,0,0
t0113,train-job-001,comm-0,1,gpu-node-00,1,OK,12.69,0,0
t0113,train-job-001,comm-0,2,gpu-node-00,2,OK,11.81,0,0
t0113,train-job-001,comm-0,3,gpu-node-00,3,OK,12.0,0,0
t0113,train-job-001,comm-0,4,gpu-node-01,0,OK,12.9,0,0
t0113,train-job-001,comm-0,5,gpu-node-01,1,OK,11.31,0,0
t0113,train-job-001,comm-0,6,gpu-node-01,2,OK,10.2,0,0
t0113,train-job-001,comm-0,7,gpu-node-01,3,OK,10.84,0,0
t0113,train-job-001,comm-0,8,gpu-node-02,0,OK,13.76,0,0
t0113,train-job-001,comm-0,9,gpu-node-02,1,OK,12.47,0,0
t0113,train-job-001,comm-0,10,gpu-node-02,2,OK,13.03,0,0
t0113,train-job-001,comm-0,11,gpu-node-02,3,OK,12.44,0,0
t0113,train-job-001,comm-0,12,gpu-node-03,0,OK,9.38,0,0
t0113,train-job-001,comm-0,13,gpu-node-03,1,OK,13.84,0,0
t0113,train-job-001,comm-0,14,gpu-node-03,2,OK,13.75,0,0
t0113,train-job-001,comm-0,15,gpu-node-03,3,OK,13.93,0,0
t0113,train-job-001,comm-0,16,gpu-node-04,0,OK,15.49,0,0
t0113,train-job-001,comm-0,17,gpu-node-04,1,OK,13.03,0,0
t0113,train-job-001,comm-0,18,gpu-node-04,2,OK,12.47,0,0
t0113,train-job-001,comm-0,19,gpu-node-04,3,OK,9.86,0,0
t0113,train-job-001,comm-0,20,gpu-node-05,0,OK,10.77,0,0
t0113,train-job-001,comm-0,21,gpu-node-05,1,OK,11.97,0,0
t0113,train-job-001,comm-0,22,gpu-node-05,2,OK,15.98,0,0
t0113,train-job-001,comm-0,23,gpu-node-05,3,OK,11.61,0,0
t0113,train-job-001,comm-0,24,gpu-node-06,0,OK,12.38,0,0
t0113,train-job-001,comm-0,25,gpu-node-06,1,OK,12.53,0,0
t0113,train-job-001,comm-0,26,gpu-node-06,2,OK,13.51,0,0
t0113,train-job-001,comm-0,27,gpu-node-06,3,OK,7.45,0,0
t0113,train-job-001,comm-0,28,gpu-node-07,0,OK,11.48,0,0
t0113,train-job-001,comm-0,29,gpu-node-07,1,OK,13.25,0,0
t0113,train-job-001,comm-0,30,gpu-node-07,2,OK,11.28,0,0
t0113,train-job-001,comm-0,31,gpu-node-07,3,OK,14.17,0,0
t0113,train-job-001,comm-0,32,gpu-node-08,0,OK,10.6,0,0
t0113,train-job-001,comm-0,33,gpu-node-08,1,OK,10.35,0,0
t0113,train-job-001,comm-0,34,gpu-node-08,2,OK,12.17,0,0
t0113,train-job-001,comm-0,35,gpu-node-08,3,OK,11.01,0,0
t0113,train-job-001,comm-0,36,gpu-node-09,0,OK,10.77,0,0
t0113,train-job-001,comm-0,37,gpu-node-09,1,OK,13.92,0,0
t0113,train-job-001,comm-0,38,gpu-node-09,2,OK,11.63,0,0
t0113,train-job-001,comm-0,39,gpu-node-09,3,OK,10.98,0,0
t0113,train-job-001,comm-0,40,gpu-node-10,0,OK,12.34,0,0
t0113,train-job-001,comm-0,41,gpu-node-10,1,OK,10.14,0,0
t0113,train-job-001,comm-0,42,gpu-node-10,2,OK,11.29,0,0
t0113,train-job-001,comm-0,43,gpu-node-10,3,OK,10.94,0,0
t0113,train-job-001,comm-0,44,gpu-node-11,0,OK,13.91,0,0
t0113,train-job-001,comm-0,45,gpu-node-11,1,OK,15.19,0,0
t0113,train-job-001,comm-0,46,gpu-node-11,2,OK,11.06,0,0
t0113,train-job-001,comm-0,47,gpu-node-11,3,OK,14.8,0,0
t0114,train-job-001,comm-0,0,gpu-node-00,0,OK,13.17,0,0
t0114,train-job-001,comm-0,1,gpu-node-00,1,OK,8.06,0,0
t0114,train-job-001,comm-0,2,gpu-node-00,2,OK,12.65,0,0
t0114,train-job-001,comm-0,3,gpu-node-00,3,OK,12.78,0,0
t0114,train-job-001,comm-0,4,gpu-node-01,0,OK,9.41,0,0
t0114,train-job-001,comm-0,5,gpu-node-01,1,OK,10.69,0,0
t0114,train-job-001,comm-0,6,gpu-node-01,2,OK,13.76,0,0
t0114,train-job-001,comm-0,7,gpu-node-01,3,OK,12.05,0,0
t0114,train-job-001,comm-0,8,gpu-node-02,0,OK,11.82,0,0
t0114,train-job-001,comm-0,9,gpu-node-02,1,OK,7.59,0,0
t0114,train-job-001,comm-0,10,gpu-node-02,2,OK,11.83,0,0
t0114,train-job-001,comm-0,11,gpu-node-02,3,OK,8.17,0,0
t0114,train-job-001,comm-0,12,gpu-node-03,0,OK,11.93,0,0
t0114,train-job-001,comm-0,13,gpu-node-03,1,OK,12.43,0,0
t0114,train-job-001,comm-0,14,gpu-node-03,2,OK,8.33,0,0
t0114,train-job-001,comm-0,15,gpu-node-03,3,OK,13.95,0,0
t0114,train-job-001,comm-0,16,gpu-node-04,0,OK,10.08,0,0
t0114,train-job-001,comm-0,17,gpu-node-04,1,OK,12.99,0,0
t0114,train-job-001,comm-0,18,gpu-node-04,2,OK,12.04,0,0
t0114,train-job-001,comm-0,19,gpu-node-04,3,OK,14.48,0,0
t0114,train-job-001,comm-0,20,gpu-node-05,0,OK,14.06,0,0
t0114,train-job-001,comm-0,21,gpu-node-05,1,OK,11.77,0,0
t0114,train-job-001,comm-0,22,gpu-node-05,2,OK,13.09,0,0
t0114,train-job-001,comm-0,23,gpu-node-05,3,OK,10.75,0,0
t0114,train-job-001,comm-0,24,gpu-node-06,0,OK,14.38,0,0
t0114,train-job-001,comm-0,25,gpu-node-06,1,OK,11.52,0,0
t0114,train-job-001,comm-0,26,gpu-node-06,2,OK,14.24,0,0
t0114,train-job-001,comm-0,27,gpu-node-06,3,OK,12.85,0,0
t0114,train-job-001,comm-0,28,gpu-node-07,0,OK,11.23,0,0
t0114,train-job-001,comm-0,29,gpu-node-07,1,OK,12.6,0,0
t0114,train-job-001,comm-0,30,gpu-node-07,2,OK,14.31,0,0
t0114,train-job-001,comm-0,31,gpu-node-07,3,OK,9.12,0,0
t0114,train-job-001,comm-0,32,gpu-node-08,0,OK,11.48,0,0
t0114,train-job-001,comm-0,33,gpu-node-08,1,OK,11.45,0,0
t0114,train-job-001,comm-0,34,gpu-node-08,2,OK,11.91,0,0
t0114,train-job-001,comm-0,35,gpu-node-08,3,OK,10.8,0,0
t0114,train-job-001,comm-0,36,gpu-node-09,0,OK,14.57,0,0
t0114,train-job-001,comm-0,37,gpu-node-09,1,OK,11.19,0,0
t0114,train-job-001,comm-0,38,gpu-node-09,2,OK,11.04,0,0
t0114,train-job-001,comm-0,39,gpu-node-09,3,OK,11.49,0,0
t0114,train-job-001,comm-0,40,gpu-node-10,0,OK,14.18,0,0
t0114,train-job-001,comm-0,41,gpu-node-10,1,OK,12.81,0,0
t0114,train-job-001,comm-0,42,gpu-node-10,2,OK,13.88,0,0
t0114,train-job-001,comm-0,43,gpu-node-10,3,OK,11.03,0,0
t0114,train-job-001,comm-0,44,gpu-node-11,0,OK,13.66,0,0
t0114,train-job-001,comm-0,45,gpu-node-11,1,OK,9.57,0,0
t0114,train-job-001,comm-0,46,gpu-node-11,2,OK,11.48,0,0
t0114,train-job-001,comm-0,47,gpu-node-11,3,OK,11.88,0,0
t0115,train-job-001,comm-0,0,gpu-node-00,0,OK,11.11,0,0
t0115,train-job-001,comm-0,1,gpu-node-00,1,OK,11.66,0,0
t0115,train-job-001,comm-0,2,gpu-node-00,2,OK,12.76,0,0
t0115,train-job-001,comm-0,3,gpu-node-00,3,OK,10.33,0,0
t0115,train-job-001,comm-0,4,gpu-node-01,0,OK,9.73,0,0
t0115,train-job-001,comm-0,5,gpu-node-01,1,OK,9.66,0,0
t0115,train-job-001,comm-0,6,gpu-node-01,2,OK,9.75,0,0
t0115,train-job-001,comm-0,7,gpu-node-01,3,OK,15.83,0,0
t0115,train-job-001,comm-0,8,gpu-node-02,0,OK,11.76,0,0
t0115,train-job-001,comm-0,9,gpu-node-02,1,OK,13.22,0,0
t0115,train-job-001,comm-0,10,gpu-node-02,2,OK,14.03,0,0
t0115,train-job-001,comm-0,11,gpu-node-02,3,OK,8.16,0,0
t0115,train-job-001,comm-0,12,gpu-node-03,0,OK,14.28,0,0
t0115,train-job-001,comm-0,13,gpu-node-03,1,OK,12.48,0,0
t0115,train-job-001,comm-0,14,gpu-node-03,2,OK,10.24,0,0
t0115,train-job-001,comm-0,15,gpu-node-03,3,OK,12.49,0,0
t0115,train-job-001,comm-0,16,gpu-node-04,0,OK,9.39,0,0
t0115,train-job-001,comm-0,17,gpu-node-04,1,OK,12.02,0,0
t0115,train-job-001,comm-0,18,gpu-node-04,2,OK,14.47,0,0
t0115,train-job-001,comm-0,19,gpu-node-04,3,OK,11.35,0,0
t0115,train-job-001,comm-0,20,gpu-node-05,0,OK,14.62,0,0
t0115,train-job-001,comm-0,21,gpu-node-05,1,OK,14.37,0,0
t0115,train-job-001,comm-0,22,gpu-node-05,2,OK,10.03,0,0
t0115,train-job-001,comm-0,23,gpu-node-05,3,OK,11.85,0,0
t0115,train-job-001,comm-0,24,gpu-node-06,0,OK,10.55,0,0
t0115,train-job-001,comm-0,25,gpu-node-06,1,OK,9.09,0,0
t0115,train-job-001,comm-0,26,gpu-node-06,2,OK,12.79,0,0
t0115,train-job-001,comm-0,27,gpu-node-06,3,OK,11.79,0,0
t0115,train-job-001,comm-0,28,gpu-node-07,0,OK,9.81,0,0
t0115,train-job-001,comm-0,29,gpu-node-07,1,OK,9.65,0,0
t0115,train-job-001,comm-0,30,gpu-node-07,2,OK,13.69,0,0
t0115,train-job-001,comm-0,31,gpu-node-07,3,OK,10.59,0,0
t0115,train-job-001,comm-0,32,gpu-node-08,0,OK,11.94,0,0
t0115,train-job-001,comm-0,33,gpu-node-08,1,OK,11.52,0,0
t0115,train-job-001,comm-0,34,gpu-node-08,2,OK,14.66,0,0
t0115,train-job-001,comm-0,35,gpu-node-08,3,OK,13.23,0,0
t0115,train-job-001,comm-0,36,gpu-node-09,0,OK,16.95,0,0
t0115,train-job-001,comm-0,37,gpu-node-09,1,OK,13.92,0,0
t0115,train-job-001,comm-0,38,gpu-node-09,2,OK,10.51,0,0
t0115,train-job-001,comm-0,39,gpu-node-09,3,OK,11.81,0,0
t0115,train-job-001,comm-0,40,gpu-node-10,0,OK,13.36,0,0
t0115,train-job-001,comm-0,41,gpu-node-10,1,OK,11.09,0,0
t0115,train-job-001,comm-0,42,gpu-node-10,2,OK,10.8,0,0
t0115,train-job-001,comm-0,43,gpu-node-10,3,OK,10.84,0,0
t0115,train-job-001,comm-0,44,gpu-node-11,0,OK,7.67,0,0
t0115,train-job-001,comm-0,45,gpu-node-11,1,OK,13.56,0,0
t0115,train-job-001,comm-0,46,gpu-node-11,2,OK,13.36,0,0
t0115,train-job-001,comm-0,47,gpu-node-11,3,OK,12.72,0,0
t0116,train-job-001,comm-0,0,gpu-node-00,0,OK,12.37,0,0
t0116,train-job-001,comm-0,1,gpu-node-00,1,OK,12.93,0,0
t0116,train-job-001,comm-0,2,gpu-node-00,2,OK,11.79,0,0
t0116,train-job-001,comm-0,3,gpu-node-00,3,OK,13.79,0,0
t0116,train-job-001,comm-0,4,gpu-node-01,0,OK,13.67,0,0
t0116,train-job-001,comm-0,5,gpu-node-01,1,OK,12.32,0,0
t0116,train-job-001,comm-0,6,gpu-node-01,2,OK,13.18,0,0
t0116,train-job-001,comm-0,7,gpu-node-01,3,OK,11.82,0,0
t0116,train-job-001,comm-0,8,gpu-node-02,0,OK,14.98,0,0
t0116,train-job-001,comm-0,9,gpu-node-02,1,OK,15.21,0,0
t0116,train-job-001,comm-0,10,gpu-node-02,2,OK,10.61,0,0
t0116,train-job-001,comm-0,11,gpu-node-02,3,OK,13.47,0,0
t0116,train-job-001,comm-0,12,gpu-node-03,0,OK,11.09,0,0
t0116,train-job-001,comm-0,13,gpu-node-03,1,OK,11.46,0,0
t0116,train-job-001,comm-0,14,gpu-node-03,2,OK,10.87,0,0
t0116,train-job-001,comm-0,15,gpu-node-03,3,OK,8.39,0,0
t0116,train-job-001,comm-0,16,gpu-node-04,0,OK,12.19,0,0
t0116,train-job-001,comm-0,17,gpu-node-04,1,OK,10.66,0,0
t0116,train-job-001,comm-0,18,gpu-node-04,2,OK,9.38,0,0
t0116,train-job-001,comm-0,19,gpu-node-04,3,OK,13.52,0,0
t0116,train-job-001,comm-0,20,gpu-node-05,0,OK,14.18,0,0
t0116,train-job-001,comm-0,21,gpu-node-05,1,OK,11.74,0,0
t0116,train-job-001,comm-0,22,gpu-node-05,2,OK,12.63,0,0
t0116,train-job-001,comm-0,23,gpu-node-05,3,OK,10.83,0,0
t0116,train-job-001,comm-0,24,gpu-node-06,0,OK,9.57,0,0
t0116,train-job-001,comm-0,25,gpu-node-06,1,OK,12.75,0,0
t0116,train-job-001,comm-0,26,gpu-node-06,2,OK,11.32,0,0
t0116,train-job-001,comm-0,27,gpu-node-06,3,OK,13.21,0,0
t0116,train-job-001,comm-0,28,gpu-node-07,0,OK,9.11,0,0
t0116,train-job-001,comm-0,29,gpu-node-07,1,OK,12.43,0,0
t0116,train-job-001,comm-0,30,gpu-node-07,2,OK,10.76,0,0
t0116,train-job-001,comm-0,31,gpu-node-07,3,OK,10.56,0,0
t0116,train-job-001,comm-0,32,gpu-node-08,0,OK,11.35,0,0
t0116,train-job-001,comm-0,33,gpu-node-08,1,OK,12.64,0,0
t0116,train-job-001,comm-0,34,gpu-node-08,2,OK,12.69,0,0
t0116,train-job-001,comm-0,35,gpu-node-08,3,OK,12.84,0,0
t0116,train-job-001,comm-0,36,gpu-node-09,0,OK,14.1,0,0
t0116,train-job-001,comm-0,37,gpu-node-09,1,OK,11.75,0,0
t0116,train-job-001,comm-0,38,gpu-node-09,2,OK,10.9,0,0
t0116,train-job-001,comm-0,39,gpu-node-09,3,OK,14.33,0,0
t0116,train-job-001,comm-0,40,gpu-node-10,0,OK,10.3,0,0
t0116,train-job-001,comm-0,41,gpu-node-10,1,OK,12.89,0,0
t0116,train-job-001,comm-0,42,gpu-node-10,2,OK,11.35,0,0
t0116,train-job-001,comm-0,43,gpu-node-10,3,OK,10.75,0,0
t0116,train-job-001,comm-0,44,gpu-node-11,0,OK,7.7,0,0
t0116,train-job-001,comm-0,45,gpu-node-11,1,OK,10.78,0,0
t0116,train-job-001,comm-0,46,gpu-node-11,2,OK,15.19,0,0
t0116,train-job-001,comm-0,47,gpu-node-11,3,OK,14.28,0,0
t0117,train-job-001,comm-0,0,gpu-node-00,0,OK,10.83,0,0
t0117,train-job-001,comm-0,1,gpu-node-00,1,OK,14.13,0,0
t0117,train-job-001,comm-0,2,gpu-node-00,2,OK,14.99,0,0
t0117,train-job-001,comm-0,3,gpu-node-00,3,OK,10.08,0,0
t0117,train-job-001,comm-0,4,gpu-node-01,0,OK,14.12,0,0
t0117,train-job-001,comm-0,5,gpu-node-01,1,OK,12.08,0,0
t0117,train-job-001,comm-0,6,gpu-node-01,2,OK,13.01,0,0
t0117,train-job-001,comm-0,7,gpu-node-01,3,OK,13.68,0,0
t0117,train-job-001,comm-0,8,gpu-node-02,0,OK,12.96,0,0
t0117,train-job-001,comm-0,9,gpu-node-02,1,OK,12.7,0,0
t0117,train-job-001,comm-0,10,gpu-node-02,2,OK,12.62,0,0
t0117,train-job-001,comm-0,11,gpu-node-02,3,OK,10.31,0,0
t0117,train-job-001,comm-0,12,gpu-node-03,0,OK,8.52,0,0
t0117,train-job-001,comm-0,13,gpu-node-03,1,OK,10.07,0,0
t0117,train-job-001,comm-0,14,gpu-node-03,2,OK,12.03,0,0
t0117,train-job-001,comm-0,15,gpu-node-03,3,OK,10.81,0,0
t0117,train-job-001,comm-0,16,gpu-node-04,0,OK,14.15,0,0
t0117,train-job-001,comm-0,17,gpu-node-04,1,OK,14.05,0,0
t0117,train-job-001,comm-0,18,gpu-node-04,2,OK,10.48,0,0
t0117,train-job-001,comm-0,19,gpu-node-04,3,OK,14.69,0,0
t0117,train-job-001,comm-0,20,gpu-node-05,0,OK,14.75,0,0
t0117,train-job-001,comm-0,21,gpu-node-05,1,OK,13.17,0,0
t0117,train-job-001,comm-0,22,gpu-node-05,2,OK,15.76,0,0
t0117,train-job-001,comm-0,23,gpu-node-05,3,OK,11.93,0,0
t0117,train-job-001,comm-0,24,gpu-node-06,0,OK,10.57,0,0
t0117,train-job-001,comm-0,25,gpu-node-06,1,OK,12.1,0,0
t0117,train-job-001,comm-0,26,gpu-node-06,2,OK,10.73,0,0
t0117,train-job-001,comm-0,27,gpu-node-06,3,OK,13.71,0,0
t0117,train-job-001,comm-0,28,gpu-node-07,0,OK,14.73,0,0
t0117,train-job-001,comm-0,29,gpu-node-07,1,OK,14.2,0,0
t0117,train-job-001,comm-0,30,gpu-node-07,2,OK,10.41,0,0
t0117,train-job-001,comm-0,31,gpu-node-07,3,OK,12.55,0,0
t0117,train-job-001,comm-0,32,gpu-node-08,0,OK,12.79,0,0
t0117,train-job-001,comm-0,33,gpu-node-08,1,OK,9.64,0,0
t0117,train-job-001,comm-0,34,gpu-node-08,2,OK,12.28,0,0
t0117,train-job-001,comm-0,35,gpu-node-08,3,OK,14.78,0,0
t0117,train-job-001,comm-0,36,gpu-node-09,0,OK,13.24,0,0
t0117,train-job-001,comm-0,37,gpu-node-09,1,OK,12.21,0,0
t0117,train-job-001,comm-0,38,gpu-node-09,2,OK,9.84,0,0
t0117,train-job-001,comm-0,39,gpu-node-09,3,OK,10.34,0,0
t0117,train-job-001,comm-0,40,gpu-node-10,0,OK,11.97,0,0
t0117,train-job-001,comm-0,41,gpu-node-10,1,OK,13.45,0,0
t0117,train-job-001,comm-0,42,gpu-node-10,2,OK,11.06,0,0
t0117,train-job-001,comm-0,43,gpu-node-10,3,OK,10.85,0,0
t0117,train-job-001,comm-0,44,gpu-node-11,0,OK,12.58,0,0
t0117,train-job-001,comm-0,45,gpu-node-11,1,OK,11.5,0,0
t0117,train-job-001,comm-0,46,gpu-node-11,2,OK,11.65,0,0
t0117,train-job-001,comm-0,47,gpu-node-11,3,OK,10.0,0,0
t0118,train-job-001,comm-0,0,gpu-node-00,0,OK,11.98,0,0
t0118,train-job-001,comm-0,1,gpu-node-00,1,OK,10.03,0,0
t0118,train-job-001,comm-0,2,gpu-node-00,2,OK,12.15,0,0
t0118,train-job-001,comm-0,3,gpu-node-00,3,OK,12.78,0,0
t0118,train-job-001,comm-0,4,gpu-node-01,0,OK,11.19,0,0
t0118,train-job-001,comm-0,5,gpu-node-01,1,OK,10.89,0,0
t0118,train-job-001,comm-0,6,gpu-node-01,2,OK,11.21,0,0
t0118,train-job-001,comm-0,7,gpu-node-01,3,OK,12.46,0,0
t0118,train-job-001,comm-0,8,gpu-node-02,0,OK,10.34,0,0
t0118,train-job-001,comm-0,9,gpu-node-02,1,OK,11.31,0,0
t0118,train-job-001,comm-0,10,gpu-node-02,2,OK,13.19,0,0
t0118,train-job-001,comm-0,11,gpu-node-02,3,OK,9.25,0,0
t0118,train-job-001,comm-0,12,gpu-node-03,0,OK,11.66,0,0
t0118,train-job-001,comm-0,13,gpu-node-03,1,OK,10.44,0,0
t0118,train-job-001,comm-0,14,gpu-node-03,2,OK,11.74,0,0
t0118,train-job-001,comm-0,15,gpu-node-03,3,OK,13.15,0,0
t0118,train-job-001,comm-0,16,gpu-node-04,0,OK,10.07,0,0
t0118,train-job-001,comm-0,17,gpu-node-04,1,OK,8.8,0,0
t0118,train-job-001,comm-0,18,gpu-node-04,2,OK,9.96,0,0
t0118,train-job-001,comm-0,19,gpu-node-04,3,OK,9.92,0,0
t0118,train-job-001,comm-0,20,gpu-node-05,0,OK,15.13,0,0
t0118,train-job-001,comm-0,21,gpu-node-05,1,OK,13.5,0,0
t0118,train-job-001,comm-0,22,gpu-node-05,2,OK,13.6,0,0
t0118,train-job-001,comm-0,23,gpu-node-05,3,OK,15.21,0,0
t0118,train-job-001,comm-0,24,gpu-node-06,0,OK,13.39,0,0
t0118,train-job-001,comm-0,25,gpu-node-06,1,OK,10.61,0,0
t0118,train-job-001,comm-0,26,gpu-node-06,2,OK,12.38,0,0
t0118,train-job-001,comm-0,27,gpu-node-06,3,OK,16.43,0,0
t0118,train-job-001,comm-0,28,gpu-node-07,0,OK,11.69,0,0
t0118,train-job-001,comm-0,29,gpu-node-07,1,OK,11.99,0,0
t0118,train-job-001,comm-0,30,gpu-node-07,2,OK,10.15,0,0
t0118,train-job-001,comm-0,31,gpu-node-07,3,OK,15.2,0,0
t0118,train-job-001,comm-0,32,gpu-node-08,0,OK,9.49,0,0
t0118,train-job-001,comm-0,33,gpu-node-08,1,OK,9.91,0,0
t0118,train-job-001,comm-0,34,gpu-node-08,2,OK,14.6,0,0
t0118,train-job-001,comm-0,35,gpu-node-08,3,OK,12.66,0,0
t0118,train-job-001,comm-0,36,gpu-node-09,0,OK,12.84,0,0
t0118,train-job-001,comm-0,37,gpu-node-09,1,OK,10.27,0,0
t0118,train-job-001,comm-0,38,gpu-node-09,2,OK,13.57,0,0
t0118,train-job-001,comm-0,39,gpu-node-09,3,OK,17.1,0,0
t0118,train-job-001,comm-0,40,gpu-node-10,0,OK,11.38,0,0
t0118,train-job-001,comm-0,41,gpu-node-10,1,OK,12.38,0,0
t0118,train-job-001,comm-0,42,gpu-node-10,2,OK,10.88,0,0
t0118,train-job-001,comm-0,43,gpu-node-10,3,OK,12.73,0,0
t0118,train-job-001,comm-0,44,gpu-node-11,0,OK,11.39,0,0
t0118,train-job-001,comm-0,45,gpu-node-11,1,OK,15.03,0,0
t0118,train-job-001,comm-0,46,gpu-node-11,2,OK,9.72,0,0
t0118,train-job-001,comm-0,47,gpu-node-11,3,OK,14.42,0,0
t0119,train-job-001,comm-0,0,gpu-node-00,0,OK,11.93,0,0
t0119,train-job-001,comm-0,1,gpu-node-00,1,OK,11.79,0,0
t0119,train-job-001,comm-0,2,gpu-node-00,2,OK,8.99,0,0
t0119,train-job-001,comm-0,3,gpu-node-00,3,OK,15.11,0,0
t0119,train-job-001,comm-0,4,gpu-node-01,0,OK,13.2,0,0
t0119,train-job-001,comm-0,5,gpu-node-01,1,OK,8.06,0,0
t0119,train-job-001,comm-0,6,gpu-node-01,2,OK,11.81,0,0
t0119,train-job-001,comm-0,7,gpu-node-01,3,OK,8.19,0,0
t0119,train-job-001,comm-0,8,gpu-node-02,0,OK,14.13,0,0
t0119,train-job-001,comm-0,9,gpu-node-02,1,OK,10.56,0,0
t0119,train-job-001,comm-0,10,gpu-node-02,2,OK,11.23,0,0
t0119,train-job-001,comm-0,11,gpu-node-02,3,OK,12.63,0,0
t0119,train-job-001,comm-0,12,gpu-node-03,0,OK,11.82,0,0
t0119,train-job-001,comm-0,13,gpu-node-03,1,OK,12.84,0,0
t0119,train-job-001,comm-0,14,gpu-node-03,2,OK,8.37,0,0
t0119,train-job-001,comm-0,15,gpu-node-03,3,OK,9.78,0,0
t0119,train-job-001,comm-0,16,gpu-node-04,0,OK,12.62,0,0
t0119,train-job-001,comm-0,17,gpu-node-04,1,OK,11.72,0,0
t0119,train-job-001,comm-0,18,gpu-node-04,2,OK,11.46,0,0
t0119,train-job-001,comm-0,19,gpu-node-04,3,OK,13.12,0,0
t0119,train-job-001,comm-0,20,gpu-node-05,0,OK,12.73,0,0
t0119,train-job-001,comm-0,21,gpu-node-05,1,OK,11.99,0,0
t0119,train-job-001,comm-0,22,gpu-node-05,2,OK,13.47,0,0
t0119,train-job-001,comm-0,23,gpu-node-05,3,OK,11.47,0,0
t0119,train-job-001,comm-0,24,gpu-node-06,0,OK,11.98,0,0
t0119,train-job-001,comm-0,25,gpu-node-06,1,OK,11.4,0,0
t0119,train-job-001,comm-0,26,gpu-node-06,2,OK,13.58,0,0
t0119,train-job-001,comm-0,27,gpu-node-06,3,OK,9.04,0,0
t0119,train-job-001,comm-0,28,gpu-node-07,0,OK,11.35,0,0
t0119,train-job-001,comm-0,29,gpu-node-07,1,OK,12.82,0,0
t0119,train-job-001,comm-0,30,gpu-node-07,2,OK,12.75,0,0
t0119,train-job-001,comm-0,31,gpu-node-07,3,OK,13.4,0,0
t0119,train-job-001,comm-0,32,gpu-node-08,0,OK,11.16,0,0
t0119,train-job-001,comm-0,33,gpu-node-08,1,OK,13.61,0,0
t0119,train-job-001,comm-0,34,gpu-node-08,2,OK,10.35,0,0
t0119,train-job-001,comm-0,35,gpu-node-08,3,OK,13.44,0,0
t0119,train-job-001,comm-0,36,gpu-node-09,0,OK,12.43,0,0
t0119,train-job-001,comm-0,37,gpu-node-09,1,OK,12.96,0,0
t0119,train-job-001,comm-0,38,gpu-node-09,2,OK,12.13,0,0
t0119,train-job-001,comm-0,39,gpu-node-09,3,OK,15.81,0,0
t0119,train-job-001,comm-0,40,gpu-node-10,0,OK,13.59,0,0
t0119,train-job-001,comm-0,41,gpu-node-10,1,OK,14.12,0,0
t0119,train-job-001,comm-0,42,gpu-node-10,2,OK,13.77,0,0
t0119,train-job-001,comm-0,43,gpu-node-10,3,OK,13.54,0,0
t0119,train-job-001,comm-0,44,gpu-node-11,0,OK,11.61,0,0
t0119,train-job-001,comm-0,45,gpu-node-11,1,OK,11.29,0,0
t0119,train-job-001,comm-0,46,gpu-node-11,2,OK,14.09,0,0
t0119,train-job-001,comm-0,47,gpu-node-11,3,OK,12.36,0,0
t0120,train-job-001,comm-0,0,gpu-node-00,0,OK,13.09,0,0
t0120,train-job-001,comm-0,1,gpu-node-00,1,OK,10.78,0,0
t0120,train-job-001,comm-0,2,gpu-node-00,2,OK,9.71,0,0
t0120,train-job-001,comm-0,3,gpu-node-00,3,OK,12.67,0,0
t0120,train-job-001,comm-0,4,gpu-node-01,0,OK,13.85,0,0
t0120,train-job-001,comm-0,5,gpu-node-01,1,OK,10.76,0,0
t0120,train-job-001,comm-0,6,gpu-node-01,2,OK,15.24,0,0
t0120,train-job-001,comm-0,7,gpu-node-01,3,OK,10.19,0,0
t0120,train-job-001,comm-0,8,gpu-node-02,0,OK,12.34,0,0
t0120,train-job-001,comm-0,9,gpu-node-02,1,OK,13.26,0,0
t0120,train-job-001,comm-0,10,gpu-node-02,2,OK,11.02,0,0
t0120,train-job-001,comm-0,11,gpu-node-02,3,OK,11.45,0,0
t0120,train-job-001,comm-0,12,gpu-node-03,0,OK,14.57,0,0
t0120,train-job-001,comm-0,13,gpu-node-03,1,OK,13.41,0,0
t0120,train-job-001,comm-0,14,gpu-node-03,2,OK,10.99,0,0
t0120,train-job-001,comm-0,15,gpu-node-03,3,OK,11.27,0,0
t0120,train-job-001,comm-0,16,gpu-node-04,0,OK,13.98,0,0
t0120,train-job-001,comm-0,17,gpu-node-04,1,OK,11.47,0,0
t0120,train-job-001,comm-0,18,gpu-node-04,2,OK,10.94,0,0
t0120,train-job-001,comm-0,19,gpu-node-04,3,OK,8.87,0,0
t0120,train-job-001,comm-0,20,gpu-node-05,0,OK,11.46,0,0
t0120,train-job-001,comm-0,21,gpu-node-05,1,OK,12.18,0,0
t0120,train-job-001,comm-0,22,gpu-node-05,2,OK,12.14,0,0
t0120,train-job-001,comm-0,23,gpu-node-05,3,OK,10.09,0,0
t0120,train-job-001,comm-0,24,gpu-node-06,0,OK,13.17,0,0
t0120,train-job-001,comm-0,25,gpu-node-06,1,OK,9.89,0,0
t0120,train-job-001,comm-0,26,gpu-node-06,2,OK,11.85,0,0
t0120,train-job-001,comm-0,27,gpu-node-06,3,OK,12.28,0,0
t0120,train-job-001,comm-0,28,gpu-node-07,0,OK,9.57,0,0
t0120,train-job-001,comm-0,29,gpu-node-07,1,OK,14.29,0,0
t0120,train-job-001,comm-0,30,gpu-node-07,2,OK,12.47,0,0
t0120,train-job-001,comm-0,31,gpu-node-07,3,OK,13.44,0,0
t0120,train-job-001,comm-0,32,gpu-node-08,0,OK,10.87,0,0
t0120,train-job-001,comm-0,33,gpu-node-08,1,OK,14.68,0,0
t0120,train-job-001,comm-0,34,gpu-node-08,2,OK,11.31,0,0
t0120,train-job-001,comm-0,35,gpu-node-08,3,OK,9.44,0,0
t0120,train-job-001,comm-0,36,gpu-node-09,0,OK,9.84,0,0
t0120,train-job-001,comm-0,37,gpu-node-09,1,OK,14.17,0,0
t0120,train-job-001,comm-0,38,gpu-node-09,2,OK,9.47,0,0
t0120,train-job-001,comm-0,39,gpu-node-09,3,OK,10.94,0,0
t0120,train-job-001,comm-0,40,gpu-node-10,0,OK,14.92,0,0
t0120,train-job-001,comm-0,41,gpu-node-10,1,OK,11.98,0,0
t0120,train-job-001,comm-0,42,gpu-node-10,2,OK,16.32,0,0
t0120,train-job-001,comm-0,43,gpu-node-10,3,OK,13.0,0,0
t0120,train-job-001,comm-0,44,gpu-node-11,0,OK,9.97,0,0
t0120,train-job-001,comm-0,45,gpu-node-11,1,OK,8.11,0,0
t0120,train-job-001,comm-0,46,gpu-node-11,2,OK,7.66,0,0
t0120,train-job-001,comm-0,47,gpu-node-11,3,OK,10.71,0,0
t0121,train-job-001,comm-0,0,gpu-node-00,0,OK,12.27,0,0
t0121,train-job-001,comm-0,1,gpu-node-00,1,OK,17.29,0,0
t0121,train-job-001,comm-0,2,gpu-node-00,2,OK,10.08,0,0
t0121,train-job-001,comm-0,3,gpu-node-00,3,OK,9.9,0,0
t0121,train-job-001,comm-0,4,gpu-node-01,0,OK,16.05,0,0
t0121,train-job-001,comm-0,5,gpu-node-01,1,OK,10.27,0,0
t0121,train-job-001,comm-0,6,gpu-node-01,2,OK,12.06,0,0
t0121,train-job-001,comm-0,7,gpu-node-01,3,OK,11.61,0,0
t0121,train-job-001,comm-0,8,gpu-node-02,0,OK,11.8,0,0
t0121,train-job-001,comm-0,9,gpu-node-02,1,OK,14.79,0,0
t0121,train-job-001,comm-0,10,gpu-node-02,2,OK,5.81,0,0
t0121,train-job-001,comm-0,11,gpu-node-02,3,OK,9.16,0,0
t0121,train-job-001,comm-0,12,gpu-node-03,0,OK,13.78,0,0
t0121,train-job-001,comm-0,13,gpu-node-03,1,OK,12.89,0,0
t0121,train-job-001,comm-0,14,gpu-node-03,2,OK,12.29,0,0
t0121,train-job-001,comm-0,15,gpu-node-03,3,OK,13.07,0,0
t0121,train-job-001,comm-0,16,gpu-node-04,0,OK,9.94,0,0
t0121,train-job-001,comm-0,17,gpu-node-04,1,OK,13.7,0,0
t0121,train-job-001,comm-0,18,gpu-node-04,2,OK,11.94,0,0
t0121,train-job-001,comm-0,19,gpu-node-04,3,OK,9.72,0,0
t0121,train-job-001,comm-0,20,gpu-node-05,0,OK,10.43,0,0
t0121,train-job-001,comm-0,21,gpu-node-05,1,OK,13.49,0,0
t0121,train-job-001,comm-0,22,gpu-node-05,2,OK,12.75,0,0
t0121,train-job-001,comm-0,23,gpu-node-05,3,OK,13.53,0,0
t0121,train-job-001,comm-0,24,gpu-node-06,0,OK,10.78,0,0
t0121,train-job-001,comm-0,25,gpu-node-06,1,OK,13.42,0,0
t0121,train-job-001,comm-0,26,gpu-node-06,2,OK,13.57,0,0
t0121,train-job-001,comm-0,27,gpu-node-06,3,OK,13.72,0,0
t0121,train-job-001,comm-0,28,gpu-node-07,0,OK,12.75,0,0
t0121,train-job-001,comm-0,29,gpu-node-07,1,OK,13.02,0,0
t0121,train-job-001,comm-0,30,gpu-node-07,2,OK,13.24,0,0
t0121,train-job-001,comm-0,31,gpu-node-07,3,OK,12.48,0,0
t0121,train-job-001,comm-0,32,gpu-node-08,0,OK,14.03,0,0
t0121,train-job-001,comm-0,33,gpu-node-08,1,OK,10.79,0,0
t0121,train-job-001,comm-0,34,gpu-node-08,2,OK,15.6,0,0
t0121,train-job-001,comm-0,35,gpu-node-08,3,OK,12.42,0,0
t0121,train-job-001,comm-0,36,gpu-node-09,0,OK,11.49,0,0
t0121,train-job-001,comm-0,37,gpu-node-09,1,OK,12.01,0,0
t0121,train-job-001,comm-0,38,gpu-node-09,2,OK,11.47,0,0
t0121,train-job-001,comm-0,39,gpu-node-09,3,OK,12.95,0,0
t0121,train-job-001,comm-0,40,gpu-node-10,0,OK,15.67,0,0
t0121,train-job-001,comm-0,41,gpu-node-10,1,OK,9.58,0,0
t0121,train-job-001,comm-0,42,gpu-node-10,2,OK,9.83,0,0
t0121,train-job-001,comm-0,43,gpu-node-10,3,OK,11.24,0,0
t0121,train-job-001,comm-0,44,gpu-node-11,0,OK,11.88,0,0
t0121,train-job-001,comm-0,45,gpu-node-11,1,OK,11.16,0,0
t0121,train-job-001,comm-0,46,gpu-node-11,2,OK,11.96,0,0
t0121,train-job-001,comm-0,47,gpu-node-11,3,OK,10.69,0,0
t0122,train-job-001,comm-0,0,gpu-node-00,0,OK,15.7,0,0
t0122,train-job-001,comm-0,1,gpu-node-00,1,OK,14.78,0,0
t0122,train-job-001,comm-0,2,gpu-node-00,2,OK,12.98,0,0
t0122,train-job-001,comm-0,3,gpu-node-00,3,OK,11.42,0,0
t0122,train-job-001,comm-0,4,gpu-node-01,0,OK,10.2,0,0
t0122,train-job-001,comm-0,5,gpu-node-01,1,OK,16.37,0,0
t0122,train-job-001,comm-0,6,gpu-node-01,2,OK,13.15,0,0
t0122,train-job-001,comm-0,7,gpu-node-01,3,OK,11.02,0,0
t0122,train-job-001,comm-0,8,gpu-node-02,0,OK,12.04,0,0
t0122,train-job-001,comm-0,9,gpu-node-02,1,OK,11.7,0,0
t0122,train-job-001,comm-0,10,gpu-node-02,2,OK,8.98,0,0
t0122,train-job-001,comm-0,11,gpu-node-02,3,OK,8.68,0,0
t0122,train-job-001,comm-0,12,gpu-node-03,0,OK,12.26,0,0
t0122,train-job-001,comm-0,13,gpu-node-03,1,OK,9.82,0,0
t0122,train-job-001,comm-0,14,gpu-node-03,2,OK,11.13,0,0
t0122,train-job-001,comm-0,15,gpu-node-03,3,OK,15.06,0,0
t0122,train-job-001,comm-0,16,gpu-node-04,0,OK,14.18,0,0
t0122,train-job-001,comm-0,17,gpu-node-04,1,OK,12.01,0,0
t0122,train-job-001,comm-0,18,gpu-node-04,2,OK,13.79,0,0
t0122,train-job-001,comm-0,19,gpu-node-04,3,OK,8.61,0,0
t0122,train-job-001,comm-0,20,gpu-node-05,0,OK,12.53,0,0
t0122,train-job-001,comm-0,21,gpu-node-05,1,OK,12.78,0,0
t0122,train-job-001,comm-0,22,gpu-node-05,2,OK,11.7,0,0
t0122,train-job-001,comm-0,23,gpu-node-05,3,OK,11.33,0,0
t0122,train-job-001,comm-0,24,gpu-node-06,0,OK,12.18,0,0
t0122,train-job-001,comm-0,25,gpu-node-06,1,OK,11.79,0,0
t0122,train-job-001,comm-0,26,gpu-node-06,2,OK,10.41,0,0
t0122,train-job-001,comm-0,27,gpu-node-06,3,OK,12.26,0,0
t0122,train-job-001,comm-0,28,gpu-node-07,0,OK,9.23,0,0
t0122,train-job-001,comm-0,29,gpu-node-07,1,OK,9.78,0,0
t0122,train-job-001,comm-0,30,gpu-node-07,2,OK,11.71,0,0
t0122,train-job-001,comm-0,31,gpu-node-07,3,OK,14.91,0,0
t0122,train-job-001,comm-0,32,gpu-node-08,0,OK,14.93,0,0
t0122,train-job-001,comm-0,33,gpu-node-08,1,OK,13.22,0,0
t0122,train-job-001,comm-0,34,gpu-node-08,2,OK,10.68,0,0
t0122,train-job-001,comm-0,35,gpu-node-08,3,OK,9.93,0,0
t0122,train-job-001,comm-0,36,gpu-node-09,0,OK,10.04,0,0
t0122,train-job-001,comm-0,37,gpu-node-09,1,OK,13.43,0,0
t0122,train-job-001,comm-0,38,gpu-node-09,2,OK,8.57,0,0
t0122,train-job-001,comm-0,39,gpu-node-09,3,OK,6.6,0,0
t0122,train-job-001,comm-0,40,gpu-node-10,0,OK,13.2,0,0
t0122,train-job-001,comm-0,41,gpu-node-10,1,OK,11.98,0,0
t0122,train-job-001,comm-0,42,gpu-node-10,2,OK,13.69,0,0
t0122,train-job-001,comm-0,43,gpu-node-10,3,OK,12.27,0,0
t0122,train-job-001,comm-0,44,gpu-node-11,0,OK,11.23,0,0
t0122,train-job-001,comm-0,45,gpu-node-11,1,OK,13.0,0,0
t0122,train-job-001,comm-0,46,gpu-node-11,2,OK,13.0,0,0
t0122,train-job-001,comm-0,47,gpu-node-11,3,OK,12.51,0,0
t0123,train-job-001,comm-0,0,gpu-node-00,0,OK,9.94,0,0
t0123,train-job-001,comm-0,1,gpu-node-00,1,OK,11.2,0,0
t0123,train-job-001,comm-0,2,gpu-node-00,2,OK,12.19,0,0
t0123,train-job-001,comm-0,3,gpu-node-00,3,OK,9.38,0,0
t0123,train-job-001,comm-0,4,gpu-node-01,0,OK,13.41,0,0
t0123,train-job-001,comm-0,5,gpu-node-01,1,OK,10.53,0,0
t0123,train-job-001,comm-0,6,gpu-node-01,2,OK,15.07,0,0
t0123,train-job-001,comm-0,7,gpu-node-01,3,OK,13.37,0,0
t0123,train-job-001,comm-0,8,gpu-node-02,0,OK,13.09,0,0
t0123,train-job-001,comm-0,9,gpu-node-02,1,OK,10.86,0,0
t0123,train-job-001,comm-0,10,gpu-node-02,2,OK,16.76,0,0
t0123,train-job-001,comm-0,11,gpu-node-02,3,OK,10.36,0,0
t0123,train-job-001,comm-0,12,gpu-node-03,0,OK,10.67,0,0
t0123,train-job-001,comm-0,13,gpu-node-03,1,OK,11.11,0,0
t0123,train-job-001,comm-0,14,gpu-node-03,2,OK,7.17,0,0
t0123,train-job-001,comm-0,15,gpu-node-03,3,OK,10.99,0,0
t0123,train-job-001,comm-0,16,gpu-node-04,0,OK,10.54,0,0
t0123,train-job-001,comm-0,17,gpu-node-04,1,OK,10.53,0,0
t0123,train-job-001,comm-0,18,gpu-node-04,2,OK,10.59,0,0
t0123,train-job-001,comm-0,19,gpu-node-04,3,OK,9.31,0,0
t0123,train-job-001,comm-0,20,gpu-node-05,0,OK,11.54,0,0
t0123,train-job-001,comm-0,21,gpu-node-05,1,OK,9.75,0,0
t0123,train-job-001,comm-0,22,gpu-node-05,2,OK,13.93,0,0
t0123,train-job-001,comm-0,23,gpu-node-05,3,OK,11.47,0,0
t0123,train-job-001,comm-0,24,gpu-node-06,0,OK,13.51,0,0
t0123,train-job-001,comm-0,25,gpu-node-06,1,OK,11.28,0,0
t0123,train-job-001,comm-0,26,gpu-node-06,2,OK,11.58,0,0
t0123,train-job-001,comm-0,27,gpu-node-06,3,OK,11.8,0,0
t0123,train-job-001,comm-0,28,gpu-node-07,0,OK,12.27,0,0
t0123,train-job-001,comm-0,29,gpu-node-07,1,OK,9.03,0,0
t0123,train-job-001,comm-0,30,gpu-node-07,2,OK,14.91,0,0
t0123,train-job-001,comm-0,31,gpu-node-07,3,OK,9.24,0,0
t0123,train-job-001,comm-0,32,gpu-node-08,0,OK,12.13,0,0
t0123,train-job-001,comm-0,33,gpu-node-08,1,OK,13.54,0,0
t0123,train-job-001,comm-0,34,gpu-node-08,2,OK,11.86,0,0
t0123,train-job-001,comm-0,35,gpu-node-08,3,OK,9.31,0,0
t0123,train-job-001,comm-0,36,gpu-node-09,0,OK,12.84,0,0
t0123,train-job-001,comm-0,37,gpu-node-09,1,OK,12.17,0,0
t0123,train-job-001,comm-0,38,gpu-node-09,2,OK,12.96,0,0
t0123,train-job-001,comm-0,39,gpu-node-09,3,OK,7.79,0,0
t0123,train-job-001,comm-0,40,gpu-node-10,0,OK,13.3,0,0
t0123,train-job-001,comm-0,41,gpu-node-10,1,OK,10.9,0,0
t0123,train-job-001,comm-0,42,gpu-node-10,2,OK,11.03,0,0
t0123,train-job-001,comm-0,43,gpu-node-10,3,OK,12.41,0,0
t0123,train-job-001,comm-0,44,gpu-node-11,0,OK,12.11,0,0
t0123,train-job-001,comm-0,45,gpu-node-11,1,OK,13.06,0,0
t0123,train-job-001,comm-0,46,gpu-node-11,2,OK,11.96,0,0
t0123,train-job-001,comm-0,47,gpu-node-11,3,OK,14.14,0,0
t0124,train-job-001,comm-0,0,gpu-node-00,0,OK,12.07,0,0
t0124,train-job-001,comm-0,1,gpu-node-00,1,OK,8.24,0,0
t0124,train-job-001,comm-0,2,gpu-node-00,2,OK,12.16,0,0
t0124,train-job-001,comm-0,3,gpu-node-00,3,OK,11.5,0,0
t0124,train-job-001,comm-0,4,gpu-node-01,0,OK,10.56,0,0
t0124,train-job-001,comm-0,5,gpu-node-01,1,OK,11.3,0,0
t0124,train-job-001,comm-0,6,gpu-node-01,2,OK,12.85,0,0
t0124,train-job-001,comm-0,7,gpu-node-01,3,OK,15.74,0,0
t0124,train-job-001,comm-0,8,gpu-node-02,0,OK,8.86,0,0
t0124,train-job-001,comm-0,9,gpu-node-02,1,OK,11.53,0,0
t0124,train-job-001,comm-0,10,gpu-node-02,2,OK,9.92,0,0
t0124,train-job-001,comm-0,11,gpu-node-02,3,OK,9.39,0,0
t0124,train-job-001,comm-0,12,gpu-node-03,0,OK,9.16,0,0
t0124,train-job-001,comm-0,13,gpu-node-03,1,OK,10.24,0,0
t0124,train-job-001,comm-0,14,gpu-node-03,2,OK,10.4,0,0
t0124,train-job-001,comm-0,15,gpu-node-03,3,OK,13.51,0,0
t0124,train-job-001,comm-0,16,gpu-node-04,0,OK,10.82,0,0
t0124,train-job-001,comm-0,17,gpu-node-04,1,OK,11.46,0,0
t0124,train-job-001,comm-0,18,gpu-node-04,2,OK,14.51,0,0
t0124,train-job-001,comm-0,19,gpu-node-04,3,OK,12.16,0,0
t0124,train-job-001,comm-0,20,gpu-node-05,0,OK,11.29,0,0
t0124,train-job-001,comm-0,21,gpu-node-05,1,OK,12.05,0,0
t0124,train-job-001,comm-0,22,gpu-node-05,2,OK,13.63,0,0
t0124,train-job-001,comm-0,23,gpu-node-05,3,OK,9.9,0,0
t0124,train-job-001,comm-0,24,gpu-node-06,0,OK,12.54,0,0
t0124,train-job-001,comm-0,25,gpu-node-06,1,OK,9.1,0,0
t0124,train-job-001,comm-0,26,gpu-node-06,2,OK,9.59,0,0
t0124,train-job-001,comm-0,27,gpu-node-06,3,OK,12.81,0,0
t0124,train-job-001,comm-0,28,gpu-node-07,0,OK,13.25,0,0
t0124,train-job-001,comm-0,29,gpu-node-07,1,OK,11.53,0,0
t0124,train-job-001,comm-0,30,gpu-node-07,2,OK,11.68,0,0
t0124,train-job-001,comm-0,31,gpu-node-07,3,OK,16.38,0,0
t0124,train-job-001,comm-0,32,gpu-node-08,0,OK,11.28,0,0
t0124,train-job-001,comm-0,33,gpu-node-08,1,OK,15.02,0,0
t0124,train-job-001,comm-0,34,gpu-node-08,2,OK,16.06,0,0
t0124,train-job-001,comm-0,35,gpu-node-08,3,OK,12.68,0,0
t0124,train-job-001,comm-0,36,gpu-node-09,0,OK,15.83,0,0
t0124,train-job-001,comm-0,37,gpu-node-09,1,OK,10.48,0,0
t0124,train-job-001,comm-0,38,gpu-node-09,2,OK,13.45,0,0
t0124,train-job-001,comm-0,39,gpu-node-09,3,OK,9.67,0,0
t0124,train-job-001,comm-0,40,gpu-node-10,0,OK,12.77,0,0
t0124,train-job-001,comm-0,41,gpu-node-10,1,OK,13.28,0,0
t0124,train-job-001,comm-0,42,gpu-node-10,2,OK,9.5,0,0
t0124,train-job-001,comm-0,43,gpu-node-10,3,OK,12.71,0,0
t0124,train-job-001,comm-0,44,gpu-node-11,0,OK,9.34,0,0
t0124,train-job-001,comm-0,45,gpu-node-11,1,OK,12.01,0,0
t0124,train-job-001,comm-0,46,gpu-node-11,2,OK,12.76,0,0
t0124,train-job-001,comm-0,47,gpu-node-11,3,OK,15.67,0,0
t0125,train-job-001,comm-0,0,gpu-node-00,0,OK,13.5,0,0
t0125,train-job-001,comm-0,1,gpu-node-00,1,OK,12.26,0,0
t0125,train-job-001,comm-0,2,gpu-node-00,2,OK,13.55,0,0
t0125,train-job-001,comm-0,3,gpu-node-00,3,OK,12.58,0,0
t0125,train-job-001,comm-0,4,gpu-node-01,0,OK,12.0,0,0
t0125,train-job-001,comm-0,5,gpu-node-01,1,OK,6.76,0,0
t0125,train-job-001,comm-0,6,gpu-node-01,2,OK,11.77,0,0
t0125,train-job-001,comm-0,7,gpu-node-01,3,OK,11.74,0,0
t0125,train-job-001,comm-0,8,gpu-node-02,0,OK,11.3,0,0
t0125,train-job-001,comm-0,9,gpu-node-02,1,OK,7.62,0,0
t0125,train-job-001,comm-0,10,gpu-node-02,2,OK,9.7,0,0
t0125,train-job-001,comm-0,11,gpu-node-02,3,OK,13.2,0,0
t0125,train-job-001,comm-0,12,gpu-node-03,0,OK,9.88,0,0
t0125,train-job-001,comm-0,13,gpu-node-03,1,OK,11.07,0,0
t0125,train-job-001,comm-0,14,gpu-node-03,2,OK,11.49,0,0
t0125,train-job-001,comm-0,15,gpu-node-03,3,OK,10.16,0,0
t0125,train-job-001,comm-0,16,gpu-node-04,0,OK,13.61,0,0
t0125,train-job-001,comm-0,17,gpu-node-04,1,OK,14.13,0,0
t0125,train-job-001,comm-0,18,gpu-node-04,2,OK,10.16,0,0
t0125,train-job-001,comm-0,19,gpu-node-04,3,OK,9.5,0,0
t0125,train-job-001,comm-0,20,gpu-node-05,0,OK,14.07,0,0
t0125,train-job-001,comm-0,21,gpu-node-05,1,OK,12.28,0,0
t0125,train-job-001,comm-0,22,gpu-node-05,2,OK,12.01,0,0
t0125,train-job-001,comm-0,23,gpu-node-05,3,OK,11.34,0,0
t0125,train-job-001,comm-0,24,gpu-node-06,0,OK,14.47,0,0
t0125,train-job-001,comm-0,25,gpu-node-06,1,OK,8.87,0,0
t0125,train-job-001,comm-0,26,gpu-node-06,2,OK,11.49,0,0
t0125,train-job-001,comm-0,27,gpu-node-06,3,OK,9.39,0,0
t0125,train-job-001,comm-0,28,gpu-node-07,0,OK,9.04,0,0
t0125,train-job-001,comm-0,29,gpu-node-07,1,OK,13.29,0,0
t0125,train-job-001,comm-0,30,gpu-node-07,2,OK,8.56,0,0
t0125,train-job-001,comm-0,31,gpu-node-07,3,OK,13.26,0,0
t0125,train-job-001,comm-0,32,gpu-node-08,0,OK,14.17,0,0
t0125,train-job-001,comm-0,33,gpu-node-08,1,OK,12.43,0,0
t0125,train-job-001,comm-0,34,gpu-node-08,2,OK,10.56,0,0
t0125,train-job-001,comm-0,35,gpu-node-08,3,OK,10.43,0,0
t0125,train-job-001,comm-0,36,gpu-node-09,0,OK,11.72,0,0
t0125,train-job-001,comm-0,37,gpu-node-09,1,OK,10.35,0,0
t0125,train-job-001,comm-0,38,gpu-node-09,2,OK,11.19,0,0
t0125,train-job-001,comm-0,39,gpu-node-09,3,OK,14.59,0,0
t0125,train-job-001,comm-0,40,gpu-node-10,0,OK,11.67,0,0
t0125,train-job-001,comm-0,41,gpu-node-10,1,OK,13.03,0,0
t0125,train-job-001,comm-0,42,gpu-node-10,2,OK,11.79,0,0
t0125,train-job-001,comm-0,43,gpu-node-10,3,OK,9.59,0,0
t0125,train-job-001,comm-0,44,gpu-node-11,0,OK,9.82,0,0
t0125,train-job-001,comm-0,45,gpu-node-11,1,OK,12.82,0,0
t0125,train-job-001,comm-0,46,gpu-node-11,2,OK,12.06,0,0
t0125,train-job-001,comm-0,47,gpu-node-11,3,OK,14.87,0,0
t0126,train-job-001,comm-0,0,gpu-node-00,0,OK,8.3,0,0
t0126,train-job-001,comm-0,1,gpu-node-00,1,OK,12.18,0,0
t0126,train-job-001,comm-0,2,gpu-node-00,2,OK,12.56,0,0
t0126,train-job-001,comm-0,3,gpu-node-00,3,OK,9.24,0,0
t0126,train-job-001,comm-0,4,gpu-node-01,0,OK,11.16,0,0
t0126,train-job-001,comm-0,5,gpu-node-01,1,OK,9.81,0,0
t0126,train-job-001,comm-0,6,gpu-node-01,2,OK,13.36,0,0
t0126,train-job-001,comm-0,7,gpu-node-01,3,OK,10.36,0,0
t0126,train-job-001,comm-0,8,gpu-node-02,0,OK,10.45,0,0
t0126,train-job-001,comm-0,9,gpu-node-02,1,OK,10.86,0,0
t0126,train-job-001,comm-0,10,gpu-node-02,2,OK,14.93,0,0
t0126,train-job-001,comm-0,11,gpu-node-02,3,OK,15.8,0,0
t0126,train-job-001,comm-0,12,gpu-node-03,0,OK,12.58,0,0
t0126,train-job-001,comm-0,13,gpu-node-03,1,OK,13.81,0,0
t0126,train-job-001,comm-0,14,gpu-node-03,2,OK,12.41,0,0
t0126,train-job-001,comm-0,15,gpu-node-03,3,OK,11.72,0,0
t0126,train-job-001,comm-0,16,gpu-node-04,0,OK,11.86,0,0
t0126,train-job-001,comm-0,17,gpu-node-04,1,OK,9.41,0,0
t0126,train-job-001,comm-0,18,gpu-node-04,2,OK,14.12,0,0
t0126,train-job-001,comm-0,19,gpu-node-04,3,OK,13.61,0,0
t0126,train-job-001,comm-0,20,gpu-node-05,0,OK,11.44,0,0
t0126,train-job-001,comm-0,21,gpu-node-05,1,OK,14.76,0,0
t0126,train-job-001,comm-0,22,gpu-node-05,2,OK,11.5,0,0
t0126,train-job-001,comm-0,23,gpu-node-05,3,OK,10.64,0,0
t0126,train-job-001,comm-0,24,gpu-node-06,0,OK,11.61,0,0
t0126,train-job-001,comm-0,25,gpu-node-06,1,OK,12.33,0,0
t0126,train-job-001,comm-0,26,gpu-node-06,2,OK,14.88,0,0
t0126,train-job-001,comm-0,27,gpu-node-06,3,OK,12.82,0,0
t0126,train-job-001,comm-0,28,gpu-node-07,0,OK,11.91,0,0
t0126,train-job-001,comm-0,29,gpu-node-07,1,OK,10.94,0,0
t0126,train-job-001,comm-0,30,gpu-node-07,2,OK,12.12,0,0
t0126,train-job-001,comm-0,31,gpu-node-07,3,OK,13.43,0,0
t0126,train-job-001,comm-0,32,gpu-node-08,0,OK,12.98,0,0
t0126,train-job-001,comm-0,33,gpu-node-08,1,OK,12.13,0,0
t0126,train-job-001,comm-0,34,gpu-node-08,2,OK,13.11,0,0
t0126,train-job-001,comm-0,35,gpu-node-08,3,OK,10.13,0,0
t0126,train-job-001,comm-0,36,gpu-node-09,0,OK,14.43,0,0
t0126,train-job-001,comm-0,37,gpu-node-09,1,OK,14.24,0,0
t0126,train-job-001,comm-0,38,gpu-node-09,2,OK,14.45,0,0
t0126,train-job-001,comm-0,39,gpu-node-09,3,OK,12.69,0,0
t0126,train-job-001,comm-0,40,gpu-node-10,0,OK,11.03,0,0
t0126,train-job-001,comm-0,41,gpu-node-10,1,OK,13.38,0,0
t0126,train-job-001,comm-0,42,gpu-node-10,2,OK,10.2,0,0
t0126,train-job-001,comm-0,43,gpu-node-10,3,OK,7.93,0,0
t0126,train-job-001,comm-0,44,gpu-node-11,0,OK,10.84,0,0
t0126,train-job-001,comm-0,45,gpu-node-11,1,OK,14.42,0,0
t0126,train-job-001,comm-0,46,gpu-node-11,2,OK,11.66,0,0
t0126,train-job-001,comm-0,47,gpu-node-11,3,OK,14.39,0,0
t0127,train-job-001,comm-0,0,gpu-node-00,0,OK,13.62,0,0
t0127,train-job-001,comm-0,1,gpu-node-00,1,OK,12.49,0,0
t0127,train-job-001,comm-0,2,gpu-node-00,2,OK,10.32,0,0
t0127,train-job-001,comm-0,3,gpu-node-00,3,OK,15.51,0,0
t0127,train-job-001,comm-0,4,gpu-node-01,0,OK,9.54,0,0
t0127,train-job-001,comm-0,5,gpu-node-01,1,OK,13.47,0,0
t0127,train-job-001,comm-0,6,gpu-node-01,2,OK,8.67,0,0
t0127,train-job-001,comm-0,7,gpu-node-01,3,OK,10.78,0,0
t0127,train-job-001,comm-0,8,gpu-node-02,0,OK,14.61,0,0
t0127,train-job-001,comm-0,9,gpu-node-02,1,OK,10.03,0,0
t0127,train-job-001,comm-0,10,gpu-node-02,2,OK,12.95,0,0
t0127,train-job-001,comm-0,11,gpu-node-02,3,OK,15.46,0,0
t0127,train-job-001,comm-0,12,gpu-node-03,0,OK,13.76,0,0
t0127,train-job-001,comm-0,13,gpu-node-03,1,OK,13.48,0,0
t0127,train-job-001,comm-0,14,gpu-node-03,2,OK,13.58,0,0
t0127,train-job-001,comm-0,15,gpu-node-03,3,OK,12.4,0,0
t0127,train-job-001,comm-0,16,gpu-node-04,0,OK,12.4,0,0
t0127,train-job-001,comm-0,17,gpu-node-04,1,OK,10.72,0,0
t0127,train-job-001,comm-0,18,gpu-node-04,2,OK,13.1,0,0
t0127,train-job-001,comm-0,19,gpu-node-04,3,OK,9.78,0,0
t0127,train-job-001,comm-0,20,gpu-node-05,0,OK,14.79,0,0
t0127,train-job-001,comm-0,21,gpu-node-05,1,OK,10.55,0,0
t0127,train-job-001,comm-0,22,gpu-node-05,2,OK,14.99,0,0
t0127,train-job-001,comm-0,23,gpu-node-05,3,OK,12.7,0,0
t0127,train-job-001,comm-0,24,gpu-node-06,0,OK,17.24,0,0
t0127,train-job-001,comm-0,25,gpu-node-06,1,OK,9.87,0,0
t0127,train-job-001,comm-0,26,gpu-node-06,2,OK,15.12,0,0
t0127,train-job-001,comm-0,27,gpu-node-06,3,OK,13.07,0,0
t0127,train-job-001,comm-0,28,gpu-node-07,0,OK,13.05,0,0
t0127,train-job-001,comm-0,29,gpu-node-07,1,OK,12.79,0,0
t0127,train-job-001,comm-0,30,gpu-node-07,2,OK,11.67,0,0
t0127,train-job-001,comm-0,31,gpu-node-07,3,OK,11.01,0,0
t0127,train-job-001,comm-0,32,gpu-node-08,0,OK,10.75,0,0
t0127,train-job-001,comm-0,33,gpu-node-08,1,OK,13.59,0,0
t0127,train-job-001,comm-0,34,gpu-node-08,2,OK,14.96,0,0
t0127,train-job-001,comm-0,35,gpu-node-08,3,OK,11.53,0,0
t0127,train-job-001,comm-0,36,gpu-node-09,0,OK,13.99,0,0
t0127,train-job-001,comm-0,37,gpu-node-09,1,OK,10.2,0,0
t0127,train-job-001,comm-0,38,gpu-node-09,2,OK,10.43,0,0
t0127,train-job-001,comm-0,39,gpu-node-09,3,OK,11.82,0,0
t0127,train-job-001,comm-0,40,gpu-node-10,0,OK,12.08,0,0
t0127,train-job-001,comm-0,41,gpu-node-10,1,OK,10.91,0,0
t0127,train-job-001,comm-0,42,gpu-node-10,2,OK,10.18,0,0
t0127,train-job-001,comm-0,43,gpu-node-10,3,OK,8.64,0,0
t0127,train-job-001,comm-0,44,gpu-node-11,0,OK,11.91,0,0
t0127,train-job-001,comm-0,45,gpu-node-11,1,OK,13.44,0,0
t0127,train-job-001,comm-0,46,gpu-node-11,2,OK,11.69,0,0
t0127,train-job-001,comm-0,47,gpu-node-11,3,OK,13.31,0,0
t0128,train-job-001,comm-0,0,gpu-node-00,0,OK,8.21,0,0
t0128,train-job-001,comm-0,1,gpu-node-00,1,OK,13.32,0,0
t0128,train-job-001,comm-0,2,gpu-node-00,2,OK,11.93,0,0
t0128,train-job-001,comm-0,3,gpu-node-00,3,OK,13.98,0,0
t0128,train-job-001,comm-0,4,gpu-node-01,0,OK,9.16,0,0
t0128,train-job-001,comm-0,5,gpu-node-01,1,OK,12.44,0,0
t0128,train-job-001,comm-0,6,gpu-node-01,2,OK,10.36,0,0
t0128,train-job-001,comm-0,7,gpu-node-01,3,OK,12.07,0,0
t0128,train-job-001,comm-0,8,gpu-node-02,0,OK,11.93,0,0
t0128,train-job-001,comm-0,9,gpu-node-02,1,OK,10.74,0,0
t0128,train-job-001,comm-0,10,gpu-node-02,2,OK,13.31,0,0
t0128,train-job-001,comm-0,11,gpu-node-02,3,OK,12.71,0,0
t0128,train-job-001,comm-0,12,gpu-node-03,0,OK,8.1,0,0
t0128,train-job-001,comm-0,13,gpu-node-03,1,OK,13.4,0,0
t0128,train-job-001,comm-0,14,gpu-node-03,2,OK,9.43,0,0
t0128,train-job-001,comm-0,15,gpu-node-03,3,OK,12.09,0,0
t0128,train-job-001,comm-0,16,gpu-node-04,0,OK,11.46,0,0
t0128,train-job-001,comm-0,17,gpu-node-04,1,OK,11.63,0,0
t0128,train-job-001,comm-0,18,gpu-node-04,2,OK,12.5,0,0
t0128,train-job-001,comm-0,19,gpu-node-04,3,OK,13.74,0,0
t0128,train-job-001,comm-0,20,gpu-node-05,0,OK,10.63,0,0
t0128,train-job-001,comm-0,21,gpu-node-05,1,OK,9.73,0,0
t0128,train-job-001,comm-0,22,gpu-node-05,2,OK,10.32,0,0
t0128,train-job-001,comm-0,23,gpu-node-05,3,OK,12.02,0,0
t0128,train-job-001,comm-0,24,gpu-node-06,0,OK,8.07,0,0
t0128,train-job-001,comm-0,25,gpu-node-06,1,OK,12.96,0,0
t0128,train-job-001,comm-0,26,gpu-node-06,2,OK,8.85,0,0
t0128,train-job-001,comm-0,27,gpu-node-06,3,OK,12.77,0,0
t0128,train-job-001,comm-0,28,gpu-node-07,0,OK,13.7,0,0
t0128,train-job-001,comm-0,29,gpu-node-07,1,OK,12.17,0,0
t0128,train-job-001,comm-0,30,gpu-node-07,2,OK,10.59,0,0
t0128,train-job-001,comm-0,31,gpu-node-07,3,OK,17.36,0,0
t0128,train-job-001,comm-0,32,gpu-node-08,0,OK,9.5,0,0
t0128,train-job-001,comm-0,33,gpu-node-08,1,OK,12.84,0,0
t0128,train-job-001,comm-0,34,gpu-node-08,2,OK,14.35,0,0
t0128,train-job-001,comm-0,35,gpu-node-08,3,OK,14.56,0,0
t0128,train-job-001,comm-0,36,gpu-node-09,0,OK,13.02,0,0
t0128,train-job-001,comm-0,37,gpu-node-09,1,OK,13.26,0,0
t0128,train-job-001,comm-0,38,gpu-node-09,2,OK,13.1,0,0
t0128,train-job-001,comm-0,39,gpu-node-09,3,OK,16.88,0,0
t0128,train-job-001,comm-0,40,gpu-node-10,0,OK,13.95,0,0
t0128,train-job-001,comm-0,41,gpu-node-10,1,OK,11.24,0,0
t0128,train-job-001,comm-0,42,gpu-node-10,2,OK,12.83,0,0
t0128,train-job-001,comm-0,43,gpu-node-10,3,OK,12.01,0,0
t0128,train-job-001,comm-0,44,gpu-node-11,0,OK,13.68,0,0
t0128,train-job-001,comm-0,45,gpu-node-11,1,OK,10.73,0,0
t0128,train-job-001,comm-0,46,gpu-node-11,2,OK,12.97,0,0
t0128,train-job-001,comm-0,47,gpu-node-11,3,OK,12.31,0,0
t0129,train-job-001,comm-0,0,gpu-node-00,0,OK,14.48,0,0
t0129,train-job-001,comm-0,1,gpu-node-00,1,OK,9.26,0,0
t0129,train-job-001,comm-0,2,gpu-node-00,2,OK,13.6,0,0
t0129,train-job-001,comm-0,3,gpu-node-00,3,OK,14.44,0,0
t0129,train-job-001,comm-0,4,gpu-node-01,0,OK,11.69,0,0
t0129,train-job-001,comm-0,5,gpu-node-01,1,OK,13.56,0,0
t0129,train-job-001,comm-0,6,gpu-node-01,2,OK,11.8,0,0
t0129,train-job-001,comm-0,7,gpu-node-01,3,OK,11.79,0,0
t0129,train-job-001,comm-0,8,gpu-node-02,0,OK,10.57,0,0
t0129,train-job-001,comm-0,9,gpu-node-02,1,OK,13.12,0,0
t0129,train-job-001,comm-0,10,gpu-node-02,2,OK,12.01,0,0
t0129,train-job-001,comm-0,11,gpu-node-02,3,OK,13.71,0,0
t0129,train-job-001,comm-0,12,gpu-node-03,0,OK,11.12,0,0
t0129,train-job-001,comm-0,13,gpu-node-03,1,OK,11.37,0,0
t0129,train-job-001,comm-0,14,gpu-node-03,2,OK,9.12,0,0
t0129,train-job-001,comm-0,15,gpu-node-03,3,OK,12.37,0,0
t0129,train-job-001,comm-0,16,gpu-node-04,0,OK,11.98,0,0
t0129,train-job-001,comm-0,17,gpu-node-04,1,OK,12.55,0,0
t0129,train-job-001,comm-0,18,gpu-node-04,2,OK,10.98,0,0
t0129,train-job-001,comm-0,19,gpu-node-04,3,OK,9.42,0,0
t0129,train-job-001,comm-0,20,gpu-node-05,0,OK,13.54,0,0
t0129,train-job-001,comm-0,21,gpu-node-05,1,OK,14.39,0,0
t0129,train-job-001,comm-0,22,gpu-node-05,2,OK,13.24,0,0
t0129,train-job-001,comm-0,23,gpu-node-05,3,OK,12.58,0,0
t0129,train-job-001,comm-0,24,gpu-node-06,0,OK,6.77,0,0
t0129,train-job-001,comm-0,25,gpu-node-06,1,OK,9.69,0,0
t0129,train-job-001,comm-0,26,gpu-node-06,2,OK,13.75,0,0
t0129,train-job-001,comm-0,27,gpu-node-06,3,OK,14.82,0,0
t0129,train-job-001,comm-0,28,gpu-node-07,0,OK,14.2,0,0
t0129,train-job-001,comm-0,29,gpu-node-07,1,OK,12.79,0,0
t0129,train-job-001,comm-0,30,gpu-node-07,2,OK,12.49,0,0
t0129,train-job-001,comm-0,31,gpu-node-07,3,OK,11.03,0,0
t0129,train-job-001,comm-0,32,gpu-node-08,0,OK,10.79,0,0
t0129,train-job-001,comm-0,33,gpu-node-08,1,OK,6.95,0,0
t0129,train-job-001,comm-0,34,gpu-node-08,2,OK,13.87,0,0
t0129,train-job-001,comm-0,35,gpu-node-08,3,OK,14.74,0,0
t0129,train-job-001,comm-0,36,gpu-node-09,0,OK,13.18,0,0
t0129,train-job-001,comm-0,37,gpu-node-09,1,OK,12.99,0,0
t0129,train-job-001,comm-0,38,gpu-node-09,2,OK,14.04,0,0
t0129,train-job-001,comm-0,39,gpu-node-09,3,OK,11.5,0,0
t0129,train-job-001,comm-0,40,gpu-node-10,0,OK,11.88,0,0
t0129,train-job-001,comm-0,41,gpu-node-10,1,OK,10.88,0,0
t0129,train-job-001,comm-0,42,gpu-node-10,2,OK,15.85,0,0
t0129,train-job-001,comm-0,43,gpu-node-10,3,OK,10.85,0,0
t0129,train-job-001,comm-0,44,gpu-node-11,0,OK,15.01,0,0
t0129,train-job-001,comm-0,45,gpu-node-11,1,OK,13.3,0,0
t0129,train-job-001,comm-0,46,gpu-node-11,2,OK,11.86,0,0
t0129,train-job-001,comm-0,47,gpu-node-11,3,OK,14.62,0,0
t0130,train-job-001,comm-0,0,gpu-node-00,0,OK,8.93,0,0
t0130,train-job-001,comm-0,1,gpu-node-00,1,OK,11.45,0,0
t0130,train-job-001,comm-0,2,gpu-node-00,2,OK,14.42,0,0
t0130,train-job-001,comm-0,3,gpu-node-00,3,OK,12.64,0,0
t0130,train-job-001,comm-0,4,gpu-node-01,0,OK,11.26,0,0
t0130,train-job-001,comm-0,5,gpu-node-01,1,OK,17.4,0,0
t0130,train-job-001,comm-0,6,gpu-node-01,2,OK,10.21,0,0
t0130,train-job-001,comm-0,7,gpu-node-01,3,OK,13.34,0,0
t0130,train-job-001,comm-0,8,gpu-node-02,0,OK,14.27,0,0
t0130,train-job-001,comm-0,9,gpu-node-02,1,OK,13.0,0,0
t0130,train-job-001,comm-0,10,gpu-node-02,2,OK,13.54,0,0
t0130,train-job-001,comm-0,11,gpu-node-02,3,OK,10.73,0,0
t0130,train-job-001,comm-0,12,gpu-node-03,0,OK,14.32,0,0
t0130,train-job-001,comm-0,13,gpu-node-03,1,OK,10.76,0,0
t0130,train-job-001,comm-0,14,gpu-node-03,2,OK,13.13,0,0
t0130,train-job-001,comm-0,15,gpu-node-03,3,OK,12.15,0,0
t0130,train-job-001,comm-0,16,gpu-node-04,0,OK,14.43,0,0
t0130,train-job-001,comm-0,17,gpu-node-04,1,OK,12.85,0,0
t0130,train-job-001,comm-0,18,gpu-node-04,2,OK,12.89,0,0
t0130,train-job-001,comm-0,19,gpu-node-04,3,OK,12.46,0,0
t0130,train-job-001,comm-0,20,gpu-node-05,0,OK,11.05,0,0
t0130,train-job-001,comm-0,21,gpu-node-05,1,OK,11.63,0,0
t0130,train-job-001,comm-0,22,gpu-node-05,2,OK,13.87,0,0
t0130,train-job-001,comm-0,23,gpu-node-05,3,OK,13.98,0,0
t0130,train-job-001,comm-0,24,gpu-node-06,0,OK,14.31,0,0
t0130,train-job-001,comm-0,25,gpu-node-06,1,OK,12.1,0,0
t0130,train-job-001,comm-0,26,gpu-node-06,2,OK,12.89,0,0
t0130,train-job-001,comm-0,27,gpu-node-06,3,OK,15.41,0,0
t0130,train-job-001,comm-0,28,gpu-node-07,0,OK,7.97,0,0
t0130,train-job-001,comm-0,29,gpu-node-07,1,OK,11.57,0,0
t0130,train-job-001,comm-0,30,gpu-node-07,2,OK,13.85,0,0
t0130,train-job-001,comm-0,31,gpu-node-07,3,OK,11.61,0,0
t0130,train-job-001,comm-0,32,gpu-node-08,0,OK,10.36,0,0
t0130,train-job-001,comm-0,33,gpu-node-08,1,OK,14.54,0,0
t0130,train-job-001,comm-0,34,gpu-node-08,2,OK,12.93,0,0
t0130,train-job-001,comm-0,35,gpu-node-08,3,OK,11.12,0,0
t0130,train-job-001,comm-0,36,gpu-node-09,0,OK,11.88,0,0
t0130,train-job-001,comm-0,37,gpu-node-09,1,OK,10.32,0,0
t0130,train-job-001,comm-0,38,gpu-node-09,2,OK,11.94,0,0
t0130,train-job-001,comm-0,39,gpu-node-09,3,OK,11.51,0,0
t0130,train-job-001,comm-0,40,gpu-node-10,0,OK,11.92,0,0
t0130,train-job-001,comm-0,41,gpu-node-10,1,OK,12.21,0,0
t0130,train-job-001,comm-0,42,gpu-node-10,2,OK,9.28,0,0
t0130,train-job-001,comm-0,43,gpu-node-10,3,OK,8.45,0,0
t0130,train-job-001,comm-0,44,gpu-node-11,0,OK,8.06,0,0
t0130,train-job-001,comm-0,45,gpu-node-11,1,OK,11.59,0,0
t0130,train-job-001,comm-0,46,gpu-node-11,2,OK,12.71,0,0
t0130,train-job-001,comm-0,47,gpu-node-11,3,OK,10.53,0,0
t0131,train-job-001,comm-0,0,gpu-node-00,0,OK,8.01,0,0
t0131,train-job-001,comm-0,1,gpu-node-00,1,OK,12.09,0,0
t0131,train-job-001,comm-0,2,gpu-node-00,2,OK,12.12,0,0
t0131,train-job-001,comm-0,3,gpu-node-00,3,OK,11.82,0,0
t0131,train-job-001,comm-0,4,gpu-node-01,0,OK,10.06,0,0
t0131,train-job-001,comm-0,5,gpu-node-01,1,OK,16.09,0,0
t0131,train-job-001,comm-0,6,gpu-node-01,2,OK,11.37,0,0
t0131,train-job-001,comm-0,7,gpu-node-01,3,OK,11.98,0,0
t0131,train-job-001,comm-0,8,gpu-node-02,0,OK,10.47,0,0
t0131,train-job-001,comm-0,9,gpu-node-02,1,OK,12.43,0,0
t0131,train-job-001,comm-0,10,gpu-node-02,2,OK,12.48,0,0
t0131,train-job-001,comm-0,11,gpu-node-02,3,OK,10.64,0,0
t0131,train-job-001,comm-0,12,gpu-node-03,0,OK,13.88,0,0
t0131,train-job-001,comm-0,13,gpu-node-03,1,OK,13.44,0,0
t0131,train-job-001,comm-0,14,gpu-node-03,2,OK,10.82,0,0
t0131,train-job-001,comm-0,15,gpu-node-03,3,OK,11.66,0,0
t0131,train-job-001,comm-0,16,gpu-node-04,0,OK,12.48,0,0
t0131,train-job-001,comm-0,17,gpu-node-04,1,OK,14.06,0,0
t0131,train-job-001,comm-0,18,gpu-node-04,2,OK,12.35,0,0
t0131,train-job-001,comm-0,19,gpu-node-04,3,OK,13.08,0,0
t0131,train-job-001,comm-0,20,gpu-node-05,0,OK,14.35,0,0
t0131,train-job-001,comm-0,21,gpu-node-05,1,OK,17.55,0,0
t0131,train-job-001,comm-0,22,gpu-node-05,2,OK,9.66,0,0
t0131,train-job-001,comm-0,23,gpu-node-05,3,OK,8.97,0,0
t0131,train-job-001,comm-0,24,gpu-node-06,0,OK,14.54,0,0
t0131,train-job-001,comm-0,25,gpu-node-06,1,OK,16.06,0,0
t0131,train-job-001,comm-0,26,gpu-node-06,2,OK,13.57,0,0
t0131,train-job-001,comm-0,27,gpu-node-06,3,OK,14.39,0,0
t0131,train-job-001,comm-0,28,gpu-node-07,0,OK,9.77,0,0
t0131,train-job-001,comm-0,29,gpu-node-07,1,OK,16.11,0,0
t0131,train-job-001,comm-0,30,gpu-node-07,2,OK,16.75,0,0
t0131,train-job-001,comm-0,31,gpu-node-07,3,OK,10.49,0,0
t0131,train-job-001,comm-0,32,gpu-node-08,0,OK,9.18,0,0
t0131,train-job-001,comm-0,33,gpu-node-08,1,OK,11.27,0,0
t0131,train-job-001,comm-0,34,gpu-node-08,2,OK,13.04,0,0
t0131,train-job-001,comm-0,35,gpu-node-08,3,OK,16.51,0,0
t0131,train-job-001,comm-0,36,gpu-node-09,0,OK,11.63,0,0
t0131,train-job-001,comm-0,37,gpu-node-09,1,OK,12.4,0,0
t0131,train-job-001,comm-0,38,gpu-node-09,2,OK,12.7,0,0
t0131,train-job-001,comm-0,39,gpu-node-09,3,OK,8.85,0,0
t0131,train-job-001,comm-0,40,gpu-node-10,0,OK,9.42,0,0
t0131,train-job-001,comm-0,41,gpu-node-10,1,OK,9.12,0,0
t0131,train-job-001,comm-0,42,gpu-node-10,2,OK,12.56,0,0
t0131,train-job-001,comm-0,43,gpu-node-10,3,OK,12.87,0,0
t0131,train-job-001,comm-0,44,gpu-node-11,0,OK,12.06,0,0
t0131,train-job-001,comm-0,45,gpu-node-11,1,OK,11.73,0,0
t0131,train-job-001,comm-0,46,gpu-node-11,2,OK,14.62,0,0
t0131,train-job-001,comm-0,47,gpu-node-11,3,OK,7.27,0,0
t0132,train-job-001,comm-0,0,gpu-node-00,0,OK,9.73,0,0
t0132,train-job-001,comm-0,1,gpu-node-00,1,OK,11.94,0,0
t0132,train-job-001,comm-0,2,gpu-node-00,2,OK,9.0,0,0
t0132,train-job-001,comm-0,3,gpu-node-00,3,OK,13.43,0,0
t0132,train-job-001,comm-0,4,gpu-node-01,0,OK,12.41,0,0
t0132,train-job-001,comm-0,5,gpu-node-01,1,OK,13.26,0,0
t0132,train-job-001,comm-0,6,gpu-node-01,2,OK,14.08,0,0
t0132,train-job-001,comm-0,7,gpu-node-01,3,OK,7.37,0,0
t0132,train-job-001,comm-0,8,gpu-node-02,0,OK,9.53,0,0
t0132,train-job-001,comm-0,9,gpu-node-02,1,OK,10.99,0,0
t0132,train-job-001,comm-0,10,gpu-node-02,2,OK,12.8,0,0
t0132,train-job-001,comm-0,11,gpu-node-02,3,OK,11.8,0,0
t0132,train-job-001,comm-0,12,gpu-node-03,0,OK,14.58,0,0
t0132,train-job-001,comm-0,13,gpu-node-03,1,OK,10.62,0,0
t0132,train-job-001,comm-0,14,gpu-node-03,2,OK,15.52,0,0
t0132,train-job-001,comm-0,15,gpu-node-03,3,OK,16.06,0,0
t0132,train-job-001,comm-0,16,gpu-node-04,0,OK,11.9,0,0
t0132,train-job-001,comm-0,17,gpu-node-04,1,OK,12.83,0,0
t0132,train-job-001,comm-0,18,gpu-node-04,2,OK,13.43,0,0
t0132,train-job-001,comm-0,19,gpu-node-04,3,OK,13.17,0,0
t0132,train-job-001,comm-0,20,gpu-node-05,0,OK,11.75,0,0
t0132,train-job-001,comm-0,21,gpu-node-05,1,OK,14.58,0,0
t0132,train-job-001,comm-0,22,gpu-node-05,2,OK,11.67,0,0
t0132,train-job-001,comm-0,23,gpu-node-05,3,OK,12.33,0,0
t0132,train-job-001,comm-0,24,gpu-node-06,0,OK,13.28,0,0
t0132,train-job-001,comm-0,25,gpu-node-06,1,OK,7.15,0,0
t0132,train-job-001,comm-0,26,gpu-node-06,2,OK,14.67,0,0
t0132,train-job-001,comm-0,27,gpu-node-06,3,OK,14.43,0,0
t0132,train-job-001,comm-0,28,gpu-node-07,0,OK,10.38,0,0
t0132,train-job-001,comm-0,29,gpu-node-07,1,OK,13.99,0,0
t0132,train-job-001,comm-0,30,gpu-node-07,2,OK,9.82,0,0
t0132,train-job-001,comm-0,31,gpu-node-07,3,OK,12.07,0,0
t0132,train-job-001,comm-0,32,gpu-node-08,0,OK,13.29,0,0
t0132,train-job-001,comm-0,33,gpu-node-08,1,OK,11.47,0,0
t0132,train-job-001,comm-0,34,gpu-node-08,2,OK,9.56,0,0
t0132,train-job-001,comm-0,35,gpu-node-08,3,OK,11.91,0,0
t0132,train-job-001,comm-0,36,gpu-node-09,0,OK,12.22,0,0
t0132,train-job-001,comm-0,37,gpu-node-09,1,OK,12.59,0,0
t0132,train-job-001,comm-0,38,gpu-node-09,2,OK,12.35,0,0
t0132,train-job-001,comm-0,39,gpu-node-09,3,OK,9.21,0,0
t0132,train-job-001,comm-0,40,gpu-node-10,0,OK,11.33,0,0
t0132,train-job-001,comm-0,41,gpu-node-10,1,OK,9.86,0,0
t0132,train-job-001,comm-0,42,gpu-node-10,2,OK,10.82,0,0
t0132,train-job-001,comm-0,43,gpu-node-10,3,OK,14.2,0,0
t0132,train-job-001,comm-0,44,gpu-node-11,0,OK,7.58,0,0
t0132,train-job-001,comm-0,45,gpu-node-11,1,OK,11.85,0,0
t0132,train-job-001,comm-0,46,gpu-node-11,2,OK,7.84,0,0
t0132,train-job-001,comm-0,47,gpu-node-11,3,OK,12.8,0,0
t0133,train-job-001,comm-0,0,gpu-node-00,0,OK,14.87,0,0
t0133,train-job-001,comm-0,1,gpu-node-00,1,OK,11.65,0,0
t0133,train-job-001,comm-0,2,gpu-node-00,2,OK,10.86,0,0
t0133,train-job-001,comm-0,3,gpu-node-00,3,OK,7.83,0,0
t0133,train-job-001,comm-0,4,gpu-node-01,0,OK,13.19,0,0
t0133,train-job-001,comm-0,5,gpu-node-01,1,OK,10.75,0,0
t0133,train-job-001,comm-0,6,gpu-node-01,2,OK,11.07,0,0
t0133,train-job-001,comm-0,7,gpu-node-01,3,OK,13.1,0,0
t0133,train-job-001,comm-0,8,gpu-node-02,0,OK,8.59,0,0
t0133,train-job-001,comm-0,9,gpu-node-02,1,OK,14.08,0,0
t0133,train-job-001,comm-0,10,gpu-node-02,2,OK,10.4,0,0
t0133,train-job-001,comm-0,11,gpu-node-02,3,OK,10.44,0,0
t0133,train-job-001,comm-0,12,gpu-node-03,0,OK,10.35,0,0
t0133,train-job-001,comm-0,13,gpu-node-03,1,OK,11.97,0,0
t0133,train-job-001,comm-0,14,gpu-node-03,2,OK,12.49,0,0
t0133,train-job-001,comm-0,15,gpu-node-03,3,OK,12.32,0,0
t0133,train-job-001,comm-0,16,gpu-node-04,0,OK,13.83,0,0
t0133,train-job-001,comm-0,17,gpu-node-04,1,OK,14.46,0,0
t0133,train-job-001,comm-0,18,gpu-node-04,2,OK,11.92,0,0
t0133,train-job-001,comm-0,19,gpu-node-04,3,OK,13.03,0,0
t0133,train-job-001,comm-0,20,gpu-node-05,0,OK,13.42,0,0
t0133,train-job-001,comm-0,21,gpu-node-05,1,OK,10.51,0,0
t0133,train-job-001,comm-0,22,gpu-node-05,2,OK,11.03,0,0
t0133,train-job-001,comm-0,23,gpu-node-05,3,OK,10.53,0,0
t0133,train-job-001,comm-0,24,gpu-node-06,0,OK,13.04,0,0
t0133,train-job-001,comm-0,25,gpu-node-06,1,OK,9.83,0,0
t0133,train-job-001,comm-0,26,gpu-node-06,2,OK,12.2,0,0
t0133,train-job-001,comm-0,27,gpu-node-06,3,OK,13.7,0,0
t0133,train-job-001,comm-0,28,gpu-node-07,0,OK,13.56,0,0
t0133,train-job-001,comm-0,29,gpu-node-07,1,OK,12.61,0,0
t0133,train-job-001,comm-0,30,gpu-node-07,2,OK,10.59,0,0
t0133,train-job-001,comm-0,31,gpu-node-07,3,OK,10.76,0,0
t0133,train-job-001,comm-0,32,gpu-node-08,0,OK,6.85,0,0
t0133,train-job-001,comm-0,33,gpu-node-08,1,OK,13.43,0,0
t0133,train-job-001,comm-0,34,gpu-node-08,2,OK,8.26,0,0
t0133,train-job-001,comm-0,35,gpu-node-08,3,OK,12.22,0,0
t0133,train-job-001,comm-0,36,gpu-node-09,0,OK,14.96,0,0
t0133,train-job-001,comm-0,37,gpu-node-09,1,OK,12.5,0,0
t0133,train-job-001,comm-0,38,gpu-node-09,2,OK,9.61,0,0
t0133,train-job-001,comm-0,39,gpu-node-09,3,OK,8.6,0,0
t0133,train-job-001,comm-0,40,gpu-node-10,0,OK,15.49,0,0
t0133,train-job-001,comm-0,41,gpu-node-10,1,OK,9.7,0,0
t0133,train-job-001,comm-0,42,gpu-node-10,2,OK,14.72,0,0
t0133,train-job-001,comm-0,43,gpu-node-10,3,OK,15.65,0,0
t0133,train-job-001,comm-0,44,gpu-node-11,0,OK,13.0,0,0
t0133,train-job-001,comm-0,45,gpu-node-11,1,OK,12.95,0,0
t0133,train-job-001,comm-0,46,gpu-node-11,2,OK,12.61,0,0
t0133,train-job-001,comm-0,47,gpu-node-11,3,OK,7.77,0,0
t0134,train-job-001,comm-0,0,gpu-node-00,0,OK,11.6,0,0
t0134,train-job-001,comm-0,1,gpu-node-00,1,OK,11.74,0,0
t0134,train-job-001,comm-0,2,gpu-node-00,2,OK,13.31,0,0
t0134,train-job-001,comm-0,3,gpu-node-00,3,OK,11.28,0,0
t0134,train-job-001,comm-0,4,gpu-node-01,0,OK,9.33,0,0
t0134,train-job-001,comm-0,5,gpu-node-01,1,OK,12.31,0,0
t0134,train-job-001,comm-0,6,gpu-node-01,2,OK,11.55,0,0
t0134,train-job-001,comm-0,7,gpu-node-01,3,OK,9.39,0,0
t0134,train-job-001,comm-0,8,gpu-node-02,0,OK,12.02,0,0
t0134,train-job-001,comm-0,9,gpu-node-02,1,OK,10.87,0,0
t0134,train-job-001,comm-0,10,gpu-node-02,2,OK,15.76,0,0
t0134,train-job-001,comm-0,11,gpu-node-02,3,OK,12.62,0,0
t0134,train-job-001,comm-0,12,gpu-node-03,0,OK,11.76,0,0
t0134,train-job-001,comm-0,13,gpu-node-03,1,OK,12.44,0,0
t0134,train-job-001,comm-0,14,gpu-node-03,2,OK,12.04,0,0
t0134,train-job-001,comm-0,15,gpu-node-03,3,OK,10.81,0,0
t0134,train-job-001,comm-0,16,gpu-node-04,0,OK,14.12,0,0
t0134,train-job-001,comm-0,17,gpu-node-04,1,OK,12.59,0,0
t0134,train-job-001,comm-0,18,gpu-node-04,2,OK,7.3,0,0
t0134,train-job-001,comm-0,19,gpu-node-04,3,OK,9.05,0,0
t0134,train-job-001,comm-0,20,gpu-node-05,0,OK,11.84,0,0
t0134,train-job-001,comm-0,21,gpu-node-05,1,OK,13.97,0,0
t0134,train-job-001,comm-0,22,gpu-node-05,2,OK,10.06,0,0
t0134,train-job-001,comm-0,23,gpu-node-05,3,OK,11.34,0,0
t0134,train-job-001,comm-0,24,gpu-node-06,0,OK,11.95,0,0
t0134,train-job-001,comm-0,25,gpu-node-06,1,OK,10.08,0,0
t0134,train-job-001,comm-0,26,gpu-node-06,2,OK,12.85,0,0
t0134,train-job-001,comm-0,27,gpu-node-06,3,OK,10.91,0,0
t0134,train-job-001,comm-0,28,gpu-node-07,0,OK,13.61,0,0
t0134,train-job-001,comm-0,29,gpu-node-07,1,OK,9.05,0,0
t0134,train-job-001,comm-0,30,gpu-node-07,2,OK,13.61,0,0
t0134,train-job-001,comm-0,31,gpu-node-07,3,OK,11.29,0,0
t0134,train-job-001,comm-0,32,gpu-node-08,0,OK,6.76,0,0
t0134,train-job-001,comm-0,33,gpu-node-08,1,OK,12.82,0,0
t0134,train-job-001,comm-0,34,gpu-node-08,2,OK,12.38,0,0
t0134,train-job-001,comm-0,35,gpu-node-08,3,OK,10.19,0,0
t0134,train-job-001,comm-0,36,gpu-node-09,0,OK,9.55,0,0
t0134,train-job-001,comm-0,37,gpu-node-09,1,OK,10.58,0,0
t0134,train-job-001,comm-0,38,gpu-node-09,2,OK,12.88,0,0
t0134,train-job-001,comm-0,39,gpu-node-09,3,OK,16.41,0,0
t0134,train-job-001,comm-0,40,gpu-node-10,0,OK,13.54,0,0
t0134,train-job-001,comm-0,41,gpu-node-10,1,OK,13.51,0,0
t0134,train-job-001,comm-0,42,gpu-node-10,2,OK,12.53,0,0
t0134,train-job-001,comm-0,43,gpu-node-10,3,OK,11.37,0,0
t0134,train-job-001,comm-0,44,gpu-node-11,0,OK,12.54,0,0
t0134,train-job-001,comm-0,45,gpu-node-11,1,OK,15.92,0,0
t0134,train-job-001,comm-0,46,gpu-node-11,2,OK,13.48,0,0
t0134,train-job-001,comm-0,47,gpu-node-11,3,OK,11.82,0,0
t0135,train-job-001,comm-0,0,gpu-node-00,0,OK,9.48,0,0
t0135,train-job-001,comm-0,1,gpu-node-00,1,OK,14.49,0,0
t0135,train-job-001,comm-0,2,gpu-node-00,2,OK,11.73,0,0
t0135,train-job-001,comm-0,3,gpu-node-00,3,OK,11.04,0,0
t0135,train-job-001,comm-0,4,gpu-node-01,0,OK,12.89,0,0
t0135,train-job-001,comm-0,5,gpu-node-01,1,OK,10.26,0,0
t0135,train-job-001,comm-0,6,gpu-node-01,2,OK,10.05,0,0
t0135,train-job-001,comm-0,7,gpu-node-01,3,OK,11.44,0,0
t0135,train-job-001,comm-0,8,gpu-node-02,0,OK,10.69,0,0
t0135,train-job-001,comm-0,9,gpu-node-02,1,OK,10.76,0,0
t0135,train-job-001,comm-0,10,gpu-node-02,2,OK,7.81,0,0
t0135,train-job-001,comm-0,11,gpu-node-02,3,OK,14.13,0,0
t0135,train-job-001,comm-0,12,gpu-node-03,0,OK,12.02,0,0
t0135,train-job-001,comm-0,13,gpu-node-03,1,OK,17.21,0,0
t0135,train-job-001,comm-0,14,gpu-node-03,2,OK,9.24,0,0
t0135,train-job-001,comm-0,15,gpu-node-03,3,OK,12.83,0,0
t0135,train-job-001,comm-0,16,gpu-node-04,0,OK,10.54,0,0
t0135,train-job-001,comm-0,17,gpu-node-04,1,OK,9.25,0,0
t0135,train-job-001,comm-0,18,gpu-node-04,2,OK,14.67,0,0
t0135,train-job-001,comm-0,19,gpu-node-04,3,OK,15.0,0,0
t0135,train-job-001,comm-0,20,gpu-node-05,0,OK,14.55,0,0
t0135,train-job-001,comm-0,21,gpu-node-05,1,OK,9.7,0,0
t0135,train-job-001,comm-0,22,gpu-node-05,2,OK,10.41,0,0
t0135,train-job-001,comm-0,23,gpu-node-05,3,OK,9.37,0,0
t0135,train-job-001,comm-0,24,gpu-node-06,0,OK,11.96,0,0
t0135,train-job-001,comm-0,25,gpu-node-06,1,OK,10.07,0,0
t0135,train-job-001,comm-0,26,gpu-node-06,2,OK,10.19,0,0
t0135,train-job-001,comm-0,27,gpu-node-06,3,OK,12.83,0,0
t0135,train-job-001,comm-0,28,gpu-node-07,0,OK,12.87,0,0
t0135,train-job-001,comm-0,29,gpu-node-07,1,OK,9.66,0,0
t0135,train-job-001,comm-0,30,gpu-node-07,2,OK,11.51,0,0
t0135,train-job-001,comm-0,31,gpu-node-07,3,OK,8.16,0,0
t0135,train-job-001,comm-0,32,gpu-node-08,0,OK,10.76,0,0
t0135,train-job-001,comm-0,33,gpu-node-08,1,OK,11.19,0,0
t0135,train-job-001,comm-0,34,gpu-node-08,2,OK,12.53,0,0
t0135,train-job-001,comm-0,35,gpu-node-08,3,OK,8.92,0,0
t0135,train-job-001,comm-0,36,gpu-node-09,0,OK,16.16,0,0
t0135,train-job-001,comm-0,37,gpu-node-09,1,OK,10.66,0,0
t0135,train-job-001,comm-0,38,gpu-node-09,2,OK,13.95,0,0
t0135,train-job-001,comm-0,39,gpu-node-09,3,OK,13.65,0,0
t0135,train-job-001,comm-0,40,gpu-node-10,0,OK,13.29,0,0
t0135,train-job-001,comm-0,41,gpu-node-10,1,OK,13.23,0,0
t0135,train-job-001,comm-0,42,gpu-node-10,2,OK,11.69,0,0
t0135,train-job-001,comm-0,43,gpu-node-10,3,OK,14.01,0,0
t0135,train-job-001,comm-0,44,gpu-node-11,0,OK,13.08,0,0
t0135,train-job-001,comm-0,45,gpu-node-11,1,OK,10.68,0,0
t0135,train-job-001,comm-0,46,gpu-node-11,2,OK,10.68,0,0
t0135,train-job-001,comm-0,47,gpu-node-11,3,OK,9.91,0,0
t0136,train-job-001,comm-0,0,gpu-node-00,0,OK,10.02,0,0
t0136,train-job-001,comm-0,1,gpu-node-00,1,OK,15.09,0,0
t0136,train-job-001,comm-0,2,gpu-node-00,2,OK,15.48,0,0
t0136,train-job-001,comm-0,3,gpu-node-00,3,OK,12.63,0,0
t0136,train-job-001,comm-0,4,gpu-node-01,0,OK,12.83,0,0
t0136,train-job-001,comm-0,5,gpu-node-01,1,OK,10.97,0,0
t0136,train-job-001,comm-0,6,gpu-node-01,2,OK,9.82,0,0
t0136,train-job-001,comm-0,7,gpu-node-01,3,OK,8.91,0,0
t0136,train-job-001,comm-0,8,gpu-node-02,0,OK,11.04,0,0
t0136,train-job-001,comm-0,9,gpu-node-02,1,OK,11.42,0,0
t0136,train-job-001,comm-0,10,gpu-node-02,2,OK,12.75,0,0
t0136,train-job-001,comm-0,11,gpu-node-02,3,OK,11.17,0,0
t0136,train-job-001,comm-0,12,gpu-node-03,0,OK,12.98,0,0
t0136,train-job-001,comm-0,13,gpu-node-03,1,OK,12.33,0,0
t0136,train-job-001,comm-0,14,gpu-node-03,2,OK,14.38,0,0
t0136,train-job-001,comm-0,15,gpu-node-03,3,OK,11.86,0,0
t0136,train-job-001,comm-0,16,gpu-node-04,0,OK,10.24,0,0
t0136,train-job-001,comm-0,17,gpu-node-04,1,OK,9.81,0,0
t0136,train-job-001,comm-0,18,gpu-node-04,2,OK,13.9,0,0
t0136,train-job-001,comm-0,19,gpu-node-04,3,OK,12.6,0,0
t0136,train-job-001,comm-0,20,gpu-node-05,0,OK,14.38,0,0
t0136,train-job-001,comm-0,21,gpu-node-05,1,OK,12.14,0,0
t0136,train-job-001,comm-0,22,gpu-node-05,2,OK,8.36,0,0
t0136,train-job-001,comm-0,23,gpu-node-05,3,OK,12.35,0,0
t0136,train-job-001,comm-0,24,gpu-node-06,0,OK,16.08,0,0
t0136,train-job-001,comm-0,25,gpu-node-06,1,OK,12.83,0,0
t0136,train-job-001,comm-0,26,gpu-node-06,2,OK,10.58,0,0
t0136,train-job-001,comm-0,27,gpu-node-06,3,OK,8.9,0,0
t0136,train-job-001,comm-0,28,gpu-node-07,0,OK,9.45,0,0
t0136,train-job-001,comm-0,29,gpu-node-07,1,OK,10.09,0,0
t0136,train-job-001,comm-0,30,gpu-node-07,2,OK,12.5,0,0
t0136,train-job-001,comm-0,31,gpu-node-07,3,OK,12.68,0,0
t0136,train-job-001,comm-0,32,gpu-node-08,0,OK,13.94,0,0
t0136,train-job-001,comm-0,33,gpu-node-08,1,OK,11.9,0,0
t0136,train-job-001,comm-0,34,gpu-node-08,2,OK,13.81,0,0
t0136,train-job-001,comm-0,35,gpu-node-08,3,OK,12.03,0,0
t0136,train-job-001,comm-0,36,gpu-node-09,0,OK,11.71,0,0
t0136,train-job-001,comm-0,37,gpu-node-09,1,OK,11.88,0,0
t0136,train-job-001,comm-0,38,gpu-node-09,2,OK,11.51,0,0
t0136,train-job-001,comm-0,39,gpu-node-09,3,OK,10.72,0,0
t0136,train-job-001,comm-0,40,gpu-node-10,0,OK,12.27,0,0
t0136,train-job-001,comm-0,41,gpu-node-10,1,OK,10.88,0,0
t0136,train-job-001,comm-0,42,gpu-node-10,2,OK,10.73,0,0
t0136,train-job-001,comm-0,43,gpu-node-10,3,OK,12.43,0,0
t0136,train-job-001,comm-0,44,gpu-node-11,0,OK,10.17,0,0
t0136,train-job-001,comm-0,45,gpu-node-11,1,OK,16.33,0,0
t0136,train-job-001,comm-0,46,gpu-node-11,2,OK,11.8,0,0
t0136,train-job-001,comm-0,47,gpu-node-11,3,OK,12.21,0,0
t0137,train-job-001,comm-0,0,gpu-node-00,0,OK,14.43,0,0
t0137,train-job-001,comm-0,1,gpu-node-00,1,OK,13.45,0,0
t0137,train-job-001,comm-0,2,gpu-node-00,2,OK,10.4,0,0
t0137,train-job-001,comm-0,3,gpu-node-00,3,OK,12.5,0,0
t0137,train-job-001,comm-0,4,gpu-node-01,0,OK,8.46,0,0
t0137,train-job-001,comm-0,5,gpu-node-01,1,OK,13.91,0,0
t0137,train-job-001,comm-0,6,gpu-node-01,2,OK,11.19,0,0
t0137,train-job-001,comm-0,7,gpu-node-01,3,OK,12.72,0,0
t0137,train-job-001,comm-0,8,gpu-node-02,0,OK,9.95,0,0
t0137,train-job-001,comm-0,9,gpu-node-02,1,OK,17.53,0,0
t0137,train-job-001,comm-0,10,gpu-node-02,2,OK,11.59,0,0
t0137,train-job-001,comm-0,11,gpu-node-02,3,OK,10.86,0,0
t0137,train-job-001,comm-0,12,gpu-node-03,0,OK,9.69,0,0
t0137,train-job-001,comm-0,13,gpu-node-03,1,OK,14.94,0,0
t0137,train-job-001,comm-0,14,gpu-node-03,2,OK,9.94,0,0
t0137,train-job-001,comm-0,15,gpu-node-03,3,OK,11.36,0,0
t0137,train-job-001,comm-0,16,gpu-node-04,0,OK,14.84,0,0
t0137,train-job-001,comm-0,17,gpu-node-04,1,OK,13.07,0,0
t0137,train-job-001,comm-0,18,gpu-node-04,2,OK,12.63,0,0
t0137,train-job-001,comm-0,19,gpu-node-04,3,OK,13.17,0,0
t0137,train-job-001,comm-0,20,gpu-node-05,0,OK,13.98,0,0
t0137,train-job-001,comm-0,21,gpu-node-05,1,OK,12.24,0,0
t0137,train-job-001,comm-0,22,gpu-node-05,2,OK,11.79,0,0
t0137,train-job-001,comm-0,23,gpu-node-05,3,OK,13.26,0,0
t0137,train-job-001,comm-0,24,gpu-node-06,0,OK,11.14,0,0
t0137,train-job-001,comm-0,25,gpu-node-06,1,OK,12.23,0,0
t0137,train-job-001,comm-0,26,gpu-node-06,2,OK,11.59,0,0
t0137,train-job-001,comm-0,27,gpu-node-06,3,OK,12.01,0,0
t0137,train-job-001,comm-0,28,gpu-node-07,0,OK,15.19,0,0
t0137,train-job-001,comm-0,29,gpu-node-07,1,OK,11.34,0,0
t0137,train-job-001,comm-0,30,gpu-node-07,2,OK,11.31,0,0
t0137,train-job-001,comm-0,31,gpu-node-07,3,OK,12.37,0,0
t0137,train-job-001,comm-0,32,gpu-node-08,0,OK,11.71,0,0
t0137,train-job-001,comm-0,33,gpu-node-08,1,OK,13.43,0,0
t0137,train-job-001,comm-0,34,gpu-node-08,2,OK,12.04,0,0
t0137,train-job-001,comm-0,35,gpu-node-08,3,OK,10.01,0,0
t0137,train-job-001,comm-0,36,gpu-node-09,0,OK,12.04,0,0
t0137,train-job-001,comm-0,37,gpu-node-09,1,OK,11.66,0,0
t0137,train-job-001,comm-0,38,gpu-node-09,2,OK,10.54,0,0
t0137,train-job-001,comm-0,39,gpu-node-09,3,OK,12.15,0,0
t0137,train-job-001,comm-0,40,gpu-node-10,0,OK,9.93,0,0
t0137,train-job-001,comm-0,41,gpu-node-10,1,OK,10.36,0,0
t0137,train-job-001,comm-0,42,gpu-node-10,2,OK,12.17,0,0
t0137,train-job-001,comm-0,43,gpu-node-10,3,OK,12.12,0,0
t0137,train-job-001,comm-0,44,gpu-node-11,0,OK,11.35,0,0
t0137,train-job-001,comm-0,45,gpu-node-11,1,OK,12.57,0,0
t0137,train-job-001,comm-0,46,gpu-node-11,2,OK,11.21,0,0
t0137,train-job-001,comm-0,47,gpu-node-11,3,OK,11.81,0,0
t0138,train-job-001,comm-0,0,gpu-node-00,0,OK,15.47,0,0
t0138,train-job-001,comm-0,1,gpu-node-00,1,OK,12.83,0,0
t0138,train-job-001,comm-0,2,gpu-node-00,2,OK,13.24,0,0
t0138,train-job-001,comm-0,3,gpu-node-00,3,OK,13.97,0,0
t0138,train-job-001,comm-0,4,gpu-node-01,0,OK,11.73,0,0
t0138,train-job-001,comm-0,5,gpu-node-01,1,OK,12.15,0,0
t0138,train-job-001,comm-0,6,gpu-node-01,2,OK,10.25,0,0
t0138,train-job-001,comm-0,7,gpu-node-01,3,OK,10.33,0,0
t0138,train-job-001,comm-0,8,gpu-node-02,0,OK,13.42,0,0
t0138,train-job-001,comm-0,9,gpu-node-02,1,OK,10.49,0,0
t0138,train-job-001,comm-0,10,gpu-node-02,2,OK,10.75,0,0
t0138,train-job-001,comm-0,11,gpu-node-02,3,OK,12.22,0,0
t0138,train-job-001,comm-0,12,gpu-node-03,0,OK,9.95,0,0
t0138,train-job-001,comm-0,13,gpu-node-03,1,OK,16.68,0,0
t0138,train-job-001,comm-0,14,gpu-node-03,2,OK,11.7,0,0
t0138,train-job-001,comm-0,15,gpu-node-03,3,OK,7.39,0,0
t0138,train-job-001,comm-0,16,gpu-node-04,0,OK,8.76,0,0
t0138,train-job-001,comm-0,17,gpu-node-04,1,OK,11.04,0,0
t0138,train-job-001,comm-0,18,gpu-node-04,2,OK,10.16,0,0
t0138,train-job-001,comm-0,19,gpu-node-04,3,OK,13.98,0,0
t0138,train-job-001,comm-0,20,gpu-node-05,0,OK,14.43,0,0
t0138,train-job-001,comm-0,21,gpu-node-05,1,OK,9.95,0,0
t0138,train-job-001,comm-0,22,gpu-node-05,2,OK,14.05,0,0
t0138,train-job-001,comm-0,23,gpu-node-05,3,OK,8.69,0,0
t0138,train-job-001,comm-0,24,gpu-node-06,0,OK,10.57,0,0
t0138,train-job-001,comm-0,25,gpu-node-06,1,OK,11.91,0,0
t0138,train-job-001,comm-0,26,gpu-node-06,2,OK,12.15,0,0
t0138,train-job-001,comm-0,27,gpu-node-06,3,OK,13.49,0,0
t0138,train-job-001,comm-0,28,gpu-node-07,0,OK,9.99,0,0
t0138,train-job-001,comm-0,29,gpu-node-07,1,OK,14.16,0,0
t0138,train-job-001,comm-0,30,gpu-node-07,2,OK,12.77,0,0
t0138,train-job-001,comm-0,31,gpu-node-07,3,OK,10.94,0,0
t0138,train-job-001,comm-0,32,gpu-node-08,0,OK,13.67,0,0
t0138,train-job-001,comm-0,33,gpu-node-08,1,OK,13.16,0,0
t0138,train-job-001,comm-0,34,gpu-node-08,2,OK,15.43,0,0
t0138,train-job-001,comm-0,35,gpu-node-08,3,OK,13.62,0,0
t0138,train-job-001,comm-0,36,gpu-node-09,0,OK,12.41,0,0
t0138,train-job-001,comm-0,37,gpu-node-09,1,OK,8.56,0,0
t0138,train-job-001,comm-0,38,gpu-node-09,2,OK,11.45,0,0
t0138,train-job-001,comm-0,39,gpu-node-09,3,OK,10.95,0,0
t0138,train-job-001,comm-0,40,gpu-node-10,0,OK,13.66,0,0
t0138,train-job-001,comm-0,41,gpu-node-10,1,OK,13.38,0,0
t0138,train-job-001,comm-0,42,gpu-node-10,2,OK,13.23,0,0
t0138,train-job-001,comm-0,43,gpu-node-10,3,OK,10.05,0,0
t0138,train-job-001,comm-0,44,gpu-node-11,0,OK,10.55,0,0
t0138,train-job-001,comm-0,45,gpu-node-11,1,OK,13.72,0,0
t0138,train-job-001,comm-0,46,gpu-node-11,2,OK,14.91,0,0
t0138,train-job-001,comm-0,47,gpu-node-11,3,OK,11.15,0,0
t0139,train-job-001,comm-0,0,gpu-node-00,0,OK,11.57,0,0
t0139,train-job-001,comm-0,1,gpu-node-00,1,OK,12.24,0,0
t0139,train-job-001,comm-0,2,gpu-node-00,2,OK,9.17,0,0
t0139,train-job-001,comm-0,3,gpu-node-00,3,OK,12.61,0,0
t0139,train-job-001,comm-0,4,gpu-node-01,0,OK,13.77,0,0
t0139,train-job-001,comm-0,5,gpu-node-01,1,OK,15.14,0,0
t0139,train-job-001,comm-0,6,gpu-node-01,2,OK,13.07,0,0
t0139,train-job-001,comm-0,7,gpu-node-01,3,OK,11.32,0,0
t0139,train-job-001,comm-0,8,gpu-node-02,0,OK,13.76,0,0
t0139,train-job-001,comm-0,9,gpu-node-02,1,OK,12.25,0,0
t0139,train-job-001,comm-0,10,gpu-node-02,2,OK,14.15,0,0
t0139,train-job-001,comm-0,11,gpu-node-02,3,OK,9.92,0,0
t0139,train-job-001,comm-0,12,gpu-node-03,0,OK,13.2,0,0
t0139,train-job-001,comm-0,13,gpu-node-03,1,OK,14.55,0,0
t0139,train-job-001,comm-0,14,gpu-node-03,2,OK,12.94,0,0
t0139,train-job-001,comm-0,15,gpu-node-03,3,OK,11.36,0,0
t0139,train-job-001,comm-0,16,gpu-node-04,0,OK,13.27,0,0
t0139,train-job-001,comm-0,17,gpu-node-04,1,OK,11.68,0,0
t0139,train-job-001,comm-0,18,gpu-node-04,2,OK,12.45,0,0
t0139,train-job-001,comm-0,19,gpu-node-04,3,OK,12.15,0,0
t0139,train-job-001,comm-0,20,gpu-node-05,0,OK,10.37,0,0
t0139,train-job-001,comm-0,21,gpu-node-05,1,OK,9.1,0,0
t0139,train-job-001,comm-0,22,gpu-node-05,2,OK,11.11,0,0
t0139,train-job-001,comm-0,23,gpu-node-05,3,OK,10.64,0,0
t0139,train-job-001,comm-0,24,gpu-node-06,0,OK,11.07,0,0
t0139,train-job-001,comm-0,25,gpu-node-06,1,OK,8.75,0,0
t0139,train-job-001,comm-0,26,gpu-node-06,2,OK,12.99,0,0
t0139,train-job-001,comm-0,27,gpu-node-06,3,OK,10.99,0,0
t0139,train-job-001,comm-0,28,gpu-node-07,0,OK,11.46,0,0
t0139,train-job-001,comm-0,29,gpu-node-07,1,OK,14.27,0,0
t0139,train-job-001,comm-0,30,gpu-node-07,2,OK,9.21,0,0
t0139,train-job-001,comm-0,31,gpu-node-07,3,OK,13.07,0,0
t0139,train-job-001,comm-0,32,gpu-node-08,0,OK,10.44,0,0
t0139,train-job-001,comm-0,33,gpu-node-08,1,OK,8.63,0,0
t0139,train-job-001,comm-0,34,gpu-node-08,2,OK,11.44,0,0
t0139,train-job-001,comm-0,35,gpu-node-08,3,OK,13.36,0,0
t0139,train-job-001,comm-0,36,gpu-node-09,0,OK,13.37,0,0
t0139,train-job-001,comm-0,37,gpu-node-09,1,OK,13.73,0,0
t0139,train-job-001,comm-0,38,gpu-node-09,2,OK,10.78,0,0
t0139,train-job-001,comm-0,39,gpu-node-09,3,OK,8.93,0,0
t0139,train-job-001,comm-0,40,gpu-node-10,0,OK,11.4,0,0
t0139,train-job-001,comm-0,41,gpu-node-10,1,OK,13.64,0,0
t0139,train-job-001,comm-0,42,gpu-node-10,2,OK,10.32,0,0
t0139,train-job-001,comm-0,43,gpu-node-10,3,OK,11.73,0,0
t0139,train-job-001,comm-0,44,gpu-node-11,0,OK,11.38,0,0
t0139,train-job-001,comm-0,45,gpu-node-11,1,OK,14.58,0,0
t0139,train-job-001,comm-0,46,gpu-node-11,2,OK,9.4,0,0
t0139,train-job-001,comm-0,47,gpu-node-11,3,OK,13.71,0,0
t0140,train-job-001,comm-0,0,gpu-node-00,0,OK,13.79,0,0
t0140,train-job-001,comm-0,1,gpu-node-00,1,OK,11.91,0,0
t0140,train-job-001,comm-0,2,gpu-node-00,2,OK,8.83,0,0
t0140,train-job-001,comm-0,3,gpu-node-00,3,OK,13.12,0,0
t0140,train-job-001,comm-0,4,gpu-node-01,0,OK,11.44,0,0
t0140,train-job-001,comm-0,5,gpu-node-01,1,OK,15.34,0,0
t0140,train-job-001,comm-0,6,gpu-node-01,2,OK,8.3,0,0
t0140,train-job-001,comm-0,7,gpu-node-01,3,OK,10.95,0,0
t0140,train-job-001,comm-0,8,gpu-node-02,0,OK,8.75,0,0
t0140,train-job-001,comm-0,9,gpu-node-02,1,OK,12.91,0,0
t0140,train-job-001,comm-0,10,gpu-node-02,2,OK,11.26,0,0
t0140,train-job-001,comm-0,11,gpu-node-02,3,OK,12.88,0,0
t0140,train-job-001,comm-0,12,gpu-node-03,0,OK,9.33,0,0
t0140,train-job-001,comm-0,13,gpu-node-03,1,OK,11.63,0,0
t0140,train-job-001,comm-0,14,gpu-node-03,2,OK,11.44,0,0
t0140,train-job-001,comm-0,15,gpu-node-03,3,OK,11.27,0,0
t0140,train-job-001,comm-0,16,gpu-node-04,0,OK,7.53,0,0
t0140,train-job-001,comm-0,17,gpu-node-04,1,OK,11.47,0,0
t0140,train-job-001,comm-0,18,gpu-node-04,2,OK,12.32,0,0
t0140,train-job-001,comm-0,19,gpu-node-04,3,OK,11.42,0,0
t0140,train-job-001,comm-0,20,gpu-node-05,0,OK,10.17,0,0
t0140,train-job-001,comm-0,21,gpu-node-05,1,OK,10.04,0,0
t0140,train-job-001,comm-0,22,gpu-node-05,2,OK,11.65,0,0
t0140,train-job-001,comm-0,23,gpu-node-05,3,OK,5.68,0,0
t0140,train-job-001,comm-0,24,gpu-node-06,0,OK,11.5,0,0
t0140,train-job-001,comm-0,25,gpu-node-06,1,OK,11.96,0,0
t0140,train-job-001,comm-0,26,gpu-node-06,2,OK,10.13,0,0
t0140,train-job-001,comm-0,27,gpu-node-06,3,OK,13.82,0,0
t0140,train-job-001,comm-0,28,gpu-node-07,0,OK,9.91,0,0
t0140,train-job-001,comm-0,29,gpu-node-07,1,OK,11.23,0,0
t0140,train-job-001,comm-0,30,gpu-node-07,2,OK,14.89,0,0
t0140,train-job-001,comm-0,31,gpu-node-07,3,OK,14.84,0,0
t0140,train-job-001,comm-0,32,gpu-node-08,0,OK,9.35,0,0
t0140,train-job-001,comm-0,33,gpu-node-08,1,OK,12.49,0,0
t0140,train-job-001,comm-0,34,gpu-node-08,2,OK,12.16,0,0
t0140,train-job-001,comm-0,35,gpu-node-08,3,OK,11.69,0,0
t0140,train-job-001,comm-0,36,gpu-node-09,0,OK,10.3,0,0
t0140,train-job-001,comm-0,37,gpu-node-09,1,OK,12.33,0,0
t0140,train-job-001,comm-0,38,gpu-node-09,2,OK,6.4,0,0
t0140,train-job-001,comm-0,39,gpu-node-09,3,OK,10.66,0,0
t0140,train-job-001,comm-0,40,gpu-node-10,0,OK,10.96,0,0
t0140,train-job-001,comm-0,41,gpu-node-10,1,OK,13.15,0,0
t0140,train-job-001,comm-0,42,gpu-node-10,2,OK,15.13,0,0
t0140,train-job-001,comm-0,43,gpu-node-10,3,OK,9.39,0,0
t0140,train-job-001,comm-0,44,gpu-node-11,0,OK,12.38,0,0
t0140,train-job-001,comm-0,45,gpu-node-11,1,OK,8.76,0,0
t0140,train-job-001,comm-0,46,gpu-node-11,2,OK,12.62,0,0
t0140,train-job-001,comm-0,47,gpu-node-11,3,OK,13.88,0,0
t0141,train-job-001,comm-0,0,gpu-node-00,0,OK,12.17,0,0
t0141,train-job-001,comm-0,1,gpu-node-00,1,OK,13.44,0,0
t0141,train-job-001,comm-0,2,gpu-node-00,2,OK,15.31,0,0
t0141,train-job-001,comm-0,3,gpu-node-00,3,OK,13.54,0,0
t0141,train-job-001,comm-0,4,gpu-node-01,0,OK,14.56,0,0
t0141,train-job-001,comm-0,5,gpu-node-01,1,OK,11.78,0,0
t0141,train-job-001,comm-0,6,gpu-node-01,2,OK,13.88,0,0
t0141,train-job-001,comm-0,7,gpu-node-01,3,OK,12.38,0,0
t0141,train-job-001,comm-0,8,gpu-node-02,0,OK,11.55,0,0
t0141,train-job-001,comm-0,9,gpu-node-02,1,OK,12.84,0,0
t0141,train-job-001,comm-0,10,gpu-node-02,2,OK,11.23,0,0
t0141,train-job-001,comm-0,11,gpu-node-02,3,OK,9.29,0,0
t0141,train-job-001,comm-0,12,gpu-node-03,0,OK,11.38,0,0
t0141,train-job-001,comm-0,13,gpu-node-03,1,OK,10.76,0,0
t0141,train-job-001,comm-0,14,gpu-node-03,2,OK,10.69,0,0
t0141,train-job-001,comm-0,15,gpu-node-03,3,OK,11.17,0,0
t0141,train-job-001,comm-0,16,gpu-node-04,0,OK,12.04,0,0
t0141,train-job-001,comm-0,17,gpu-node-04,1,OK,10.95,0,0
t0141,train-job-001,comm-0,18,gpu-node-04,2,OK,12.48,0,0
t0141,train-job-001,comm-0,19,gpu-node-04,3,OK,12.76,0,0
t0141,train-job-001,comm-0,20,gpu-node-05,0,OK,8.53,0,0
t0141,train-job-001,comm-0,21,gpu-node-05,1,OK,15.44,0,0
t0141,train-job-001,comm-0,22,gpu-node-05,2,OK,9.72,0,0
t0141,train-job-001,comm-0,23,gpu-node-05,3,OK,12.0,0,0
t0141,train-job-001,comm-0,24,gpu-node-06,0,OK,12.67,0,0
t0141,train-job-001,comm-0,25,gpu-node-06,1,OK,11.74,0,0
t0141,train-job-001,comm-0,26,gpu-node-06,2,OK,13.69,0,0
t0141,train-job-001,comm-0,27,gpu-node-06,3,OK,10.65,0,0
t0141,train-job-001,comm-0,28,gpu-node-07,0,OK,8.53,0,0
t0141,train-job-001,comm-0,29,gpu-node-07,1,OK,10.29,0,0
t0141,train-job-001,comm-0,30,gpu-node-07,2,OK,11.96,0,0
t0141,train-job-001,comm-0,31,gpu-node-07,3,OK,13.08,0,0
t0141,train-job-001,comm-0,32,gpu-node-08,0,OK,13.8,0,0
t0141,train-job-001,comm-0,33,gpu-node-08,1,OK,13.62,0,0
t0141,train-job-001,comm-0,34,gpu-node-08,2,OK,11.09,0,0
t0141,train-job-001,comm-0,35,gpu-node-08,3,OK,9.76,0,0
t0141,train-job-001,comm-0,36,gpu-node-09,0,OK,13.14,0,0
t0141,train-job-001,comm-0,37,gpu-node-09,1,OK,15.09,0,0
t0141,train-job-001,comm-0,38,gpu-node-09,2,OK,9.8,0,0
t0141,train-job-001,comm-0,39,gpu-node-09,3,OK,12.83,0,0
t0141,train-job-001,comm-0,40,gpu-node-10,0,OK,11.88,0,0
t0141,train-job-001,comm-0,41,gpu-node-10,1,OK,13.85,0,0
t0141,train-job-001,comm-0,42,gpu-node-10,2,OK,9.09,0,0
t0141,train-job-001,comm-0,43,gpu-node-10,3,OK,13.76,0,0
t0141,train-job-001,comm-0,44,gpu-node-11,0,OK,14.26,0,0
t0141,train-job-001,comm-0,45,gpu-node-11,1,OK,8.71,0,0
t0141,train-job-001,comm-0,46,gpu-node-11,2,OK,12.8,0,0
t0141,train-job-001,comm-0,47,gpu-node-11,3,OK,8.75,0,0
t0142,train-job-001,comm-0,0,gpu-node-00,0,OK,10.93,0,0
t0142,train-job-001,comm-0,1,gpu-node-00,1,OK,11.43,0,0
t0142,train-job-001,comm-0,2,gpu-node-00,2,OK,15.86,0,0
t0142,train-job-001,comm-0,3,gpu-node-00,3,OK,12.4,0,0
t0142,train-job-001,comm-0,4,gpu-node-01,0,OK,13.1,0,0
t0142,train-job-001,comm-0,5,gpu-node-01,1,OK,11.96,0,0
t0142,train-job-001,comm-0,6,gpu-node-01,2,OK,12.53,0,0
t0142,train-job-001,comm-0,7,gpu-node-01,3,OK,9.86,0,0
t0142,train-job-001,comm-0,8,gpu-node-02,0,OK,9.46,0,0
t0142,train-job-001,comm-0,9,gpu-node-02,1,OK,14.6,0,0
t0142,train-job-001,comm-0,10,gpu-node-02,2,OK,11.2,0,0
t0142,train-job-001,comm-0,11,gpu-node-02,3,OK,10.95,0,0
t0142,train-job-001,comm-0,12,gpu-node-03,0,OK,9.4,0,0
t0142,train-job-001,comm-0,13,gpu-node-03,1,OK,9.08,0,0
t0142,train-job-001,comm-0,14,gpu-node-03,2,OK,12.5,0,0
t0142,train-job-001,comm-0,15,gpu-node-03,3,OK,10.61,0,0
t0142,train-job-001,comm-0,16,gpu-node-04,0,OK,12.17,0,0
t0142,train-job-001,comm-0,17,gpu-node-04,1,OK,11.9,0,0
t0142,train-job-001,comm-0,18,gpu-node-04,2,OK,12.09,0,0
t0142,train-job-001,comm-0,19,gpu-node-04,3,OK,13.68,0,0
t0142,train-job-001,comm-0,20,gpu-node-05,0,OK,13.92,0,0
t0142,train-job-001,comm-0,21,gpu-node-05,1,OK,11.24,0,0
t0142,train-job-001,comm-0,22,gpu-node-05,2,OK,10.74,0,0
t0142,train-job-001,comm-0,23,gpu-node-05,3,OK,13.18,0,0
t0142,train-job-001,comm-0,24,gpu-node-06,0,OK,9.04,0,0
t0142,train-job-001,comm-0,25,gpu-node-06,1,OK,12.97,0,0
t0142,train-job-001,comm-0,26,gpu-node-06,2,OK,15.51,0,0
t0142,train-job-001,comm-0,27,gpu-node-06,3,OK,11.41,0,0
t0142,train-job-001,comm-0,28,gpu-node-07,0,OK,12.2,0,0
t0142,train-job-001,comm-0,29,gpu-node-07,1,OK,15.82,0,0
t0142,train-job-001,comm-0,30,gpu-node-07,2,OK,13.74,0,0
t0142,train-job-001,comm-0,31,gpu-node-07,3,OK,12.06,0,0
t0142,train-job-001,comm-0,32,gpu-node-08,0,OK,13.65,0,0
t0142,train-job-001,comm-0,33,gpu-node-08,1,OK,9.0,0,0
t0142,train-job-001,comm-0,34,gpu-node-08,2,OK,11.14,0,0
t0142,train-job-001,comm-0,35,gpu-node-08,3,OK,11.59,0,0
t0142,train-job-001,comm-0,36,gpu-node-09,0,OK,11.59,0,0
t0142,train-job-001,comm-0,37,gpu-node-09,1,OK,8.81,0,0
t0142,train-job-001,comm-0,38,gpu-node-09,2,OK,11.62,0,0
t0142,train-job-001,comm-0,39,gpu-node-09,3,OK,12.27,0,0
t0142,train-job-001,comm-0,40,gpu-node-10,0,OK,7.25,0,0
t0142,train-job-001,comm-0,41,gpu-node-10,1,OK,11.81,0,0
t0142,train-job-001,comm-0,42,gpu-node-10,2,OK,11.12,0,0
t0142,train-job-001,comm-0,43,gpu-node-10,3,OK,11.53,0,0
t0142,train-job-001,comm-0,44,gpu-node-11,0,OK,12.48,0,0
t0142,train-job-001,comm-0,45,gpu-node-11,1,OK,7.76,0,0
t0142,train-job-001,comm-0,46,gpu-node-11,2,OK,17.08,0,0
t0142,train-job-001,comm-0,47,gpu-node-11,3,OK,12.36,0,0
t0143,train-job-001,comm-0,0,gpu-node-00,0,OK,12.06,0,0
t0143,train-job-001,comm-0,1,gpu-node-00,1,OK,10.78,0,0
t0143,train-job-001,comm-0,2,gpu-node-00,2,OK,14.24,0,0
t0143,train-job-001,comm-0,3,gpu-node-00,3,OK,7.32,0,0
t0143,train-job-001,comm-0,4,gpu-node-01,0,OK,11.7,0,0
t0143,train-job-001,comm-0,5,gpu-node-01,1,OK,12.8,0,0
t0143,train-job-001,comm-0,6,gpu-node-01,2,OK,12.29,0,0
t0143,train-job-001,comm-0,7,gpu-node-01,3,OK,16.24,0,0
t0143,train-job-001,comm-0,8,gpu-node-02,0,OK,14.61,0,0
t0143,train-job-001,comm-0,9,gpu-node-02,1,OK,9.36,0,0
t0143,train-job-001,comm-0,10,gpu-node-02,2,OK,10.74,0,0
t0143,train-job-001,comm-0,11,gpu-node-02,3,OK,13.85,0,0
t0143,train-job-001,comm-0,12,gpu-node-03,0,OK,12.38,0,0
t0143,train-job-001,comm-0,13,gpu-node-03,1,OK,12.37,0,0
t0143,train-job-001,comm-0,14,gpu-node-03,2,OK,12.46,0,0
t0143,train-job-001,comm-0,15,gpu-node-03,3,OK,12.34,0,0
t0143,train-job-001,comm-0,16,gpu-node-04,0,OK,7.69,0,0
t0143,train-job-001,comm-0,17,gpu-node-04,1,OK,12.51,0,0
t0143,train-job-001,comm-0,18,gpu-node-04,2,OK,8.74,0,0
t0143,train-job-001,comm-0,19,gpu-node-04,3,OK,12.8,0,0
t0143,train-job-001,comm-0,20,gpu-node-05,0,OK,10.64,0,0
t0143,train-job-001,comm-0,21,gpu-node-05,1,OK,14.16,0,0
t0143,train-job-001,comm-0,22,gpu-node-05,2,OK,11.73,0,0
t0143,train-job-001,comm-0,23,gpu-node-05,3,OK,14.02,0,0
t0143,train-job-001,comm-0,24,gpu-node-06,0,OK,11.1,0,0
t0143,train-job-001,comm-0,25,gpu-node-06,1,OK,9.19,0,0
t0143,train-job-001,comm-0,26,gpu-node-06,2,OK,11.5,0,0
t0143,train-job-001,comm-0,27,gpu-node-06,3,OK,12.89,0,0
t0143,train-job-001,comm-0,28,gpu-node-07,0,OK,12.91,0,0
t0143,train-job-001,comm-0,29,gpu-node-07,1,OK,13.48,0,0
t0143,train-job-001,comm-0,30,gpu-node-07,2,OK,10.77,0,0
t0143,train-job-001,comm-0,31,gpu-node-07,3,OK,11.94,0,0
t0143,train-job-001,comm-0,32,gpu-node-08,0,OK,10.16,0,0
t0143,train-job-001,comm-0,33,gpu-node-08,1,OK,14.25,0,0
t0143,train-job-001,comm-0,34,gpu-node-08,2,OK,8.3,0,0
t0143,train-job-001,comm-0,35,gpu-node-08,3,OK,9.66,0,0
t0143,train-job-001,comm-0,36,gpu-node-09,0,OK,11.85,0,0
t0143,train-job-001,comm-0,37,gpu-node-09,1,OK,10.23,0,0
t0143,train-job-001,comm-0,38,gpu-node-09,2,OK,11.59,0,0
t0143,train-job-001,comm-0,39,gpu-node-09,3,OK,9.04,0,0
t0143,train-job-001,comm-0,40,gpu-node-10,0,OK,12.18,0,0
t0143,train-job-001,comm-0,41,gpu-node-10,1,OK,15.88,0,0
t0143,train-job-001,comm-0,42,gpu-node-10,2,OK,13.62,0,0
t0143,train-job-001,comm-0,43,gpu-node-10,3,OK,10.32,0,0
t0143,train-job-001,comm-0,44,gpu-node-11,0,OK,12.86,0,0
t0143,train-job-001,comm-0,45,gpu-node-11,1,OK,14.51,0,0
t0143,train-job-001,comm-0,46,gpu-node-11,2,OK,11.86,0,0
t0143,train-job-001,comm-0,47,gpu-node-11,3,OK,13.32,0,0
t0144,train-job-001,comm-0,0,gpu-node-00,0,OK,11.38,0,0
t0144,train-job-001,comm-0,1,gpu-node-00,1,OK,11.76,0,0
t0144,train-job-001,comm-0,2,gpu-node-00,2,OK,11.77,0,0
t0144,train-job-001,comm-0,3,gpu-node-00,3,OK,7.75,0,0
t0144,train-job-001,comm-0,4,gpu-node-01,0,OK,11.74,0,0
t0144,train-job-001,comm-0,5,gpu-node-01,1,OK,8.91,0,0
t0144,train-job-001,comm-0,6,gpu-node-01,2,OK,10.66,0,0
t0144,train-job-001,comm-0,7,gpu-node-01,3,OK,10.1,0,0
t0144,train-job-001,comm-0,8,gpu-node-02,0,OK,14.58,0,0
t0144,train-job-001,comm-0,9,gpu-node-02,1,OK,11.25,0,0
t0144,train-job-001,comm-0,10,gpu-node-02,2,OK,11.19,0,0
t0144,train-job-001,comm-0,11,gpu-node-02,3,OK,7.88,0,0
t0144,train-job-001,comm-0,12,gpu-node-03,0,OK,15.02,0,0
t0144,train-job-001,comm-0,13,gpu-node-03,1,OK,15.07,0,0
t0144,train-job-001,comm-0,14,gpu-node-03,2,OK,9.28,0,0
t0144,train-job-001,comm-0,15,gpu-node-03,3,OK,8.46,0,0
t0144,train-job-001,comm-0,16,gpu-node-04,0,OK,10.93,0,0
t0144,train-job-001,comm-0,17,gpu-node-04,1,OK,10.54,0,0
t0144,train-job-001,comm-0,18,gpu-node-04,2,OK,14.46,0,0
t0144,train-job-001,comm-0,19,gpu-node-04,3,OK,11.13,0,0
t0144,train-job-001,comm-0,20,gpu-node-05,0,OK,10.68,0,0
t0144,train-job-001,comm-0,21,gpu-node-05,1,OK,12.72,0,0
t0144,train-job-001,comm-0,22,gpu-node-05,2,OK,10.83,0,0
t0144,train-job-001,comm-0,23,gpu-node-05,3,OK,10.05,0,0
t0144,train-job-001,comm-0,24,gpu-node-06,0,OK,8.7,0,0
t0144,train-job-001,comm-0,25,gpu-node-06,1,OK,13.06,0,0
t0144,train-job-001,comm-0,26,gpu-node-06,2,OK,12.67,0,0
t0144,train-job-001,comm-0,27,gpu-node-06,3,OK,12.01,0,0
t0144,train-job-001,comm-0,28,gpu-node-07,0,OK,15.68,0,0
t0144,train-job-001,comm-0,29,gpu-node-07,1,OK,14.37,0,0
t0144,train-job-001,comm-0,30,gpu-node-07,2,OK,13.23,0,0
t0144,train-job-001,comm-0,31,gpu-node-07,3,OK,14.5,0,0
t0144,train-job-001,comm-0,32,gpu-node-08,0,OK,9.64,0,0
t0144,train-job-001,comm-0,33,gpu-node-08,1,OK,11.46,0,0
t0144,train-job-001,comm-0,34,gpu-node-08,2,OK,10.82,0,0
t0144,train-job-001,comm-0,35,gpu-node-08,3,OK,12.18,0,0
t0144,train-job-001,comm-0,36,gpu-node-09,0,OK,12.75,0,0
t0144,train-job-001,comm-0,37,gpu-node-09,1,OK,9.68,0,0
t0144,train-job-001,comm-0,38,gpu-node-09,2,OK,10.29,0,0
t0144,train-job-001,comm-0,39,gpu-node-09,3,OK,11.38,0,0
t0144,train-job-001,comm-0,40,gpu-node-10,0,OK,11.49,0,0
t0144,train-job-001,comm-0,41,gpu-node-10,1,OK,14.42,0,0
t0144,train-job-001,comm-0,42,gpu-node-10,2,OK,8.58,0,0
t0144,train-job-001,comm-0,43,gpu-node-10,3,OK,9.87,0,0
t0144,train-job-001,comm-0,44,gpu-node-11,0,OK,14.12,0,0
t0144,train-job-001,comm-0,45,gpu-node-11,1,OK,14.16,0,0
t0144,train-job-001,comm-0,46,gpu-node-11,2,OK,11.56,0,0
t0144,train-job-001,comm-0,47,gpu-node-11,3,OK,11.3,0,0
t0145,train-job-001,comm-0,0,gpu-node-00,0,OK,10.59,0,0
t0145,train-job-001,comm-0,1,gpu-node-00,1,OK,11.32,0,0
t0145,train-job-001,comm-0,2,gpu-node-00,2,OK,11.89,0,0
t0145,train-job-001,comm-0,3,gpu-node-00,3,OK,12.54,0,0
t0145,train-job-001,comm-0,4,gpu-node-01,0,OK,9.27,0,0
t0145,train-job-001,comm-0,5,gpu-node-01,1,OK,9.93,0,0
t0145,train-job-001,comm-0,6,gpu-node-01,2,OK,11.78,0,0
t0145,train-job-001,comm-0,7,gpu-node-01,3,OK,11.46,0,0
t0145,train-job-001,comm-0,8,gpu-node-02,0,OK,12.12,0,0
t0145,train-job-001,comm-0,9,gpu-node-02,1,OK,14.9,0,0
t0145,train-job-001,comm-0,10,gpu-node-02,2,OK,10.68,0,0
t0145,train-job-001,comm-0,11,gpu-node-02,3,OK,13.66,0,0
t0145,train-job-001,comm-0,12,gpu-node-03,0,OK,14.12,0,0
t0145,train-job-001,comm-0,13,gpu-node-03,1,OK,8.57,0,0
t0145,train-job-001,comm-0,14,gpu-node-03,2,OK,12.62,0,0
t0145,train-job-001,comm-0,15,gpu-node-03,3,OK,11.21,0,0
t0145,train-job-001,comm-0,16,gpu-node-04,0,OK,12.62,0,0
t0145,train-job-001,comm-0,17,gpu-node-04,1,OK,12.63,0,0
t0145,train-job-001,comm-0,18,gpu-node-04,2,OK,13.13,0,0
t0145,train-job-001,comm-0,19,gpu-node-04,3,OK,9.09,0,0
t0145,train-job-001,comm-0,20,gpu-node-05,0,OK,17.61,0,0
t0145,train-job-001,comm-0,21,gpu-node-05,1,OK,8.65,0,0
t0145,train-job-001,comm-0,22,gpu-node-05,2,OK,9.34,0,0
t0145,train-job-001,comm-0,23,gpu-node-05,3,OK,11.37,0,0
t0145,train-job-001,comm-0,24,gpu-node-06,0,OK,12.73,0,0
t0145,train-job-001,comm-0,25,gpu-node-06,1,OK,10.29,0,0
t0145,train-job-001,comm-0,26,gpu-node-06,2,OK,14.66,0,0
t0145,train-job-001,comm-0,27,gpu-node-06,3,OK,15.05,0,0
t0145,train-job-001,comm-0,28,gpu-node-07,0,OK,14.21,0,0
t0145,train-job-001,comm-0,29,gpu-node-07,1,OK,12.57,0,0
t0145,train-job-001,comm-0,30,gpu-node-07,2,OK,11.98,0,0
t0145,train-job-001,comm-0,31,gpu-node-07,3,OK,11.42,0,0
t0145,train-job-001,comm-0,32,gpu-node-08,0,OK,11.51,0,0
t0145,train-job-001,comm-0,33,gpu-node-08,1,OK,12.01,0,0
t0145,train-job-001,comm-0,34,gpu-node-08,2,OK,10.85,0,0
t0145,train-job-001,comm-0,35,gpu-node-08,3,OK,10.73,0,0
t0145,train-job-001,comm-0,36,gpu-node-09,0,OK,12.55,0,0
t0145,train-job-001,comm-0,37,gpu-node-09,1,OK,11.66,0,0
t0145,train-job-001,comm-0,38,gpu-node-09,2,OK,13.75,0,0
t0145,train-job-001,comm-0,39,gpu-node-09,3,OK,12.65,0,0
t0145,train-job-001,comm-0,40,gpu-node-10,0,OK,8.47,0,0
t0145,train-job-001,comm-0,41,gpu-node-10,1,OK,13.04,0,0
t0145,train-job-001,comm-0,42,gpu-node-10,2,OK,9.07,0,0
t0145,train-job-001,comm-0,43,gpu-node-10,3,OK,13.45,0,0
t0145,train-job-001,comm-0,44,gpu-node-11,0,OK,10.16,0,0
t0145,train-job-001,comm-0,45,gpu-node-11,1,OK,11.01,0,0
t0145,train-job-001,comm-0,46,gpu-node-11,2,OK,9.89,0,0
t0145,train-job-001,comm-0,47,gpu-node-11,3,OK,11.55,0,0
t0146,train-job-001,comm-0,0,gpu-node-00,0,OK,11.33,0,0
t0146,train-job-001,comm-0,1,gpu-node-00,1,OK,8.97,0,0
t0146,train-job-001,comm-0,2,gpu-node-00,2,OK,9.41,0,0
t0146,train-job-001,comm-0,3,gpu-node-00,3,OK,9.12,0,0
t0146,train-job-001,comm-0,4,gpu-node-01,0,OK,11.21,0,0
t0146,train-job-001,comm-0,5,gpu-node-01,1,OK,11.8,0,0
t0146,train-job-001,comm-0,6,gpu-node-01,2,OK,12.94,0,0
t0146,train-job-001,comm-0,7,gpu-node-01,3,OK,14.54,0,0
t0146,train-job-001,comm-0,8,gpu-node-02,0,OK,13.99,0,0
t0146,train-job-001,comm-0,9,gpu-node-02,1,OK,11.72,0,0
t0146,train-job-001,comm-0,10,gpu-node-02,2,OK,12.85,0,0
t0146,train-job-001,comm-0,11,gpu-node-02,3,OK,10.91,0,0
t0146,train-job-001,comm-0,12,gpu-node-03,0,OK,11.25,0,0
t0146,train-job-001,comm-0,13,gpu-node-03,1,OK,8.48,0,0
t0146,train-job-001,comm-0,14,gpu-node-03,2,OK,14.77,0,0
t0146,train-job-001,comm-0,15,gpu-node-03,3,OK,10.28,0,0
t0146,train-job-001,comm-0,16,gpu-node-04,0,OK,9.16,0,0
t0146,train-job-001,comm-0,17,gpu-node-04,1,OK,13.12,0,0
t0146,train-job-001,comm-0,18,gpu-node-04,2,OK,15.04,0,0
t0146,train-job-001,comm-0,19,gpu-node-04,3,OK,16.14,0,0
t0146,train-job-001,comm-0,20,gpu-node-05,0,OK,14.73,0,0
t0146,train-job-001,comm-0,21,gpu-node-05,1,OK,11.4,0,0
t0146,train-job-001,comm-0,22,gpu-node-05,2,OK,11.04,0,0
t0146,train-job-001,comm-0,23,gpu-node-05,3,OK,11.15,0,0
t0146,train-job-001,comm-0,24,gpu-node-06,0,OK,12.73,0,0
t0146,train-job-001,comm-0,25,gpu-node-06,1,OK,12.71,0,0
t0146,train-job-001,comm-0,26,gpu-node-06,2,OK,10.18,0,0
t0146,train-job-001,comm-0,27,gpu-node-06,3,OK,9.89,0,0
t0146,train-job-001,comm-0,28,gpu-node-07,0,OK,10.67,0,0
t0146,train-job-001,comm-0,29,gpu-node-07,1,OK,12.72,0,0
t0146,train-job-001,comm-0,30,gpu-node-07,2,OK,13.73,0,0
t0146,train-job-001,comm-0,31,gpu-node-07,3,OK,12.23,0,0
t0146,train-job-001,comm-0,32,gpu-node-08,0,OK,12.33,0,0
t0146,train-job-001,comm-0,33,gpu-node-08,1,OK,10.72,0,0
t0146,train-job-001,comm-0,34,gpu-node-08,2,OK,10.88,0,0
t0146,train-job-001,comm-0,35,gpu-node-08,3,OK,13.3,0,0
t0146,train-job-001,comm-0,36,gpu-node-09,0,OK,10.64,0,0
t0146,train-job-001,comm-0,37,gpu-node-09,1,OK,13.91,0,0
t0146,train-job-001,comm-0,38,gpu-node-09,2,OK,10.96,0,0
t0146,train-job-001,comm-0,39,gpu-node-09,3,OK,9.07,0,0
t0146,train-job-001,comm-0,40,gpu-node-10,0,OK,14.01,0,0
t0146,train-job-001,comm-0,41,gpu-node-10,1,OK,13.61,0,0
t0146,train-job-001,comm-0,42,gpu-node-10,2,OK,15.12,0,0
t0146,train-job-001,comm-0,43,gpu-node-10,3,OK,12.07,0,0
t0146,train-job-001,comm-0,44,gpu-node-11,0,OK,12.54,0,0
t0146,train-job-001,comm-0,45,gpu-node-11,1,OK,10.4,0,0
t0146,train-job-001,comm-0,46,gpu-node-11,2,OK,14.8,0,0
t0146,train-job-001,comm-0,47,gpu-node-11,3,OK,12.64,0,0
t0147,train-job-001,comm-0,0,gpu-node-00,0,OK,10.48,0,0
t0147,train-job-001,comm-0,1,gpu-node-00,1,OK,13.15,0,0
t0147,train-job-001,comm-0,2,gpu-node-00,2,OK,12.17,0,0
t0147,train-job-001,comm-0,3,gpu-node-00,3,OK,9.91,0,0
t0147,train-job-001,comm-0,4,gpu-node-01,0,OK,14.51,0,0
t0147,train-job-001,comm-0,5,gpu-node-01,1,OK,10.82,0,0
t0147,train-job-001,comm-0,6,gpu-node-01,2,OK,14.23,0,0
t0147,train-job-001,comm-0,7,gpu-node-01,3,OK,11.26,0,0
t0147,train-job-001,comm-0,8,gpu-node-02,0,OK,11.85,0,0
t0147,train-job-001,comm-0,9,gpu-node-02,1,OK,12.47,0,0
t0147,train-job-001,comm-0,10,gpu-node-02,2,OK,15.8,0,0
t0147,train-job-001,comm-0,11,gpu-node-02,3,OK,12.4,0,0
t0147,train-job-001,comm-0,12,gpu-node-03,0,OK,13.28,0,0
t0147,train-job-001,comm-0,13,gpu-node-03,1,OK,13.49,0,0
t0147,train-job-001,comm-0,14,gpu-node-03,2,OK,15.41,0,0
t0147,train-job-001,comm-0,15,gpu-node-03,3,OK,11.25,0,0
t0147,train-job-001,comm-0,16,gpu-node-04,0,OK,12.31,0,0
t0147,train-job-001,comm-0,17,gpu-node-04,1,OK,10.71,0,0
t0147,train-job-001,comm-0,18,gpu-node-04,2,OK,9.93,0,0
t0147,train-job-001,comm-0,19,gpu-node-04,3,OK,13.48,0,0
t0147,train-job-001,comm-0,20,gpu-node-05,0,OK,15.45,0,0
t0147,train-job-001,comm-0,21,gpu-node-05,1,OK,11.06,0,0
t0147,train-job-001,comm-0,22,gpu-node-05,2,OK,10.11,0,0
t0147,train-job-001,comm-0,23,gpu-node-05,3,OK,11.93,0,0
t0147,train-job-001,comm-0,24,gpu-node-06,0,OK,11.81,0,0
t0147,train-job-001,comm-0,25,gpu-node-06,1,OK,8.64,0,0
t0147,train-job-001,comm-0,26,gpu-node-06,2,OK,12.2,0,0
t0147,train-job-001,comm-0,27,gpu-node-06,3,OK,11.46,0,0
t0147,train-job-001,comm-0,28,gpu-node-07,0,OK,13.15,0,0
t0147,train-job-001,comm-0,29,gpu-node-07,1,OK,12.6,0,0
t0147,train-job-001,comm-0,30,gpu-node-07,2,OK,11.19,0,0
t0147,train-job-001,comm-0,31,gpu-node-07,3,OK,14.56,0,0
t0147,train-job-001,comm-0,32,gpu-node-08,0,OK,10.86,0,0
t0147,train-job-001,comm-0,33,gpu-node-08,1,OK,13.65,0,0
t0147,train-job-001,comm-0,34,gpu-node-08,2,OK,16.76,0,0
t0147,train-job-001,comm-0,35,gpu-node-08,3,OK,15.08,0,0
t0147,train-job-001,comm-0,36,gpu-node-09,0,OK,12.15,0,0
t0147,train-job-001,comm-0,37,gpu-node-09,1,OK,15.33,0,0
t0147,train-job-001,comm-0,38,gpu-node-09,2,OK,9.86,0,0
t0147,train-job-001,comm-0,39,gpu-node-09,3,OK,11.69,0,0
t0147,train-job-001,comm-0,40,gpu-node-10,0,OK,16.23,0,0
t0147,train-job-001,comm-0,41,gpu-node-10,1,OK,16.49,0,0
t0147,train-job-001,comm-0,42,gpu-node-10,2,OK,9.06,0,0
t0147,train-job-001,comm-0,43,gpu-node-10,3,OK,13.01,0,0
t0147,train-job-001,comm-0,44,gpu-node-11,0,OK,8.83,0,0
t0147,train-job-001,comm-0,45,gpu-node-11,1,OK,11.58,0,0
t0147,train-job-001,comm-0,46,gpu-node-11,2,OK,13.51,0,0
t0147,train-job-001,comm-0,47,gpu-node-11,3,OK,8.59,0,0
t0148,train-job-001,comm-0,0,gpu-node-00,0,OK,14.84,0,0
t0148,train-job-001,comm-0,1,gpu-node-00,1,OK,12.29,0,0
t0148,train-job-001,comm-0,2,gpu-node-00,2,OK,11.29,0,0
t0148,train-job-001,comm-0,3,gpu-node-00,3,OK,12.69,0,0
t0148,train-job-001,comm-0,4,gpu-node-01,0,OK,10.71,0,0
t0148,train-job-001,comm-0,5,gpu-node-01,1,OK,10.05,0,0
t0148,train-job-001,comm-0,6,gpu-node-01,2,OK,12.71,0,0
t0148,train-job-001,comm-0,7,gpu-node-01,3,OK,12.49,0,0
t0148,train-job-001,comm-0,8,gpu-node-02,0,OK,13.12,0,0
t0148,train-job-001,comm-0,9,gpu-node-02,1,OK,13.49,0,0
t0148,train-job-001,comm-0,10,gpu-node-02,2,OK,9.72,0,0
t0148,train-job-001,comm-0,11,gpu-node-02,3,OK,13.3,0,0
t0148,train-job-001,comm-0,12,gpu-node-03,0,OK,14.53,0,0
t0148,train-job-001,comm-0,13,gpu-node-03,1,OK,14.88,0,0
t0148,train-job-001,comm-0,14,gpu-node-03,2,OK,11.13,0,0
t0148,train-job-001,comm-0,15,gpu-node-03,3,OK,11.62,0,0
t0148,train-job-001,comm-0,16,gpu-node-04,0,OK,10.06,0,0
t0148,train-job-001,comm-0,17,gpu-node-04,1,OK,12.69,0,0
t0148,train-job-001,comm-0,18,gpu-node-04,2,OK,12.26,0,0
t0148,train-job-001,comm-0,19,gpu-node-04,3,OK,12.82,0,0
t0148,train-job-001,comm-0,20,gpu-node-05,0,OK,10.63,0,0
t0148,train-job-001,comm-0,21,gpu-node-05,1,OK,12.77,0,0
t0148,train-job-001,comm-0,22,gpu-node-05,2,OK,10.73,0,0
t0148,train-job-001,comm-0,23,gpu-node-05,3,OK,12.48,0,0
t0148,train-job-001,comm-0,24,gpu-node-06,0,OK,13.02,0,0
t0148,train-job-001,comm-0,25,gpu-node-06,1,OK,13.04,0,0
t0148,train-job-001,comm-0,26,gpu-node-06,2,OK,12.58,0,0
t0148,train-job-001,comm-0,27,gpu-node-06,3,OK,12.84,0,0
t0148,train-job-001,comm-0,28,gpu-node-07,0,OK,13.22,0,0
t0148,train-job-001,comm-0,29,gpu-node-07,1,OK,11.5,0,0
t0148,train-job-001,comm-0,30,gpu-node-07,2,OK,8.87,0,0
t0148,train-job-001,comm-0,31,gpu-node-07,3,OK,11.91,0,0
t0148,train-job-001,comm-0,32,gpu-node-08,0,OK,15.74,0,0
t0148,train-job-001,comm-0,33,gpu-node-08,1,OK,12.09,0,0
t0148,train-job-001,comm-0,34,gpu-node-08,2,OK,12.69,0,0
t0148,train-job-001,comm-0,35,gpu-node-08,3,OK,11.48,0,0
t0148,train-job-001,comm-0,36,gpu-node-09,0,OK,12.33,0,0
t0148,train-job-001,comm-0,37,gpu-node-09,1,OK,12.14,0,0
t0148,train-job-001,comm-0,38,gpu-node-09,2,OK,6.95,0,0
t0148,train-job-001,comm-0,39,gpu-node-09,3,OK,11.52,0,0
t0148,train-job-001,comm-0,40,gpu-node-10,0,OK,10.98,0,0
t0148,train-job-001,comm-0,41,gpu-node-10,1,OK,9.11,0,0
t0148,train-job-001,comm-0,42,gpu-node-10,2,OK,9.6,0,0
t0148,train-job-001,comm-0,43,gpu-node-10,3,OK,10.48,0,0
t0148,train-job-001,comm-0,44,gpu-node-11,0,OK,13.1,0,0
t0148,train-job-001,comm-0,45,gpu-node-11,1,OK,11.26,0,0
t0148,train-job-001,comm-0,46,gpu-node-11,2,OK,14.68,0,0
t0148,train-job-001,comm-0,47,gpu-node-11,3,OK,14.49,0,0
t0149,train-job-001,comm-0,0,gpu-node-00,0,OK,15.73,0,0
t0149,train-job-001,comm-0,1,gpu-node-00,1,OK,11.94,0,0
t0149,train-job-001,comm-0,2,gpu-node-00,2,OK,11.55,0,0
t0149,train-job-001,comm-0,3,gpu-node-00,3,OK,15.01,0,0
t0149,train-job-001,comm-0,4,gpu-node-01,0,OK,11.23,0,0
t0149,train-job-001,comm-0,5,gpu-node-01,1,OK,11.19,0,0
t0149,train-job-001,comm-0,6,gpu-node-01,2,OK,11.26,0,0
t0149,train-job-001,comm-0,7,gpu-node-01,3,OK,11.46,0,0
t0149,train-job-001,comm-0,8,gpu-node-02,0,OK,12.77,0,0
t0149,train-job-001,comm-0,9,gpu-node-02,1,OK,10.47,0,0
t0149,train-job-001,comm-0,10,gpu-node-02,2,OK,10.62,0,0
t0149,train-job-001,comm-0,11,gpu-node-02,3,OK,16.24,0,0
t0149,train-job-001,comm-0,12,gpu-node-03,0,OK,12.49,0,0
t0149,train-job-001,comm-0,13,gpu-node-03,1,OK,12.22,0,0
t0149,train-job-001,comm-0,14,gpu-node-03,2,OK,12.16,0,0
t0149,train-job-001,comm-0,15,gpu-node-03,3,OK,11.88,0,0
t0149,train-job-001,comm-0,16,gpu-node-04,0,OK,12.48,0,0
t0149,train-job-001,comm-0,17,gpu-node-04,1,OK,14.07,0,0
t0149,train-job-001,comm-0,18,gpu-node-04,2,OK,16.04,0,0
t0149,train-job-001,comm-0,19,gpu-node-04,3,OK,10.88,0,0
t0149,train-job-001,comm-0,20,gpu-node-05,0,OK,10.13,0,0
t0149,train-job-001,comm-0,21,gpu-node-05,1,OK,10.37,0,0
t0149,train-job-001,comm-0,22,gpu-node-05,2,OK,8.29,0,0
t0149,train-job-001,comm-0,23,gpu-node-05,3,OK,14.88,0,0
t0149,train-job-001,comm-0,24,gpu-node-06,0,OK,14.22,0,0
t0149,train-job-001,comm-0,25,gpu-node-06,1,OK,11.64,0,0
t0149,train-job-001,comm-0,26,gpu-node-06,2,OK,14.38,0,0
t0149,train-job-001,comm-0,27,gpu-node-06,3,OK,15.34,0,0
t0149,train-job-001,comm-0,28,gpu-node-07,0,OK,11.86,0,0
t0149,train-job-001,comm-0,29,gpu-node-07,1,OK,11.87,0,0
t0149,train-job-001,comm-0,30,gpu-node-07,2,OK,10.99,0,0
t0149,train-job-001,comm-0,31,gpu-node-07,3,OK,16.97,0,0
t0149,train-job-001,comm-0,32,gpu-node-08,0,OK,14.02,0,0
t0149,train-job-001,comm-0,33,gpu-node-08,1,OK,10.78,0,0
t0149,train-job-001,comm-0,34,gpu-node-08,2,OK,11.64,0,0
t0149,train-job-001,comm-0,35,gpu-node-08,3,OK,10.9,0,0
t0149,train-job-001,comm-0,36,gpu-node-09,0,OK,14.7,0,0
t0149,train-job-001,comm-0,37,gpu-node-09,1,OK,10.13,0,0
t0149,train-job-001,comm-0,38,gpu-node-09,2,OK,13.52,0,0
t0149,train-job-001,comm-0,39,gpu-node-09,3,OK,11.93,0,0
t0149,train-job-001,comm-0,40,gpu-node-10,0,OK,7.25,0,0
t0149,train-job-001,comm-0,41,gpu-node-10,1,OK,10.68,0,0
t0149,train-job-001,comm-0,42,gpu-node-10,2,OK,15.07,0,0
t0149,train-job-001,comm-0,43,gpu-node-10,3,OK,9.84,0,0
t0149,train-job-001,comm-0,44,gpu-node-11,0,OK,11.45,0,0
t0149,train-job-001,comm-0,45,gpu-node-11,1,OK,14.4,0,0
t0149,train-job-001,comm-0,46,gpu-node-11,2,OK,8.96,0,0
t0149,train-job-001,comm-0,47,gpu-node-11,3,OK,12.94,0,0
t0150,train-job-001,comm-0,0,gpu-node-00,0,OK,11.25,0,0
t0150,train-job-001,comm-0,1,gpu-node-00,1,OK,14.4,0,0
t0150,train-job-001,comm-0,2,gpu-node-00,2,OK,12.58,0,0
t0150,train-job-001,comm-0,3,gpu-node-00,3,OK,8.96,0,0
t0150,train-job-001,comm-0,4,gpu-node-01,0,OK,10.09,0,0
t0150,train-job-001,comm-0,5,gpu-node-01,1,OK,11.52,0,0
t0150,train-job-001,comm-0,6,gpu-node-01,2,OK,11.23,0,0
t0150,train-job-001,comm-0,7,gpu-node-01,3,OK,10.29,0,0
t0150,train-job-001,comm-0,8,gpu-node-02,0,OK,9.44,0,0
t0150,train-job-001,comm-0,9,gpu-node-02,1,OK,12.81,0,0
t0150,train-job-001,comm-0,10,gpu-node-02,2,OK,10.09,0,0
t0150,train-job-001,comm-0,11,gpu-node-02,3,OK,11.08,0,0
t0150,train-job-001,comm-0,12,gpu-node-03,0,OK,13.89,0,0
t0150,train-job-001,comm-0,13,gpu-node-03,1,OK,10.81,0,0
t0150,train-job-001,comm-0,14,gpu-node-03,2,OK,8.39,0,0
t0150,train-job-001,comm-0,15,gpu-node-03,3,OK,13.63,0,0
t0150,train-job-001,comm-0,16,gpu-node-04,0,OK,9.41,0,0
t0150,train-job-001,comm-0,17,gpu-node-04,1,OK,9.18,0,0
t0150,train-job-001,comm-0,18,gpu-node-04,2,OK,7.17,0,0
t0150,train-job-001,comm-0,19,gpu-node-04,3,OK,11.47,0,0
t0150,train-job-001,comm-0,20,gpu-node-05,0,OK,10.19,0,0
t0150,train-job-001,comm-0,21,gpu-node-05,1,OK,11.68,0,0
t0150,train-job-001,comm-0,22,gpu-node-05,2,OK,13.68,0,0
t0150,train-job-001,comm-0,23,gpu-node-05,3,OK,10.69,0,0
t0150,train-job-001,comm-0,24,gpu-node-06,0,OK,10.18,0,0
t0150,train-job-001,comm-0,25,gpu-node-06,1,OK,15.48,0,0
t0150,train-job-001,comm-0,26,gpu-node-06,2,OK,14.76,0,0
t0150,train-job-001,comm-0,27,gpu-node-06,3,OK,17.54,0,0
t0150,train-job-001,comm-0,28,gpu-node-07,0,OK,14.08,0,0
t0150,train-job-001,comm-0,29,gpu-node-07,1,OK,13.02,0,0
t0150,train-job-001,comm-0,30,gpu-node-07,2,OK,14.52,0,0
t0150,train-job-001,comm-0,31,gpu-node-07,3,OK,8.56,0,0
t0150,train-job-001,comm-0,32,gpu-node-08,0,OK,14.55,0,0
t0150,train-job-001,comm-0,33,gpu-node-08,1,OK,15.49,0,0
t0150,train-job-001,comm-0,34,gpu-node-08,2,OK,14.43,0,0
t0150,train-job-001,comm-0,35,gpu-node-08,3,OK,10.0,0,0
t0150,train-job-001,comm-0,36,gpu-node-09,0,OK,11.21,0,0
t0150,train-job-001,comm-0,37,gpu-node-09,1,OK,11.97,0,0
t0150,train-job-001,comm-0,38,gpu-node-09,2,OK,8.04,0,0
t0150,train-job-001,comm-0,39,gpu-node-09,3,OK,8.5,0,0
t0150,train-job-001,comm-0,40,gpu-node-10,0,OK,12.87,0,0
t0150,train-job-001,comm-0,41,gpu-node-10,1,OK,13.16,0,0
t0150,train-job-001,comm-0,42,gpu-node-10,2,OK,10.95,0,0
t0150,train-job-001,comm-0,43,gpu-node-10,3,OK,5.45,0,0
t0150,train-job-001,comm-0,44,gpu-node-11,0,OK,14.7,0,0
t0150,train-job-001,comm-0,45,gpu-node-11,1,OK,13.88,0,0
t0150,train-job-001,comm-0,46,gpu-node-11,2,OK,11.37,0,0
t0150,train-job-001,comm-0,47,gpu-node-11,3,OK,11.27,0,0
t0151,train-job-001,comm-0,0,gpu-node-00,0,OK,14.19,0,0
t0151,train-job-001,comm-0,1,gpu-node-00,1,OK,10.31,0,0
t0151,train-job-001,comm-0,2,gpu-node-00,2,OK,13.23,0,0
t0151,train-job-001,comm-0,3,gpu-node-00,3,OK,14.96,0,0
t0151,train-job-001,comm-0,4,gpu-node-01,0,OK,11.38,0,0
t0151,train-job-001,comm-0,5,gpu-node-01,1,OK,11.08,0,0
t0151,train-job-001,comm-0,6,gpu-node-01,2,OK,15.9,0,0
t0151,train-job-001,comm-0,7,gpu-node-01,3,OK,8.64,0,0
t0151,train-job-001,comm-0,8,gpu-node-02,0,OK,10.14,0,0
t0151,train-job-001,comm-0,9,gpu-node-02,1,OK,12.43,0,0
t0151,train-job-001,comm-0,10,gpu-node-02,2,OK,9.87,0,0
t0151,train-job-001,comm-0,11,gpu-node-02,3,OK,10.32,0,0
t0151,train-job-001,comm-0,12,gpu-node-03,0,OK,11.59,0,0
t0151,train-job-001,comm-0,13,gpu-node-03,1,OK,7.35,0,0
t0151,train-job-001,comm-0,14,gpu-node-03,2,OK,14.47,0,0
t0151,train-job-001,comm-0,15,gpu-node-03,3,OK,11.32,0,0
t0151,train-job-001,comm-0,16,gpu-node-04,0,OK,17.23,0,0
t0151,train-job-001,comm-0,17,gpu-node-04,1,OK,13.89,0,0
t0151,train-job-001,comm-0,18,gpu-node-04,2,OK,12.02,0,0
t0151,train-job-001,comm-0,19,gpu-node-04,3,OK,14.29,0,0
t0151,train-job-001,comm-0,20,gpu-node-05,0,OK,8.89,0,0
t0151,train-job-001,comm-0,21,gpu-node-05,1,OK,12.68,0,0
t0151,train-job-001,comm-0,22,gpu-node-05,2,OK,10.44,0,0
t0151,train-job-001,comm-0,23,gpu-node-05,3,OK,11.99,0,0
t0151,train-job-001,comm-0,24,gpu-node-06,0,OK,10.89,0,0
t0151,train-job-001,comm-0,25,gpu-node-06,1,OK,11.42,0,0
t0151,train-job-001,comm-0,26,gpu-node-06,2,OK,12.68,0,0
t0151,train-job-001,comm-0,27,gpu-node-06,3,OK,9.72,0,0
t0151,train-job-001,comm-0,28,gpu-node-07,0,OK,13.2,0,0
t0151,train-job-001,comm-0,29,gpu-node-07,1,OK,7.46,0,0
t0151,train-job-001,comm-0,30,gpu-node-07,2,OK,12.8,0,0
t0151,train-job-001,comm-0,31,gpu-node-07,3,OK,9.79,0,0
t0151,train-job-001,comm-0,32,gpu-node-08,0,OK,8.8,0,0
t0151,train-job-001,comm-0,33,gpu-node-08,1,OK,14.31,0,0
t0151,train-job-001,comm-0,34,gpu-node-08,2,OK,10.29,0,0
t0151,train-job-001,comm-0,35,gpu-node-08,3,OK,11.05,0,0
t0151,train-job-001,comm-0,36,gpu-node-09,0,OK,10.11,0,0
t0151,train-job-001,comm-0,37,gpu-node-09,1,OK,10.02,0,0
t0151,train-job-001,comm-0,38,gpu-node-09,2,OK,13.72,0,0
t0151,train-job-001,comm-0,39,gpu-node-09,3,OK,8.17,0,0
t0151,train-job-001,comm-0,40,gpu-node-10,0,OK,12.14,0,0
t0151,train-job-001,comm-0,41,gpu-node-10,1,OK,9.66,0,0
t0151,train-job-001,comm-0,42,gpu-node-10,2,OK,5.9,0,0
t0151,train-job-001,comm-0,43,gpu-node-10,3,OK,12.06,0,0
t0151,train-job-001,comm-0,44,gpu-node-11,0,OK,10.98,0,0
t0151,train-job-001,comm-0,45,gpu-node-11,1,OK,10.84,0,0
t0151,train-job-001,comm-0,46,gpu-node-11,2,OK,14.48,0,0
t0151,train-job-001,comm-0,47,gpu-node-11,3,OK,11.18,0,0
t0152,train-job-001,comm-0,0,gpu-node-00,0,OK,9.38,0,0
t0152,train-job-001,comm-0,1,gpu-node-00,1,OK,11.34,0,0
t0152,train-job-001,comm-0,2,gpu-node-00,2,OK,13.52,0,0
t0152,train-job-001,comm-0,3,gpu-node-00,3,OK,11.02,0,0
t0152,train-job-001,comm-0,4,gpu-node-01,0,OK,10.36,0,0
t0152,train-job-001,comm-0,5,gpu-node-01,1,OK,11.0,0,0
t0152,train-job-001,comm-0,6,gpu-node-01,2,OK,9.4,0,0
t0152,train-job-001,comm-0,7,gpu-node-01,3,OK,14.54,0,0
t0152,train-job-001,comm-0,8,gpu-node-02,0,OK,12.2,0,0
t0152,train-job-001,comm-0,9,gpu-node-02,1,OK,8.42,0,0
t0152,train-job-001,comm-0,10,gpu-node-02,2,OK,10.51,0,0
t0152,train-job-001,comm-0,11,gpu-node-02,3,OK,11.24,0,0
t0152,train-job-001,comm-0,12,gpu-node-03,0,OK,11.88,0,0
t0152,train-job-001,comm-0,13,gpu-node-03,1,OK,11.58,0,0
t0152,train-job-001,comm-0,14,gpu-node-03,2,OK,12.26,0,0
t0152,train-job-001,comm-0,15,gpu-node-03,3,OK,13.79,0,0
t0152,train-job-001,comm-0,16,gpu-node-04,0,OK,12.93,0,0
t0152,train-job-001,comm-0,17,gpu-node-04,1,OK,11.42,0,0
t0152,train-job-001,comm-0,18,gpu-node-04,2,OK,11.28,0,0
t0152,train-job-001,comm-0,19,gpu-node-04,3,OK,11.55,0,0
t0152,train-job-001,comm-0,20,gpu-node-05,0,OK,15.28,0,0
t0152,train-job-001,comm-0,21,gpu-node-05,1,OK,9.83,0,0
t0152,train-job-001,comm-0,22,gpu-node-05,2,OK,12.32,0,0
t0152,train-job-001,comm-0,23,gpu-node-05,3,OK,11.41,0,0
t0152,train-job-001,comm-0,24,gpu-node-06,0,OK,12.82,0,0
t0152,train-job-001,comm-0,25,gpu-node-06,1,OK,10.74,0,0
t0152,train-job-001,comm-0,26,gpu-node-06,2,OK,11.7,0,0
t0152,train-job-001,comm-0,27,gpu-node-06,3,OK,11.62,0,0
t0152,train-job-001,comm-0,28,gpu-node-07,0,OK,16.07,0,0
t0152,train-job-001,comm-0,29,gpu-node-07,1,OK,11.57,0,0
t0152,train-job-001,comm-0,30,gpu-node-07,2,OK,17.15,0,0
t0152,train-job-001,comm-0,31,gpu-node-07,3,OK,11.43,0,0
t0152,train-job-001,comm-0,32,gpu-node-08,0,OK,14.4,0,0
t0152,train-job-001,comm-0,33,gpu-node-08,1,OK,8.75,0,0
t0152,train-job-001,comm-0,34,gpu-node-08,2,OK,11.89,0,0
t0152,train-job-001,comm-0,35,gpu-node-08,3,OK,10.12,0,0
t0152,train-job-001,comm-0,36,gpu-node-09,0,OK,16.08,0,0
t0152,train-job-001,comm-0,37,gpu-node-09,1,OK,12.36,0,0
t0152,train-job-001,comm-0,38,gpu-node-09,2,OK,11.4,0,0
t0152,train-job-001,comm-0,39,gpu-node-09,3,OK,13.63,0,0
t0152,train-job-001,comm-0,40,gpu-node-10,0,OK,15.38,0,0
t0152,train-job-001,comm-0,41,gpu-node-10,1,OK,11.87,0,0
t0152,train-job-001,comm-0,42,gpu-node-10,2,OK,12.21,0,0
t0152,train-job-001,comm-0,43,gpu-node-10,3,OK,9.83,0,0
t0152,train-job-001,comm-0,44,gpu-node-11,0,OK,8.16,0,0
t0152,train-job-001,comm-0,45,gpu-node-11,1,OK,12.59,0,0
t0152,train-job-001,comm-0,46,gpu-node-11,2,OK,11.21,0,0
t0152,train-job-001,comm-0,47,gpu-node-11,3,OK,12.46,0,0
t0153,train-job-001,comm-0,0,gpu-node-00,0,OK,14.08,0,0
t0153,train-job-001,comm-0,1,gpu-node-00,1,OK,12.31,0,0
t0153,train-job-001,comm-0,2,gpu-node-00,2,OK,14.43,0,0
t0153,train-job-001,comm-0,3,gpu-node-00,3,OK,10.04,0,0
t0153,train-job-001,comm-0,4,gpu-node-01,0,OK,11.39,0,0
t0153,train-job-001,comm-0,5,gpu-node-01,1,OK,10.03,0,0
t0153,train-job-001,comm-0,6,gpu-node-01,2,OK,12.94,0,0
t0153,train-job-001,comm-0,7,gpu-node-01,3,OK,8.19,0,0
t0153,train-job-001,comm-0,8,gpu-node-02,0,OK,11.94,0,0
t0153,train-job-001,comm-0,9,gpu-node-02,1,OK,14.27,0,0
t0153,train-job-001,comm-0,10,gpu-node-02,2,OK,13.52,0,0
t0153,train-job-001,comm-0,11,gpu-node-02,3,OK,11.33,0,0
t0153,train-job-001,comm-0,12,gpu-node-03,0,OK,11.27,0,0
t0153,train-job-001,comm-0,13,gpu-node-03,1,OK,12.03,0,0
t0153,train-job-001,comm-0,14,gpu-node-03,2,OK,7.93,0,0
t0153,train-job-001,comm-0,15,gpu-node-03,3,OK,11.39,0,0
t0153,train-job-001,comm-0,16,gpu-node-04,0,OK,14.59,0,0
t0153,train-job-001,comm-0,17,gpu-node-04,1,OK,9.07,0,0
t0153,train-job-001,comm-0,18,gpu-node-04,2,OK,13.78,0,0
t0153,train-job-001,comm-0,19,gpu-node-04,3,OK,11.8,0,0
t0153,train-job-001,comm-0,20,gpu-node-05,0,OK,13.8,0,0
t0153,train-job-001,comm-0,21,gpu-node-05,1,OK,11.44,0,0
t0153,train-job-001,comm-0,22,gpu-node-05,2,OK,15.03,0,0
t0153,train-job-001,comm-0,23,gpu-node-05,3,OK,13.95,0,0
t0153,train-job-001,comm-0,24,gpu-node-06,0,OK,10.65,0,0
t0153,train-job-001,comm-0,25,gpu-node-06,1,OK,13.08,0,0
t0153,train-job-001,comm-0,26,gpu-node-06,2,OK,14.69,0,0
t0153,train-job-001,comm-0,27,gpu-node-06,3,OK,11.46,0,0
t0153,train-job-001,comm-0,28,gpu-node-07,0,OK,13.2,0,0
t0153,train-job-001,comm-0,29,gpu-node-07,1,OK,13.28,0,0
t0153,train-job-001,comm-0,30,gpu-node-07,2,OK,12.16,0,0
t0153,train-job-001,comm-0,31,gpu-node-07,3,OK,10.47,0,0
t0153,train-job-001,comm-0,32,gpu-node-08,0,OK,12.61,0,0
t0153,train-job-001,comm-0,33,gpu-node-08,1,OK,6.55,0,0
t0153,train-job-001,comm-0,34,gpu-node-08,2,OK,11.47,0,0
t0153,train-job-001,comm-0,35,gpu-node-08,3,OK,10.45,0,0
t0153,train-job-001,comm-0,36,gpu-node-09,0,OK,10.38,0,0
t0153,train-job-001,comm-0,37,gpu-node-09,1,OK,13.81,0,0
t0153,train-job-001,comm-0,38,gpu-node-09,2,OK,10.3,0,0
t0153,train-job-001,comm-0,39,gpu-node-09,3,OK,13.95,0,0
t0153,train-job-001,comm-0,40,gpu-node-10,0,OK,11.13,0,0
t0153,train-job-001,comm-0,41,gpu-node-10,1,OK,12.0,0,0
t0153,train-job-001,comm-0,42,gpu-node-10,2,OK,13.34,0,0
t0153,train-job-001,comm-0,43,gpu-node-10,3,OK,14.0,0,0
t0153,train-job-001,comm-0,44,gpu-node-11,0,OK,13.15,0,0
t0153,train-job-001,comm-0,45,gpu-node-11,1,OK,11.19,0,0
t0153,train-job-001,comm-0,46,gpu-node-11,2,OK,11.54,0,0
t0153,train-job-001,comm-0,47,gpu-node-11,3,OK,13.1,0,0
t0154,train-job-001,comm-0,0,gpu-node-00,0,OK,10.6,0,0
t0154,train-job-001,comm-0,1,gpu-node-00,1,OK,14.46,0,0
t0154,train-job-001,comm-0,2,gpu-node-00,2,OK,14.11,0,0
t0154,train-job-001,comm-0,3,gpu-node-00,3,OK,13.44,0,0
t0154,train-job-001,comm-0,4,gpu-node-01,0,OK,11.87,0,0
t0154,train-job-001,comm-0,5,gpu-node-01,1,OK,15.18,0,0
t0154,train-job-001,comm-0,6,gpu-node-01,2,OK,8.86,0,0
t0154,train-job-001,comm-0,7,gpu-node-01,3,OK,11.84,0,0
t0154,train-job-001,comm-0,8,gpu-node-02,0,OK,12.41,0,0
t0154,train-job-001,comm-0,9,gpu-node-02,1,OK,12.91,0,0
t0154,train-job-001,comm-0,10,gpu-node-02,2,OK,15.87,0,0
t0154,train-job-001,comm-0,11,gpu-node-02,3,OK,13.94,0,0
t0154,train-job-001,comm-0,12,gpu-node-03,0,OK,8.86,0,0
t0154,train-job-001,comm-0,13,gpu-node-03,1,OK,8.84,0,0
t0154,train-job-001,comm-0,14,gpu-node-03,2,OK,9.72,0,0
t0154,train-job-001,comm-0,15,gpu-node-03,3,OK,12.03,0,0
t0154,train-job-001,comm-0,16,gpu-node-04,0,OK,13.4,0,0
t0154,train-job-001,comm-0,17,gpu-node-04,1,OK,12.13,0,0
t0154,train-job-001,comm-0,18,gpu-node-04,2,OK,11.81,0,0
t0154,train-job-001,comm-0,19,gpu-node-04,3,OK,10.38,0,0
t0154,train-job-001,comm-0,20,gpu-node-05,0,OK,16.05,0,0
t0154,train-job-001,comm-0,21,gpu-node-05,1,OK,13.9,0,0
t0154,train-job-001,comm-0,22,gpu-node-05,2,OK,11.44,0,0
t0154,train-job-001,comm-0,23,gpu-node-05,3,OK,13.3,0,0
t0154,train-job-001,comm-0,24,gpu-node-06,0,OK,10.32,0,0
t0154,train-job-001,comm-0,25,gpu-node-06,1,OK,12.0,0,0
t0154,train-job-001,comm-0,26,gpu-node-06,2,OK,10.33,0,0
t0154,train-job-001,comm-0,27,gpu-node-06,3,OK,13.16,0,0
t0154,train-job-001,comm-0,28,gpu-node-07,0,OK,10.51,0,0
t0154,train-job-001,comm-0,29,gpu-node-07,1,OK,11.69,0,0
t0154,train-job-001,comm-0,30,gpu-node-07,2,OK,11.32,0,0
t0154,train-job-001,comm-0,31,gpu-node-07,3,OK,13.88,0,0
t0154,train-job-001,comm-0,32,gpu-node-08,0,OK,12.02,0,0
t0154,train-job-001,comm-0,33,gpu-node-08,1,OK,12.47,0,0
t0154,train-job-001,comm-0,34,gpu-node-08,2,OK,13.17,0,0
t0154,train-job-001,comm-0,35,gpu-node-08,3,OK,9.91,0,0
t0154,train-job-001,comm-0,36,gpu-node-09,0,OK,10.72,0,0
t0154,train-job-001,comm-0,37,gpu-node-09,1,OK,13.72,0,0
t0154,train-job-001,comm-0,38,gpu-node-09,2,OK,14.77,0,0
t0154,train-job-001,comm-0,39,gpu-node-09,3,OK,9.45,0,0
t0154,train-job-001,comm-0,40,gpu-node-10,0,OK,13.03,0,0
t0154,train-job-001,comm-0,41,gpu-node-10,1,OK,10.06,0,0
t0154,train-job-001,comm-0,42,gpu-node-10,2,OK,10.43,0,0
t0154,train-job-001,comm-0,43,gpu-node-10,3,OK,16.1,0,0
t0154,train-job-001,comm-0,44,gpu-node-11,0,OK,11.04,0,0
t0154,train-job-001,comm-0,45,gpu-node-11,1,OK,9.33,0,0
t0154,train-job-001,comm-0,46,gpu-node-11,2,OK,13.39,0,0
t0154,train-job-001,comm-0,47,gpu-node-11,3,OK,11.37,0,0
t0155,train-job-001,comm-0,0,gpu-node-00,0,OK,12.0,0,0
t0155,train-job-001,comm-0,1,gpu-node-00,1,OK,10.56,0,0
t0155,train-job-001,comm-0,2,gpu-node-00,2,OK,10.76,0,0
t0155,train-job-001,comm-0,3,gpu-node-00,3,OK,11.89,0,0
t0155,train-job-001,comm-0,4,gpu-node-01,0,OK,12.81,0,0
t0155,train-job-001,comm-0,5,gpu-node-01,1,OK,13.74,0,0
t0155,train-job-001,comm-0,6,gpu-node-01,2,OK,12.81,0,0
t0155,train-job-001,comm-0,7,gpu-node-01,3,OK,12.69,0,0
t0155,train-job-001,comm-0,8,gpu-node-02,0,OK,11.11,0,0
t0155,train-job-001,comm-0,9,gpu-node-02,1,OK,12.3,0,0
t0155,train-job-001,comm-0,10,gpu-node-02,2,OK,8.72,0,0
t0155,train-job-001,comm-0,11,gpu-node-02,3,OK,9.55,0,0
t0155,train-job-001,comm-0,12,gpu-node-03,0,OK,13.06,0,0
t0155,train-job-001,comm-0,13,gpu-node-03,1,OK,12.96,0,0
t0155,train-job-001,comm-0,14,gpu-node-03,2,OK,13.84,0,0
t0155,train-job-001,comm-0,15,gpu-node-03,3,OK,10.74,0,0
t0155,train-job-001,comm-0,16,gpu-node-04,0,OK,12.38,0,0
t0155,train-job-001,comm-0,17,gpu-node-04,1,OK,12.25,0,0
t0155,train-job-001,comm-0,18,gpu-node-04,2,OK,10.48,0,0
t0155,train-job-001,comm-0,19,gpu-node-04,3,OK,8.59,0,0
t0155,train-job-001,comm-0,20,gpu-node-05,0,OK,12.53,0,0
t0155,train-job-001,comm-0,21,gpu-node-05,1,OK,12.24,0,0
t0155,train-job-001,comm-0,22,gpu-node-05,2,OK,13.78,0,0
t0155,train-job-001,comm-0,23,gpu-node-05,3,OK,11.77,0,0
t0155,train-job-001,comm-0,24,gpu-node-06,0,OK,15.98,0,0
t0155,train-job-001,comm-0,25,gpu-node-06,1,OK,12.76,0,0
t0155,train-job-001,comm-0,26,gpu-node-06,2,OK,8.98,0,0
t0155,train-job-001,comm-0,27,gpu-node-06,3,OK,12.02,0,0
t0155,train-job-001,comm-0,28,gpu-node-07,0,OK,11.01,0,0
t0155,train-job-001,comm-0,29,gpu-node-07,1,OK,11.84,0,0
t0155,train-job-001,comm-0,30,gpu-node-07,2,OK,10.96,0,0
t0155,train-job-001,comm-0,31,gpu-node-07,3,OK,12.38,0,0
t0155,train-job-001,comm-0,32,gpu-node-08,0,OK,15.56,0,0
t0155,train-job-001,comm-0,33,gpu-node-08,1,OK,11.42,0,0
t0155,train-job-001,comm-0,34,gpu-node-08,2,OK,12.88,0,0
t0155,train-job-001,comm-0,35,gpu-node-08,3,OK,14.39,0,0
t0155,train-job-001,comm-0,36,gpu-node-09,0,OK,14.79,0,0
t0155,train-job-001,comm-0,37,gpu-node-09,1,OK,14.04,0,0
t0155,train-job-001,comm-0,38,gpu-node-09,2,OK,13.2,0,0
t0155,train-job-001,comm-0,39,gpu-node-09,3,OK,10.86,0,0
t0155,train-job-001,comm-0,40,gpu-node-10,0,OK,12.92,0,0
t0155,train-job-001,comm-0,41,gpu-node-10,1,OK,12.5,0,0
t0155,train-job-001,comm-0,42,gpu-node-10,2,OK,14.16,0,0
t0155,train-job-001,comm-0,43,gpu-node-10,3,OK,9.54,0,0
t0155,train-job-001,comm-0,44,gpu-node-11,0,OK,11.07,0,0
t0155,train-job-001,comm-0,45,gpu-node-11,1,OK,10.57,0,0
t0155,train-job-001,comm-0,46,gpu-node-11,2,OK,11.84,0,0
t0155,train-job-001,comm-0,47,gpu-node-11,3,OK,10.16,0,0
t0156,train-job-001,comm-0,0,gpu-node-00,0,OK,14.45,0,0
t0156,train-job-001,comm-0,1,gpu-node-00,1,OK,10.86,0,0
t0156,train-job-001,comm-0,2,gpu-node-00,2,OK,13.81,0,0
t0156,train-job-001,comm-0,3,gpu-node-00,3,OK,10.02,0,0
t0156,train-job-001,comm-0,4,gpu-node-01,0,OK,11.17,0,0
t0156,train-job-001,comm-0,5,gpu-node-01,1,OK,10.95,0,0
t0156,train-job-001,comm-0,6,gpu-node-01,2,OK,9.61,0,0
t0156,train-job-001,comm-0,7,gpu-node-01,3,OK,14.47,0,0
t0156,train-job-001,comm-0,8,gpu-node-02,0,OK,10.41,0,0
t0156,train-job-001,comm-0,9,gpu-node-02,1,OK,10.08,0,0
t0156,train-job-001,comm-0,10,gpu-node-02,2,OK,10.57,0,0
t0156,train-job-001,comm-0,11,gpu-node-02,3,OK,12.67,0,0
t0156,train-job-001,comm-0,12,gpu-node-03,0,OK,10.79,0,0
t0156,train-job-001,comm-0,13,gpu-node-03,1,OK,12.91,0,0
t0156,train-job-001,comm-0,14,gpu-node-03,2,OK,14.07,0,0
t0156,train-job-001,comm-0,15,gpu-node-03,3,OK,12.05,0,0
t0156,train-job-001,comm-0,16,gpu-node-04,0,OK,12.01,0,0
t0156,train-job-001,comm-0,17,gpu-node-04,1,OK,12.38,0,0
t0156,train-job-001,comm-0,18,gpu-node-04,2,OK,11.26,0,0
t0156,train-job-001,comm-0,19,gpu-node-04,3,OK,13.25,0,0
t0156,train-job-001,comm-0,20,gpu-node-05,0,OK,11.7,0,0
t0156,train-job-001,comm-0,21,gpu-node-05,1,OK,13.84,0,0
t0156,train-job-001,comm-0,22,gpu-node-05,2,OK,14.93,0,0
t0156,train-job-001,comm-0,23,gpu-node-05,3,OK,10.18,0,0
t0156,train-job-001,comm-0,24,gpu-node-06,0,OK,12.36,0,0
t0156,train-job-001,comm-0,25,gpu-node-06,1,OK,13.41,0,0
t0156,train-job-001,comm-0,26,gpu-node-06,2,OK,11.93,0,0
t0156,train-job-001,comm-0,27,gpu-node-06,3,OK,11.6,0,0
t0156,train-job-001,comm-0,28,gpu-node-07,0,OK,14.95,0,0
t0156,train-job-001,comm-0,29,gpu-node-07,1,OK,11.77,0,0
t0156,train-job-001,comm-0,30,gpu-node-07,2,OK,10.32,0,0
t0156,train-job-001,comm-0,31,gpu-node-07,3,OK,10.64,0,0
t0156,train-job-001,comm-0,32,gpu-node-08,0,OK,12.11,0,0
t0156,train-job-001,comm-0,33,gpu-node-08,1,OK,10.16,0,0
t0156,train-job-001,comm-0,34,gpu-node-08,2,OK,11.58,0,0
t0156,train-job-001,comm-0,35,gpu-node-08,3,OK,13.47,0,0
t0156,train-job-001,comm-0,36,gpu-node-09,0,OK,11.64,0,0
t0156,train-job-001,comm-0,37,gpu-node-09,1,OK,14.22,0,0
t0156,train-job-001,comm-0,38,gpu-node-09,2,OK,13.51,0,0
t0156,train-job-001,comm-0,39,gpu-node-09,3,OK,12.39,0,0
t0156,train-job-001,comm-0,40,gpu-node-10,0,OK,12.78,0,0
t0156,train-job-001,comm-0,41,gpu-node-10,1,OK,13.95,0,0
t0156,train-job-001,comm-0,42,gpu-node-10,2,OK,13.28,0,0
t0156,train-job-001,comm-0,43,gpu-node-10,3,OK,11.33,0,0
t0156,train-job-001,comm-0,44,gpu-node-11,0,OK,12.72,0,0
t0156,train-job-001,comm-0,45,gpu-node-11,1,OK,8.11,0,0
t0156,train-job-001,comm-0,46,gpu-node-11,2,OK,12.74,0,0
t0156,train-job-001,comm-0,47,gpu-node-11,3,OK,12.24,0,0
t0157,train-job-001,comm-0,0,gpu-node-00,0,OK,10.86,0,0
t0157,train-job-001,comm-0,1,gpu-node-00,1,OK,13.77,0,0
t0157,train-job-001,comm-0,2,gpu-node-00,2,OK,11.65,0,0
t0157,train-job-001,comm-0,3,gpu-node-00,3,OK,12.82,0,0
t0157,train-job-001,comm-0,4,gpu-node-01,0,OK,8.18,0,0
t0157,train-job-001,comm-0,5,gpu-node-01,1,OK,17.18,0,0
t0157,train-job-001,comm-0,6,gpu-node-01,2,OK,14.89,0,0
t0157,train-job-001,comm-0,7,gpu-node-01,3,OK,13.51,0,0
t0157,train-job-001,comm-0,8,gpu-node-02,0,OK,11.74,0,0
t0157,train-job-001,comm-0,9,gpu-node-02,1,OK,12.9,0,0
t0157,train-job-001,comm-0,10,gpu-node-02,2,OK,14.74,0,0
t0157,train-job-001,comm-0,11,gpu-node-02,3,OK,10.87,0,0
t0157,train-job-001,comm-0,12,gpu-node-03,0,OK,9.04,0,0
t0157,train-job-001,comm-0,13,gpu-node-03,1,OK,11.95,0,0
t0157,train-job-001,comm-0,14,gpu-node-03,2,OK,11.96,0,0
t0157,train-job-001,comm-0,15,gpu-node-03,3,OK,11.09,0,0
t0157,train-job-001,comm-0,16,gpu-node-04,0,OK,10.52,0,0
t0157,train-job-001,comm-0,17,gpu-node-04,1,OK,12.96,0,0
t0157,train-job-001,comm-0,18,gpu-node-04,2,OK,12.5,0,0
t0157,train-job-001,comm-0,19,gpu-node-04,3,OK,13.91,0,0
t0157,train-job-001,comm-0,20,gpu-node-05,0,OK,10.52,0,0
t0157,train-job-001,comm-0,21,gpu-node-05,1,OK,11.18,0,0
t0157,train-job-001,comm-0,22,gpu-node-05,2,OK,10.44,0,0
t0157,train-job-001,comm-0,23,gpu-node-05,3,OK,10.89,0,0
t0157,train-job-001,comm-0,24,gpu-node-06,0,OK,9.29,0,0
t0157,train-job-001,comm-0,25,gpu-node-06,1,OK,13.66,0,0
t0157,train-job-001,comm-0,26,gpu-node-06,2,OK,15.78,0,0
t0157,train-job-001,comm-0,27,gpu-node-06,3,OK,8.44,0,0
t0157,train-job-001,comm-0,28,gpu-node-07,0,OK,10.85,0,0
t0157,train-job-001,comm-0,29,gpu-node-07,1,OK,12.12,0,0
t0157,train-job-001,comm-0,30,gpu-node-07,2,OK,10.15,0,0
t0157,train-job-001,comm-0,31,gpu-node-07,3,OK,13.02,0,0
t0157,train-job-001,comm-0,32,gpu-node-08,0,OK,12.27,0,0
t0157,train-job-001,comm-0,33,gpu-node-08,1,OK,15.69,0,0
t0157,train-job-001,comm-0,34,gpu-node-08,2,OK,8.98,0,0
t0157,train-job-001,comm-0,35,gpu-node-08,3,OK,13.5,0,0
t0157,train-job-001,comm-0,36,gpu-node-09,0,OK,17.09,0,0
t0157,train-job-001,comm-0,37,gpu-node-09,1,OK,10.29,0,0
t0157,train-job-001,comm-0,38,gpu-node-09,2,OK,12.33,0,0
t0157,train-job-001,comm-0,39,gpu-node-09,3,OK,11.33,0,0
t0157,train-job-001,comm-0,40,gpu-node-10,0,OK,12.57,0,0
t0157,train-job-001,comm-0,41,gpu-node-10,1,OK,15.95,0,0
t0157,train-job-001,comm-0,42,gpu-node-10,2,OK,10.34,0,0
t0157,train-job-001,comm-0,43,gpu-node-10,3,OK,11.69,0,0
t0157,train-job-001,comm-0,44,gpu-node-11,0,OK,12.44,0,0
t0157,train-job-001,comm-0,45,gpu-node-11,1,OK,10.72,0,0
t0157,train-job-001,comm-0,46,gpu-node-11,2,OK,12.26,0,0
t0157,train-job-001,comm-0,47,gpu-node-11,3,OK,17.09,0,0
t0158,train-job-001,comm-0,0,gpu-node-00,0,OK,12.22,0,0
t0158,train-job-001,comm-0,1,gpu-node-00,1,OK,9.92,0,0
t0158,train-job-001,comm-0,2,gpu-node-00,2,OK,8.44,0,0
t0158,train-job-001,comm-0,3,gpu-node-00,3,OK,10.33,0,0
t0158,train-job-001,comm-0,4,gpu-node-01,0,OK,12.61,0,0
t0158,train-job-001,comm-0,5,gpu-node-01,1,OK,9.05,0,0
t0158,train-job-001,comm-0,6,gpu-node-01,2,OK,12.9,0,0
t0158,train-job-001,comm-0,7,gpu-node-01,3,OK,12.33,0,0
t0158,train-job-001,comm-0,8,gpu-node-02,0,OK,11.22,0,0
t0158,train-job-001,comm-0,9,gpu-node-02,1,OK,7.23,0,0
t0158,train-job-001,comm-0,10,gpu-node-02,2,OK,14.29,0,0
t0158,train-job-001,comm-0,11,gpu-node-02,3,OK,11.16,0,0
t0158,train-job-001,comm-0,12,gpu-node-03,0,OK,12.98,0,0
t0158,train-job-001,comm-0,13,gpu-node-03,1,OK,13.57,0,0
t0158,train-job-001,comm-0,14,gpu-node-03,2,OK,10.81,0,0
t0158,train-job-001,comm-0,15,gpu-node-03,3,OK,13.22,0,0
t0158,train-job-001,comm-0,16,gpu-node-04,0,OK,9.67,0,0
t0158,train-job-001,comm-0,17,gpu-node-04,1,OK,11.69,0,0
t0158,train-job-001,comm-0,18,gpu-node-04,2,OK,13.79,0,0
t0158,train-job-001,comm-0,19,gpu-node-04,3,OK,11.96,0,0
t0158,train-job-001,comm-0,20,gpu-node-05,0,OK,12.7,0,0
t0158,train-job-001,comm-0,21,gpu-node-05,1,OK,10.81,0,0
t0158,train-job-001,comm-0,22,gpu-node-05,2,OK,11.14,0,0
t0158,train-job-001,comm-0,23,gpu-node-05,3,OK,15.68,0,0
t0158,train-job-001,comm-0,24,gpu-node-06,0,OK,16.91,0,0
t0158,train-job-001,comm-0,25,gpu-node-06,1,OK,14.59,0,0
t0158,train-job-001,comm-0,26,gpu-node-06,2,OK,10.18,0,0
t0158,train-job-001,comm-0,27,gpu-node-06,3,OK,10.07,0,0
t0158,train-job-001,comm-0,28,gpu-node-07,0,OK,9.59,0,0
t0158,train-job-001,comm-0,29,gpu-node-07,1,OK,12.3,0,0
t0158,train-job-001,comm-0,30,gpu-node-07,2,OK,13.73,0,0
t0158,train-job-001,comm-0,31,gpu-node-07,3,OK,15.45,0,0
t0158,train-job-001,comm-0,32,gpu-node-08,0,OK,11.64,0,0
t0158,train-job-001,comm-0,33,gpu-node-08,1,OK,9.49,0,0
t0158,train-job-001,comm-0,34,gpu-node-08,2,OK,10.24,0,0
t0158,train-job-001,comm-0,35,gpu-node-08,3,OK,12.15,0,0
t0158,train-job-001,comm-0,36,gpu-node-09,0,OK,12.22,0,0
t0158,train-job-001,comm-0,37,gpu-node-09,1,OK,12.46,0,0
t0158,train-job-001,comm-0,38,gpu-node-09,2,OK,12.56,0,0
t0158,train-job-001,comm-0,39,gpu-node-09,3,OK,13.11,0,0
t0158,train-job-001,comm-0,40,gpu-node-10,0,OK,12.29,0,0
t0158,train-job-001,comm-0,41,gpu-node-10,1,OK,11.82,0,0
t0158,train-job-001,comm-0,42,gpu-node-10,2,OK,12.4,0,0
t0158,train-job-001,comm-0,43,gpu-node-10,3,OK,12.81,0,0
t0158,train-job-001,comm-0,44,gpu-node-11,0,OK,11.1,0,0
t0158,train-job-001,comm-0,45,gpu-node-11,1,OK,11.19,0,0
t0158,train-job-001,comm-0,46,gpu-node-11,2,OK,10.89,0,0
t0158,train-job-001,comm-0,47,gpu-node-11,3,OK,10.73,0,0
t0159,train-job-001,comm-0,0,gpu-node-00,0,OK,10.49,0,0
t0159,train-job-001,comm-0,1,gpu-node-00,1,OK,9.29,0,0
t0159,train-job-001,comm-0,2,gpu-node-00,2,OK,13.72,0,0
t0159,train-job-001,comm-0,3,gpu-node-00,3,OK,11.39,0,0
t0159,train-job-001,comm-0,4,gpu-node-01,0,OK,11.05,0,0
t0159,train-job-001,comm-0,5,gpu-node-01,1,OK,12.46,0,0
t0159,train-job-001,comm-0,6,gpu-node-01,2,OK,11.17,0,0
t0159,train-job-001,comm-0,7,gpu-node-01,3,OK,11.63,0,0
t0159,train-job-001,comm-0,8,gpu-node-02,0,OK,14.15,0,0
t0159,train-job-001,comm-0,9,gpu-node-02,1,OK,14.53,0,0
t0159,train-job-001,comm-0,10,gpu-node-02,2,OK,12.05,0,0
t0159,train-job-001,comm-0,11,gpu-node-02,3,OK,10.27,0,0
t0159,train-job-001,comm-0,12,gpu-node-03,0,OK,14.01,0,0
t0159,train-job-001,comm-0,13,gpu-node-03,1,OK,10.01,0,0
t0159,train-job-001,comm-0,14,gpu-node-03,2,OK,8.34,0,0
t0159,train-job-001,comm-0,15,gpu-node-03,3,OK,9.33,0,0
t0159,train-job-001,comm-0,16,gpu-node-04,0,OK,10.15,0,0
t0159,train-job-001,comm-0,17,gpu-node-04,1,OK,15.7,0,0
t0159,train-job-001,comm-0,18,gpu-node-04,2,OK,10.71,0,0
t0159,train-job-001,comm-0,19,gpu-node-04,3,OK,8.65,0,0
t0159,train-job-001,comm-0,20,gpu-node-05,0,OK,9.61,0,0
t0159,train-job-001,comm-0,21,gpu-node-05,1,OK,11.94,0,0
t0159,train-job-001,comm-0,22,gpu-node-05,2,OK,11.54,0,0
t0159,train-job-001,comm-0,23,gpu-node-05,3,OK,13.36,0,0
t0159,train-job-001,comm-0,24,gpu-node-06,0,OK,11.69,0,0
t0159,train-job-001,comm-0,25,gpu-node-06,1,OK,12.42,0,0
t0159,train-job-001,comm-0,26,gpu-node-06,2,OK,8.32,0,0
t0159,train-job-001,comm-0,27,gpu-node-06,3,OK,11.89,0,0
t0159,train-job-001,comm-0,28,gpu-node-07,0,OK,10.85,0,0
t0159,train-job-001,comm-0,29,gpu-node-07,1,OK,15.19,0,0
t0159,train-job-001,comm-0,30,gpu-node-07,2,OK,14.94,0,0
t0159,train-job-001,comm-0,31,gpu-node-07,3,OK,14.0,0,0
t0159,train-job-001,comm-0,32,gpu-node-08,0,OK,9.77,0,0
t0159,train-job-001,comm-0,33,gpu-node-08,1,OK,12.13,0,0
t0159,train-job-001,comm-0,34,gpu-node-08,2,OK,11.58,0,0
t0159,train-job-001,comm-0,35,gpu-node-08,3,OK,11.6,0,0
t0159,train-job-001,comm-0,36,gpu-node-09,0,OK,12.01,0,0
t0159,train-job-001,comm-0,37,gpu-node-09,1,OK,10.79,0,0
t0159,train-job-001,comm-0,38,gpu-node-09,2,OK,10.84,0,0
t0159,train-job-001,comm-0,39,gpu-node-09,3,OK,11.47,0,0
t0159,train-job-001,comm-0,40,gpu-node-10,0,OK,12.51,0,0
t0159,train-job-001,comm-0,41,gpu-node-10,1,OK,15.39,0,0
t0159,train-job-001,comm-0,42,gpu-node-10,2,OK,14.5,0,0
t0159,train-job-001,comm-0,43,gpu-node-10,3,OK,12.93,0,0
t0159,train-job-001,comm-0,44,gpu-node-11,0,OK,14.65,0,0
t0159,train-job-001,comm-0,45,gpu-node-11,1,OK,11.63,0,0
t0159,train-job-001,comm-0,46,gpu-node-11,2,OK,9.12,0,0
t0159,train-job-001,comm-0,47,gpu-node-11,3,OK,7.69,0,0
