timestamp,node_id,gpu_id,temp_c,power_w,gpu_util,ecc_errors,xid_errors,pcie_replay,nvlink_crc,ib_crc,packet_drops,nccl_latency_ms,throttle_flag,job_id
t0000,gpu-node-00,0,72.72,318.55,56.84,0,0,0,0,0,0,10.26,0,train-job-001
t0000,gpu-node-00,1,69.64,333.34,70.22,0,0,0,0,0,0,13.85,0,train-job-001
t0000,gpu-node-00,2,77.49,350.42,55.79,0,0,0,0,0,0,11.06,0,train-job-001
t0000,gpu-node-00,3,77.71,349.67,82.74,0,0,0,0,0,0,12.21,0,train-job-001
t0000,gpu-node-01,0,69.72,335.91,74.75,0,0,0,0,0,0,16.05,0,train-job-001
t0000,gpu-node-01,1,69.93,278.05,54.6,0,0,0,0,0,0,13.13,0,train-job-001
t0000,gpu-node-01,2,75.0,349.4,86.37,0,0,0,0,0,0,12.35,0,train-job-001
t0000,gpu-node-01,3,72.52,334.36,69.07,0,0,0,0,0,0,12.88,0,train-job-001
t0000,gpu-node-02,0,71.76,327.1,76.49,0,0,0,0,0,0,10.1,0,train-job-001
t0000,gpu-node-02,1,73.14,326.33,76.38,0,0,0,0,0,0,14.29,0,train-job-001
t0000,gpu-node-02,2,74.28,312.68,65.71,0,0,0,0,0,0,12.4,0,train-job-001
t0000,gpu-node-02,3,71.3,330.53,80.3,0,0,0,0,0,0,11.76,0,train-job-001
t0000,gpu-node-03,0,74.96,340.12,73.85,0,0,0,0,0,0,10.4,0,train-job-001
t0000,gpu-node-03,1,73.14,348.3,64.57,0,0,0,0,0,0,14.46,0,train-job-001
t0000,gpu-node-03,2,72.7,376.04,61.48,0,0,0,0,0,0,15.21,0,train-job-001
t0000,gpu-node-03,3,74.86,325.71,64.82,0,0,0,0,0,0,10.7,0,train-job-001
t0000,gpu-node-04,0,76.24,322.58,77.7,0,0,0,0,0,0,12.14,0,train-job-001
t0000,gpu-node-04,1,76.26,357.09,78.56,0,0,0,0,0,0,11.18,0,train-job-001
t0000,gpu-node-04,2,72.31,350.78,79.28,0,0,0,0,0,0,10.91,0,train-job-001
t0000,gpu-node-04,3,80.79,327.04,68.13,0,0,0,0,0,0,11.25,0,train-job-001
t0000,gpu-node-05,0,76.56,352.41,82.38,0,0,0,0,0,0,13.38,0,train-job-001
t0000,gpu-node-05,1,72.21,328.11,75.3,0,0,0,0,0,0,11.77,0,train-job-001
t0000,gpu-node-05,2,78.7,345.75,83.18,0,0,0,0,0,0,12.83,0,train-job-001
t0000,gpu-node-05,3,74.0,286.03,69.53,0,0,0,0,0,0,11.45,0,train-job-001
t0000,gpu-node-06,0,74.19,334.23,67.16,0,0,0,0,0,0,14.13,0,train-job-001
t0000,gpu-node-06,1,75.03,312.35,72.99,0,0,0,0,0,0,12.14,0,train-job-001
t0000,gpu-node-06,2,77.05,310.15,70.37,0,0,0,0,0,0,10.54,0,train-job-001
t0000,gpu-node-06,3,75.67,339.71,84.66,0,0,0,0,0,0,11.91,0,train-job-001
t0000,gpu-node-07,0,78.33,329.88,76.99,0,0,0,0,0,0,13.68,0,train-job-001
t0000,gpu-node-07,1,76.12,321.55,79.64,0,0,0,0,0,0,11.19,0,train-job-001
t0000,gpu-node-07,2,75.41,332.67,70.86,0,0,0,0,0,0,15.18,0,train-job-001
t0000,gpu-node-07,3,77.39,306.83,75.03,0,0,0,0,0,0,12.18,0,train-job-001
t0000,gpu-node-08,0,78.22,353.79,79.64,0,0,0,0,0,0,11.25,0,train-job-001
t0000,gpu-node-08,1,76.5,336.28,57.37,0,0,0,0,0,0,11.34,0,train-job-001
t0000,gpu-node-08,2,70.2,315.11,67.54,0,0,0,0,0,0,9.65,0,train-job-001
t0000,gpu-node-08,3,77.72,364.7,71.44,0,0,0,0,0,0,15.21,0,train-job-001
t0000,gpu-node-09,0,76.29,348.83,81.83,0,0,0,0,0,0,14.43,0,train-job-001
t0000,gpu-node-09,1,75.64,289.83,65.63,0,0,0,0,0,0,16.36,0,train-job-001
t0000,gpu-node-09,2,71.92,321.97,56.83,0,0,0,0,0,0,11.42,0,train-job-001
t0000,gpu-node-09,3,74.34,342.55,64.0,0,0,0,0,0,0,11.61,0,train-job-001
t0000,gpu-node-10,0,74.33,309.54,71.4,0,0,0,0,0,0,8.78,0,train-job-001
t0000,gpu-node-10,1,74.21,330.35,70.26,0,0,0,0,0,0,11.6,0,train-job-001
t0000,gpu-node-10,2,75.56,339.12,66.6,0,0,0,0,0,0,11.06,0,train-job-001
t0000,gpu-node-10,3,74.56,322.01,70.17,0,0,0,0,0,0,11.37,0,train-job-001
t0000,gpu-node-11,0,73.07,301.68,74.4,0,0,0,0,0,0,12.61,0,train-job-001
t0000,gpu-node-11,1,74.29,335.01,69.88,0,0,0,0,0,0,11.26,0,train-job-001
t0000,gpu-node-11,2,72.81,338.74,71.67,0,0,0,0,0,0,12.56,0,train-job-001
t0000,gpu-node-11,3,73.69,328.11,74.38,0,0,0,0,0,0,12.23,0,train-job-001
t0001,gpu-node-00,0,75.11,337.85,67.5,0,0,0,0,0,0,12.63,0,train-job-001
t0001,gpu-node-00,1,77.07,352.1,81.94,0,0,0,0,0,0,12.66,0,train-job-001
t0001,gpu-node-00,2,74.38,325.7,65.74,0,0,0,0,0,0,10.92,0,train-job-001
t0001,gpu-node-00,3,69.6,360.1,83.83,0,0,0,0,0,0,10.29,0,train-job-001
t0001,gpu-node-01,0,76.39,322.95,68.5,0,0,0,0,0,0,11.81,0,train-job-001
t0001,gpu-node-01,1,74.86,324.44,67.11,0,0,0,0,0,0,9.71,0,train-job-001
t0001,gpu-node-01,2,78.03,340.86,67.26,0,0,0,0,0,0,7.22,0,train-job-001
t0001,gpu-node-01,3,77.88,347.93,91.36,0,0,0,0,0,0,9.24,0,train-job-001
t0001,gpu-node-02,0,74.0,347.23,69.98,0,0,0,0,0,0,11.49,0,train-job-001
t0001,gpu-node-02,1,74.36,303.17,68.84,0,0,0,0,0,0,11.92,0,train-job-001
t0001,gpu-node-02,2,73.41,307.16,68.15,0,0,0,0,0,0,11.67,0,train-job-001
t0001,gpu-node-02,3,72.49,337.23,71.92,0,0,0,0,0,0,14.04,0,train-job-001
t0001,gpu-node-03,0,77.37,363.74,77.86,0,0,0,0,0,0,12.29,0,train-job-001
t0001,gpu-node-03,1,74.63,329.85,77.07,0,0,0,0,0,0,12.42,0,train-job-001
t0001,gpu-node-03,2,72.01,286.75,67.3,0,0,0,0,0,0,10.51,0,train-job-001
t0001,gpu-node-03,3,72.49,310.31,78.88,0,0,0,0,0,0,15.18,0,train-job-001
t0001,gpu-node-04,0,68.03,320.32,72.01,0,0,0,0,0,0,10.76,0,train-job-001
t0001,gpu-node-04,1,75.72,342.64,61.14,0,0,0,0,0,0,9.77,0,train-job-001
t0001,gpu-node-04,2,73.64,372.39,73.55,0,0,0,0,0,0,9.96,0,train-job-001
t0001,gpu-node-04,3,75.82,335.91,71.08,0,0,0,0,0,0,8.96,0,train-job-001
t0001,gpu-node-05,0,74.71,339.66,66.03,0,0,0,0,0,0,12.28,0,train-job-001
t0001,gpu-node-05,1,77.73,348.77,73.05,0,0,0,0,0,0,10.48,0,train-job-001
t0001,gpu-node-05,2,78.85,362.69,85.11,0,0,0,0,0,0,13.96,0,train-job-001
t0001,gpu-node-05,3,75.41,330.5,68.13,0,0,0,0,0,0,12.56,0,train-job-001
t0001,gpu-node-06,0,73.98,351.45,85.5,0,0,0,0,0,0,12.05,0,train-job-001
t0001,gpu-node-06,1,74.04,315.76,69.8,0,0,0,0,0,0,12.88,0,train-job-001
t0001,gpu-node-06,2,77.7,353.35,72.46,0,0,0,0,0,0,12.89,0,train-job-001
t0001,gpu-node-06,3,76.1,346.94,82.2,0,0,0,0,0,0,14.95,0,train-job-001
t0001,gpu-node-07,0,72.83,363.67,75.99,0,0,0,0,0,0,12.95,0,train-job-001
t0001,gpu-node-07,1,72.26,330.68,56.12,0,0,0,0,0,0,14.89,0,train-job-001
t0001,gpu-node-07,2,76.11,333.08,66.83,0,0,0,0,0,0,12.04,0,train-job-001
t0001,gpu-node-07,3,74.27,335.72,59.99,0,0,0,0,0,0,16.97,0,train-job-001
t0001,gpu-node-08,0,79.22,362.97,84.32,0,0,0,0,0,0,10.32,0,train-job-001
t0001,gpu-node-08,1,74.01,351.75,64.72,0,0,0,0,0,0,11.47,0,train-job-001
t0001,gpu-node-08,2,75.74,315.46,59.87,0,0,0,0,0,0,11.91,0,train-job-001
t0001,gpu-node-08,3,75.97,336.92,60.05,0,0,0,0,0,0,6.95,0,train-job-001
t0001,gpu-node-09,0,75.62,345.64,80.73,0,0,0,0,0,0,14.74,0,train-job-001
t0001,gpu-node-09,1,79.94,346.49,84.92,0,0,0,0,0,0,8.51,0,train-job-001
t0001,gpu-node-09,2,74.32,360.38,84.61,0,0,0,0,0,0,11.02,0,train-job-001
t0001,gpu-node-09,3,78.68,361.9,73.12,0,0,0,0,0,0,12.61,0,train-job-001
t0001,gpu-node-10,0,75.97,321.7,65.17,0,0,0,0,0,0,11.34,0,train-job-001
t0001,gpu-node-10,1,75.47,338.62,57.75,0,0,0,0,0,0,12.82,0,train-job-001
t0001,gpu-node-10,2,74.19,324.49,66.19,0,0,0,0,0,0,14.8,0,train-job-001
t0001,gpu-node-10,3,75.31,339.77,61.95,0,0,0,0,0,0,13.35,0,train-job-001
t0001,gpu-node-11,0,71.67,352.56,75.5,0,0,0,0,0,0,10.92,0,train-job-001
t0001,gpu-node-11,1,77.17,343.71,70.07,0,0,0,0,0,0,13.49,0,train-job-001
t0001,gpu-node-11,2,76.35,357.85,70.0,0,0,0,0,0,0,11.83,0,train-job-001
t0001,gpu-node-11,3,74.35,310.89,67.95,0,0,0,0,0,0,12.5,0,train-job-001
t0002,gpu-node-00,0,74.81,319.08,61.51,0,0,0,0,0,0,12.92,0,train-job-001
t0002,gpu-node-00,1,73.1,340.29,70.29,0,0,0,0,0,0,14.23,0,train-job-001
t0002,gpu-node-00,2,71.2,325.34,80.1,0,0,0,0,0,0,10.62,0,train-job-001
t0002,gpu-node-00,3,75.19,321.35,73.08,0,0,0,0,0,0,13.45,0,train-job-001
t0002,gpu-node-01,0,73.05,326.3,75.69,0,0,0,0,0,0,9.76,0,train-job-001
t0002,gpu-node-01,1,71.78,338.62,66.5,0,0,0,0,0,0,9.16,0,train-job-001
t0002,gpu-node-01,2,71.8,355.49,79.54,0,0,0,0,0,0,8.15,0,train-job-001
t0002,gpu-node-01,3,80.94,352.28,74.14,0,0,0,0,0,0,13.09,0,train-job-001
t0002,gpu-node-02,0,78.35,350.76,80.3,0,0,0,0,0,0,12.35,0,train-job-001
t0002,gpu-node-02,1,77.27,323.3,63.44,0,0,0,0,0,0,12.46,0,train-job-001
t0002,gpu-node-02,2,73.95,335.05,57.1,0,0,0,0,0,0,14.46,0,train-job-001
t0002,gpu-node-02,3,76.3,314.2,68.33,0,0,0,0,0,0,9.41,0,train-job-001
t0002,gpu-node-03,0,78.67,324.0,71.3,0,0,0,0,0,0,10.24,0,train-job-001
t0002,gpu-node-03,1,74.45,317.22,69.76,0,0,0,0,0,0,12.1,0,train-job-001
t0002,gpu-node-03,2,72.29,357.46,80.38,0,0,0,0,0,0,15.57,0,train-job-001
t0002,gpu-node-03,3,75.26,356.1,72.47,0,0,0,0,0,0,13.4,0,train-job-001
t0002,gpu-node-04,0,77.41,346.28,75.29,0,0,0,0,0,0,14.41,0,train-job-001
t0002,gpu-node-04,1,78.64,353.08,79.84,0,0,0,0,0,0,12.31,0,train-job-001
t0002,gpu-node-04,2,71.27,343.59,79.45,0,0,0,0,0,0,10.57,0,train-job-001
t0002,gpu-node-04,3,74.38,318.79,64.36,0,0,0,0,0,0,12.21,0,train-job-001
t0002,gpu-node-05,0,76.0,364.72,76.9,0,0,0,0,0,0,16.46,0,train-job-001
t0002,gpu-node-05,1,73.27,303.28,66.82,0,0,0,0,0,0,9.33,0,train-job-001
t0002,gpu-node-05,2,71.82,340.28,77.02,0,0,0,0,0,0,12.3,0,train-job-001
t0002,gpu-node-05,3,74.32,334.52,79.67,0,0,0,0,0,0,10.42,0,train-job-001
t0002,gpu-node-06,0,77.98,356.32,72.75,0,0,0,0,0,0,12.42,0,train-job-001
t0002,gpu-node-06,1,74.64,356.56,80.3,0,0,0,0,0,0,12.67,0,train-job-001
t0002,gpu-node-06,2,76.77,336.42,76.53,0,0,0,0,0,0,10.21,0,train-job-001
t0002,gpu-node-06,3,76.25,349.03,74.6,0,0,0,0,0,0,11.34,0,train-job-001
t0002,gpu-node-07,0,76.19,359.69,79.55,0,0,0,0,0,0,12.84,0,train-job-001
t0002,gpu-node-07,1,73.76,333.91,66.92,0,0,0,0,0,0,9.59,0,train-job-001
t0002,gpu-node-07,2,74.79,333.01,74.35,0,0,0,0,0,0,10.33,0,train-job-001
t0002,gpu-node-07,3,74.31,358.58,83.91,0,0,0,0,0,0,13.24,0,train-job-001
t0002,gpu-node-08,0,74.05,340.22,69.42,0,0,0,0,0,0,12.95,0,train-job-001
t0002,gpu-node-08,1,76.95,349.06,75.52,0,0,0,0,0,0,13.99,0,train-job-001
t0002,gpu-node-08,2,79.46,333.53,78.04,0,0,0,0,0,0,11.1,0,train-job-001
t0002,gpu-node-08,3,77.31,331.14,67.33,0,0,0,0,0,0,12.96,0,train-job-001
t0002,gpu-node-09,0,74.52,311.16,73.94,0,0,0,0,0,0,12.54,0,train-job-001
t0002,gpu-node-09,1,74.29,293.55,63.66,0,0,0,0,0,0,13.58,0,train-job-001
t0002,gpu-node-09,2,78.06,318.14,61.6,0,0,0,0,0,0,15.15,0,train-job-001
t0002,gpu-node-09,3,74.33,297.41,72.88,0,0,0,0,0,0,13.83,0,train-job-001
t0002,gpu-node-10,0,72.28,309.21,60.73,0,0,0,0,0,0,10.88,0,train-job-001
t0002,gpu-node-10,1,70.91,345.88,78.05,0,0,0,0,0,0,11.38,0,train-job-001
t0002,gpu-node-10,2,80.3,362.88,81.57,0,0,0,0,0,0,9.9,0,train-job-001
t0002,gpu-node-10,3,72.76,334.42,75.18,0,0,0,0,0,0,10.64,0,train-job-001
t0002,gpu-node-11,0,75.29,354.67,68.47,0,0,0,0,0,0,13.14,0,train-job-001
t0002,gpu-node-11,1,73.08,304.95,63.43,0,0,0,0,0,0,10.89,0,train-job-001
t0002,gpu-node-11,2,79.53,334.09,69.54,0,0,0,0,0,0,10.19,0,train-job-001
t0002,gpu-node-11,3,78.39,333.23,61.94,0,0,0,0,0,0,15.48,0,train-job-001
t0003,gpu-node-00,0,71.0,316.34,63.45,0,0,0,0,0,0,14.49,0,train-job-001
t0003,gpu-node-00,1,73.82,353.89,79.53,0,0,0,0,0,0,15.34,0,train-job-001
t0003,gpu-node-00,2,78.42,342.2,80.47,0,0,0,0,0,0,13.01,0,train-job-001
t0003,gpu-node-00,3,78.23,356.93,77.03,0,0,0,0,0,0,12.04,0,train-job-001
t0003,gpu-node-01,0,73.25,306.98,74.77,0,0,0,0,0,0,11.21,0,train-job-001
t0003,gpu-node-01,1,74.33,346.02,84.17,0,0,0,0,0,0,12.24,0,train-job-001
t0003,gpu-node-01,2,74.42,393.81,81.6,0,0,0,0,0,0,15.5,0,train-job-001
t0003,gpu-node-01,3,79.34,342.42,56.61,0,0,0,0,0,0,14.26,0,train-job-001
t0003,gpu-node-02,0,76.71,347.86,80.52,0,0,0,0,0,0,12.71,0,train-job-001
t0003,gpu-node-02,1,81.75,348.36,67.17,0,0,0,0,0,0,9.87,0,train-job-001
t0003,gpu-node-02,2,72.39,310.14,64.37,0,0,0,0,0,0,12.32,0,train-job-001
t0003,gpu-node-02,3,76.67,350.96,75.85,0,0,0,0,0,0,9.59,0,train-job-001
t0003,gpu-node-03,0,76.77,360.67,72.54,0,0,0,0,0,0,14.13,0,train-job-001
t0003,gpu-node-03,1,73.33,379.03,95.1,0,0,0,0,0,0,9.62,0,train-job-001
t0003,gpu-node-03,2,75.07,349.31,70.93,0,0,0,0,0,0,13.25,0,train-job-001
t0003,gpu-node-03,3,74.49,327.64,68.47,0,0,0,0,0,0,15.95,0,train-job-001
t0003,gpu-node-04,0,77.91,379.52,73.12,0,0,0,0,0,0,12.53,0,train-job-001
t0003,gpu-node-04,1,74.89,331.07,69.86,0,0,0,0,0,0,13.25,0,train-job-001
t0003,gpu-node-04,2,77.24,342.81,81.73,0,0,0,0,0,0,9.51,0,train-job-001
t0003,gpu-node-04,3,75.83,348.9,73.02,0,0,0,0,0,0,10.5,0,train-job-001
t0003,gpu-node-05,0,77.48,349.56,86.58,0,0,0,0,0,0,8.94,0,train-job-001
t0003,gpu-node-05,1,80.96,338.55,72.17,0,0,0,0,0,0,14.64,0,train-job-001
t0003,gpu-node-05,2,74.64,331.66,81.98,0,0,0,0,0,0,12.37,0,train-job-001
t0003,gpu-node-05,3,76.62,317.62,62.14,0,0,0,0,0,0,11.94,0,train-job-001
t0003,gpu-node-06,0,75.03,340.86,61.99,0,0,0,0,0,0,11.13,0,train-job-001
t0003,gpu-node-06,1,71.51,353.14,66.91,0,0,0,0,0,0,9.97,0,train-job-001
t0003,gpu-node-06,2,77.29,350.59,78.45,0,0,0,0,0,0,11.4,0,train-job-001
t0003,gpu-node-06,3,73.53,328.25,75.77,0,0,0,0,0,0,11.61,0,train-job-001
t0003,gpu-node-07,0,73.81,356.81,62.5,0,0,0,0,0,0,12.25,0,train-job-001
t0003,gpu-node-07,1,74.66,300.35,60.65,0,0,0,0,0,0,15.3,0,train-job-001
t0003,gpu-node-07,2,73.51,343.53,84.56,0,0,0,0,0,0,13.54,0,train-job-001
t0003,gpu-node-07,3,73.71,335.85,82.89,0,0,0,0,0,0,15.03,0,train-job-001
t0003,gpu-node-08,0,72.72,332.52,61.42,0,0,0,0,0,0,9.61,0,train-job-001
t0003,gpu-node-08,1,77.03,354.17,67.9,0,0,0,0,0,0,12.12,0,train-job-001
t0003,gpu-node-08,2,78.18,333.14,78.35,0,0,0,0,0,0,9.39,0,train-job-001
t0003,gpu-node-08,3,77.16,365.07,88.36,0,0,0,0,0,0,7.38,0,train-job-001
t0003,gpu-node-09,0,76.91,350.23,85.77,0,0,0,0,0,0,10.9,0,train-job-001
t0003,gpu-node-09,1,76.44,350.9,92.17,0,0,0,0,0,0,14.05,0,train-job-001
t0003,gpu-node-09,2,75.33,361.28,91.29,0,0,0,0,0,0,11.55,0,train-job-001
t0003,gpu-node-09,3,76.34,350.43,73.2,0,0,0,0,0,0,9.98,0,train-job-001
t0003,gpu-node-10,0,76.03,308.22,82.88,0,0,0,0,0,0,13.5,0,train-job-001
t0003,gpu-node-10,1,81.05,368.22,85.03,0,0,0,0,0,0,14.47,0,train-job-001
t0003,gpu-node-10,2,73.26,320.05,65.1,0,0,0,0,0,0,13.32,0,train-job-001
t0003,gpu-node-10,3,76.1,317.82,69.51,0,0,0,0,0,0,15.04,0,train-job-001
t0003,gpu-node-11,0,77.69,342.39,72.7,0,0,0,0,0,0,12.44,0,train-job-001
t0003,gpu-node-11,1,83.42,337.47,56.91,0,0,0,0,0,0,10.47,0,train-job-001
t0003,gpu-node-11,2,80.51,349.58,61.79,0,0,0,0,0,0,12.69,0,train-job-001
t0003,gpu-node-11,3,80.21,391.6,89.21,0,0,0,0,0,0,17.21,0,train-job-001
t0004,gpu-node-00,0,75.09,328.48,70.41,0,0,0,0,0,0,16.64,0,train-job-001
t0004,gpu-node-00,1,74.0,332.81,75.23,0,0,0,0,0,0,11.65,0,train-job-001
t0004,gpu-node-00,2,74.46,357.32,58.5,0,0,0,0,0,0,15.85,0,train-job-001
t0004,gpu-node-00,3,72.48,307.9,60.91,0,0,0,0,0,0,12.99,0,train-job-001
t0004,gpu-node-01,0,70.86,347.85,74.31,0,0,0,0,0,0,14.98,0,train-job-001
t0004,gpu-node-01,1,77.08,343.15,71.41,0,0,0,0,0,0,10.15,0,train-job-001
t0004,gpu-node-01,2,78.29,378.16,80.09,0,0,0,0,0,0,10.49,0,train-job-001
t0004,gpu-node-01,3,75.92,335.8,68.05,0,0,0,0,0,0,14.21,0,train-job-001
t0004,gpu-node-02,0,73.65,318.96,70.7,0,0,0,0,0,0,12.0,0,train-job-001
t0004,gpu-node-02,1,79.53,346.07,81.42,0,0,0,0,0,0,13.57,0,train-job-001
t0004,gpu-node-02,2,76.4,347.37,74.54,0,0,0,0,0,0,11.31,0,train-job-001
t0004,gpu-node-02,3,74.51,355.09,67.02,0,0,0,0,0,0,14.19,0,train-job-001
t0004,gpu-node-03,0,72.12,325.2,75.24,0,0,0,0,0,0,10.58,0,train-job-001
t0004,gpu-node-03,1,77.36,325.74,78.59,0,0,0,0,0,0,11.97,0,train-job-001
t0004,gpu-node-03,2,75.45,307.98,58.33,0,0,0,0,0,0,10.2,0,train-job-001
t0004,gpu-node-03,3,70.23,347.0,73.95,0,0,0,0,0,0,7.63,0,train-job-001
t0004,gpu-node-04,0,76.32,331.98,65.73,0,0,0,0,0,0,7.92,0,train-job-001
t0004,gpu-node-04,1,78.71,319.47,63.98,0,0,0,0,0,0,11.5,0,train-job-001
t0004,gpu-node-04,2,71.91,324.23,82.27,0,0,0,0,0,0,13.09,0,train-job-001
t0004,gpu-node-04,3,78.33,356.54,67.74,0,0,0,0,0,0,9.9,0,train-job-001
t0004,gpu-node-05,0,71.59,330.88,62.73,0,0,0,0,0,0,12.75,0,train-job-001
t0004,gpu-node-05,1,73.43,327.76,76.25,0,0,0,0,0,0,18.64,0,train-job-001
t0004,gpu-node-05,2,72.89,340.44,74.06,0,0,0,0,0,0,13.25,0,train-job-001
t0004,gpu-node-05,3,78.86,343.8,73.53,0,0,0,0,0,0,13.2,0,train-job-001
t0004,gpu-node-06,0,72.81,344.55,65.31,0,0,0,0,0,0,12.22,0,train-job-001
t0004,gpu-node-06,1,77.54,359.3,89.27,0,0,0,0,0,0,16.01,0,train-job-001
t0004,gpu-node-06,2,75.1,334.69,76.88,0,0,0,0,0,0,15.5,0,train-job-001
t0004,gpu-node-06,3,77.56,379.82,85.24,0,0,0,0,0,0,10.75,0,train-job-001
t0004,gpu-node-07,0,70.1,346.33,71.62,0,0,0,0,0,0,15.68,0,train-job-001
t0004,gpu-node-07,1,80.4,350.6,71.24,0,0,0,0,0,0,13.15,0,train-job-001
t0004,gpu-node-07,2,73.31,349.19,87.58,0,0,0,0,0,0,12.13,0,train-job-001
t0004,gpu-node-07,3,71.37,357.29,65.3,0,0,0,0,0,0,13.1,0,train-job-001
t0004,gpu-node-08,0,71.19,303.69,70.83,0,0,0,0,0,0,11.0,0,train-job-001
t0004,gpu-node-08,1,75.75,313.92,63.52,0,0,0,0,0,0,7.0,0,train-job-001
t0004,gpu-node-08,2,74.64,297.39,64.85,0,0,0,0,0,0,13.79,0,train-job-001
t0004,gpu-node-08,3,72.64,307.99,72.78,0,0,0,0,0,0,10.45,0,train-job-001
t0004,gpu-node-09,0,75.83,366.54,75.98,0,0,0,0,0,0,9.09,0,train-job-001
t0004,gpu-node-09,1,74.84,366.34,95.03,0,0,0,0,0,0,9.09,0,train-job-001
t0004,gpu-node-09,2,76.35,342.06,54.07,0,0,0,0,0,0,12.22,0,train-job-001
t0004,gpu-node-09,3,78.48,337.86,66.22,0,0,0,0,0,0,10.16,0,train-job-001
t0004,gpu-node-10,0,78.55,378.23,73.55,0,0,0,0,0,0,12.75,0,train-job-001
t0004,gpu-node-10,1,75.68,356.47,72.84,0,0,0,0,0,0,9.96,0,train-job-001
t0004,gpu-node-10,2,76.88,330.91,66.44,0,0,0,0,0,0,13.31,0,train-job-001
t0004,gpu-node-10,3,77.48,337.83,74.53,0,0,0,0,0,0,12.84,0,train-job-001
t0004,gpu-node-11,0,77.37,352.56,68.35,0,0,0,0,0,0,11.42,0,train-job-001
t0004,gpu-node-11,1,77.26,325.55,70.86,0,0,0,0,0,0,12.69,0,train-job-001
t0004,gpu-node-11,2,78.64,345.78,77.09,0,0,0,0,0,0,15.1,0,train-job-001
t0004,gpu-node-11,3,74.83,321.57,67.4,0,0,0,0,0,0,10.69,0,train-job-001
t0005,gpu-node-00,0,76.11,354.06,73.02,0,0,0,0,0,0,10.04,0,train-job-001
t0005,gpu-node-00,1,74.56,339.2,75.6,0,0,0,0,0,0,12.31,0,train-job-001
t0005,gpu-node-00,2,75.73,332.66,76.87,0,0,0,0,0,0,13.04,0,train-job-001
t0005,gpu-node-00,3,74.23,328.53,65.08,0,0,0,0,0,0,11.71,0,train-job-001
t0005,gpu-node-01,0,74.42,341.78,64.51,0,0,0,0,0,0,11.09,0,train-job-001
t0005,gpu-node-01,1,80.39,369.27,84.55,0,0,0,0,0,0,15.25,0,train-job-001
t0005,gpu-node-01,2,72.89,333.12,54.46,0,0,0,0,0,0,13.98,0,train-job-001
t0005,gpu-node-01,3,71.62,362.02,92.65,0,0,0,0,0,0,12.89,0,train-job-001
t0005,gpu-node-02,0,70.92,307.85,62.58,0,0,0,0,0,0,9.18,0,train-job-001
t0005,gpu-node-02,1,72.88,340.49,68.6,0,0,0,0,0,0,11.69,0,train-job-001
t0005,gpu-node-02,2,77.08,333.68,95.89,0,0,0,0,0,0,12.47,0,train-job-001
t0005,gpu-node-02,3,74.94,345.78,70.54,0,0,0,0,0,0,10.13,0,train-job-001
t0005,gpu-node-03,0,76.19,355.97,63.0,0,0,0,0,0,0,13.28,0,train-job-001
t0005,gpu-node-03,1,75.43,332.6,67.45,0,0,0,0,0,0,10.3,0,train-job-001
t0005,gpu-node-03,2,77.57,366.14,77.3,0,0,0,0,0,0,14.25,0,train-job-001
t0005,gpu-node-03,3,76.08,342.03,78.32,0,0,0,0,0,0,9.91,0,train-job-001
t0005,gpu-node-04,0,70.96,335.58,62.12,0,0,0,0,0,0,12.26,0,train-job-001
t0005,gpu-node-04,1,75.94,317.04,78.72,0,0,0,0,0,0,12.49,0,train-job-001
t0005,gpu-node-04,2,73.87,331.69,81.29,0,0,0,0,0,0,10.45,0,train-job-001
t0005,gpu-node-04,3,77.83,343.63,64.62,0,0,0,0,0,0,15.73,0,train-job-001
t0005,gpu-node-05,0,71.78,343.3,82.1,0,0,0,0,0,0,10.85,0,train-job-001
t0005,gpu-node-05,1,77.67,330.67,64.4,0,0,0,0,0,0,14.61,0,train-job-001
t0005,gpu-node-05,2,77.18,344.38,73.54,0,0,0,0,0,0,11.33,0,train-job-001
t0005,gpu-node-05,3,74.76,378.47,78.06,0,0,0,0,0,0,14.53,0,train-job-001
t0005,gpu-node-06,0,72.8,340.18,71.66,0,0,0,0,0,0,12.08,0,train-job-001
t0005,gpu-node-06,1,73.45,336.74,79.17,0,0,0,0,0,0,10.66,0,train-job-001
t0005,gpu-node-06,2,77.87,367.78,60.25,0,0,0,0,0,0,9.75,0,train-job-001
t0005,gpu-node-06,3,75.21,343.9,71.61,0,0,0,0,0,0,11.39,0,train-job-001
t0005,gpu-node-07,0,73.21,335.88,63.9,0,0,0,0,0,0,10.97,0,train-job-001
t0005,gpu-node-07,1,75.73,356.78,72.49,0,0,0,0,0,0,13.37,0,train-job-001
t0005,gpu-node-07,2,78.47,304.45,60.67,0,0,0,0,0,0,12.34,0,train-job-001
t0005,gpu-node-07,3,73.62,314.29,69.72,0,0,0,0,0,0,12.69,0,train-job-001
t0005,gpu-node-08,0,76.35,359.79,93.3,0,0,0,0,0,0,12.84,0,train-job-001
t0005,gpu-node-08,1,78.2,380.52,71.89,0,0,0,0,0,0,13.85,0,train-job-001
t0005,gpu-node-08,2,80.98,369.6,74.33,0,0,0,0,0,0,12.18,0,train-job-001
t0005,gpu-node-08,3,70.69,336.17,62.95,0,0,0,0,0,0,12.3,0,train-job-001
t0005,gpu-node-09,0,71.03,328.12,78.73,0,0,0,0,0,0,9.84,0,train-job-001
t0005,gpu-node-09,1,77.46,343.42,80.77,0,0,0,0,0,0,12.18,0,train-job-001
t0005,gpu-node-09,2,79.27,330.94,76.66,0,0,0,0,0,0,11.4,0,train-job-001
t0005,gpu-node-09,3,77.7,342.64,71.3,0,0,0,0,0,0,11.76,0,train-job-001
t0005,gpu-node-10,0,73.21,346.71,76.8,0,0,0,0,0,0,9.64,0,train-job-001
t0005,gpu-node-10,1,73.63,307.56,66.73,0,0,0,0,0,0,12.59,0,train-job-001
t0005,gpu-node-10,2,70.9,307.38,73.65,0,0,0,0,0,0,15.62,0,train-job-001
t0005,gpu-node-10,3,78.19,311.85,62.25,0,0,0,0,0,0,10.56,0,train-job-001
t0005,gpu-node-11,0,72.29,291.85,67.79,0,0,0,0,0,0,12.64,0,train-job-001
t0005,gpu-node-11,1,76.46,327.25,69.24,0,0,0,0,0,0,10.81,0,train-job-001
t0005,gpu-node-11,2,74.91,315.97,60.29,0,0,0,0,0,0,13.25,0,train-job-001
t0005,gpu-node-11,3,72.85,335.26,70.57,0,0,0,0,0,0,11.04,0,train-job-001
t0006,gpu-node-00,0,70.57,331.81,68.36,0,0,0,0,0,0,12.62,0,train-job-001
t0006,gpu-node-00,1,77.12,350.71,82.43,0,0,0,0,0,0,13.04,0,train-job-001
t0006,gpu-node-00,2,75.63,345.97,81.55,0,0,0,0,0,0,13.83,0,train-job-001
t0006,gpu-node-00,3,74.07,324.82,68.2,0,0,0,0,0,0,12.41,0,train-job-001
t0006,gpu-node-01,0,81.45,369.51,83.0,0,0,0,0,0,0,13.69,0,train-job-001
t0006,gpu-node-01,1,78.74,356.96,63.64,0,0,0,0,0,0,10.07,0,train-job-001
t0006,gpu-node-01,2,74.8,307.42,69.07,0,0,0,0,0,0,9.83,0,train-job-001
t0006,gpu-node-01,3,76.64,299.07,75.8,0,0,0,0,0,0,15.08,0,train-job-001
t0006,gpu-node-02,0,70.9,321.55,50.19,0,0,0,0,0,0,10.85,0,train-job-001
t0006,gpu-node-02,1,76.15,327.93,66.68,0,0,0,0,0,0,10.77,0,train-job-001
t0006,gpu-node-02,2,74.18,309.21,72.73,0,0,0,0,0,0,9.25,0,train-job-001
t0006,gpu-node-02,3,75.23,331.09,70.86,0,0,0,0,0,0,11.94,0,train-job-001
t0006,gpu-node-03,0,75.23,346.84,70.28,0,0,0,0,0,0,10.82,0,train-job-001
t0006,gpu-node-03,1,71.88,341.15,83.99,0,0,0,0,0,0,15.22,0,train-job-001
t0006,gpu-node-03,2,74.78,331.19,68.54,0,0,0,0,0,0,11.65,0,train-job-001
t0006,gpu-node-03,3,74.24,300.14,68.66,0,0,0,0,0,0,16.36,0,train-job-001
t0006,gpu-node-04,0,71.28,311.76,64.79,0,0,0,0,0,0,14.82,0,train-job-001
t0006,gpu-node-04,1,74.51,322.48,71.83,0,0,0,0,0,0,15.1,0,train-job-001
t0006,gpu-node-04,2,74.69,363.27,77.43,0,0,0,0,0,0,9.24,0,train-job-001
t0006,gpu-node-04,3,77.97,344.06,73.23,0,0,0,0,0,0,9.33,0,train-job-001
t0006,gpu-node-05,0,76.95,313.53,69.71,0,0,0,0,0,0,11.64,0,train-job-001
t0006,gpu-node-05,1,72.42,308.0,61.17,0,0,0,0,0,0,15.49,0,train-job-001
t0006,gpu-node-05,2,78.32,320.98,69.17,0,0,0,0,0,0,12.63,0,train-job-001
t0006,gpu-node-05,3,71.45,349.84,90.65,0,0,0,0,0,0,14.91,0,train-job-001
t0006,gpu-node-06,0,76.38,330.63,78.15,0,0,0,0,0,0,11.48,0,train-job-001
t0006,gpu-node-06,1,77.58,376.78,77.13,0,0,0,0,0,0,11.38,0,train-job-001
t0006,gpu-node-06,2,77.63,397.46,94.13,0,0,0,0,0,0,13.94,0,train-job-001
t0006,gpu-node-06,3,73.47,338.03,75.83,0,0,0,0,0,0,12.36,0,train-job-001
t0006,gpu-node-07,0,77.74,309.05,67.13,0,0,0,0,0,0,12.26,0,train-job-001
t0006,gpu-node-07,1,77.44,320.71,63.49,0,0,0,0,0,0,12.73,0,train-job-001
t0006,gpu-node-07,2,75.31,308.81,81.56,0,0,0,0,0,0,13.01,0,train-job-001
t0006,gpu-node-07,3,74.65,346.34,75.28,0,0,0,0,0,0,11.68,0,train-job-001
t0006,gpu-node-08,0,74.76,276.23,67.6,0,0,0,0,0,0,11.55,0,train-job-001
t0006,gpu-node-08,1,74.32,326.69,67.59,0,0,0,0,0,0,10.5,0,train-job-001
t0006,gpu-node-08,2,77.95,337.97,66.31,0,0,0,0,0,0,14.23,0,train-job-001
t0006,gpu-node-08,3,79.26,359.85,72.65,0,0,0,0,0,0,14.7,0,train-job-001
t0006,gpu-node-09,0,77.12,344.43,84.81,0,0,0,0,0,0,12.48,0,train-job-001
t0006,gpu-node-09,1,71.95,313.27,59.95,0,0,0,0,0,0,16.26,0,train-job-001
t0006,gpu-node-09,2,77.82,364.14,76.06,0,0,0,0,0,0,13.3,0,train-job-001
t0006,gpu-node-09,3,73.17,340.56,82.12,0,0,0,0,0,0,10.43,0,train-job-001
t0006,gpu-node-10,0,75.66,338.9,67.67,0,0,0,0,0,0,10.9,0,train-job-001
t0006,gpu-node-10,1,78.66,319.23,64.12,0,0,0,0,0,0,16.95,0,train-job-001
t0006,gpu-node-10,2,77.22,368.81,74.33,0,0,0,0,0,0,9.55,0,train-job-001
t0006,gpu-node-10,3,75.46,312.18,69.79,0,0,0,0,0,0,12.24,0,train-job-001
t0006,gpu-node-11,0,73.17,331.26,73.29,0,0,0,0,0,0,12.55,0,train-job-001
t0006,gpu-node-11,1,74.42,319.19,67.87,0,0,0,0,0,0,7.99,0,train-job-001
t0006,gpu-node-11,2,76.12,284.03,57.52,0,0,0,0,0,0,12.9,0,train-job-001
t0006,gpu-node-11,3,77.52,343.62,71.75,0,0,0,0,0,0,6.97,0,train-job-001
t0007,gpu-node-00,0,76.92,320.46,60.05,0,0,0,0,0,0,11.78,0,train-job-001
t0007,gpu-node-00,1,77.28,317.6,66.02,0,0,0,0,0,0,9.12,0,train-job-001
t0007,gpu-node-00,2,73.79,346.19,66.47,0,0,0,0,0,0,6.2,0,train-job-001
t0007,gpu-node-00,3,71.26,332.22,74.65,0,0,0,0,0,0,9.15,0,train-job-001
t0007,gpu-node-01,0,77.24,332.55,69.0,0,0,0,0,0,0,8.78,0,train-job-001
t0007,gpu-node-01,1,74.12,385.8,66.97,0,0,0,0,0,0,12.34,0,train-job-001
t0007,gpu-node-01,2,76.68,340.34,62.71,0,0,0,0,0,0,10.43,0,train-job-001
t0007,gpu-node-01,3,78.92,345.18,71.57,0,0,0,0,0,0,12.93,0,train-job-001
t0007,gpu-node-02,0,77.37,348.48,73.55,0,0,0,0,0,0,12.26,0,train-job-001
t0007,gpu-node-02,1,77.92,322.25,63.98,0,0,0,0,0,0,12.19,0,train-job-001
t0007,gpu-node-02,2,77.94,321.34,65.63,0,0,0,0,0,0,9.18,0,train-job-001
t0007,gpu-node-02,3,72.0,308.01,59.3,0,0,0,0,0,0,13.86,0,train-job-001
t0007,gpu-node-03,0,72.53,316.94,70.69,0,0,0,0,0,0,13.2,0,train-job-001
t0007,gpu-node-03,1,77.61,329.94,76.21,0,0,0,0,0,0,12.89,0,train-job-001
t0007,gpu-node-03,2,77.91,311.2,69.28,0,0,0,0,0,0,12.65,0,train-job-001
t0007,gpu-node-03,3,75.8,328.0,78.61,0,0,0,0,0,0,13.74,0,train-job-001
t0007,gpu-node-04,0,70.78,331.7,78.09,0,0,0,0,0,0,14.14,0,train-job-001
t0007,gpu-node-04,1,74.43,320.95,63.45,0,0,0,0,0,0,16.4,0,train-job-001
t0007,gpu-node-04,2,77.74,371.14,75.51,0,0,0,0,0,0,10.48,0,train-job-001
t0007,gpu-node-04,3,76.3,385.35,81.63,0,0,0,0,0,0,11.1,0,train-job-001
t0007,gpu-node-05,0,73.51,329.45,70.66,0,0,0,0,0,0,13.01,0,train-job-001
t0007,gpu-node-05,1,76.84,326.92,71.01,0,0,0,0,0,0,8.69,0,train-job-001
t0007,gpu-node-05,2,78.81,381.33,84.21,0,0,0,0,0,0,11.03,0,train-job-001
t0007,gpu-node-05,3,75.86,312.77,64.71,0,0,0,0,0,0,11.16,0,train-job-001
t0007,gpu-node-06,0,74.28,321.41,74.75,0,0,0,0,0,0,7.79,0,train-job-001
t0007,gpu-node-06,1,72.56,297.68,73.96,0,0,0,0,0,0,10.39,0,train-job-001
t0007,gpu-node-06,2,75.53,351.89,68.98,0,0,0,0,0,0,11.89,0,train-job-001
t0007,gpu-node-06,3,76.8,322.85,59.35,0,0,0,0,0,0,9.41,0,train-job-001
t0007,gpu-node-07,0,73.55,330.43,57.37,0,0,0,0,0,0,9.82,0,train-job-001
t0007,gpu-node-07,1,73.88,355.12,87.02,0,0,0,0,0,0,8.07,0,train-job-001
t0007,gpu-node-07,2,71.72,335.68,76.96,0,0,0,0,0,0,11.79,0,train-job-001
t0007,gpu-node-07,3,77.6,334.23,63.8,0,0,0,0,0,0,11.67,0,train-job-001
t0007,gpu-node-08,0,74.85,346.73,62.43,0,0,0,0,0,0,11.49,0,train-job-001
t0007,gpu-node-08,1,74.62,346.32,73.95,0,0,0,0,0,0,11.58,0,train-job-001
t0007,gpu-node-08,2,70.44,318.19,73.08,0,0,0,0,0,0,11.94,0,train-job-001
t0007,gpu-node-08,3,73.31,326.47,72.67,0,0,0,0,0,0,11.45,0,train-job-001
t0007,gpu-node-09,0,71.62,285.92,64.5,0,0,0,0,0,0,12.07,0,train-job-001
t0007,gpu-node-09,1,68.17,288.63,50.39,0,0,0,0,0,0,10.84,0,train-job-001
t0007,gpu-node-09,2,77.15,345.94,74.94,0,0,0,0,0,0,14.9,0,train-job-001
t0007,gpu-node-09,3,78.34,348.03,70.91,0,0,0,0,0,0,9.22,0,train-job-001
t0007,gpu-node-10,0,76.56,344.14,77.28,0,0,0,0,0,0,13.66,0,train-job-001
t0007,gpu-node-10,1,76.84,317.77,77.24,0,0,0,0,0,0,14.01,0,train-job-001
t0007,gpu-node-10,2,76.8,342.09,78.44,0,0,0,0,0,0,10.59,0,train-job-001
t0007,gpu-node-10,3,77.62,337.92,71.25,0,0,0,0,0,0,9.95,0,train-job-001
t0007,gpu-node-11,0,74.91,361.07,81.61,0,0,0,0,0,0,9.16,0,train-job-001
t0007,gpu-node-11,1,77.52,309.03,60.53,0,0,0,0,0,0,12.04,0,train-job-001
t0007,gpu-node-11,2,72.8,318.35,77.22,0,0,0,0,0,0,10.2,0,train-job-001
t0007,gpu-node-11,3,74.54,327.55,65.27,0,0,0,0,0,0,10.21,0,train-job-001
t0008,gpu-node-00,0,75.61,320.85,68.22,0,0,0,0,0,0,14.03,0,train-job-001
t0008,gpu-node-00,1,77.46,341.5,73.61,0,0,0,0,0,0,10.98,0,train-job-001
t0008,gpu-node-00,2,73.22,321.88,66.63,0,0,0,0,0,0,9.72,0,train-job-001
t0008,gpu-node-00,3,76.92,371.76,85.22,0,0,0,0,0,0,14.36,0,train-job-001
t0008,gpu-node-01,0,77.63,308.26,70.02,0,0,0,0,0,0,9.72,0,train-job-001
t0008,gpu-node-01,1,75.07,328.17,65.88,0,0,0,0,0,0,12.38,0,train-job-001
t0008,gpu-node-01,2,82.25,347.04,74.86,0,0,0,0,0,0,12.93,0,train-job-001
t0008,gpu-node-01,3,76.49,299.67,72.13,0,0,0,0,0,0,10.97,0,train-job-001
t0008,gpu-node-02,0,73.22,351.63,86.91,0,0,0,0,0,0,12.1,0,train-job-001
t0008,gpu-node-02,1,74.47,312.1,56.59,0,0,0,0,0,0,7.03,0,train-job-001
t0008,gpu-node-02,2,74.09,328.22,80.54,0,0,0,0,0,0,12.46,0,train-job-001
t0008,gpu-node-02,3,75.62,343.42,71.49,0,0,0,0,0,0,12.53,0,train-job-001
t0008,gpu-node-03,0,66.66,312.93,70.06,0,0,0,0,0,0,15.34,0,train-job-001
t0008,gpu-node-03,1,80.28,325.69,65.05,0,0,0,0,0,0,9.66,0,train-job-001
t0008,gpu-node-03,2,78.25,341.66,70.32,0,0,0,0,0,0,9.44,0,train-job-001
t0008,gpu-node-03,3,76.01,341.58,60.84,0,0,0,0,0,0,9.44,0,train-job-001
t0008,gpu-node-04,0,68.38,324.99,70.4,0,0,0,0,0,0,14.64,0,train-job-001
t0008,gpu-node-04,1,74.77,359.39,72.23,0,0,0,0,0,0,11.33,0,train-job-001
t0008,gpu-node-04,2,74.44,334.52,71.39,0,0,0,0,0,0,14.69,0,train-job-001
t0008,gpu-node-04,3,75.47,369.12,82.55,0,0,0,0,0,0,11.77,0,train-job-001
t0008,gpu-node-05,0,77.89,339.21,65.06,0,0,0,0,0,0,10.17,0,train-job-001
t0008,gpu-node-05,1,73.89,328.52,77.24,0,0,0,0,0,0,11.84,0,train-job-001
t0008,gpu-node-05,2,75.13,347.97,66.45,0,0,0,0,0,0,12.21,0,train-job-001
t0008,gpu-node-05,3,74.33,327.17,76.44,0,0,0,0,0,0,11.57,0,train-job-001
t0008,gpu-node-06,0,74.33,321.04,77.8,0,0,0,0,0,0,14.54,0,train-job-001
t0008,gpu-node-06,1,76.4,335.77,67.98,0,0,0,0,0,0,8.82,0,train-job-001
t0008,gpu-node-06,2,75.97,341.26,67.36,0,0,0,0,0,0,16.31,0,train-job-001
t0008,gpu-node-06,3,78.08,300.92,75.67,0,0,0,0,0,0,9.18,0,train-job-001
t0008,gpu-node-07,0,76.27,340.68,65.15,0,0,0,0,0,0,11.07,0,train-job-001
t0008,gpu-node-07,1,74.53,386.64,77.73,0,0,0,0,0,0,10.79,0,train-job-001
t0008,gpu-node-07,2,74.61,317.7,71.02,0,0,0,0,0,0,10.09,0,train-job-001
t0008,gpu-node-07,3,76.81,354.27,72.28,0,0,0,0,0,0,11.38,0,train-job-001
t0008,gpu-node-08,0,74.59,336.21,60.82,0,0,0,0,0,0,11.44,0,train-job-001
t0008,gpu-node-08,1,74.96,351.44,79.22,0,0,0,0,0,0,16.8,0,train-job-001
t0008,gpu-node-08,2,71.39,344.66,85.84,0,0,0,0,0,0,14.18,0,train-job-001
t0008,gpu-node-08,3,76.44,340.68,75.45,0,0,0,0,0,0,11.77,0,train-job-001
t0008,gpu-node-09,0,77.31,345.06,71.81,0,0,0,0,0,0,12.04,0,train-job-001
t0008,gpu-node-09,1,78.09,341.29,77.21,0,0,0,0,0,0,10.92,0,train-job-001
t0008,gpu-node-09,2,70.61,305.01,70.54,0,0,0,0,0,0,12.73,0,train-job-001
t0008,gpu-node-09,3,79.24,335.99,71.25,0,0,0,0,0,0,12.07,0,train-job-001
t0008,gpu-node-10,0,74.63,352.67,75.45,0,0,0,0,0,0,8.64,0,train-job-001
t0008,gpu-node-10,1,77.11,351.21,71.2,0,0,0,0,0,0,9.91,0,train-job-001
t0008,gpu-node-10,2,75.36,341.86,77.8,0,0,0,0,0,0,13.01,0,train-job-001
t0008,gpu-node-10,3,80.89,347.13,64.39,0,0,0,0,0,0,9.64,0,train-job-001
t0008,gpu-node-11,0,74.31,337.58,86.08,0,0,0,0,0,0,13.44,0,train-job-001
t0008,gpu-node-11,1,80.19,344.3,71.29,0,0,0,0,0,0,13.48,0,train-job-001
t0008,gpu-node-11,2,72.98,356.03,62.16,0,0,0,0,0,0,13.61,0,train-job-001
t0008,gpu-node-11,3,76.22,346.94,73.32,0,0,0,0,0,0,12.94,0,train-job-001
t0009,gpu-node-00,0,74.66,338.49,72.26,0,0,0,0,0,0,15.69,0,train-job-001
t0009,gpu-node-00,1,73.01,308.0,78.41,0,0,0,0,0,0,9.88,0,train-job-001
t0009,gpu-node-00,2,76.59,362.08,66.95,0,0,0,0,0,0,13.78,0,train-job-001
t0009,gpu-node-00,3,72.05,319.83,77.26,0,0,0,0,0,0,11.54,0,train-job-001
t0009,gpu-node-01,0,78.12,362.49,74.53,0,0,0,0,0,0,15.72,0,train-job-001
t0009,gpu-node-01,1,70.35,334.88,68.74,0,0,0,0,0,0,11.69,0,train-job-001
t0009,gpu-node-01,2,72.34,315.5,78.9,0,0,0,0,0,0,13.22,0,train-job-001
t0009,gpu-node-01,3,80.18,339.99,65.92,0,0,0,0,0,0,14.22,0,train-job-001
t0009,gpu-node-02,0,70.53,331.9,70.82,0,0,0,0,0,0,13.38,0,train-job-001
t0009,gpu-node-02,1,72.33,371.05,78.87,0,0,0,0,0,0,12.63,0,train-job-001
t0009,gpu-node-02,2,73.53,347.05,79.94,0,0,0,0,0,0,9.12,0,train-job-001
t0009,gpu-node-02,3,72.46,325.2,81.57,0,0,0,0,0,0,15.3,0,train-job-001
t0009,gpu-node-03,0,74.57,315.03,75.29,0,0,0,0,0,0,13.64,0,train-job-001
t0009,gpu-node-03,1,71.62,338.98,74.81,0,0,0,0,0,0,11.16,0,train-job-001
t0009,gpu-node-03,2,78.22,369.19,83.82,0,0,0,0,0,0,12.3,0,train-job-001
t0009,gpu-node-03,3,73.87,355.38,79.65,0,0,0,0,0,0,13.15,0,train-job-001
t0009,gpu-node-04,0,76.57,344.99,78.92,0,0,0,0,0,0,9.64,0,train-job-001
t0009,gpu-node-04,1,74.53,342.57,80.13,0,0,0,0,0,0,14.4,0,train-job-001
t0009,gpu-node-04,2,79.27,335.56,67.6,0,0,0,0,0,0,10.86,0,train-job-001
t0009,gpu-node-04,3,73.84,327.97,63.83,0,0,0,0,0,0,11.59,0,train-job-001
t0009,gpu-node-05,0,76.69,338.77,73.28,0,0,0,0,0,0,14.42,0,train-job-001
t0009,gpu-node-05,1,73.64,326.45,64.65,0,0,0,0,0,0,12.99,0,train-job-001
t0009,gpu-node-05,2,72.42,338.78,65.84,0,0,0,0,0,0,12.46,0,train-job-001
t0009,gpu-node-05,3,77.78,359.7,74.33,0,0,0,0,0,0,13.83,0,train-job-001
t0009,gpu-node-06,0,69.03,310.28,66.27,0,0,0,0,0,0,9.99,0,train-job-001
t0009,gpu-node-06,1,75.95,300.12,64.04,0,0,0,0,0,0,8.75,0,train-job-001
t0009,gpu-node-06,2,74.18,340.38,72.84,0,0,0,0,0,0,10.33,0,train-job-001
t0009,gpu-node-06,3,77.83,348.28,69.55,0,0,0,0,0,0,11.26,0,train-job-001
t0009,gpu-node-07,0,74.17,366.99,79.03,0,0,0,0,0,0,12.94,0,train-job-001
t0009,gpu-node-07,1,71.88,305.6,72.27,0,0,0,0,0,0,13.18,0,train-job-001
t0009,gpu-node-07,2,72.55,336.39,71.77,0,0,0,0,0,0,11.52,0,train-job-001
t0009,gpu-node-07,3,77.87,360.03,76.78,0,0,0,0,0,0,12.68,0,train-job-001
t0009,gpu-node-08,0,72.74,331.16,64.83,0,0,0,0,0,0,14.03,0,train-job-001
t0009,gpu-node-08,1,74.89,344.69,74.35,0,0,0,0,0,0,15.66,0,train-job-001
t0009,gpu-node-08,2,70.75,320.86,72.9,0,0,0,0,0,0,12.63,0,train-job-001
t0009,gpu-node-08,3,75.49,313.88,70.26,0,0,0,0,0,0,10.46,0,train-job-001
t0009,gpu-node-09,0,79.77,310.04,62.07,0,0,0,0,0,0,10.18,0,train-job-001
t0009,gpu-node-09,1,77.27,384.62,73.25,0,0,0,0,0,0,11.32,0,train-job-001
t0009,gpu-node-09,2,69.68,335.13,59.82,0,0,0,0,0,0,9.09,0,train-job-001
t0009,gpu-node-09,3,81.24,361.61,70.47,0,0,0,0,0,0,14.32,0,train-job-001
t0009,gpu-node-10,0,72.91,353.37,70.23,0,0,0,0,0,0,12.0,0,train-job-001
t0009,gpu-node-10,1,74.41,340.31,69.29,0,0,0,0,0,0,10.71,0,train-job-001
t0009,gpu-node-10,2,72.64,327.56,71.47,0,0,0,0,0,0,7.43,0,train-job-001
t0009,gpu-node-10,3,73.87,317.85,84.9,0,0,0,0,0,0,11.91,0,train-job-001
t0009,gpu-node-11,0,74.75,363.06,76.37,0,0,0,0,0,0,11.72,0,train-job-001
t0009,gpu-node-11,1,70.32,291.12,58.42,0,0,0,0,0,0,8.69,0,train-job-001
t0009,gpu-node-11,2,73.4,343.74,77.04,0,0,0,0,0,0,16.53,0,train-job-001
t0009,gpu-node-11,3,77.64,357.1,73.58,0,0,0,0,0,0,11.05,0,train-job-001
t0010,gpu-node-00,0,74.38,354.74,77.93,0,0,0,0,0,0,10.1,0,train-job-001
t0010,gpu-node-00,1,74.11,365.94,65.31,0,0,0,0,0,0,9.75,0,train-job-001
t0010,gpu-node-00,2,74.93,330.98,77.11,0,0,0,0,0,0,7.36,0,train-job-001
t0010,gpu-node-00,3,74.03,335.21,71.73,0,0,0,0,0,0,11.26,0,train-job-001
t0010,gpu-node-01,0,75.3,334.26,79.35,0,0,0,0,0,0,13.0,0,train-job-001
t0010,gpu-node-01,1,79.16,307.38,56.27,0,0,0,0,0,0,9.3,0,train-job-001
t0010,gpu-node-01,2,76.46,337.9,67.4,0,0,0,0,0,0,12.2,0,train-job-001
t0010,gpu-node-01,3,75.71,329.29,69.58,0,0,0,0,0,0,13.54,0,train-job-001
t0010,gpu-node-02,0,73.29,340.79,74.53,0,0,0,0,0,0,9.54,0,train-job-001
t0010,gpu-node-02,1,76.41,342.46,73.79,0,0,0,0,0,0,10.19,0,train-job-001
t0010,gpu-node-02,2,73.46,325.8,68.61,0,0,0,0,0,0,10.71,0,train-job-001
t0010,gpu-node-02,3,72.24,299.93,67.31,0,0,0,0,0,0,8.37,0,train-job-001
t0010,gpu-node-03,0,70.85,322.9,55.08,0,0,0,0,0,0,10.1,0,train-job-001
t0010,gpu-node-03,1,74.46,344.27,72.85,0,0,0,0,0,0,14.93,0,train-job-001
t0010,gpu-node-03,2,76.08,314.79,54.68,0,0,0,0,0,0,11.52,0,train-job-001
t0010,gpu-node-03,3,77.2,340.48,75.18,0,0,0,0,0,0,11.93,0,train-job-001
t0010,gpu-node-04,0,81.01,334.78,72.01,0,0,0,0,0,0,10.83,0,train-job-001
t0010,gpu-node-04,1,77.86,347.27,70.22,0,0,0,0,0,0,13.67,0,train-job-001
t0010,gpu-node-04,2,80.75,349.62,73.66,0,0,0,0,0,0,14.21,0,train-job-001
t0010,gpu-node-04,3,79.14,354.08,70.97,0,0,0,0,0,0,15.52,0,train-job-001
t0010,gpu-node-05,0,75.78,333.06,72.18,0,0,0,0,0,0,13.14,0,train-job-001
t0010,gpu-node-05,1,73.22,342.73,71.57,0,0,0,0,0,0,11.0,0,train-job-001
t0010,gpu-node-05,2,77.0,340.2,67.43,0,0,0,0,0,0,10.87,0,train-job-001
t0010,gpu-node-05,3,70.35,340.19,73.58,0,0,0,0,0,0,10.26,0,train-job-001
t0010,gpu-node-06,0,76.33,359.36,82.49,0,0,0,0,0,0,14.3,0,train-job-001
t0010,gpu-node-06,1,77.51,359.74,72.49,0,0,0,0,0,0,11.46,0,train-job-001
t0010,gpu-node-06,2,74.16,346.05,73.15,0,0,0,0,0,0,11.0,0,train-job-001
t0010,gpu-node-06,3,70.36,343.09,75.06,0,0,0,0,0,0,18.07,0,train-job-001
t0010,gpu-node-07,0,74.9,375.43,75.56,0,0,0,0,0,0,11.36,0,train-job-001
t0010,gpu-node-07,1,74.59,351.86,64.26,0,0,0,0,0,0,11.59,0,train-job-001
t0010,gpu-node-07,2,74.88,397.28,70.39,0,0,0,0,0,0,14.91,0,train-job-001
t0010,gpu-node-07,3,76.61,333.99,78.71,0,0,0,0,0,0,12.63,0,train-job-001
t0010,gpu-node-08,0,77.68,349.21,65.29,0,0,0,0,0,0,13.83,0,train-job-001
t0010,gpu-node-08,1,73.41,315.16,76.44,0,0,0,0,0,0,11.69,0,train-job-001
t0010,gpu-node-08,2,72.47,300.52,63.83,0,0,0,0,0,0,14.5,0,train-job-001
t0010,gpu-node-08,3,78.48,328.95,62.53,0,0,0,0,0,0,12.19,0,train-job-001
t0010,gpu-node-09,0,79.86,319.18,55.81,0,0,0,0,0,0,9.94,0,train-job-001
t0010,gpu-node-09,1,78.24,341.13,83.94,0,0,0,0,0,0,14.6,0,train-job-001
t0010,gpu-node-09,2,73.96,321.99,72.89,0,0,0,0,0,0,10.32,0,train-job-001
t0010,gpu-node-09,3,73.7,353.06,68.69,0,0,0,0,0,0,13.34,0,train-job-001
t0010,gpu-node-10,0,74.45,341.21,79.59,0,0,0,0,0,0,7.82,0,train-job-001
t0010,gpu-node-10,1,75.27,314.61,61.16,0,0,0,0,0,0,9.75,0,train-job-001
t0010,gpu-node-10,2,73.94,315.2,69.13,0,0,0,0,0,0,13.27,0,train-job-001
t0010,gpu-node-10,3,75.98,333.1,82.26,0,0,0,0,0,0,12.35,0,train-job-001
t0010,gpu-node-11,0,73.97,324.71,64.19,0,0,0,0,0,0,11.6,0,train-job-001
t0010,gpu-node-11,1,74.49,354.82,77.29,0,0,0,0,0,0,10.62,0,train-job-001
t0010,gpu-node-11,2,76.16,339.82,65.17,0,0,0,0,0,0,12.18,0,train-job-001
t0010,gpu-node-11,3,73.82,331.45,65.13,0,0,0,0,0,0,12.94,0,train-job-001
t0011,gpu-node-00,0,78.32,356.58,78.93,0,0,0,0,0,0,16.92,0,train-job-001
t0011,gpu-node-00,1,74.81,343.03,72.07,0,0,0,0,0,0,12.89,0,train-job-001
t0011,gpu-node-00,2,71.72,342.7,66.07,0,0,0,0,0,0,13.82,0,train-job-001
t0011,gpu-node-00,3,70.85,318.12,48.37,0,0,0,0,0,0,8.01,0,train-job-001
t0011,gpu-node-01,0,76.82,350.83,84.04,0,0,0,0,0,0,6.55,0,train-job-001
t0011,gpu-node-01,1,74.86,341.72,70.46,0,0,0,0,0,0,13.62,0,train-job-001
t0011,gpu-node-01,2,74.85,377.97,79.89,0,0,0,0,0,0,10.89,0,train-job-001
t0011,gpu-node-01,3,71.59,358.24,74.36,0,0,0,0,0,0,12.66,0,train-job-001
t0011,gpu-node-02,0,77.28,364.04,70.06,0,0,0,0,0,0,13.06,0,train-job-001
t0011,gpu-node-02,1,73.44,328.61,75.78,0,0,0,0,0,0,10.68,0,train-job-001
t0011,gpu-node-02,2,72.23,279.19,52.94,0,0,0,0,0,0,15.12,0,train-job-001
t0011,gpu-node-02,3,76.85,325.84,73.12,0,0,0,0,0,0,13.09,0,train-job-001
t0011,gpu-node-03,0,77.62,354.02,69.06,0,0,0,0,0,0,14.95,0,train-job-001
t0011,gpu-node-03,1,72.79,348.44,68.99,0,0,0,0,0,0,12.95,0,train-job-001
t0011,gpu-node-03,2,72.73,340.88,61.21,0,0,0,0,0,0,14.02,0,train-job-001
t0011,gpu-node-03,3,74.25,327.66,64.43,0,0,0,0,0,0,9.42,0,train-job-001
t0011,gpu-node-04,0,76.59,350.2,72.08,0,0,0,0,0,0,12.08,0,train-job-001
t0011,gpu-node-04,1,79.3,358.68,70.74,0,0,0,0,0,0,11.95,0,train-job-001
t0011,gpu-node-04,2,72.14,320.08,79.93,0,0,0,0,0,0,12.88,0,train-job-001
t0011,gpu-node-04,3,74.28,308.06,65.31,0,0,0,0,0,0,11.85,0,train-job-001
t0011,gpu-node-05,0,69.32,318.46,66.0,0,0,0,0,0,0,16.19,0,train-job-001
t0011,gpu-node-05,1,77.3,317.23,75.48,0,0,0,0,0,0,10.81,0,train-job-001
t0011,gpu-node-05,2,72.18,329.55,72.44,0,0,0,0,0,0,12.95,0,train-job-001
t0011,gpu-node-05,3,73.46,312.93,71.28,0,0,0,0,0,0,12.15,0,train-job-001
t0011,gpu-node-06,0,73.65,341.29,66.69,0,0,0,0,0,0,15.21,0,train-job-001
t0011,gpu-node-06,1,76.62,336.49,69.41,0,0,0,0,0,0,8.93,0,train-job-001
t0011,gpu-node-06,2,78.87,349.22,65.84,0,0,0,0,0,0,8.82,0,train-job-001
t0011,gpu-node-06,3,78.74,343.14,63.78,0,0,0,0,0,0,9.77,0,train-job-001
t0011,gpu-node-07,0,72.23,295.58,68.48,0,0,0,0,0,0,13.35,0,train-job-001
t0011,gpu-node-07,1,81.09,336.86,66.36,0,0,0,0,0,0,8.85,0,train-job-001
t0011,gpu-node-07,2,76.27,369.06,75.3,0,0,0,0,0,0,10.08,0,train-job-001
t0011,gpu-node-07,3,75.6,327.22,62.42,0,0,0,0,0,0,11.9,0,train-job-001
t0011,gpu-node-08,0,77.48,379.56,87.5,0,0,0,0,0,0,13.81,0,train-job-001
t0011,gpu-node-08,1,71.77,341.15,83.57,0,0,0,0,0,0,10.29,0,train-job-001
t0011,gpu-node-08,2,74.7,368.27,71.59,0,0,0,0,0,0,10.78,0,train-job-001
t0011,gpu-node-08,3,76.77,319.77,59.89,0,0,0,0,0,0,11.16,0,train-job-001
t0011,gpu-node-09,0,75.26,294.61,51.88,0,0,0,0,0,0,12.64,0,train-job-001
t0011,gpu-node-09,1,75.96,346.32,83.72,0,0,0,0,0,0,12.32,0,train-job-001
t0011,gpu-node-09,2,76.05,355.35,74.19,0,0,0,0,0,0,11.48,0,train-job-001
t0011,gpu-node-09,3,78.97,363.5,79.63,0,0,0,0,0,0,13.07,0,train-job-001
t0011,gpu-node-10,0,74.34,332.83,71.87,0,0,0,0,0,0,13.17,0,train-job-001
t0011,gpu-node-10,1,77.38,358.1,76.21,0,0,0,0,0,0,12.05,0,train-job-001
t0011,gpu-node-10,2,74.12,342.35,82.22,0,0,0,0,0,0,12.45,0,train-job-001
t0011,gpu-node-10,3,80.23,356.56,76.59,0,0,0,0,0,0,13.0,0,train-job-001
t0011,gpu-node-11,0,67.32,349.15,68.69,0,0,0,0,0,0,12.8,0,train-job-001
t0011,gpu-node-11,1,77.51,362.57,78.73,0,0,0,0,0,0,13.04,0,train-job-001
t0011,gpu-node-11,2,75.44,331.23,68.33,0,0,0,0,0,0,14.03,0,train-job-001
t0011,gpu-node-11,3,77.71,338.42,76.33,0,0,0,0,0,0,11.12,0,train-job-001
t0012,gpu-node-00,0,78.03,354.02,69.94,0,0,0,0,0,0,12.48,0,train-job-001
t0012,gpu-node-00,1,76.62,340.43,75.66,0,0,0,0,0,0,9.51,0,train-job-001
t0012,gpu-node-00,2,76.17,321.63,69.47,0,0,0,0,0,0,11.85,0,train-job-001
t0012,gpu-node-00,3,75.3,333.14,61.76,0,0,0,0,0,0,12.31,0,train-job-001
t0012,gpu-node-01,0,79.28,322.27,73.35,0,0,0,0,0,0,15.29,0,train-job-001
t0012,gpu-node-01,1,74.06,389.9,91.06,0,0,0,0,0,0,10.33,0,train-job-001
t0012,gpu-node-01,2,71.45,331.19,72.87,0,0,0,0,0,0,11.47,0,train-job-001
t0012,gpu-node-01,3,77.36,325.5,71.05,0,0,0,0,0,0,12.5,0,train-job-001
t0012,gpu-node-02,0,73.31,313.14,67.58,0,0,0,0,0,0,10.69,0,train-job-001
t0012,gpu-node-02,1,74.59,330.74,72.45,0,0,0,0,0,0,11.14,0,train-job-001
t0012,gpu-node-02,2,78.4,352.34,79.42,0,0,0,0,0,0,11.02,0,train-job-001
t0012,gpu-node-02,3,80.02,320.08,74.76,0,0,0,0,0,0,12.46,0,train-job-001
t0012,gpu-node-03,0,79.25,347.64,65.14,0,0,0,0,0,0,14.74,0,train-job-001
t0012,gpu-node-03,1,73.27,359.36,62.8,0,0,0,0,0,0,11.35,0,train-job-001
t0012,gpu-node-03,2,71.33,292.94,66.09,0,0,0,0,0,0,12.78,0,train-job-001
t0012,gpu-node-03,3,74.27,334.96,73.4,0,0,0,0,0,0,10.29,0,train-job-001
t0012,gpu-node-04,0,71.74,341.87,85.8,0,0,0,0,0,0,15.73,0,train-job-001
t0012,gpu-node-04,1,78.41,337.97,68.3,0,0,0,0,0,0,10.81,0,train-job-001
t0012,gpu-node-04,2,80.05,389.47,77.62,0,0,0,0,0,0,11.36,0,train-job-001
t0012,gpu-node-04,3,74.1,384.56,81.98,0,0,0,0,0,0,12.5,0,train-job-001
t0012,gpu-node-05,0,73.37,340.01,79.39,0,0,0,0,0,0,6.87,0,train-job-001
t0012,gpu-node-05,1,74.35,356.67,71.68,0,0,0,0,0,0,15.24,0,train-job-001
t0012,gpu-node-05,2,74.98,308.88,62.64,0,0,0,0,0,0,11.42,0,train-job-001
t0012,gpu-node-05,3,72.79,335.87,82.08,0,0,0,0,0,0,8.96,0,train-job-001
t0012,gpu-node-06,0,77.97,367.76,73.64,0,0,0,0,0,0,12.37,0,train-job-001
t0012,gpu-node-06,1,70.19,327.03,54.93,0,0,0,0,0,0,10.44,0,train-job-001
t0012,gpu-node-06,2,75.74,354.9,72.98,0,0,0,0,0,0,15.01,0,train-job-001
t0012,gpu-node-06,3,76.37,341.36,75.1,0,0,0,0,0,0,14.05,0,train-job-001
t0012,gpu-node-07,0,73.43,335.83,67.26,0,0,0,0,0,0,11.06,0,train-job-001
t0012,gpu-node-07,1,77.06,366.87,70.7,0,0,0,0,0,0,14.41,0,train-job-001
t0012,gpu-node-07,2,73.15,344.85,73.84,0,0,0,0,0,0,15.24,0,train-job-001
t0012,gpu-node-07,3,71.47,319.3,61.4,0,0,0,0,0,0,11.81,0,train-job-001
t0012,gpu-node-08,0,70.59,326.83,77.27,0,0,0,0,0,0,11.26,0,train-job-001
t0012,gpu-node-08,1,76.3,348.21,81.88,0,0,0,0,0,0,11.2,0,train-job-001
t0012,gpu-node-08,2,75.98,316.84,69.4,0,0,0,0,0,0,16.09,0,train-job-001
t0012,gpu-node-08,3,75.82,331.72,73.13,0,0,0,0,0,0,15.23,0,train-job-001
t0012,gpu-node-09,0,78.71,352.68,74.12,0,0,0,0,0,0,14.89,0,train-job-001
t0012,gpu-node-09,1,72.85,357.73,67.76,0,0,0,0,0,0,9.37,0,train-job-001
t0012,gpu-node-09,2,76.96,363.11,83.52,0,0,0,0,0,0,8.18,0,train-job-001
t0012,gpu-node-09,3,76.51,336.49,64.24,0,0,0,0,0,0,13.53,0,train-job-001
t0012,gpu-node-10,0,73.12,361.82,66.22,0,0,0,0,0,0,10.82,0,train-job-001
t0012,gpu-node-10,1,76.52,327.94,63.91,0,0,0,0,0,0,11.05,0,train-job-001
t0012,gpu-node-10,2,80.54,319.58,83.8,0,0,0,0,0,0,12.18,0,train-job-001
t0012,gpu-node-10,3,73.88,345.54,82.29,0,0,0,0,0,0,13.59,0,train-job-001
t0012,gpu-node-11,0,75.55,382.67,70.32,0,0,0,0,0,0,8.26,0,train-job-001
t0012,gpu-node-11,1,75.67,374.68,59.64,0,0,0,0,0,0,13.18,0,train-job-001
t0012,gpu-node-11,2,74.07,331.57,52.37,0,0,0,0,0,0,10.1,0,train-job-001
t0012,gpu-node-11,3,73.6,290.08,74.54,0,0,0,0,0,0,12.48,0,train-job-001
t0013,gpu-node-00,0,76.84,336.67,78.35,0,0,0,0,0,0,9.45,0,train-job-001
t0013,gpu-node-00,1,76.05,328.62,70.78,0,0,0,0,0,0,12.91,0,train-job-001
t0013,gpu-node-00,2,78.52,359.25,79.31,0,0,0,0,0,0,16.13,0,train-job-001
t0013,gpu-node-00,3,77.41,332.73,72.07,0,0,0,0,0,0,16.06,0,train-job-001
t0013,gpu-node-01,0,70.01,302.17,74.12,0,0,0,0,0,0,8.89,0,train-job-001
t0013,gpu-node-01,1,75.29,321.67,71.21,0,0,0,0,0,0,13.76,0,train-job-001
t0013,gpu-node-01,2,74.83,285.75,60.62,0,0,0,0,0,0,13.97,0,train-job-001
t0013,gpu-node-01,3,72.2,337.47,70.58,0,0,0,0,0,0,11.04,0,train-job-001
t0013,gpu-node-02,0,77.28,319.56,68.62,0,0,0,0,0,0,9.45,0,train-job-001
t0013,gpu-node-02,1,75.33,311.94,58.35,0,0,0,0,0,0,11.02,0,train-job-001
t0013,gpu-node-02,2,76.14,336.77,60.12,0,0,0,0,0,0,16.85,0,train-job-001
t0013,gpu-node-02,3,77.07,343.16,82.85,0,0,0,0,0,0,14.37,0,train-job-001
t0013,gpu-node-03,0,74.12,343.03,83.29,0,0,0,0,0,0,11.73,0,train-job-001
t0013,gpu-node-03,1,74.89,334.74,74.94,0,0,0,0,0,0,14.81,0,train-job-001
t0013,gpu-node-03,2,74.18,359.95,78.62,0,0,0,0,0,0,11.11,0,train-job-001
t0013,gpu-node-03,3,74.67,357.51,80.71,0,0,0,0,0,0,10.69,0,train-job-001
t0013,gpu-node-04,0,76.11,350.75,63.61,0,0,0,0,0,0,10.54,0,train-job-001
t0013,gpu-node-04,1,76.05,311.93,70.03,0,0,0,0,0,0,11.05,0,train-job-001
t0013,gpu-node-04,2,75.2,340.86,79.86,0,0,0,0,0,0,9.6,0,train-job-001
t0013,gpu-node-04,3,79.72,347.6,82.47,0,0,0,0,0,0,12.45,0,train-job-001
t0013,gpu-node-05,0,74.74,335.03,69.4,0,0,0,0,0,0,12.97,0,train-job-001
t0013,gpu-node-05,1,77.72,346.01,83.75,0,0,0,0,0,0,13.9,0,train-job-001
t0013,gpu-node-05,2,72.71,344.15,73.36,0,0,0,0,0,0,11.37,0,train-job-001
t0013,gpu-node-05,3,75.29,331.34,79.77,0,0,0,0,0,0,6.77,0,train-job-001
t0013,gpu-node-06,0,79.5,377.48,89.64,0,0,0,0,0,0,12.03,0,train-job-001
t0013,gpu-node-06,1,74.19,317.34,57.9,0,0,0,0,0,0,13.71,0,train-job-001
t0013,gpu-node-06,2,76.11,356.02,66.18,0,0,0,0,0,0,10.4,0,train-job-001
t0013,gpu-node-06,3,74.84,375.33,77.51,0,0,0,0,0,0,12.44,0,train-job-001
t0013,gpu-node-07,0,75.81,330.32,65.88,0,0,0,0,0,0,9.33,0,train-job-001
t0013,gpu-node-07,1,72.06,347.29,70.9,0,0,0,0,0,0,14.33,0,train-job-001
t0013,gpu-node-07,2,70.41,344.72,60.34,0,0,0,0,0,0,15.13,0,train-job-001
t0013,gpu-node-07,3,77.87,323.8,62.92,0,0,0,0,0,0,11.22,0,train-job-001
t0013,gpu-node-08,0,71.71,333.93,59.45,0,0,0,0,0,0,10.71,0,train-job-001
t0013,gpu-node-08,1,78.65,354.58,77.35,0,0,0,0,0,0,13.24,0,train-job-001
t0013,gpu-node-08,2,76.41,349.22,73.01,0,0,0,0,0,0,11.03,0,train-job-001
t0013,gpu-node-08,3,77.6,324.26,64.36,0,0,0,0,0,0,9.71,0,train-job-001
t0013,gpu-node-09,0,76.23,329.48,64.76,0,0,0,0,0,0,13.73,0,train-job-001
t0013,gpu-node-09,1,75.52,336.72,85.59,0,0,0,0,0,0,14.3,0,train-job-001
t0013,gpu-node-09,2,76.81,331.76,61.22,0,0,0,0,0,0,12.79,0,train-job-001
t0013,gpu-node-09,3,76.37,351.2,60.74,0,0,0,0,0,0,14.23,0,train-job-001
t0013,gpu-node-10,0,74.31,350.32,76.95,0,0,0,0,0,0,14.61,0,train-job-001
t0013,gpu-node-10,1,77.94,388.14,83.15,0,0,0,0,0,0,11.84,0,train-job-001
t0013,gpu-node-10,2,74.8,326.85,63.12,0,0,0,0,0,0,10.46,0,train-job-001
t0013,gpu-node-10,3,74.62,336.79,79.37,0,0,0,0,0,0,12.03,0,train-job-001
t0013,gpu-node-11,0,83.0,349.61,77.19,0,0,0,0,0,0,13.93,0,train-job-001
t0013,gpu-node-11,1,79.02,359.06,69.18,0,0,0,0,0,0,10.57,0,train-job-001
t0013,gpu-node-11,2,73.12,354.48,76.0,0,0,0,0,0,0,11.55,0,train-job-001
t0013,gpu-node-11,3,74.39,355.57,92.51,0,0,0,0,0,0,13.51,0,train-job-001
t0014,gpu-node-00,0,71.45,291.99,48.18,0,0,0,0,0,0,10.88,0,train-job-001
t0014,gpu-node-00,1,72.24,309.77,57.49,0,0,0,0,0,0,14.13,0,train-job-001
t0014,gpu-node-00,2,71.99,321.51,78.44,0,0,0,0,0,0,10.89,0,train-job-001
t0014,gpu-node-00,3,80.09,318.88,72.32,0,0,0,0,0,0,10.78,0,train-job-001
t0014,gpu-node-01,0,70.59,343.56,81.79,0,0,0,0,0,0,10.3,0,train-job-001
t0014,gpu-node-01,1,74.95,327.88,66.59,0,0,0,0,0,0,13.73,0,train-job-001
t0014,gpu-node-01,2,75.04,306.39,66.35,0,0,0,0,0,0,10.04,0,train-job-001
t0014,gpu-node-01,3,72.09,324.42,62.67,0,0,0,0,0,0,15.25,0,train-job-001
t0014,gpu-node-02,0,71.97,332.31,55.64,0,0,0,0,0,0,13.48,0,train-job-001
t0014,gpu-node-02,1,70.36,328.41,67.59,0,0,0,0,0,0,12.75,0,train-job-001
t0014,gpu-node-02,2,77.71,329.5,61.89,0,0,0,0,0,0,12.43,0,train-job-001
t0014,gpu-node-02,3,73.95,300.89,60.45,0,0,0,0,0,0,10.1,0,train-job-001
t0014,gpu-node-03,0,78.07,328.75,72.71,0,0,0,0,0,0,10.23,0,train-job-001
t0014,gpu-node-03,1,72.94,332.1,81.91,0,0,0,0,0,0,7.71,0,train-job-001
t0014,gpu-node-03,2,80.67,339.45,75.24,0,0,0,0,0,0,13.14,0,train-job-001
t0014,gpu-node-03,3,71.27,353.1,63.87,0,0,0,0,0,0,12.48,0,train-job-001
t0014,gpu-node-04,0,78.37,342.06,77.24,0,0,0,0,0,0,13.68,0,train-job-001
t0014,gpu-node-04,1,77.43,353.77,78.59,0,0,0,0,0,0,11.95,0,train-job-001
t0014,gpu-node-04,2,74.77,355.4,79.96,0,0,0,0,0,0,10.66,0,train-job-001
t0014,gpu-node-04,3,74.23,326.91,78.87,0,0,0,0,0,0,14.14,0,train-job-001
t0014,gpu-node-05,0,76.72,348.29,71.09,0,0,0,0,0,0,9.7,0,train-job-001
t0014,gpu-node-05,1,79.38,364.09,74.76,0,0,0,0,0,0,13.85,0,train-job-001
t0014,gpu-node-05,2,77.09,365.56,77.19,0,0,0,0,0,0,9.34,0,train-job-001
t0014,gpu-node-05,3,77.23,359.96,77.23,0,0,0,0,0,0,12.84,0,train-job-001
t0014,gpu-node-06,0,80.08,342.49,82.32,0,0,0,0,0,0,9.96,0,train-job-001
t0014,gpu-node-06,1,72.99,318.53,78.69,0,0,0,0,0,0,11.54,0,train-job-001
t0014,gpu-node-06,2,76.51,324.28,67.2,0,0,0,0,0,0,11.31,0,train-job-001
t0014,gpu-node-06,3,76.73,333.22,68.8,0,0,0,0,0,0,9.92,0,train-job-001
t0014,gpu-node-07,0,81.22,370.68,93.24,0,0,0,0,0,0,10.48,0,train-job-001
t0014,gpu-node-07,1,71.22,342.22,69.67,0,0,0,0,0,0,9.0,0,train-job-001
t0014,gpu-node-07,2,76.6,317.77,69.38,0,0,0,0,0,0,12.03,0,train-job-001
t0014,gpu-node-07,3,72.25,345.26,80.68,0,0,0,0,0,0,10.72,0,train-job-001
t0014,gpu-node-08,0,76.52,357.05,85.64,0,0,0,0,0,0,15.26,0,train-job-001
t0014,gpu-node-08,1,75.97,349.18,80.28,0,0,0,0,0,0,12.9,0,train-job-001
t0014,gpu-node-08,2,73.69,363.91,82.94,0,0,0,0,0,0,12.0,0,train-job-001
t0014,gpu-node-08,3,77.03,366.5,75.72,0,0,0,0,0,0,12.56,0,train-job-001
t0014,gpu-node-09,0,75.57,309.31,69.09,0,0,0,0,0,0,12.54,0,train-job-001
t0014,gpu-node-09,1,73.98,315.42,65.07,0,0,0,0,0,0,12.9,0,train-job-001
t0014,gpu-node-09,2,79.07,340.39,70.74,0,0,0,0,0,0,14.87,0,train-job-001
t0014,gpu-node-09,3,76.93,332.06,73.75,0,0,0,0,0,0,14.35,0,train-job-001
t0014,gpu-node-10,0,72.19,352.09,74.26,0,0,0,0,0,0,10.04,0,train-job-001
t0014,gpu-node-10,1,77.97,334.93,62.32,0,0,0,0,0,0,11.36,0,train-job-001
t0014,gpu-node-10,2,76.35,335.89,77.0,0,0,0,0,0,0,8.85,0,train-job-001
t0014,gpu-node-10,3,71.94,350.9,82.52,0,0,0,0,0,0,13.66,0,train-job-001
t0014,gpu-node-11,0,70.17,312.17,65.29,0,0,0,0,0,0,11.94,0,train-job-001
t0014,gpu-node-11,1,71.21,318.05,68.57,0,0,0,0,0,0,13.36,0,train-job-001
t0014,gpu-node-11,2,74.66,357.52,66.99,0,0,0,0,0,0,15.82,0,train-job-001
t0014,gpu-node-11,3,75.16,331.6,75.01,0,0,0,0,0,0,12.22,0,train-job-001
t0015,gpu-node-00,0,80.71,362.21,72.43,0,0,0,0,0,0,7.04,0,train-job-001
t0015,gpu-node-00,1,73.01,379.41,83.82,0,0,0,0,0,0,13.08,0,train-job-001
t0015,gpu-node-00,2,76.99,353.86,83.16,0,0,0,0,0,0,10.31,0,train-job-001
t0015,gpu-node-00,3,74.21,344.56,77.39,0,0,0,0,0,0,12.46,0,train-job-001
t0015,gpu-node-01,0,73.81,326.09,54.38,0,0,0,0,0,0,16.36,0,train-job-001
t0015,gpu-node-01,1,79.37,385.44,84.65,0,0,0,0,0,0,10.95,0,train-job-001
t0015,gpu-node-01,2,77.87,345.01,71.1,0,0,0,0,0,0,15.3,0,train-job-001
t0015,gpu-node-01,3,80.33,348.26,83.44,0,0,0,0,0,0,9.52,0,train-job-001
t0015,gpu-node-02,0,77.68,325.67,79.25,0,0,0,0,0,0,10.92,0,train-job-001
t0015,gpu-node-02,1,80.09,364.0,66.82,0,0,0,0,0,0,10.23,0,train-job-001
t0015,gpu-node-02,2,72.63,348.92,83.56,0,0,0,0,0,0,12.49,0,train-job-001
t0015,gpu-node-02,3,78.67,355.69,69.69,0,0,0,0,0,0,13.77,0,train-job-001
t0015,gpu-node-03,0,74.72,349.43,86.02,0,0,0,0,0,0,11.89,0,train-job-001
t0015,gpu-node-03,1,75.36,333.02,67.62,0,0,0,0,0,0,13.57,0,train-job-001
t0015,gpu-node-03,2,79.21,348.37,75.34,0,0,0,0,0,0,14.4,0,train-job-001
t0015,gpu-node-03,3,72.91,333.12,75.79,0,0,0,0,0,0,10.04,0,train-job-001
t0015,gpu-node-04,0,73.07,332.65,74.08,0,0,0,0,0,0,11.58,0,train-job-001
t0015,gpu-node-04,1,78.07,338.34,74.92,0,0,0,0,0,0,12.6,0,train-job-001
t0015,gpu-node-04,2,75.36,327.56,72.48,0,0,0,0,0,0,12.37,0,train-job-001
t0015,gpu-node-04,3,73.05,297.06,64.0,0,0,0,0,0,0,14.89,0,train-job-001
t0015,gpu-node-05,0,77.69,311.14,63.36,0,0,0,0,0,0,10.54,0,train-job-001
t0015,gpu-node-05,1,72.57,309.15,68.74,0,0,0,0,0,0,11.84,0,train-job-001
t0015,gpu-node-05,2,76.04,325.15,67.69,0,0,0,0,0,0,9.51,0,train-job-001
t0015,gpu-node-05,3,74.27,327.81,78.31,0,0,0,0,0,0,15.01,0,train-job-001
t0015,gpu-node-06,0,75.71,340.92,56.77,0,0,0,0,0,0,9.58,0,train-job-001
t0015,gpu-node-06,1,74.95,329.93,63.53,0,0,0,0,0,0,14.64,0,train-job-001
t0015,gpu-node-06,2,75.62,341.23,77.38,0,0,0,0,0,0,14.06,0,train-job-001
t0015,gpu-node-06,3,79.22,329.1,55.49,0,0,0,0,0,0,8.07,0,train-job-001
t0015,gpu-node-07,0,76.51,332.68,70.92,0,0,0,0,0,0,10.52,0,train-job-001
t0015,gpu-node-07,1,76.79,335.04,69.08,0,0,0,0,0,0,11.09,0,train-job-001
t0015,gpu-node-07,2,73.77,319.34,79.88,0,0,0,0,0,0,15.61,0,train-job-001
t0015,gpu-node-07,3,76.89,325.95,81.56,0,0,0,0,0,0,10.53,0,train-job-001
t0015,gpu-node-08,0,79.75,352.62,76.22,0,0,0,0,0,0,10.91,0,train-job-001
t0015,gpu-node-08,1,76.6,343.09,70.16,0,0,0,0,0,0,8.29,0,train-job-001
t0015,gpu-node-08,2,74.05,337.27,70.57,0,0,0,0,0,0,15.54,0,train-job-001
t0015,gpu-node-08,3,77.53,355.53,73.19,0,0,0,0,0,0,11.79,0,train-job-001
t0015,gpu-node-09,0,78.52,364.43,80.47,0,0,0,0,0,0,13.7,0,train-job-001
t0015,gpu-node-09,1,77.04,360.65,80.07,0,0,0,0,0,0,12.43,0,train-job-001
t0015,gpu-node-09,2,79.19,341.86,72.25,0,0,0,0,0,0,10.07,0,train-job-001
t0015,gpu-node-09,3,77.54,335.89,65.27,0,0,0,0,0,0,11.53,0,train-job-001
t0015,gpu-node-10,0,70.59,339.56,74.08,0,0,0,0,0,0,13.7,0,train-job-001
t0015,gpu-node-10,1,75.8,336.8,78.96,0,0,0,0,0,0,11.62,0,train-job-001
t0015,gpu-node-10,2,72.57,324.71,76.96,0,0,0,0,0,0,12.04,0,train-job-001
t0015,gpu-node-10,3,78.57,365.99,87.91,0,0,0,0,0,0,10.01,0,train-job-001
t0015,gpu-node-11,0,79.78,331.38,70.67,0,0,0,0,0,0,11.3,0,train-job-001
t0015,gpu-node-11,1,77.14,360.01,65.91,0,0,0,0,0,0,10.61,0,train-job-001
t0015,gpu-node-11,2,76.15,319.97,80.11,0,0,0,0,0,0,14.7,0,train-job-001
t0015,gpu-node-11,3,77.76,331.24,65.21,0,0,0,0,0,0,11.22,0,train-job-001
t0016,gpu-node-00,0,73.05,370.46,86.84,0,0,0,0,0,0,11.49,0,train-job-001
t0016,gpu-node-00,1,78.34,370.59,70.37,0,0,0,0,0,0,11.24,0,train-job-001
t0016,gpu-node-00,2,78.1,366.72,84.69,0,0,0,0,0,0,13.08,0,train-job-001
t0016,gpu-node-00,3,73.59,322.1,62.96,0,0,0,0,0,0,11.42,0,train-job-001
t0016,gpu-node-01,0,73.27,364.55,83.8,0,0,0,0,0,0,8.47,0,train-job-001
t0016,gpu-node-01,1,77.95,352.07,61.88,0,0,0,0,0,0,10.97,0,train-job-001
t0016,gpu-node-01,2,71.73,318.96,57.47,0,0,0,0,0,0,14.62,0,train-job-001
t0016,gpu-node-01,3,74.62,322.02,67.42,0,0,0,0,0,0,13.59,0,train-job-001
t0016,gpu-node-02,0,72.41,321.7,65.3,0,0,0,0,0,0,7.2,0,train-job-001
t0016,gpu-node-02,1,72.22,324.05,58.52,0,0,0,0,0,0,13.93,0,train-job-001
t0016,gpu-node-02,2,77.57,355.13,74.5,0,0,0,0,0,0,11.75,0,train-job-001
t0016,gpu-node-02,3,76.85,361.49,87.07,0,0,0,0,0,0,10.18,0,train-job-001
t0016,gpu-node-03,0,76.55,300.7,59.6,0,0,0,0,0,0,11.87,0,train-job-001
t0016,gpu-node-03,1,78.24,353.21,69.83,0,0,0,0,0,0,13.13,0,train-job-001
t0016,gpu-node-03,2,74.12,296.14,58.06,0,0,0,0,0,0,13.21,0,train-job-001
t0016,gpu-node-03,3,77.95,333.17,77.98,0,0,0,0,0,0,11.63,0,train-job-001
t0016,gpu-node-04,0,72.25,336.61,74.35,0,0,0,0,0,0,12.33,0,train-job-001
t0016,gpu-node-04,1,75.72,369.6,75.18,0,0,0,0,0,0,10.15,0,train-job-001
t0016,gpu-node-04,2,75.97,346.96,77.67,0,0,0,0,0,0,14.32,0,train-job-001
t0016,gpu-node-04,3,76.99,343.98,65.33,0,0,0,0,0,0,12.47,0,train-job-001
t0016,gpu-node-05,0,82.36,365.29,73.16,0,0,0,0,0,0,10.06,0,train-job-001
t0016,gpu-node-05,1,77.22,386.16,80.09,0,0,0,0,0,0,14.55,0,train-job-001
t0016,gpu-node-05,2,73.83,329.37,72.5,0,0,0,0,0,0,10.28,0,train-job-001
t0016,gpu-node-05,3,76.47,310.09,65.1,0,0,0,0,0,0,13.3,0,train-job-001
t0016,gpu-node-06,0,76.78,334.3,70.37,0,0,0,0,0,0,11.53,0,train-job-001
t0016,gpu-node-06,1,69.63,286.01,62.55,0,0,0,0,0,0,8.63,0,train-job-001
t0016,gpu-node-06,2,74.96,353.85,78.8,0,0,0,0,0,0,11.89,0,train-job-001
t0016,gpu-node-06,3,74.98,334.04,64.69,0,0,0,0,0,0,13.66,0,train-job-001
t0016,gpu-node-07,0,74.35,331.78,59.19,0,0,0,0,0,0,13.61,0,train-job-001
t0016,gpu-node-07,1,67.44,299.29,63.46,0,0,0,0,0,0,13.06,0,train-job-001
t0016,gpu-node-07,2,72.07,342.02,65.84,0,0,0,0,0,0,13.4,0,train-job-001
t0016,gpu-node-07,3,72.72,318.48,70.13,0,0,0,0,0,0,13.81,0,train-job-001
t0016,gpu-node-08,0,82.15,364.9,85.34,0,0,0,0,0,0,13.23,0,train-job-001
t0016,gpu-node-08,1,74.84,307.24,61.41,0,0,0,0,0,0,8.97,0,train-job-001
t0016,gpu-node-08,2,77.5,346.42,76.36,0,0,0,0,0,0,12.94,0,train-job-001
t0016,gpu-node-08,3,76.35,355.21,75.29,0,0,0,0,0,0,12.0,0,train-job-001
t0016,gpu-node-09,0,72.7,324.6,58.82,0,0,0,0,0,0,15.53,0,train-job-001
t0016,gpu-node-09,1,78.24,325.65,74.98,0,0,0,0,0,0,14.74,0,train-job-001
t0016,gpu-node-09,2,76.88,370.77,80.37,0,0,0,0,0,0,10.42,0,train-job-001
t0016,gpu-node-09,3,74.79,352.75,79.28,0,0,0,0,0,0,11.81,0,train-job-001
t0016,gpu-node-10,0,76.37,315.19,69.02,0,0,0,0,0,0,10.1,0,train-job-001
t0016,gpu-node-10,1,78.14,364.94,85.58,0,0,0,0,0,0,14.27,0,train-job-001
t0016,gpu-node-10,2,73.21,345.67,82.4,0,0,0,0,0,0,9.33,0,train-job-001
t0016,gpu-node-10,3,73.27,383.41,80.8,0,0,0,0,0,0,12.63,0,train-job-001
t0016,gpu-node-11,0,76.3,313.93,70.45,0,0,0,0,0,0,14.85,0,train-job-001
t0016,gpu-node-11,1,82.93,332.88,79.57,0,0,0,0,0,0,14.66,0,train-job-001
t0016,gpu-node-11,2,73.73,328.26,84.0,0,0,0,0,0,0,15.18,0,train-job-001
t0016,gpu-node-11,3,74.98,361.37,89.45,0,0,0,0,0,0,10.54,0,train-job-001
t0017,gpu-node-00,0,77.49,331.08,83.23,0,0,0,0,0,0,12.76,0,train-job-001
t0017,gpu-node-00,1,75.41,339.97,73.96,0,0,0,0,0,0,13.61,0,train-job-001
t0017,gpu-node-00,2,77.16,386.16,81.48,0,0,0,0,0,0,11.83,0,train-job-001
t0017,gpu-node-00,3,72.93,338.43,79.08,0,0,0,0,0,0,10.78,0,train-job-001
t0017,gpu-node-01,0,72.06,316.52,79.53,0,0,0,0,0,0,13.0,0,train-job-001
t0017,gpu-node-01,1,70.9,345.86,69.38,0,0,0,0,0,0,12.14,0,train-job-001
t0017,gpu-node-01,2,78.96,330.39,91.97,0,0,0,0,0,0,10.62,0,train-job-001
t0017,gpu-node-01,3,65.97,330.77,78.97,0,0,0,0,0,0,10.46,0,train-job-001
t0017,gpu-node-02,0,70.23,358.07,74.4,0,0,0,0,0,0,12.26,0,train-job-001
t0017,gpu-node-02,1,74.66,343.33,72.78,0,0,0,0,0,0,11.09,0,train-job-001
t0017,gpu-node-02,2,79.89,331.0,76.62,0,0,0,0,0,0,12.51,0,train-job-001
t0017,gpu-node-02,3,74.92,336.07,66.91,0,0,0,0,0,0,12.74,0,train-job-001
t0017,gpu-node-03,0,80.3,320.1,73.87,0,0,0,0,0,0,10.1,0,train-job-001
t0017,gpu-node-03,1,76.2,345.28,74.1,0,0,0,0,0,0,13.29,0,train-job-001
t0017,gpu-node-03,2,76.38,344.79,72.41,0,0,0,0,0,0,11.12,0,train-job-001
t0017,gpu-node-03,3,76.45,308.27,61.55,0,0,0,0,0,0,14.39,0,train-job-001
t0017,gpu-node-04,0,74.88,303.1,72.27,0,0,0,0,0,0,14.91,0,train-job-001
t0017,gpu-node-04,1,78.88,332.45,68.6,0,0,0,0,0,0,14.33,0,train-job-001
t0017,gpu-node-04,2,76.57,351.33,80.84,0,0,0,0,0,0,12.18,0,train-job-001
t0017,gpu-node-04,3,80.91,352.29,69.5,0,0,0,0,0,0,13.33,0,train-job-001
t0017,gpu-node-05,0,71.52,307.76,69.02,0,0,0,0,0,0,9.96,0,train-job-001
t0017,gpu-node-05,1,77.6,316.43,70.33,0,0,0,0,0,0,10.27,0,train-job-001
t0017,gpu-node-05,2,76.58,331.9,66.52,0,0,0,0,0,0,12.07,0,train-job-001
t0017,gpu-node-05,3,81.19,343.94,60.36,0,0,0,0,0,0,13.96,0,train-job-001
t0017,gpu-node-06,0,73.69,340.38,64.12,0,0,0,0,0,0,9.54,0,train-job-001
t0017,gpu-node-06,1,75.88,347.69,79.87,0,0,0,0,0,0,15.65,0,train-job-001
t0017,gpu-node-06,2,77.0,370.06,73.68,0,0,0,0,0,0,10.79,0,train-job-001
t0017,gpu-node-06,3,77.9,307.55,64.52,0,0,0,0,0,0,12.17,0,train-job-001
t0017,gpu-node-07,0,81.23,360.8,85.97,0,0,0,0,0,0,13.11,0,train-job-001
t0017,gpu-node-07,1,72.18,316.3,58.89,0,0,0,0,0,0,11.22,0,train-job-001
t0017,gpu-node-07,2,73.95,349.43,79.31,0,0,0,0,0,0,9.07,0,train-job-001
t0017,gpu-node-07,3,79.78,351.15,77.94,0,0,0,0,0,0,13.8,0,train-job-001
t0017,gpu-node-08,0,75.77,368.24,79.07,0,0,0,0,0,0,11.91,0,train-job-001
t0017,gpu-node-08,1,74.96,337.35,68.22,0,0,0,0,0,0,15.86,0,train-job-001
t0017,gpu-node-08,2,81.26,333.49,57.39,0,0,0,0,0,0,11.76,0,train-job-001
t0017,gpu-node-08,3,74.74,347.34,65.52,0,0,0,0,0,0,11.74,0,train-job-001
t0017,gpu-node-09,0,76.47,334.04,70.98,0,0,0,0,0,0,13.65,0,train-job-001
t0017,gpu-node-09,1,75.23,390.68,79.33,0,0,0,0,0,0,9.95,0,train-job-001
t0017,gpu-node-09,2,79.24,350.74,72.02,0,0,0,0,0,0,11.78,0,train-job-001
t0017,gpu-node-09,3,78.54,351.3,73.77,0,0,0,0,0,0,10.09,0,train-job-001
t0017,gpu-node-10,0,78.86,360.6,81.56,0,0,0,0,0,0,9.02,0,train-job-001
t0017,gpu-node-10,1,82.59,366.3,89.51,0,0,0,0,0,0,10.86,0,train-job-001
t0017,gpu-node-10,2,76.58,378.9,83.97,0,0,0,0,0,0,12.55,0,train-job-001
t0017,gpu-node-10,3,77.54,350.89,79.17,0,0,0,0,0,0,12.06,0,train-job-001
t0017,gpu-node-11,0,75.25,310.11,64.43,0,0,0,0,0,0,11.85,0,train-job-001
t0017,gpu-node-11,1,76.43,356.9,74.59,0,0,0,0,0,0,10.78,0,train-job-001
t0017,gpu-node-11,2,78.96,356.89,80.85,0,0,0,0,0,0,11.58,0,train-job-001
t0017,gpu-node-11,3,75.78,339.17,68.94,0,0,0,0,0,0,11.92,0,train-job-001
t0018,gpu-node-00,0,76.72,339.44,74.85,0,0,0,0,0,0,10.18,0,train-job-001
t0018,gpu-node-00,1,72.7,325.97,74.87,0,0,0,0,0,0,13.15,0,train-job-001
t0018,gpu-node-00,2,76.87,311.48,64.72,0,0,0,0,0,0,9.52,0,train-job-001
t0018,gpu-node-00,3,79.13,365.23,80.3,0,0,0,0,0,0,9.71,0,train-job-001
t0018,gpu-node-01,0,74.44,319.36,79.9,0,0,0,0,0,0,10.89,0,train-job-001
t0018,gpu-node-01,1,74.15,345.09,83.65,0,0,0,0,0,0,13.13,0,train-job-001
t0018,gpu-node-01,2,70.7,310.92,60.55,0,0,0,0,0,0,12.43,0,train-job-001
t0018,gpu-node-01,3,73.33,305.36,62.13,0,0,0,0,0,0,10.49,0,train-job-001
t0018,gpu-node-02,0,76.78,314.15,58.11,0,0,0,0,0,0,13.2,0,train-job-001
t0018,gpu-node-02,1,76.71,312.64,75.63,0,0,0,0,0,0,16.56,0,train-job-001
t0018,gpu-node-02,2,75.43,314.45,67.04,0,0,0,0,0,0,12.36,0,train-job-001
t0018,gpu-node-02,3,73.19,352.74,72.74,0,0,0,0,0,0,13.97,0,train-job-001
t0018,gpu-node-03,0,79.43,354.63,76.09,0,0,0,0,0,0,13.63,0,train-job-001
t0018,gpu-node-03,1,73.56,348.52,68.58,0,0,0,0,0,0,12.78,0,train-job-001
t0018,gpu-node-03,2,75.58,323.47,57.59,0,0,0,0,0,0,11.75,0,train-job-001
t0018,gpu-node-03,3,75.6,291.2,61.23,0,0,0,0,0,0,10.72,0,train-job-001
t0018,gpu-node-04,0,74.39,345.29,77.89,0,0,0,0,0,0,10.31,0,train-job-001
t0018,gpu-node-04,1,77.26,300.44,58.17,0,0,0,0,0,0,12.62,0,train-job-001
t0018,gpu-node-04,2,75.31,363.67,83.69,0,0,0,0,0,0,12.77,0,train-job-001
t0018,gpu-node-04,3,75.11,340.12,57.52,0,0,0,0,0,0,11.99,0,train-job-001
t0018,gpu-node-05,0,70.69,322.55,66.19,0,0,0,0,0,0,12.58,0,train-job-001
t0018,gpu-node-05,1,73.71,332.36,59.25,0,0,0,0,0,0,10.9,0,train-job-001
t0018,gpu-node-05,2,72.34,316.44,55.65,0,0,0,0,0,0,12.5,0,train-job-001
t0018,gpu-node-05,3,76.81,332.96,71.68,0,0,0,0,0,0,10.94,0,train-job-001
t0018,gpu-node-06,0,75.03,352.22,77.02,0,0,0,0,0,0,10.48,0,train-job-001
t0018,gpu-node-06,1,74.86,341.2,68.25,0,0,0,0,0,0,11.38,0,train-job-001
t0018,gpu-node-06,2,74.44,343.05,61.69,0,0,0,0,0,0,11.94,0,train-job-001
t0018,gpu-node-06,3,73.65,312.82,80.07,0,0,0,0,0,0,13.77,0,train-job-001
t0018,gpu-node-07,0,72.52,331.15,69.12,0,0,0,0,0,0,10.26,0,train-job-001
t0018,gpu-node-07,1,77.98,324.07,69.01,0,0,0,0,0,0,11.41,0,train-job-001
t0018,gpu-node-07,2,76.32,364.47,75.06,0,0,0,0,0,0,12.0,0,train-job-001
t0018,gpu-node-07,3,73.11,331.31,67.55,0,0,0,0,0,0,12.06,0,train-job-001
t0018,gpu-node-08,0,75.93,350.57,64.5,0,0,0,0,0,0,13.25,0,train-job-001
t0018,gpu-node-08,1,76.66,353.31,76.93,0,0,0,0,0,0,12.74,0,train-job-001
t0018,gpu-node-08,2,78.13,324.55,75.2,0,0,0,0,0,0,10.91,0,train-job-001
t0018,gpu-node-08,3,78.84,323.83,72.36,0,0,0,0,0,0,14.46,0,train-job-001
t0018,gpu-node-09,0,72.45,356.44,82.04,0,0,0,0,0,0,11.32,0,train-job-001
t0018,gpu-node-09,1,79.03,352.96,85.21,0,0,0,0,0,0,11.43,0,train-job-001
t0018,gpu-node-09,2,79.2,350.96,69.53,0,0,0,0,0,0,12.08,0,train-job-001
t0018,gpu-node-09,3,76.6,300.53,62.01,0,0,0,0,0,0,12.42,0,train-job-001
t0018,gpu-node-10,0,81.19,366.06,73.64,0,0,0,0,0,0,11.7,0,train-job-001
t0018,gpu-node-10,1,79.0,359.28,70.03,0,0,0,0,0,0,12.06,0,train-job-001
t0018,gpu-node-10,2,75.02,315.1,52.66,0,0,0,0,0,0,13.08,0,train-job-001
t0018,gpu-node-10,3,76.61,328.02,68.11,0,0,0,0,0,0,10.64,0,train-job-001
t0018,gpu-node-11,0,73.77,323.85,71.7,0,0,0,0,0,0,8.61,0,train-job-001
t0018,gpu-node-11,1,73.16,343.69,64.12,0,0,0,0,0,0,12.56,0,train-job-001
t0018,gpu-node-11,2,74.58,315.79,69.34,0,0,0,0,0,0,10.92,0,train-job-001
t0018,gpu-node-11,3,75.37,343.97,72.83,0,0,0,0,0,0,11.86,0,train-job-001
t0019,gpu-node-00,0,74.37,343.87,64.03,0,0,0,0,0,0,10.32,0,train-job-001
t0019,gpu-node-00,1,71.93,359.7,75.08,0,0,0,0,0,0,13.77,0,train-job-001
t0019,gpu-node-00,2,72.38,333.51,83.24,0,0,0,0,0,0,10.9,0,train-job-001
t0019,gpu-node-00,3,76.76,385.07,87.14,0,0,0,0,0,0,10.33,0,train-job-001
t0019,gpu-node-01,0,70.34,331.63,61.24,0,0,0,0,0,0,12.32,0,train-job-001
t0019,gpu-node-01,1,77.68,359.52,77.61,0,0,0,0,0,0,11.46,0,train-job-001
t0019,gpu-node-01,2,78.27,318.56,74.52,0,0,0,0,0,0,12.35,0,train-job-001
t0019,gpu-node-01,3,73.19,348.06,67.22,0,0,0,0,0,0,12.06,0,train-job-001
t0019,gpu-node-02,0,75.88,345.2,64.56,0,0,0,0,0,0,13.59,0,train-job-001
t0019,gpu-node-02,1,74.85,353.35,68.3,0,0,0,0,0,0,12.03,0,train-job-001
t0019,gpu-node-02,2,73.85,329.64,74.57,0,0,0,0,0,0,13.24,0,train-job-001
t0019,gpu-node-02,3,76.28,350.44,67.14,0,0,0,0,0,0,10.08,0,train-job-001
t0019,gpu-node-03,0,79.6,345.66,74.93,0,0,0,0,0,0,10.66,0,train-job-001
t0019,gpu-node-03,1,73.25,332.2,65.38,0,0,0,0,0,0,11.28,0,train-job-001
t0019,gpu-node-03,2,73.55,322.87,65.44,0,0,0,0,0,0,12.29,0,train-job-001
t0019,gpu-node-03,3,74.33,344.13,70.75,0,0,0,0,0,0,11.78,0,train-job-001
t0019,gpu-node-04,0,74.62,343.18,65.98,0,0,0,0,0,0,9.92,0,train-job-001
t0019,gpu-node-04,1,76.62,326.22,75.38,0,0,0,0,0,0,9.9,0,train-job-001
t0019,gpu-node-04,2,81.57,354.91,72.51,0,0,0,0,0,0,11.51,0,train-job-001
t0019,gpu-node-04,3,79.53,374.89,72.81,0,0,0,0,0,0,14.15,0,train-job-001
t0019,gpu-node-05,0,75.07,334.25,67.58,0,0,0,0,0,0,13.18,0,train-job-001
t0019,gpu-node-05,1,78.77,364.03,72.57,0,0,0,0,0,0,15.4,0,train-job-001
t0019,gpu-node-05,2,74.5,357.21,75.13,0,0,0,0,0,0,13.87,0,train-job-001
t0019,gpu-node-05,3,74.37,354.45,85.01,0,0,0,0,0,0,9.58,0,train-job-001
t0019,gpu-node-06,0,69.78,319.74,61.6,0,0,0,0,0,0,14.71,0,train-job-001
t0019,gpu-node-06,1,77.26,334.17,72.32,0,0,0,0,0,0,10.41,0,train-job-001
t0019,gpu-node-06,2,73.84,347.61,69.06,0,0,0,0,0,0,12.9,0,train-job-001
t0019,gpu-node-06,3,81.4,351.56,70.91,0,0,0,0,0,0,12.31,0,train-job-001
t0019,gpu-node-07,0,74.63,345.57,63.66,0,0,0,0,0,0,13.06,0,train-job-001
t0019,gpu-node-07,1,76.23,323.39,60.02,0,0,0,0,0,0,12.58,0,train-job-001
t0019,gpu-node-07,2,79.2,383.26,88.38,0,0,0,0,0,0,10.99,0,train-job-001
t0019,gpu-node-07,3,72.05,327.07,69.38,0,0,0,0,0,0,11.59,0,train-job-001
t0019,gpu-node-08,0,77.36,380.74,86.16,0,0,0,0,0,0,12.55,0,train-job-001
t0019,gpu-node-08,1,77.63,353.42,76.52,0,0,0,0,0,0,12.18,0,train-job-001
t0019,gpu-node-08,2,75.88,329.75,66.3,0,0,0,0,0,0,8.81,0,train-job-001
t0019,gpu-node-08,3,78.07,360.32,87.64,0,0,0,0,0,0,11.27,0,train-job-001
t0019,gpu-node-09,0,74.76,306.21,79.55,0,0,0,0,0,0,13.64,0,train-job-001
t0019,gpu-node-09,1,72.98,328.17,78.99,0,0,0,0,0,0,12.67,0,train-job-001
t0019,gpu-node-09,2,76.29,322.22,69.8,0,0,0,0,0,0,12.7,0,train-job-001
t0019,gpu-node-09,3,78.24,311.8,68.53,0,0,0,0,0,0,13.67,0,train-job-001
t0019,gpu-node-10,0,77.99,321.57,73.73,0,0,0,0,0,0,15.48,0,train-job-001
t0019,gpu-node-10,1,75.86,357.53,87.65,0,0,0,0,0,0,11.82,0,train-job-001
t0019,gpu-node-10,2,75.56,316.11,66.84,0,0,0,0,0,0,12.93,0,train-job-001
t0019,gpu-node-10,3,74.82,335.31,63.71,0,0,0,0,0,0,13.71,0,train-job-001
t0019,gpu-node-11,0,75.06,300.94,68.77,0,0,0,0,0,0,11.69,0,train-job-001
t0019,gpu-node-11,1,69.48,306.28,60.5,0,0,0,0,0,0,12.9,0,train-job-001
t0019,gpu-node-11,2,78.61,361.06,81.34,0,0,0,0,0,0,13.8,0,train-job-001
t0019,gpu-node-11,3,72.28,340.33,72.54,0,0,0,0,0,0,14.82,0,train-job-001
t0020,gpu-node-00,0,76.31,348.48,65.4,0,0,0,0,0,0,9.81,0,train-job-001
t0020,gpu-node-00,1,77.74,357.04,82.91,0,0,0,0,0,0,15.22,0,train-job-001
t0020,gpu-node-00,2,77.45,314.13,69.22,0,0,0,0,0,0,9.03,0,train-job-001
t0020,gpu-node-00,3,78.54,330.31,79.54,0,0,0,0,0,0,10.01,0,train-job-001
t0020,gpu-node-01,0,75.56,292.21,67.67,0,0,0,0,0,0,10.22,0,train-job-001
t0020,gpu-node-01,1,73.6,301.87,71.76,0,0,0,0,0,0,10.52,0,train-job-001
t0020,gpu-node-01,2,78.87,334.14,77.25,0,0,0,0,0,0,8.61,0,train-job-001
t0020,gpu-node-01,3,80.99,372.97,83.84,0,0,0,0,0,0,14.35,0,train-job-001
t0020,gpu-node-02,0,75.06,323.19,67.53,0,0,0,0,0,0,8.86,0,train-job-001
t0020,gpu-node-02,1,80.3,357.15,87.03,0,0,0,0,0,0,10.19,0,train-job-001
t0020,gpu-node-02,2,72.83,372.21,82.32,0,0,0,0,0,0,12.15,0,train-job-001
t0020,gpu-node-02,3,78.37,349.06,75.89,0,0,0,0,0,0,13.58,0,train-job-001
t0020,gpu-node-03,0,76.45,330.66,83.89,0,0,0,0,0,0,11.69,0,train-job-001
t0020,gpu-node-03,1,79.83,341.54,77.97,0,0,0,0,0,0,12.49,0,train-job-001
t0020,gpu-node-03,2,74.6,347.3,78.4,0,0,0,0,0,0,11.88,0,train-job-001
t0020,gpu-node-03,3,75.83,330.33,68.84,0,0,0,0,0,0,12.07,0,train-job-001
t0020,gpu-node-04,0,78.27,372.13,72.1,0,0,0,0,0,0,11.7,0,train-job-001
t0020,gpu-node-04,1,71.27,327.65,71.54,0,0,0,0,0,0,15.81,0,train-job-001
t0020,gpu-node-04,2,72.53,339.78,84.25,0,0,0,0,0,0,10.61,0,train-job-001
t0020,gpu-node-04,3,79.13,359.34,70.12,0,0,0,0,0,0,12.72,0,train-job-001
t0020,gpu-node-05,0,78.65,329.26,68.61,0,0,0,0,0,0,13.67,0,train-job-001
t0020,gpu-node-05,1,75.07,314.62,73.81,0,0,0,0,0,0,8.13,0,train-job-001
t0020,gpu-node-05,2,76.06,306.72,59.98,0,0,0,0,0,0,9.85,0,train-job-001
t0020,gpu-node-05,3,74.25,354.65,72.63,0,0,0,0,0,0,13.55,0,train-job-001
t0020,gpu-node-06,0,73.79,378.46,72.36,0,0,0,0,0,0,16.55,0,train-job-001
t0020,gpu-node-06,1,73.18,270.96,60.48,0,0,0,0,0,0,12.19,0,train-job-001
t0020,gpu-node-06,2,77.25,355.83,70.45,0,0,0,0,0,0,10.16,0,train-job-001
t0020,gpu-node-06,3,78.11,358.1,71.82,0,0,0,0,0,0,12.07,0,train-job-001
t0020,gpu-node-07,0,78.6,367.0,75.36,0,0,0,0,0,0,12.91,0,train-job-001
t0020,gpu-node-07,1,75.58,298.77,67.54,0,0,0,0,0,0,11.22,0,train-job-001
t0020,gpu-node-07,2,69.6,324.01,70.67,0,0,0,0,0,0,11.3,0,train-job-001
t0020,gpu-node-07,3,76.49,348.81,82.4,0,0,0,0,0,0,12.84,0,train-job-001
t0020,gpu-node-08,0,75.33,350.79,81.81,0,0,0,0,0,0,13.21,0,train-job-001
t0020,gpu-node-08,1,76.76,306.45,55.5,0,0,0,0,0,0,12.78,0,train-job-001
t0020,gpu-node-08,2,73.82,301.45,72.98,0,0,0,0,0,0,11.5,0,train-job-001
t0020,gpu-node-08,3,76.36,347.33,71.13,0,0,0,0,0,0,14.03,0,train-job-001
t0020,gpu-node-09,0,80.7,344.77,72.93,0,0,0,0,0,0,12.77,0,train-job-001
t0020,gpu-node-09,1,74.25,303.12,62.23,0,0,0,0,0,0,13.61,0,train-job-001
t0020,gpu-node-09,2,76.65,356.47,70.02,0,0,0,0,0,0,10.35,0,train-job-001
t0020,gpu-node-09,3,78.55,354.85,85.72,0,0,0,0,0,0,11.05,0,train-job-001
t0020,gpu-node-10,0,73.7,335.67,77.79,0,0,0,0,0,0,11.21,0,train-job-001
t0020,gpu-node-10,1,76.18,363.86,77.6,0,0,0,0,0,0,7.58,0,train-job-001
t0020,gpu-node-10,2,76.4,329.26,66.61,0,0,0,0,0,0,14.83,0,train-job-001
t0020,gpu-node-10,3,73.78,290.49,58.06,0,0,0,0,0,0,14.11,0,train-job-001
t0020,gpu-node-11,0,80.24,357.94,72.97,0,0,0,0,0,0,11.59,0,train-job-001
t0020,gpu-node-11,1,79.7,351.5,68.71,0,0,0,0,0,0,12.07,0,train-job-001
t0020,gpu-node-11,2,74.03,347.8,82.53,0,0,0,0,0,0,10.09,0,train-job-001
t0020,gpu-node-11,3,78.57,323.51,67.57,0,0,0,0,0,0,13.01,0,train-job-001
t0021,gpu-node-00,0,72.05,316.7,82.13,0,0,0,0,0,0,11.31,0,train-job-001
t0021,gpu-node-00,1,75.26,323.82,67.74,0,0,0,0,0,0,10.18,0,train-job-001
t0021,gpu-node-00,2,74.8,310.79,68.04,0,0,0,0,0,0,14.5,0,train-job-001
t0021,gpu-node-00,3,73.87,351.53,72.19,0,0,0,0,0,0,11.24,0,train-job-001
t0021,gpu-node-01,0,75.48,342.65,69.52,0,0,0,0,0,0,10.33,0,train-job-001
t0021,gpu-node-01,1,75.5,352.28,83.22,0,0,0,0,0,0,12.25,0,train-job-001
t0021,gpu-node-01,2,76.6,327.89,66.07,0,0,0,0,0,0,8.84,0,train-job-001
t0021,gpu-node-01,3,73.55,329.12,73.31,0,0,0,0,0,0,12.06,0,train-job-001
t0021,gpu-node-02,0,81.2,378.73,69.5,0,0,0,0,0,0,11.39,0,train-job-001
t0021,gpu-node-02,1,74.3,348.54,73.34,0,0,0,0,0,0,13.07,0,train-job-001
t0021,gpu-node-02,2,76.88,342.31,74.63,0,0,0,0,0,0,12.46,0,train-job-001
t0021,gpu-node-02,3,71.85,342.81,60.74,0,0,0,0,0,0,13.59,0,train-job-001
t0021,gpu-node-03,0,77.05,335.13,77.42,0,0,0,0,0,0,10.11,0,train-job-001
t0021,gpu-node-03,1,73.58,328.58,66.65,0,0,0,0,0,0,11.42,0,train-job-001
t0021,gpu-node-03,2,71.59,314.45,70.09,0,0,0,0,0,0,13.26,0,train-job-001
t0021,gpu-node-03,3,75.91,356.22,75.34,0,0,0,0,0,0,14.11,0,train-job-001
t0021,gpu-node-04,0,78.01,325.86,68.92,0,0,0,0,0,0,13.69,0,train-job-001
t0021,gpu-node-04,1,75.24,331.64,71.14,0,0,0,0,0,0,11.38,0,train-job-001
t0021,gpu-node-04,2,78.25,331.27,67.33,0,0,0,0,0,0,13.34,0,train-job-001
t0021,gpu-node-04,3,78.75,308.97,64.96,0,0,0,0,0,0,12.09,0,train-job-001
t0021,gpu-node-05,0,74.24,346.87,65.09,0,0,0,0,0,0,12.76,0,train-job-001
t0021,gpu-node-05,1,72.17,341.39,83.56,0,0,0,0,0,0,12.74,0,train-job-001
t0021,gpu-node-05,2,75.33,366.33,80.33,0,0,0,0,0,0,10.21,0,train-job-001
t0021,gpu-node-05,3,72.23,326.82,76.48,0,0,0,0,0,0,14.68,0,train-job-001
t0021,gpu-node-06,0,79.28,384.21,86.29,0,0,0,0,0,0,12.85,0,train-job-001
t0021,gpu-node-06,1,70.46,311.32,62.36,0,0,0,0,0,0,12.24,0,train-job-001
t0021,gpu-node-06,2,74.55,337.27,65.0,0,0,0,0,0,0,12.77,0,train-job-001
t0021,gpu-node-06,3,73.75,348.0,69.3,0,0,0,0,0,0,9.86,0,train-job-001
t0021,gpu-node-07,0,74.35,361.8,73.96,0,0,0,0,0,0,10.7,0,train-job-001
t0021,gpu-node-07,1,78.47,348.14,71.66,0,0,0,0,0,0,12.81,0,train-job-001
t0021,gpu-node-07,2,74.77,333.28,84.7,0,0,0,0,0,0,13.72,0,train-job-001
t0021,gpu-node-07,3,79.25,374.4,83.94,0,0,0,0,0,0,12.23,0,train-job-001
t0021,gpu-node-08,0,76.55,327.76,70.73,0,0,0,0,0,0,10.51,0,train-job-001
t0021,gpu-node-08,1,72.46,360.77,75.97,0,0,0,0,0,0,15.61,0,train-job-001
t0021,gpu-node-08,2,76.22,335.98,69.64,0,0,0,0,0,0,11.88,0,train-job-001
t0021,gpu-node-08,3,75.89,313.69,66.71,0,0,0,0,0,0,11.93,0,train-job-001
t0021,gpu-node-09,0,76.78,306.53,62.43,0,0,0,0,0,0,10.83,0,train-job-001
t0021,gpu-node-09,1,77.22,304.93,47.75,0,0,0,0,0,0,10.79,0,train-job-001
t0021,gpu-node-09,2,75.79,388.76,82.0,0,0,0,0,0,0,11.07,0,train-job-001
t0021,gpu-node-09,3,72.81,304.97,70.2,0,0,0,0,0,0,11.61,0,train-job-001
t0021,gpu-node-10,0,74.08,346.38,73.9,0,0,0,0,0,0,14.49,0,train-job-001
t0021,gpu-node-10,1,77.75,349.87,72.22,0,0,0,0,0,0,10.22,0,train-job-001
t0021,gpu-node-10,2,76.97,327.71,79.94,0,0,0,0,0,0,12.56,0,train-job-001
t0021,gpu-node-10,3,74.03,348.21,79.62,0,0,0,0,0,0,14.77,0,train-job-001
t0021,gpu-node-11,0,75.47,341.41,66.37,0,0,0,0,0,0,12.35,0,train-job-001
t0021,gpu-node-11,1,75.39,320.52,72.9,0,0,0,0,0,0,10.65,0,train-job-001
t0021,gpu-node-11,2,74.77,287.6,73.87,0,0,0,0,0,0,13.35,0,train-job-001
t0021,gpu-node-11,3,73.14,328.66,77.96,0,0,0,0,0,0,16.69,0,train-job-001
t0022,gpu-node-00,0,73.89,344.87,80.56,0,0,0,0,0,0,15.45,0,train-job-001
t0022,gpu-node-00,1,73.63,316.55,66.9,0,0,0,0,0,0,13.2,0,train-job-001
t0022,gpu-node-00,2,77.96,317.35,70.81,0,0,0,0,0,0,14.31,0,train-job-001
t0022,gpu-node-00,3,78.93,318.07,75.38,0,0,0,0,0,0,10.35,0,train-job-001
t0022,gpu-node-01,0,74.93,358.01,73.25,0,0,0,0,0,0,6.64,0,train-job-001
t0022,gpu-node-01,1,73.21,364.85,87.0,0,0,0,0,0,0,11.46,0,train-job-001
t0022,gpu-node-01,2,74.1,328.68,73.75,0,0,0,0,0,0,10.51,0,train-job-001
t0022,gpu-node-01,3,76.41,319.86,69.56,0,0,0,0,0,0,15.0,0,train-job-001
t0022,gpu-node-02,0,79.43,369.79,86.01,0,0,0,0,0,0,12.82,0,train-job-001
t0022,gpu-node-02,1,72.12,341.64,69.55,0,0,0,0,0,0,11.93,0,train-job-001
t0022,gpu-node-02,2,72.7,326.97,74.4,0,0,0,0,0,0,11.54,0,train-job-001
t0022,gpu-node-02,3,78.34,345.23,76.81,0,0,0,0,0,0,9.31,0,train-job-001
t0022,gpu-node-03,0,77.55,314.75,61.88,0,0,0,0,0,0,13.84,0,train-job-001
t0022,gpu-node-03,1,76.95,345.67,67.48,0,0,0,0,0,0,10.78,0,train-job-001
t0022,gpu-node-03,2,78.05,347.82,72.22,0,0,0,0,0,0,12.73,0,train-job-001
t0022,gpu-node-03,3,77.18,332.78,63.47,0,0,0,0,0,0,10.56,0,train-job-001
t0022,gpu-node-04,0,76.94,332.73,57.36,0,0,0,0,0,0,12.3,0,train-job-001
t0022,gpu-node-04,1,74.5,298.85,57.07,0,0,0,0,0,0,9.43,0,train-job-001
t0022,gpu-node-04,2,75.53,328.84,56.9,0,0,0,0,0,0,10.52,0,train-job-001
t0022,gpu-node-04,3,73.39,340.56,79.62,0,0,0,0,0,0,14.03,0,train-job-001
t0022,gpu-node-05,0,78.94,371.61,75.59,0,0,0,0,0,0,7.96,0,train-job-001
t0022,gpu-node-05,1,75.87,357.91,69.39,0,0,0,0,0,0,10.04,0,train-job-001
t0022,gpu-node-05,2,75.51,308.56,54.53,0,0,0,0,0,0,9.86,0,train-job-001
t0022,gpu-node-05,3,72.22,356.58,66.47,0,0,0,0,0,0,10.32,0,train-job-001
t0022,gpu-node-06,0,77.44,356.4,83.73,0,0,0,0,0,0,12.44,0,train-job-001
t0022,gpu-node-06,1,78.5,348.58,78.33,0,0,0,0,0,0,13.09,0,train-job-001
t0022,gpu-node-06,2,72.55,354.35,70.56,0,0,0,0,0,0,12.97,0,train-job-001
t0022,gpu-node-06,3,79.91,336.84,79.19,0,0,0,0,0,0,9.79,0,train-job-001
t0022,gpu-node-07,0,76.06,354.14,65.55,0,0,0,0,0,0,7.61,0,train-job-001
t0022,gpu-node-07,1,73.42,348.48,79.89,0,0,0,0,0,0,8.74,0,train-job-001
t0022,gpu-node-07,2,75.61,329.87,66.45,0,0,0,0,0,0,13.59,0,train-job-001
t0022,gpu-node-07,3,72.95,343.14,70.34,0,0,0,0,0,0,10.18,0,train-job-001
t0022,gpu-node-08,0,77.23,310.02,54.65,0,0,0,0,0,0,14.54,0,train-job-001
t0022,gpu-node-08,1,75.37,322.57,66.65,0,0,0,0,0,0,9.57,0,train-job-001
t0022,gpu-node-08,2,73.1,331.85,71.1,0,0,0,0,0,0,14.56,0,train-job-001
t0022,gpu-node-08,3,72.54,329.46,75.27,0,0,0,0,0,0,9.81,0,train-job-001
t0022,gpu-node-09,0,72.05,326.13,77.77,0,0,0,0,0,0,15.33,0,train-job-001
t0022,gpu-node-09,1,74.2,315.14,68.21,0,0,0,0,0,0,12.78,0,train-job-001
t0022,gpu-node-09,2,75.63,342.74,70.55,0,0,0,0,0,0,11.14,0,train-job-001
t0022,gpu-node-09,3,76.27,323.12,73.63,0,0,0,0,0,0,15.03,0,train-job-001
t0022,gpu-node-10,0,74.15,332.75,72.05,0,0,0,0,0,0,13.08,0,train-job-001
t0022,gpu-node-10,1,73.61,335.99,63.08,0,0,0,0,0,0,11.77,0,train-job-001
t0022,gpu-node-10,2,75.67,341.11,63.31,0,0,0,0,0,0,12.89,0,train-job-001
t0022,gpu-node-10,3,79.12,348.37,73.41,0,0,0,0,0,0,12.76,0,train-job-001
t0022,gpu-node-11,0,82.2,373.0,81.1,0,0,0,0,0,0,11.36,0,train-job-001
t0022,gpu-node-11,1,74.32,308.89,64.8,0,0,0,0,0,0,15.08,0,train-job-001
t0022,gpu-node-11,2,74.24,311.03,62.52,0,0,0,0,0,0,13.73,0,train-job-001
t0022,gpu-node-11,3,74.48,298.93,46.82,0,0,0,0,0,0,12.63,0,train-job-001
t0023,gpu-node-00,0,74.36,337.36,71.85,0,0,0,0,0,0,8.59,0,train-job-001
t0023,gpu-node-00,1,75.75,361.28,69.64,0,0,0,0,0,0,13.45,0,train-job-001
t0023,gpu-node-00,2,77.87,372.51,88.13,0,0,0,0,0,0,13.55,0,train-job-001
t0023,gpu-node-00,3,72.87,335.84,76.19,0,0,0,0,0,0,12.03,0,train-job-001
t0023,gpu-node-01,0,76.87,308.77,60.87,0,0,0,0,0,0,9.57,0,train-job-001
t0023,gpu-node-01,1,74.63,318.24,74.08,0,0,0,0,0,0,11.08,0,train-job-001
t0023,gpu-node-01,2,76.72,330.78,67.5,0,0,0,0,0,0,12.58,0,train-job-001
t0023,gpu-node-01,3,71.99,311.49,70.98,0,0,0,0,0,0,13.12,0,train-job-001
t0023,gpu-node-02,0,76.69,291.83,53.36,0,0,0,0,0,0,12.74,0,train-job-001
t0023,gpu-node-02,1,80.58,371.63,97.23,0,0,0,0,0,0,8.42,0,train-job-001
t0023,gpu-node-02,2,75.32,344.3,81.43,0,0,0,0,0,0,14.83,0,train-job-001
t0023,gpu-node-02,3,76.0,320.74,61.74,0,0,0,0,0,0,11.89,0,train-job-001
t0023,gpu-node-03,0,78.44,326.54,80.47,0,0,0,0,0,0,11.46,0,train-job-001
t0023,gpu-node-03,1,74.58,350.71,66.29,0,0,0,0,0,0,13.78,0,train-job-001
t0023,gpu-node-03,2,77.51,340.32,69.32,0,0,0,0,0,0,13.04,0,train-job-001
t0023,gpu-node-03,3,78.08,346.56,63.39,0,0,0,0,0,0,10.61,0,train-job-001
t0023,gpu-node-04,0,76.38,381.06,80.21,0,0,0,0,0,0,12.4,0,train-job-001
t0023,gpu-node-04,1,79.05,368.22,68.39,0,0,0,0,0,0,12.02,0,train-job-001
t0023,gpu-node-04,2,77.56,336.35,74.63,0,0,0,0,0,0,12.78,0,train-job-001
t0023,gpu-node-04,3,80.28,341.25,75.59,0,0,0,0,0,0,11.22,0,train-job-001
t0023,gpu-node-05,0,78.29,354.5,82.18,0,0,0,0,0,0,11.31,0,train-job-001
t0023,gpu-node-05,1,74.31,350.81,74.35,0,0,0,0,0,0,10.51,0,train-job-001
t0023,gpu-node-05,2,71.81,330.96,60.89,0,0,0,0,0,0,11.44,0,train-job-001
t0023,gpu-node-05,3,71.01,314.24,67.65,0,0,0,0,0,0,12.3,0,train-job-001
t0023,gpu-node-06,0,72.53,339.02,69.12,0,0,0,0,0,0,9.22,0,train-job-001
t0023,gpu-node-06,1,76.87,330.21,80.37,0,0,0,0,0,0,12.19,0,train-job-001
t0023,gpu-node-06,2,72.68,352.31,70.64,0,0,0,0,0,0,13.64,0,train-job-001
t0023,gpu-node-06,3,83.25,307.13,67.67,0,0,0,0,0,0,16.77,0,train-job-001
t0023,gpu-node-07,0,74.24,354.12,73.38,0,0,0,0,0,0,12.87,0,train-job-001
t0023,gpu-node-07,1,79.28,367.47,76.39,0,0,0,0,0,0,11.55,0,train-job-001
t0023,gpu-node-07,2,77.24,357.85,69.11,0,0,0,0,0,0,13.27,0,train-job-001
t0023,gpu-node-07,3,69.45,280.43,56.29,0,0,0,0,0,0,14.59,0,train-job-001
t0023,gpu-node-08,0,81.47,349.92,65.85,0,0,0,0,0,0,10.31,0,train-job-001
t0023,gpu-node-08,1,75.86,310.03,64.44,0,0,0,0,0,0,11.52,0,train-job-001
t0023,gpu-node-08,2,68.43,343.27,61.67,0,0,0,0,0,0,12.6,0,train-job-001
t0023,gpu-node-08,3,79.44,327.64,79.85,0,0,0,0,0,0,12.25,0,train-job-001
t0023,gpu-node-09,0,76.63,295.9,68.53,0,0,0,0,0,0,13.28,0,train-job-001
t0023,gpu-node-09,1,79.15,348.42,65.89,0,0,0,0,0,0,12.57,0,train-job-001
t0023,gpu-node-09,2,70.63,308.79,70.76,0,0,0,0,0,0,12.36,0,train-job-001
t0023,gpu-node-09,3,78.4,323.03,63.63,0,0,0,0,0,0,9.54,0,train-job-001
t0023,gpu-node-10,0,68.25,342.14,77.43,0,0,0,0,0,0,10.66,0,train-job-001
t0023,gpu-node-10,1,70.77,327.61,63.94,0,0,0,0,0,0,12.14,0,train-job-001
t0023,gpu-node-10,2,73.89,315.75,77.61,0,0,0,0,0,0,12.29,0,train-job-001
t0023,gpu-node-10,3,79.32,356.33,66.1,0,0,0,0,0,0,13.42,0,train-job-001
t0023,gpu-node-11,0,74.95,347.93,68.33,0,0,0,0,0,0,8.75,0,train-job-001
t0023,gpu-node-11,1,75.65,337.84,72.15,0,0,0,0,0,0,12.11,0,train-job-001
t0023,gpu-node-11,2,75.76,326.49,60.27,0,0,0,0,0,0,10.52,0,train-job-001
t0023,gpu-node-11,3,74.11,306.77,62.18,0,0,0,0,0,0,12.64,0,train-job-001
t0024,gpu-node-00,0,72.73,328.07,70.47,0,0,0,0,0,0,13.51,0,train-job-001
t0024,gpu-node-00,1,76.57,322.03,73.88,0,0,0,0,0,0,10.32,0,train-job-001
t0024,gpu-node-00,2,75.45,319.5,73.57,0,0,0,0,0,0,12.36,0,train-job-001
t0024,gpu-node-00,3,76.99,336.36,79.99,0,0,0,0,0,0,12.65,0,train-job-001
t0024,gpu-node-01,0,75.75,331.1,64.67,0,0,0,0,0,0,11.07,0,train-job-001
t0024,gpu-node-01,1,73.38,324.93,57.78,0,0,0,0,0,0,12.5,0,train-job-001
t0024,gpu-node-01,2,75.63,329.49,71.41,0,0,0,0,0,0,11.45,0,train-job-001
t0024,gpu-node-01,3,76.39,367.09,86.25,0,0,0,0,0,0,10.07,0,train-job-001
t0024,gpu-node-02,0,75.61,324.34,55.98,0,0,0,0,0,0,13.79,0,train-job-001
t0024,gpu-node-02,1,74.5,316.73,72.87,0,0,0,0,0,0,6.49,0,train-job-001
t0024,gpu-node-02,2,74.24,369.72,75.46,0,0,0,0,0,0,9.74,0,train-job-001
t0024,gpu-node-02,3,72.89,341.27,70.03,0,0,0,0,0,0,8.21,0,train-job-001
t0024,gpu-node-03,0,72.5,307.49,70.64,0,0,0,0,0,0,13.77,0,train-job-001
t0024,gpu-node-03,1,79.39,329.76,69.16,0,0,0,0,0,0,11.4,0,train-job-001
t0024,gpu-node-03,2,75.33,308.08,77.79,0,0,0,0,0,0,10.43,0,train-job-001
t0024,gpu-node-03,3,78.65,312.76,68.05,0,0,0,0,0,0,11.16,0,train-job-001
t0024,gpu-node-04,0,70.79,339.37,71.29,0,0,0,0,0,0,14.28,0,train-job-001
t0024,gpu-node-04,1,70.92,306.39,69.39,0,0,0,0,0,0,11.04,0,train-job-001
t0024,gpu-node-04,2,75.07,340.96,86.35,0,0,0,0,0,0,15.97,0,train-job-001
t0024,gpu-node-04,3,77.9,374.87,92.2,0,0,0,0,0,0,11.69,0,train-job-001
t0024,gpu-node-05,0,76.62,369.94,84.81,0,0,0,0,0,0,13.01,0,train-job-001
t0024,gpu-node-05,1,75.6,331.17,77.22,0,0,0,0,0,0,7.18,0,train-job-001
t0024,gpu-node-05,2,81.72,400.64,86.56,0,0,0,0,0,0,9.65,0,train-job-001
t0024,gpu-node-05,3,76.29,320.32,57.83,0,0,0,0,0,0,12.44,0,train-job-001
t0024,gpu-node-06,0,73.04,345.11,61.65,0,0,0,0,0,0,10.46,0,train-job-001
t0024,gpu-node-06,1,75.16,322.13,73.23,0,0,0,0,0,0,12.1,0,train-job-001
t0024,gpu-node-06,2,72.93,339.1,75.23,0,0,0,0,0,0,16.5,0,train-job-001
t0024,gpu-node-06,3,73.93,348.95,81.01,0,0,0,0,0,0,11.11,0,train-job-001
t0024,gpu-node-07,0,76.2,349.82,73.91,0,0,0,0,0,0,10.22,0,train-job-001
t0024,gpu-node-07,1,75.47,329.07,78.6,0,0,0,0,0,0,13.77,0,train-job-001
t0024,gpu-node-07,2,74.38,368.64,81.54,0,0,0,0,0,0,10.88,0,train-job-001
t0024,gpu-node-07,3,77.58,330.37,75.94,0,0,0,0,0,0,10.98,0,train-job-001
t0024,gpu-node-08,0,79.52,336.39,75.2,0,0,0,0,0,0,10.15,0,train-job-001
t0024,gpu-node-08,1,75.6,343.9,64.89,0,0,0,0,0,0,12.17,0,train-job-001
t0024,gpu-node-08,2,76.22,338.63,66.71,0,0,0,0,0,0,9.8,0,train-job-001
t0024,gpu-node-08,3,77.21,392.84,91.12,0,0,0,0,0,0,13.25,0,train-job-001
t0024,gpu-node-09,0,74.98,320.94,66.24,0,0,0,0,0,0,12.59,0,train-job-001
t0024,gpu-node-09,1,71.31,378.23,76.95,0,0,0,0,0,0,11.71,0,train-job-001
t0024,gpu-node-09,2,75.18,329.98,53.96,0,0,0,0,0,0,15.14,0,train-job-001
t0024,gpu-node-09,3,72.2,332.53,68.56,0,0,0,0,0,0,8.81,0,train-job-001
t0024,gpu-node-10,0,74.62,349.03,85.65,0,0,0,0,0,0,11.09,0,train-job-001
t0024,gpu-node-10,1,74.4,331.6,80.63,0,0,0,0,0,0,8.1,0,train-job-001
t0024,gpu-node-10,2,69.69,280.26,62.61,0,0,0,0,0,0,10.76,0,train-job-001
t0024,gpu-node-10,3,73.78,310.32,51.68,0,0,0,0,0,0,12.02,0,train-job-001
t0024,gpu-node-11,0,75.53,342.66,64.52,0,0,0,0,0,0,13.4,0,train-job-001
t0024,gpu-node-11,1,78.0,337.08,84.18,0,0,0,0,0,0,12.7,0,train-job-001
t0024,gpu-node-11,2,74.01,303.52,58.29,0,0,0,0,0,0,9.95,0,train-job-001
t0024,gpu-node-11,3,76.28,319.87,55.63,0,0,0,0,0,0,10.3,0,train-job-001
t0025,gpu-node-00,0,73.93,301.24,65.18,0,0,0,0,0,0,14.6,0,train-job-001
t0025,gpu-node-00,1,75.83,324.23,71.17,0,0,0,0,0,0,9.3,0,train-job-001
t0025,gpu-node-00,2,73.51,342.93,83.4,0,0,0,0,0,0,10.2,0,train-job-001
t0025,gpu-node-00,3,73.82,336.5,63.11,0,0,0,0,0,0,11.98,0,train-job-001
t0025,gpu-node-01,0,76.36,351.56,82.39,0,0,0,0,0,0,11.82,0,train-job-001
t0025,gpu-node-01,1,80.08,358.27,75.69,0,0,0,0,0,0,10.29,0,train-job-001
t0025,gpu-node-01,2,74.19,309.37,64.39,0,0,0,0,0,0,13.09,0,train-job-001
t0025,gpu-node-01,3,72.71,313.26,74.78,0,0,0,0,0,0,15.46,0,train-job-001
t0025,gpu-node-02,0,72.19,330.23,65.2,0,0,0,0,0,0,11.18,0,train-job-001
t0025,gpu-node-02,1,77.45,335.04,77.27,0,0,0,0,0,0,10.17,0,train-job-001
t0025,gpu-node-02,2,74.11,322.58,63.16,0,0,0,0,0,0,13.02,0,train-job-001
t0025,gpu-node-02,3,81.69,358.71,61.99,0,0,0,0,0,0,11.25,0,train-job-001
t0025,gpu-node-03,0,80.09,332.91,76.34,0,0,0,0,0,0,8.05,0,train-job-001
t0025,gpu-node-03,1,70.08,303.13,58.68,0,0,0,0,0,0,10.82,0,train-job-001
t0025,gpu-node-03,2,73.8,358.76,80.13,0,0,0,0,0,0,8.79,0,train-job-001
t0025,gpu-node-03,3,78.38,324.48,75.42,0,0,0,0,0,0,10.85,0,train-job-001
t0025,gpu-node-04,0,79.27,344.2,78.08,0,0,0,0,0,0,12.91,0,train-job-001
t0025,gpu-node-04,1,71.66,343.27,60.07,0,0,0,0,0,0,12.27,0,train-job-001
t0025,gpu-node-04,2,79.54,339.18,73.0,0,0,0,0,0,0,12.93,0,train-job-001
t0025,gpu-node-04,3,77.64,328.74,70.87,0,0,0,0,0,0,10.67,0,train-job-001
t0025,gpu-node-05,0,76.56,332.35,77.9,0,0,0,0,0,0,13.5,0,train-job-001
t0025,gpu-node-05,1,77.76,330.93,71.3,0,0,0,0,0,0,14.29,0,train-job-001
t0025,gpu-node-05,2,78.04,318.71,66.16,0,0,0,0,0,0,8.78,0,train-job-001
t0025,gpu-node-05,3,73.68,337.28,82.29,0,0,0,0,0,0,12.25,0,train-job-001
t0025,gpu-node-06,0,72.6,364.82,76.43,0,0,0,0,0,0,11.13,0,train-job-001
t0025,gpu-node-06,1,72.98,323.39,52.43,0,0,0,0,0,0,12.63,0,train-job-001
t0025,gpu-node-06,2,75.3,359.55,70.89,0,0,0,0,0,0,13.79,0,train-job-001
t0025,gpu-node-06,3,78.8,361.05,93.2,0,0,0,0,0,0,14.26,0,train-job-001
t0025,gpu-node-07,0,77.5,334.94,77.08,0,0,0,0,0,0,13.45,0,train-job-001
t0025,gpu-node-07,1,74.99,349.1,70.03,0,0,0,0,0,0,12.21,0,train-job-001
t0025,gpu-node-07,2,79.5,341.0,83.4,0,0,0,0,0,0,13.14,0,train-job-001
t0025,gpu-node-07,3,75.23,332.68,83.43,0,0,0,0,0,0,14.39,0,train-job-001
t0025,gpu-node-08,0,75.48,344.07,78.47,0,0,0,0,0,0,12.58,0,train-job-001
t0025,gpu-node-08,1,81.69,349.34,66.94,0,0,0,0,0,0,14.97,0,train-job-001
t0025,gpu-node-08,2,76.28,331.58,76.28,0,0,0,0,0,0,12.04,0,train-job-001
t0025,gpu-node-08,3,81.28,371.62,78.79,0,0,0,0,0,0,12.49,0,train-job-001
t0025,gpu-node-09,0,77.55,356.44,69.88,0,0,0,0,0,0,15.04,0,train-job-001
t0025,gpu-node-09,1,78.69,351.36,78.8,0,0,0,0,0,0,13.12,0,train-job-001
t0025,gpu-node-09,2,78.24,317.79,73.55,0,0,0,0,0,0,10.39,0,train-job-001
t0025,gpu-node-09,3,79.74,330.31,64.99,0,0,0,0,0,0,13.02,0,train-job-001
t0025,gpu-node-10,0,73.92,321.62,77.37,0,0,0,0,0,0,14.19,0,train-job-001
t0025,gpu-node-10,1,74.55,320.7,71.15,0,0,0,0,0,0,9.78,0,train-job-001
t0025,gpu-node-10,2,74.88,359.64,88.59,0,0,0,0,0,0,11.35,0,train-job-001
t0025,gpu-node-10,3,73.06,362.34,67.69,0,0,0,0,0,0,12.46,0,train-job-001
t0025,gpu-node-11,0,74.75,275.31,66.72,0,0,0,0,0,0,11.38,0,train-job-001
t0025,gpu-node-11,1,75.14,327.87,72.81,0,0,0,0,0,0,10.75,0,train-job-001
t0025,gpu-node-11,2,73.31,319.82,58.06,0,0,0,0,0,0,10.9,0,train-job-001
t0025,gpu-node-11,3,77.8,334.4,72.23,0,0,0,0,0,0,19.79,0,train-job-001
t0026,gpu-node-00,0,77.19,327.64,74.62,0,0,0,0,0,0,12.37,0,train-job-001
t0026,gpu-node-00,1,75.94,324.06,66.03,0,0,0,0,0,0,14.83,0,train-job-001
t0026,gpu-node-00,2,72.44,345.84,85.86,0,0,0,0,0,0,11.78,0,train-job-001
t0026,gpu-node-00,3,81.19,370.45,89.74,0,0,0,0,0,0,11.98,0,train-job-001
t0026,gpu-node-01,0,81.37,375.23,87.01,0,0,0,0,0,0,11.01,0,train-job-001
t0026,gpu-node-01,1,76.16,359.59,84.59,0,0,0,0,0,0,10.64,0,train-job-001
t0026,gpu-node-01,2,75.02,359.71,72.83,0,0,0,0,0,0,14.7,0,train-job-001
t0026,gpu-node-01,3,77.11,329.62,67.69,0,0,0,0,0,0,7.39,0,train-job-001
t0026,gpu-node-02,0,75.32,323.93,74.89,0,0,0,0,0,0,9.62,0,train-job-001
t0026,gpu-node-02,1,77.66,341.83,85.09,0,0,0,0,0,0,14.06,0,train-job-001
t0026,gpu-node-02,2,74.31,310.48,57.9,0,0,0,0,0,0,11.36,0,train-job-001
t0026,gpu-node-02,3,73.94,303.93,78.55,0,0,0,0,0,0,14.49,0,train-job-001
t0026,gpu-node-03,0,76.7,322.2,75.76,0,0,0,0,0,0,10.45,0,train-job-001
t0026,gpu-node-03,1,70.54,335.56,69.02,0,0,0,0,0,0,10.7,0,train-job-001
t0026,gpu-node-03,2,74.19,341.03,69.06,0,0,0,0,0,0,13.12,0,train-job-001
t0026,gpu-node-03,3,74.24,318.37,70.34,0,0,0,0,0,0,15.49,0,train-job-001
t0026,gpu-node-04,0,73.52,337.12,78.98,0,0,0,0,0,0,9.54,0,train-job-001
t0026,gpu-node-04,1,75.14,350.13,68.1,0,0,0,0,0,0,11.71,0,train-job-001
t0026,gpu-node-04,2,75.14,333.29,75.9,0,0,0,0,0,0,10.27,0,train-job-001
t0026,gpu-node-04,3,77.31,348.55,63.7,0,0,0,0,0,0,16.21,0,train-job-001
t0026,gpu-node-05,0,78.52,319.26,52.26,0,0,0,0,0,0,12.97,0,train-job-001
t0026,gpu-node-05,1,74.77,325.19,57.74,0,0,0,0,0,0,11.87,0,train-job-001
t0026,gpu-node-05,2,71.93,306.46,72.58,0,0,0,0,0,0,10.53,0,train-job-001
t0026,gpu-node-05,3,74.36,306.75,70.7,0,0,0,0,0,0,9.56,0,train-job-001
t0026,gpu-node-06,0,74.7,327.58,79.17,0,0,0,0,0,0,7.82,0,train-job-001
t0026,gpu-node-06,1,72.42,340.58,69.78,0,0,0,0,0,0,13.58,0,train-job-001
t0026,gpu-node-06,2,71.58,324.09,65.0,0,0,0,0,0,0,12.04,0,train-job-001
t0026,gpu-node-06,3,74.46,328.84,79.59,0,0,0,0,0,0,13.5,0,train-job-001
t0026,gpu-node-07,0,78.32,327.63,76.19,0,0,0,0,0,0,13.26,0,train-job-001
t0026,gpu-node-07,1,74.45,344.96,69.84,0,0,0,0,0,0,15.83,0,train-job-001
t0026,gpu-node-07,2,76.28,327.56,62.29,0,0,0,0,0,0,14.19,0,train-job-001
t0026,gpu-node-07,3,73.61,357.76,63.52,0,0,0,0,0,0,13.84,0,train-job-001
t0026,gpu-node-08,0,76.89,355.7,70.93,0,0,0,0,0,0,13.13,0,train-job-001
t0026,gpu-node-08,1,76.1,353.69,75.36,0,0,0,0,0,0,10.16,0,train-job-001
t0026,gpu-node-08,2,73.69,351.49,60.63,0,0,0,0,0,0,15.26,0,train-job-001
t0026,gpu-node-08,3,79.2,340.81,73.69,0,0,0,0,0,0,9.93,0,train-job-001
t0026,gpu-node-09,0,70.44,318.41,61.07,0,0,0,0,0,0,8.78,0,train-job-001
t0026,gpu-node-09,1,70.45,309.02,63.87,0,0,0,0,0,0,9.87,0,train-job-001
t0026,gpu-node-09,2,78.44,379.76,82.73,0,0,0,0,0,0,16.78,0,train-job-001
t0026,gpu-node-09,3,74.65,321.94,66.0,0,0,0,0,0,0,11.34,0,train-job-001
t0026,gpu-node-10,0,74.33,342.5,84.5,0,0,0,0,0,0,8.86,0,train-job-001
t0026,gpu-node-10,1,75.91,337.52,68.77,0,0,0,0,0,0,11.34,0,train-job-001
t0026,gpu-node-10,2,73.61,338.6,60.27,0,0,0,0,0,0,9.71,0,train-job-001
t0026,gpu-node-10,3,68.32,329.38,67.46,0,0,0,0,0,0,12.63,0,train-job-001
t0026,gpu-node-11,0,73.46,340.37,82.54,0,0,0,0,0,0,9.48,0,train-job-001
t0026,gpu-node-11,1,77.87,340.18,76.01,0,0,0,0,0,0,13.25,0,train-job-001
t0026,gpu-node-11,2,77.33,334.69,77.1,0,0,0,0,0,0,5.48,0,train-job-001
t0026,gpu-node-11,3,72.74,368.59,77.92,0,0,0,0,0,0,9.15,0,train-job-001
t0027,gpu-node-00,0,75.16,300.17,51.25,0,0,0,0,0,0,13.79,0,train-job-001
t0027,gpu-node-00,1,77.91,385.3,85.41,0,0,0,0,0,0,9.77,0,train-job-001
t0027,gpu-node-00,2,72.65,317.52,74.38,0,0,0,0,0,0,13.33,0,train-job-001
t0027,gpu-node-00,3,77.09,320.68,66.28,0,0,0,0,0,0,8.87,0,train-job-001
t0027,gpu-node-01,0,73.48,333.23,70.88,0,0,0,0,0,0,12.42,0,train-job-001
t0027,gpu-node-01,1,73.4,282.21,60.55,0,0,0,0,0,0,12.5,0,train-job-001
t0027,gpu-node-01,2,72.54,332.31,68.02,0,0,0,0,0,0,12.23,0,train-job-001
t0027,gpu-node-01,3,75.07,339.71,77.81,0,0,0,0,0,0,12.34,0,train-job-001
t0027,gpu-node-02,0,72.79,329.74,71.22,0,0,0,0,0,0,11.6,0,train-job-001
t0027,gpu-node-02,1,77.27,379.91,83.88,0,0,0,0,0,0,15.31,0,train-job-001
t0027,gpu-node-02,2,76.68,338.47,64.75,0,0,0,0,0,0,11.3,0,train-job-001
t0027,gpu-node-02,3,73.75,304.16,74.2,0,0,0,0,0,0,10.11,0,train-job-001
t0027,gpu-node-03,0,72.18,335.21,80.57,0,0,0,0,0,0,13.21,0,train-job-001
t0027,gpu-node-03,1,73.08,331.13,72.68,0,0,0,0,0,0,12.65,0,train-job-001
t0027,gpu-node-03,2,76.05,359.15,74.72,0,0,0,0,0,0,9.57,0,train-job-001
t0027,gpu-node-03,3,71.33,292.24,63.97,0,0,0,0,0,0,13.02,0,train-job-001
t0027,gpu-node-04,0,72.81,325.16,73.21,0,0,0,0,0,0,11.1,0,train-job-001
t0027,gpu-node-04,1,76.46,346.62,66.65,0,0,0,0,0,0,12.44,0,train-job-001
t0027,gpu-node-04,2,75.46,314.12,72.58,0,0,0,0,0,0,14.86,0,train-job-001
t0027,gpu-node-04,3,71.88,287.79,59.49,0,0,0,0,0,0,10.29,0,train-job-001
t0027,gpu-node-05,0,75.41,342.35,77.41,0,0,0,0,0,0,12.34,0,train-job-001
t0027,gpu-node-05,1,74.41,305.17,73.91,0,0,0,0,0,0,12.69,0,train-job-001
t0027,gpu-node-05,2,76.71,350.68,65.76,0,0,0,0,0,0,11.57,0,train-job-001
t0027,gpu-node-05,3,79.11,352.14,74.16,0,0,0,0,0,0,12.8,0,train-job-001
t0027,gpu-node-06,0,75.0,355.18,76.7,0,0,0,0,0,0,14.74,0,train-job-001
t0027,gpu-node-06,1,74.57,315.59,69.17,0,0,0,0,0,0,12.24,0,train-job-001
t0027,gpu-node-06,2,74.99,342.35,79.15,0,0,0,0,0,0,10.54,0,train-job-001
t0027,gpu-node-06,3,76.28,346.09,62.85,0,0,0,0,0,0,15.35,0,train-job-001
t0027,gpu-node-07,0,76.56,373.85,74.57,0,0,0,0,0,0,11.91,0,train-job-001
t0027,gpu-node-07,1,75.65,301.03,62.71,0,0,0,0,0,0,14.47,0,train-job-001
t0027,gpu-node-07,2,76.18,308.5,66.42,0,0,0,0,0,0,13.32,0,train-job-001
t0027,gpu-node-07,3,80.63,352.6,73.54,0,0,0,0,0,0,11.6,0,train-job-001
t0027,gpu-node-08,0,72.18,358.44,66.34,0,0,0,0,0,0,14.07,0,train-job-001
t0027,gpu-node-08,1,71.76,334.65,67.83,0,0,0,0,0,0,9.23,0,train-job-001
t0027,gpu-node-08,2,81.58,365.59,69.81,0,0,0,0,0,0,14.38,0,train-job-001
t0027,gpu-node-08,3,76.1,321.09,73.49,0,0,0,0,0,0,13.09,0,train-job-001
t0027,gpu-node-09,0,78.31,331.75,62.78,0,0,0,0,0,0,12.08,0,train-job-001
t0027,gpu-node-09,1,77.41,365.87,78.83,0,0,0,0,0,0,11.98,0,train-job-001
t0027,gpu-node-09,2,79.04,327.9,72.97,0,0,0,0,0,0,12.41,0,train-job-001
t0027,gpu-node-09,3,75.66,356.03,80.54,0,0,0,0,0,0,10.44,0,train-job-001
t0027,gpu-node-10,0,79.36,335.21,71.19,0,0,0,0,0,0,10.98,0,train-job-001
t0027,gpu-node-10,1,75.44,363.18,74.72,0,0,0,0,0,0,11.29,0,train-job-001
t0027,gpu-node-10,2,74.26,320.09,56.42,0,0,0,0,0,0,12.59,0,train-job-001
t0027,gpu-node-10,3,78.35,364.2,76.02,0,0,0,0,0,0,11.29,0,train-job-001
t0027,gpu-node-11,0,77.91,385.08,93.31,0,0,0,0,0,0,9.53,0,train-job-001
t0027,gpu-node-11,1,75.07,339.11,94.1,0,0,0,0,0,0,11.76,0,train-job-001
t0027,gpu-node-11,2,73.18,328.3,76.26,0,0,0,0,0,0,9.3,0,train-job-001
t0027,gpu-node-11,3,72.56,316.47,69.46,0,0,0,0,0,0,8.57,0,train-job-001
t0028,gpu-node-00,0,81.86,334.4,72.76,0,0,0,0,0,0,12.12,0,train-job-001
t0028,gpu-node-00,1,72.74,318.5,44.86,0,0,0,0,0,0,10.19,0,train-job-001
t0028,gpu-node-00,2,76.85,372.44,72.96,0,0,0,0,0,0,12.17,0,train-job-001
t0028,gpu-node-00,3,72.9,303.74,66.16,0,0,0,0,0,0,13.16,0,train-job-001
t0028,gpu-node-01,0,73.8,337.05,82.85,0,0,0,0,0,0,12.17,0,train-job-001
t0028,gpu-node-01,1,73.73,358.4,88.78,0,0,0,0,0,0,10.13,0,train-job-001
t0028,gpu-node-01,2,79.44,348.43,69.96,0,0,0,0,0,0,11.57,0,train-job-001
t0028,gpu-node-01,3,76.85,345.97,83.94,0,0,0,0,0,0,13.18,0,train-job-001
t0028,gpu-node-02,0,79.78,353.96,68.15,0,0,0,0,0,0,12.03,0,train-job-001
t0028,gpu-node-02,1,75.6,333.4,65.56,0,0,0,0,0,0,10.24,0,train-job-001
t0028,gpu-node-02,2,76.84,336.63,75.54,0,0,0,0,0,0,10.62,0,train-job-001
t0028,gpu-node-02,3,73.59,379.38,77.87,0,0,0,0,0,0,8.14,0,train-job-001
t0028,gpu-node-03,0,77.5,352.07,74.84,0,0,0,0,0,0,15.77,0,train-job-001
t0028,gpu-node-03,1,72.74,326.5,64.86,0,0,0,0,0,0,12.6,0,train-job-001
t0028,gpu-node-03,2,75.22,347.87,71.85,0,0,0,0,0,0,13.03,0,train-job-001
t0028,gpu-node-03,3,76.02,303.29,57.04,0,0,0,0,0,0,11.45,0,train-job-001
t0028,gpu-node-04,0,75.75,349.06,82.17,0,0,0,0,0,0,12.65,0,train-job-001
t0028,gpu-node-04,1,75.02,301.17,73.82,0,0,0,0,0,0,8.52,0,train-job-001
t0028,gpu-node-04,2,69.59,338.22,79.4,0,0,0,0,0,0,13.15,0,train-job-001
t0028,gpu-node-04,3,76.57,335.53,72.59,0,0,0,0,0,0,7.78,0,train-job-001
t0028,gpu-node-05,0,79.03,326.77,70.14,0,0,0,0,0,0,9.24,0,train-job-001
t0028,gpu-node-05,1,75.11,340.97,69.93,0,0,0,0,0,0,15.28,0,train-job-001
t0028,gpu-node-05,2,75.83,321.82,69.89,0,0,0,0,0,0,11.04,0,train-job-001
t0028,gpu-node-05,3,72.49,334.92,63.95,0,0,0,0,0,0,11.25,0,train-job-001
t0028,gpu-node-06,0,71.74,272.91,65.88,0,0,0,0,0,0,10.11,0,train-job-001
t0028,gpu-node-06,1,75.05,335.2,86.52,0,0,0,0,0,0,13.13,0,train-job-001
t0028,gpu-node-06,2,77.41,344.92,60.57,0,0,0,0,0,0,12.0,0,train-job-001
t0028,gpu-node-06,3,75.61,328.26,68.91,0,0,0,0,0,0,10.92,0,train-job-001
t0028,gpu-node-07,0,79.27,332.98,70.64,0,0,0,0,0,0,15.7,0,train-job-001
t0028,gpu-node-07,1,72.23,329.73,72.72,0,0,0,0,0,0,11.95,0,train-job-001
t0028,gpu-node-07,2,73.21,353.99,88.16,0,0,0,0,0,0,10.7,0,train-job-001
t0028,gpu-node-07,3,77.01,338.67,74.3,0,0,0,0,0,0,13.31,0,train-job-001
t0028,gpu-node-08,0,74.54,330.58,77.46,0,0,0,0,0,0,14.12,0,train-job-001
t0028,gpu-node-08,1,76.07,339.65,73.02,0,0,0,0,0,0,15.92,0,train-job-001
t0028,gpu-node-08,2,77.16,350.34,77.77,0,0,0,0,0,0,12.6,0,train-job-001
t0028,gpu-node-08,3,77.49,351.0,77.27,0,0,0,0,0,0,10.99,0,train-job-001
t0028,gpu-node-09,0,75.0,328.22,66.94,0,0,0,0,0,0,12.06,0,train-job-001
t0028,gpu-node-09,1,70.86,285.58,54.76,0,0,0,0,0,0,11.24,0,train-job-001
t0028,gpu-node-09,2,75.98,349.64,69.81,0,0,0,0,0,0,11.81,0,train-job-001
t0028,gpu-node-09,3,77.54,327.46,68.97,0,0,0,0,0,0,11.65,0,train-job-001
t0028,gpu-node-10,0,69.67,300.84,64.64,0,0,0,0,0,0,9.08,0,train-job-001
t0028,gpu-node-10,1,75.09,340.19,82.18,0,0,0,0,0,0,11.23,0,train-job-001
t0028,gpu-node-10,2,70.92,297.56,59.53,0,0,0,0,0,0,8.36,0,train-job-001
t0028,gpu-node-10,3,74.88,310.77,68.88,0,0,0,0,0,0,11.97,0,train-job-001
t0028,gpu-node-11,0,75.8,332.75,65.45,0,0,0,0,0,0,8.67,0,train-job-001
t0028,gpu-node-11,1,77.71,351.33,69.39,0,0,0,0,0,0,13.4,0,train-job-001
t0028,gpu-node-11,2,77.16,349.57,72.02,0,0,0,0,0,0,11.2,0,train-job-001
t0028,gpu-node-11,3,76.0,344.63,80.16,0,0,0,0,0,0,8.71,0,train-job-001
t0029,gpu-node-00,0,77.8,335.69,68.13,0,0,0,0,0,0,9.26,0,train-job-001
t0029,gpu-node-00,1,77.32,312.47,68.79,0,0,0,0,0,0,12.64,0,train-job-001
t0029,gpu-node-00,2,74.38,321.87,78.45,0,0,0,0,0,0,12.44,0,train-job-001
t0029,gpu-node-00,3,72.97,337.93,59.35,0,0,0,0,0,0,11.98,0,train-job-001
t0029,gpu-node-01,0,74.2,314.54,71.92,0,0,0,0,0,0,8.9,0,train-job-001
t0029,gpu-node-01,1,74.57,363.36,77.05,0,0,0,0,0,0,14.77,0,train-job-001
t0029,gpu-node-01,2,76.95,331.06,75.01,0,0,0,0,0,0,11.85,0,train-job-001
t0029,gpu-node-01,3,76.02,330.96,75.17,0,0,0,0,0,0,9.29,0,train-job-001
t0029,gpu-node-02,0,79.51,359.6,67.01,0,0,0,0,0,0,10.91,0,train-job-001
t0029,gpu-node-02,1,74.87,327.65,74.33,0,0,0,0,0,0,11.75,0,train-job-001
t0029,gpu-node-02,2,72.67,319.13,66.56,0,0,0,0,0,0,10.2,0,train-job-001
t0029,gpu-node-02,3,72.99,319.38,60.34,0,0,0,0,0,0,12.52,0,train-job-001
t0029,gpu-node-03,0,78.17,352.06,71.07,0,0,0,0,0,0,14.43,0,train-job-001
t0029,gpu-node-03,1,78.13,349.55,72.66,0,0,0,0,0,0,11.02,0,train-job-001
t0029,gpu-node-03,2,73.64,299.45,67.03,0,0,0,0,0,0,8.84,0,train-job-001
t0029,gpu-node-03,3,71.19,311.68,64.99,0,0,0,0,0,0,12.59,0,train-job-001
t0029,gpu-node-04,0,77.84,320.27,61.9,0,0,0,0,0,0,11.04,0,train-job-001
t0029,gpu-node-04,1,76.1,366.9,84.45,0,0,0,0,0,0,14.94,0,train-job-001
t0029,gpu-node-04,2,76.56,355.85,70.34,0,0,0,0,0,0,11.0,0,train-job-001
t0029,gpu-node-04,3,77.49,355.84,77.93,0,0,0,0,0,0,12.91,0,train-job-001
t0029,gpu-node-05,0,78.61,328.95,64.68,0,0,0,0,0,0,13.95,0,train-job-001
t0029,gpu-node-05,1,72.62,315.61,59.73,0,0,0,0,0,0,8.38,0,train-job-001
t0029,gpu-node-05,2,72.43,315.29,63.01,0,0,0,0,0,0,9.91,0,train-job-001
t0029,gpu-node-05,3,75.81,341.93,79.25,0,0,0,0,0,0,11.92,0,train-job-001
t0029,gpu-node-06,0,74.47,335.71,68.62,0,0,0,0,0,0,14.52,0,train-job-001
t0029,gpu-node-06,1,73.36,322.41,76.0,0,0,0,0,0,0,11.68,0,train-job-001
t0029,gpu-node-06,2,76.17,328.0,65.36,0,0,0,0,0,0,13.16,0,train-job-001
t0029,gpu-node-06,3,71.53,306.65,75.8,0,0,0,0,0,0,13.38,0,train-job-001
t0029,gpu-node-07,0,75.19,355.23,87.04,0,0,0,0,0,0,12.05,0,train-job-001
t0029,gpu-node-07,1,72.24,309.53,82.64,0,0,0,0,0,0,12.78,0,train-job-001
t0029,gpu-node-07,2,71.58,316.01,63.01,0,0,0,0,0,0,11.49,0,train-job-001
t0029,gpu-node-07,3,71.44,310.33,64.43,0,0,0,0,0,0,12.98,0,train-job-001
t0029,gpu-node-08,0,76.57,320.19,62.19,0,0,0,0,0,0,11.66,0,train-job-001
t0029,gpu-node-08,1,71.77,339.59,71.97,0,0,0,0,0,0,12.84,0,train-job-001
t0029,gpu-node-08,2,80.19,350.35,76.77,0,0,0,0,0,0,7.64,0,train-job-001
t0029,gpu-node-08,3,75.28,346.99,85.01,0,0,0,0,0,0,17.53,0,train-job-001
t0029,gpu-node-09,0,76.87,376.07,75.32,0,0,0,0,0,0,10.47,0,train-job-001
t0029,gpu-node-09,1,78.09,298.1,65.94,0,0,0,0,0,0,11.82,0,train-job-001
t0029,gpu-node-09,2,77.91,329.21,68.96,0,0,0,0,0,0,9.47,0,train-job-001
t0029,gpu-node-09,3,77.3,366.72,78.54,0,0,0,0,0,0,8.93,0,train-job-001
t0029,gpu-node-10,0,71.41,334.01,68.83,0,0,0,0,0,0,12.3,0,train-job-001
t0029,gpu-node-10,1,75.91,332.27,69.8,0,0,0,0,0,0,11.6,0,train-job-001
t0029,gpu-node-10,2,76.43,311.57,74.29,0,0,0,0,0,0,15.28,0,train-job-001
t0029,gpu-node-10,3,78.92,340.57,74.07,0,0,0,0,0,0,11.62,0,train-job-001
t0029,gpu-node-11,0,76.1,330.9,72.26,0,0,0,0,0,0,12.33,0,train-job-001
t0029,gpu-node-11,1,76.27,347.94,67.82,0,0,0,0,0,0,16.75,0,train-job-001
t0029,gpu-node-11,2,71.45,279.5,45.01,0,0,0,0,0,0,10.06,0,train-job-001
t0029,gpu-node-11,3,80.03,365.33,72.77,0,0,0,0,0,0,11.22,0,train-job-001
t0030,gpu-node-00,0,73.97,334.2,81.1,0,0,0,0,0,0,9.63,0,train-job-001
t0030,gpu-node-00,1,79.01,354.87,69.37,0,0,0,0,0,0,10.07,0,train-job-001
t0030,gpu-node-00,2,74.16,322.38,68.39,0,0,0,0,0,0,10.43,0,train-job-001
t0030,gpu-node-00,3,76.39,337.6,62.43,0,0,0,0,0,0,12.88,0,train-job-001
t0030,gpu-node-01,0,75.6,342.76,71.99,0,0,0,0,0,0,14.37,0,train-job-001
t0030,gpu-node-01,1,73.91,310.69,57.39,0,0,0,0,0,0,9.05,0,train-job-001
t0030,gpu-node-01,2,76.3,295.13,66.2,0,0,0,0,0,0,12.21,0,train-job-001
t0030,gpu-node-01,3,77.23,365.65,77.35,0,0,0,0,0,0,11.82,0,train-job-001
t0030,gpu-node-02,0,77.3,342.81,72.28,0,0,0,0,0,0,10.63,0,train-job-001
t0030,gpu-node-02,1,73.91,338.01,70.44,0,0,0,0,0,0,10.71,0,train-job-001
t0030,gpu-node-02,2,72.93,351.0,75.07,0,0,0,0,0,0,13.87,0,train-job-001
t0030,gpu-node-02,3,76.6,310.0,74.62,0,0,0,0,0,0,10.62,0,train-job-001
t0030,gpu-node-03,0,73.15,345.95,72.61,0,0,0,0,0,0,10.55,0,train-job-001
t0030,gpu-node-03,1,75.65,339.84,89.51,0,0,0,0,0,0,10.01,0,train-job-001
t0030,gpu-node-03,2,77.61,337.34,68.58,0,0,0,0,0,0,10.7,0,train-job-001
t0030,gpu-node-03,3,81.04,345.35,78.2,0,0,0,0,0,0,8.13,0,train-job-001
t0030,gpu-node-04,0,74.21,376.21,78.56,0,0,0,0,0,0,9.08,0,train-job-001
t0030,gpu-node-04,1,77.19,335.58,65.02,0,0,0,0,0,0,12.96,0,train-job-001
t0030,gpu-node-04,2,73.94,330.41,70.5,0,0,0,0,0,0,9.44,0,train-job-001
t0030,gpu-node-04,3,73.97,293.24,64.93,0,0,0,0,0,0,14.14,0,train-job-001
t0030,gpu-node-05,0,71.21,354.38,62.76,0,0,0,0,0,0,13.67,0,train-job-001
t0030,gpu-node-05,1,79.05,317.21,66.74,0,0,0,0,0,0,9.51,0,train-job-001
t0030,gpu-node-05,2,78.69,347.18,75.85,0,0,0,0,0,0,12.98,0,train-job-001
t0030,gpu-node-05,3,74.24,309.29,72.65,0,0,0,0,0,0,15.77,0,train-job-001
t0030,gpu-node-06,0,76.43,321.12,67.39,0,0,0,0,0,0,11.13,0,train-job-001
t0030,gpu-node-06,1,74.45,337.96,74.19,0,0,0,0,0,0,11.58,0,train-job-001
t0030,gpu-node-06,2,73.84,337.52,63.48,0,0,0,0,0,0,13.16,0,train-job-001
t0030,gpu-node-06,3,69.82,319.64,64.21,0,0,0,0,0,0,12.8,0,train-job-001
t0030,gpu-node-07,0,72.44,336.92,65.61,0,0,0,0,0,0,9.52,0,train-job-001
t0030,gpu-node-07,1,78.71,352.48,81.72,0,0,0,0,0,0,11.4,0,train-job-001
t0030,gpu-node-07,2,75.37,324.16,60.35,0,0,0,0,0,0,14.42,0,train-job-001
t0030,gpu-node-07,3,79.26,301.68,57.01,0,0,0,0,0,0,12.49,0,train-job-001
t0030,gpu-node-08,0,73.42,309.04,68.67,0,0,0,0,0,0,9.54,0,train-job-001
t0030,gpu-node-08,1,72.57,314.49,67.28,0,0,0,0,0,0,13.71,0,train-job-001
t0030,gpu-node-08,2,81.18,362.2,79.11,0,0,0,0,0,0,12.99,0,train-job-001
t0030,gpu-node-08,3,74.1,328.94,62.93,0,0,0,0,0,0,12.39,0,train-job-001
t0030,gpu-node-09,0,73.35,339.72,81.14,0,0,0,0,0,0,11.57,0,train-job-001
t0030,gpu-node-09,1,73.37,343.67,76.71,0,0,0,0,0,0,11.04,0,train-job-001
t0030,gpu-node-09,2,68.6,298.09,66.26,0,0,0,0,0,0,7.79,0,train-job-001
t0030,gpu-node-09,3,70.39,332.98,82.09,0,0,0,0,0,0,14.13,0,train-job-001
t0030,gpu-node-10,0,75.95,322.41,70.25,0,0,0,0,0,0,11.97,0,train-job-001
t0030,gpu-node-10,1,74.85,316.23,69.2,0,0,0,0,0,0,12.02,0,train-job-001
t0030,gpu-node-10,2,75.46,342.16,66.29,0,0,0,0,0,0,9.49,0,train-job-001
t0030,gpu-node-10,3,76.67,341.94,74.42,0,0,0,0,0,0,7.24,0,train-job-001
t0030,gpu-node-11,0,82.36,353.52,79.06,0,0,0,0,0,0,13.23,0,train-job-001
t0030,gpu-node-11,1,75.25,327.29,60.99,0,0,0,0,0,0,15.26,0,train-job-001
t0030,gpu-node-11,2,75.01,360.45,76.91,0,0,0,0,0,0,13.27,0,train-job-001
t0030,gpu-node-11,3,75.01,305.96,63.27,0,0,0,0,0,0,8.85,0,train-job-001
t0031,gpu-node-00,0,75.84,322.23,64.34,0,0,0,0,0,0,13.12,0,train-job-001
t0031,gpu-node-00,1,75.02,327.74,68.87,0,0,0,0,0,0,8.06,0,train-job-001
t0031,gpu-node-00,2,77.87,321.22,62.71,0,0,0,0,0,0,13.87,0,train-job-001
t0031,gpu-node-00,3,72.45,318.65,66.25,0,0,0,0,0,0,11.41,0,train-job-001
t0031,gpu-node-01,0,77.81,362.7,85.14,0,0,0,0,0,0,11.3,0,train-job-001
t0031,gpu-node-01,1,76.61,305.73,66.17,0,0,0,0,0,0,12.94,0,train-job-001
t0031,gpu-node-01,2,75.98,371.95,83.52,0,0,0,0,0,0,10.6,0,train-job-001
t0031,gpu-node-01,3,80.57,348.93,66.93,0,0,0,0,0,0,16.86,0,train-job-001
t0031,gpu-node-02,0,79.04,345.6,79.56,0,0,0,0,0,0,12.94,0,train-job-001
t0031,gpu-node-02,1,77.48,341.09,76.51,0,0,0,0,0,0,11.6,0,train-job-001
t0031,gpu-node-02,2,74.79,324.15,57.11,0,0,0,0,0,0,12.94,0,train-job-001
t0031,gpu-node-02,3,75.07,346.7,60.2,0,0,0,0,0,0,8.24,0,train-job-001
t0031,gpu-node-03,0,77.51,326.43,73.26,0,0,0,0,0,0,14.69,0,train-job-001
t0031,gpu-node-03,1,76.93,340.36,77.55,0,0,0,0,0,0,15.66,0,train-job-001
t0031,gpu-node-03,2,71.52,311.57,72.72,0,0,0,0,0,0,11.09,0,train-job-001
t0031,gpu-node-03,3,76.37,301.92,78.13,0,0,0,0,0,0,9.99,0,train-job-001
t0031,gpu-node-04,0,80.67,398.03,79.93,0,0,0,0,0,0,14.74,0,train-job-001
t0031,gpu-node-04,1,71.44,353.73,79.68,0,0,0,0,0,0,11.64,0,train-job-001
t0031,gpu-node-04,2,70.09,319.97,65.97,0,0,0,0,0,0,12.53,0,train-job-001
t0031,gpu-node-04,3,74.12,323.77,71.44,0,0,0,0,0,0,12.63,0,train-job-001
t0031,gpu-node-05,0,75.52,316.93,64.65,0,0,0,0,0,0,15.45,0,train-job-001
t0031,gpu-node-05,1,76.42,329.89,72.53,0,0,0,0,0,0,11.42,0,train-job-001
t0031,gpu-node-05,2,72.98,298.86,68.64,0,0,0,0,0,0,11.88,0,train-job-001
t0031,gpu-node-05,3,71.71,315.26,60.21,0,0,0,0,0,0,13.83,0,train-job-001
t0031,gpu-node-06,0,77.73,335.05,61.94,0,0,0,0,0,0,13.99,0,train-job-001
t0031,gpu-node-06,1,73.82,313.77,72.21,0,0,0,0,0,0,9.08,0,train-job-001
t0031,gpu-node-06,2,78.05,361.63,85.43,0,0,0,0,0,0,9.77,0,train-job-001
t0031,gpu-node-06,3,75.51,329.15,78.95,0,0,0,0,0,0,11.98,0,train-job-001
t0031,gpu-node-07,0,78.99,356.35,77.77,0,0,0,0,0,0,13.52,0,train-job-001
t0031,gpu-node-07,1,79.58,406.93,89.71,0,0,0,0,0,0,12.34,0,train-job-001
t0031,gpu-node-07,2,74.6,335.96,63.15,0,0,0,0,0,0,9.51,0,train-job-001
t0031,gpu-node-07,3,74.55,332.93,74.57,0,0,0,0,0,0,12.4,0,train-job-001
t0031,gpu-node-08,0,74.84,310.68,67.46,0,0,0,0,0,0,13.01,0,train-job-001
t0031,gpu-node-08,1,74.54,331.92,86.64,0,0,0,0,0,0,14.49,0,train-job-001
t0031,gpu-node-08,2,73.29,350.36,62.03,0,0,0,0,0,0,14.03,0,train-job-001
t0031,gpu-node-08,3,75.61,345.38,76.72,0,0,0,0,0,0,8.86,0,train-job-001
t0031,gpu-node-09,0,71.57,349.39,73.48,0,0,0,0,0,0,10.05,0,train-job-001
t0031,gpu-node-09,1,77.21,315.28,68.72,0,0,0,0,0,0,11.3,0,train-job-001
t0031,gpu-node-09,2,77.38,347.76,74.82,0,0,0,0,0,0,12.55,0,train-job-001
t0031,gpu-node-09,3,74.98,320.95,71.7,0,0,0,0,0,0,13.44,0,train-job-001
t0031,gpu-node-10,0,75.9,324.02,63.58,0,0,0,0,0,0,10.52,0,train-job-001
t0031,gpu-node-10,1,73.26,338.51,76.45,0,0,0,0,0,0,16.43,0,train-job-001
t0031,gpu-node-10,2,76.5,314.08,66.62,0,0,0,0,0,0,11.63,0,train-job-001
t0031,gpu-node-10,3,74.53,326.48,78.21,0,0,0,0,0,0,13.59,0,train-job-001
t0031,gpu-node-11,0,72.46,347.67,74.08,0,0,0,0,0,0,14.73,0,train-job-001
t0031,gpu-node-11,1,73.75,336.83,62.21,0,0,0,0,0,0,10.3,0,train-job-001
t0031,gpu-node-11,2,76.61,321.04,71.98,0,0,0,0,0,0,10.89,0,train-job-001
t0031,gpu-node-11,3,74.88,364.26,72.14,0,0,0,0,0,0,10.99,0,train-job-001
t0032,gpu-node-00,0,78.91,355.95,78.66,0,0,0,0,0,0,6.87,0,train-job-001
t0032,gpu-node-00,1,74.13,379.65,74.19,0,0,0,0,0,0,12.82,0,train-job-001
t0032,gpu-node-00,2,74.16,366.72,78.02,0,0,0,0,0,0,12.43,0,train-job-001
t0032,gpu-node-00,3,70.12,315.22,72.23,0,0,0,0,0,0,11.62,0,train-job-001
t0032,gpu-node-01,0,77.5,352.79,77.07,0,0,0,0,0,0,12.18,0,train-job-001
t0032,gpu-node-01,1,70.84,327.77,66.66,0,0,0,0,0,0,15.91,0,train-job-001
t0032,gpu-node-01,2,76.26,372.36,81.34,0,0,0,0,0,0,12.66,0,train-job-001
t0032,gpu-node-01,3,73.96,338.88,82.46,0,0,0,0,0,0,10.39,0,train-job-001
t0032,gpu-node-02,0,76.67,346.59,68.54,0,0,0,0,0,0,12.53,0,train-job-001
t0032,gpu-node-02,1,76.26,365.53,79.48,0,0,0,0,0,0,9.05,0,train-job-001
t0032,gpu-node-02,2,77.92,341.03,66.33,0,0,0,0,0,0,9.74,0,train-job-001
t0032,gpu-node-02,3,74.96,344.25,75.08,0,0,0,0,0,0,10.77,0,train-job-001
t0032,gpu-node-03,0,81.08,336.65,69.5,0,0,0,0,0,0,14.34,0,train-job-001
t0032,gpu-node-03,1,74.47,334.71,63.85,0,0,0,0,0,0,12.46,0,train-job-001
t0032,gpu-node-03,2,74.49,339.17,77.8,0,0,0,0,0,0,8.55,0,train-job-001
t0032,gpu-node-03,3,73.84,336.21,72.58,0,0,0,0,0,0,15.87,0,train-job-001
t0032,gpu-node-04,0,72.5,330.17,75.72,0,0,0,0,0,0,9.89,0,train-job-001
t0032,gpu-node-04,1,77.7,360.05,80.21,0,0,0,0,0,0,14.78,0,train-job-001
t0032,gpu-node-04,2,75.62,330.06,89.09,0,0,0,0,0,0,7.56,0,train-job-001
t0032,gpu-node-04,3,79.7,348.96,67.92,0,0,0,0,0,0,12.61,0,train-job-001
t0032,gpu-node-05,0,78.54,331.48,70.22,0,0,0,0,0,0,15.77,0,train-job-001
t0032,gpu-node-05,1,75.45,331.52,62.93,0,0,0,0,0,0,10.85,0,train-job-001
t0032,gpu-node-05,2,75.43,363.08,84.02,0,0,0,0,0,0,13.35,0,train-job-001
t0032,gpu-node-05,3,76.2,338.25,65.53,0,0,0,0,0,0,12.35,0,train-job-001
t0032,gpu-node-06,0,76.09,358.41,61.81,0,0,0,0,0,0,11.3,0,train-job-001
t0032,gpu-node-06,1,73.12,335.45,72.99,0,0,0,0,0,0,12.66,0,train-job-001
t0032,gpu-node-06,2,80.16,312.37,67.91,0,0,0,0,0,0,12.26,0,train-job-001
t0032,gpu-node-06,3,76.33,359.98,83.44,0,0,0,0,0,0,13.14,0,train-job-001
t0032,gpu-node-07,0,71.68,326.59,63.95,0,0,0,0,0,0,10.91,0,train-job-001
t0032,gpu-node-07,1,73.57,359.86,81.9,0,0,0,0,0,0,9.63,0,train-job-001
t0032,gpu-node-07,2,77.59,324.65,74.61,0,0,0,0,0,0,10.56,0,train-job-001
t0032,gpu-node-07,3,77.85,307.91,68.83,0,0,0,0,0,0,16.44,0,train-job-001
t0032,gpu-node-08,0,77.95,311.8,67.19,0,0,0,0,0,0,14.26,0,train-job-001
t0032,gpu-node-08,1,76.26,349.2,76.25,0,0,0,0,0,0,12.06,0,train-job-001
t0032,gpu-node-08,2,78.52,365.76,77.37,0,0,0,0,0,0,15.22,0,train-job-001
t0032,gpu-node-08,3,73.2,366.41,72.88,0,0,0,0,0,0,10.02,0,train-job-001
t0032,gpu-node-09,0,74.56,392.98,85.08,0,0,0,0,0,0,8.69,0,train-job-001
t0032,gpu-node-09,1,74.44,346.31,72.82,0,0,0,0,0,0,11.2,0,train-job-001
t0032,gpu-node-09,2,76.91,314.84,68.64,0,0,0,0,0,0,13.94,0,train-job-001
t0032,gpu-node-09,3,74.69,315.91,70.65,0,0,0,0,0,0,8.63,0,train-job-001
t0032,gpu-node-10,0,74.25,315.8,70.22,0,0,0,0,0,0,12.33,0,train-job-001
t0032,gpu-node-10,1,80.31,358.35,84.44,0,0,0,0,0,0,8.93,0,train-job-001
t0032,gpu-node-10,2,75.27,351.03,87.74,0,0,0,0,0,0,9.96,0,train-job-001
t0032,gpu-node-10,3,77.44,342.5,76.35,0,0,0,0,0,0,9.05,0,train-job-001
t0032,gpu-node-11,0,69.08,301.9,57.57,0,0,0,0,0,0,13.63,0,train-job-001
t0032,gpu-node-11,1,72.77,324.85,82.97,0,0,0,0,0,0,9.92,0,train-job-001
t0032,gpu-node-11,2,72.85,309.8,67.73,0,0,0,0,0,0,8.94,0,train-job-001
t0032,gpu-node-11,3,74.06,306.44,77.25,0,0,0,0,0,0,11.09,0,train-job-001
t0033,gpu-node-00,0,74.33,320.49,72.5,0,0,0,0,0,0,10.83,0,train-job-001
t0033,gpu-node-00,1,75.79,333.82,64.11,0,0,0,0,0,0,10.18,0,train-job-001
t0033,gpu-node-00,2,76.56,354.29,72.91,0,0,0,0,0,0,9.31,0,train-job-001
t0033,gpu-node-00,3,75.66,340.65,66.47,0,0,0,0,0,0,12.5,0,train-job-001
t0033,gpu-node-01,0,81.05,365.88,72.07,0,0,0,0,0,0,12.4,0,train-job-001
t0033,gpu-node-01,1,72.88,331.39,68.04,0,0,0,0,0,0,12.73,0,train-job-001
t0033,gpu-node-01,2,71.61,302.03,65.75,0,0,0,0,0,0,12.82,0,train-job-001
t0033,gpu-node-01,3,72.94,328.06,70.52,0,0,0,0,0,0,11.94,0,train-job-001
t0033,gpu-node-02,0,75.67,347.85,60.63,0,0,0,0,0,0,13.8,0,train-job-001
t0033,gpu-node-02,1,73.52,320.5,66.74,0,0,0,0,0,0,10.27,0,train-job-001
t0033,gpu-node-02,2,76.96,342.59,72.52,0,0,0,0,0,0,13.88,0,train-job-001
t0033,gpu-node-02,3,71.77,323.82,72.15,0,0,0,0,0,0,11.28,0,train-job-001
t0033,gpu-node-03,0,74.14,357.62,86.21,0,0,0,0,0,0,9.24,0,train-job-001
t0033,gpu-node-03,1,71.79,344.24,72.4,0,0,0,0,0,0,13.67,0,train-job-001
t0033,gpu-node-03,2,77.78,296.07,61.29,0,0,0,0,0,0,10.44,0,train-job-001
t0033,gpu-node-03,3,72.74,306.04,72.46,0,0,0,0,0,0,11.92,0,train-job-001
t0033,gpu-node-04,0,78.86,343.41,63.73,0,0,0,0,0,0,10.69,0,train-job-001
t0033,gpu-node-04,1,76.89,312.91,71.39,0,0,0,0,0,0,10.78,0,train-job-001
t0033,gpu-node-04,2,76.69,337.32,66.62,0,0,0,0,0,0,11.23,0,train-job-001
t0033,gpu-node-04,3,73.68,352.65,87.55,0,0,0,0,0,0,11.02,0,train-job-001
t0033,gpu-node-05,0,74.59,334.69,76.48,0,0,0,0,0,0,14.68,0,train-job-001
t0033,gpu-node-05,1,81.16,370.59,70.57,0,0,0,0,0,0,10.44,0,train-job-001
t0033,gpu-node-05,2,76.83,313.86,68.67,0,0,0,0,0,0,11.53,0,train-job-001
t0033,gpu-node-05,3,75.16,325.88,78.62,0,0,0,0,0,0,13.72,0,train-job-001
t0033,gpu-node-06,0,78.22,350.96,60.57,0,0,0,0,0,0,13.2,0,train-job-001
t0033,gpu-node-06,1,75.46,319.48,63.7,0,0,0,0,0,0,8.66,0,train-job-001
t0033,gpu-node-06,2,75.55,309.44,64.77,0,0,0,0,0,0,11.85,0,train-job-001
t0033,gpu-node-06,3,72.49,338.1,74.54,0,0,0,0,0,0,8.23,0,train-job-001
t0033,gpu-node-07,0,74.51,326.33,57.47,0,0,0,0,0,0,13.05,0,train-job-001
t0033,gpu-node-07,1,79.01,349.13,76.52,0,0,0,0,0,0,11.9,0,train-job-001
t0033,gpu-node-07,2,75.13,338.61,85.99,0,0,0,0,0,0,10.44,0,train-job-001
t0033,gpu-node-07,3,74.08,348.8,79.07,0,0,0,0,0,0,7.5,0,train-job-001
t0033,gpu-node-08,0,76.33,325.45,74.21,0,0,0,0,0,0,9.16,0,train-job-001
t0033,gpu-node-08,1,71.9,342.89,69.98,0,0,0,0,0,0,14.1,0,train-job-001
t0033,gpu-node-08,2,77.42,316.25,74.35,0,0,0,0,0,0,13.49,0,train-job-001
t0033,gpu-node-08,3,80.75,368.38,84.95,0,0,0,0,0,0,11.85,0,train-job-001
t0033,gpu-node-09,0,79.29,363.49,75.47,0,0,0,0,0,0,11.44,0,train-job-001
t0033,gpu-node-09,1,75.28,330.16,69.64,0,0,0,0,0,0,12.31,0,train-job-001
t0033,gpu-node-09,2,72.63,323.79,72.47,0,0,0,0,0,0,13.37,0,train-job-001
t0033,gpu-node-09,3,77.12,349.55,72.09,0,0,0,0,0,0,12.91,0,train-job-001
t0033,gpu-node-10,0,72.99,315.31,68.5,0,0,0,0,0,0,14.23,0,train-job-001
t0033,gpu-node-10,1,73.79,320.72,63.89,0,0,0,0,0,0,14.94,0,train-job-001
t0033,gpu-node-10,2,75.46,319.91,74.92,0,0,0,0,0,0,13.07,0,train-job-001
t0033,gpu-node-10,3,71.58,308.03,81.61,0,0,0,0,0,0,14.28,0,train-job-001
t0033,gpu-node-11,0,73.14,328.64,72.04,0,0,0,0,0,0,10.54,0,train-job-001
t0033,gpu-node-11,1,77.48,348.24,81.3,0,0,0,0,0,0,10.76,0,train-job-001
t0033,gpu-node-11,2,76.99,324.54,57.99,0,0,0,0,0,0,15.6,0,train-job-001
t0033,gpu-node-11,3,74.08,326.27,84.24,0,0,0,0,0,0,12.45,0,train-job-001
t0034,gpu-node-00,0,77.4,331.26,73.79,0,0,0,0,0,0,13.46,0,train-job-001
t0034,gpu-node-00,1,76.65,335.54,77.98,0,0,0,0,0,0,9.78,0,train-job-001
t0034,gpu-node-00,2,75.88,342.69,74.18,0,0,0,0,0,0,13.04,0,train-job-001
t0034,gpu-node-00,3,75.86,323.27,68.81,0,0,0,0,0,0,13.86,0,train-job-001
t0034,gpu-node-01,0,76.3,319.14,75.87,0,0,0,0,0,0,11.92,0,train-job-001
t0034,gpu-node-01,1,77.22,320.65,66.49,0,0,0,0,0,0,11.57,0,train-job-001
t0034,gpu-node-01,2,73.51,337.29,71.84,0,0,0,0,0,0,11.22,0,train-job-001
t0034,gpu-node-01,3,77.66,290.61,73.27,0,0,0,0,0,0,14.51,0,train-job-001
t0034,gpu-node-02,0,76.62,336.62,78.39,0,0,0,0,0,0,12.6,0,train-job-001
t0034,gpu-node-02,1,79.25,311.03,65.33,0,0,0,0,0,0,13.08,0,train-job-001
t0034,gpu-node-02,2,71.66,294.13,61.62,0,0,0,0,0,0,12.75,0,train-job-001
t0034,gpu-node-02,3,77.1,355.12,90.73,0,0,0,0,0,0,9.86,0,train-job-001
t0034,gpu-node-03,0,76.49,296.59,54.22,0,0,0,0,0,0,10.12,0,train-job-001
t0034,gpu-node-03,1,77.7,334.13,76.8,0,0,0,0,0,0,12.42,0,train-job-001
t0034,gpu-node-03,2,75.39,334.19,60.61,0,0,0,0,0,0,10.32,0,train-job-001
t0034,gpu-node-03,3,75.84,315.08,59.87,0,0,0,0,0,0,10.52,0,train-job-001
t0034,gpu-node-04,0,78.3,346.21,62.95,0,0,0,0,0,0,14.37,0,train-job-001
t0034,gpu-node-04,1,77.81,356.46,70.11,0,0,0,0,0,0,10.9,0,train-job-001
t0034,gpu-node-04,2,72.73,310.83,73.33,0,0,0,0,0,0,10.89,0,train-job-001
t0034,gpu-node-04,3,73.6,357.62,77.12,0,0,0,0,0,0,11.01,0,train-job-001
t0034,gpu-node-05,0,75.13,312.11,70.62,0,0,0,0,0,0,13.81,0,train-job-001
t0034,gpu-node-05,1,75.97,339.03,70.45,0,0,0,0,0,0,9.17,0,train-job-001
t0034,gpu-node-05,2,76.4,325.12,81.3,0,0,0,0,0,0,11.71,0,train-job-001
t0034,gpu-node-05,3,77.33,353.6,63.23,0,0,0,0,0,0,13.61,0,train-job-001
t0034,gpu-node-06,0,73.38,327.44,85.21,0,0,0,0,0,0,12.47,0,train-job-001
t0034,gpu-node-06,1,71.89,349.99,65.73,0,0,0,0,0,0,13.19,0,train-job-001
t0034,gpu-node-06,2,72.61,321.28,77.37,0,0,0,0,0,0,12.6,0,train-job-001
t0034,gpu-node-06,3,74.2,351.82,76.23,0,0,0,0,0,0,13.17,0,train-job-001
t0034,gpu-node-07,0,76.87,355.72,75.45,0,0,0,0,0,0,9.4,0,train-job-001
t0034,gpu-node-07,1,71.42,323.01,59.81,0,0,0,0,0,0,12.93,0,train-job-001
t0034,gpu-node-07,2,73.39,361.64,74.06,0,0,0,0,0,0,15.84,0,train-job-001
t0034,gpu-node-07,3,76.33,327.76,70.98,0,0,0,0,0,0,6.38,0,train-job-001
t0034,gpu-node-08,0,75.38,366.62,79.87,0,0,0,0,0,0,13.71,0,train-job-001
t0034,gpu-node-08,1,75.83,347.07,64.48,0,0,0,0,0,0,12.85,0,train-job-001
t0034,gpu-node-08,2,74.71,292.58,58.83,0,0,0,0,0,0,11.04,0,train-job-001
t0034,gpu-node-08,3,73.76,358.34,72.77,0,0,0,0,0,0,9.07,0,train-job-001
t0034,gpu-node-09,0,75.68,342.84,74.88,0,0,0,0,0,0,8.51,0,train-job-001
t0034,gpu-node-09,1,77.4,320.61,73.49,0,0,0,0,0,0,10.24,0,train-job-001
t0034,gpu-node-09,2,74.79,324.01,68.94,0,0,0,0,0,0,9.94,0,train-job-001
t0034,gpu-node-09,3,75.43,345.68,69.6,0,0,0,0,0,0,11.91,0,train-job-001
t0034,gpu-node-10,0,74.44,367.61,85.46,0,0,0,0,0,0,14.18,0,train-job-001
t0034,gpu-node-10,1,73.79,322.85,72.47,0,0,0,0,0,0,13.45,0,train-job-001
t0034,gpu-node-10,2,78.46,368.75,75.1,0,0,0,0,0,0,12.58,0,train-job-001
t0034,gpu-node-10,3,72.0,286.95,71.28,0,0,0,0,0,0,11.99,0,train-job-001
t0034,gpu-node-11,0,77.68,344.97,67.15,0,0,0,0,0,0,13.43,0,train-job-001
t0034,gpu-node-11,1,74.43,309.44,75.25,0,0,0,0,0,0,10.2,0,train-job-001
t0034,gpu-node-11,2,77.62,301.45,73.39,0,0,0,0,0,0,11.06,0,train-job-001
t0034,gpu-node-11,3,74.97,325.0,68.74,0,0,0,0,0,0,11.14,0,train-job-001
t0035,gpu-node-00,0,73.67,314.93,73.27,0,0,0,0,0,0,12.17,0,train-job-001
t0035,gpu-node-00,1,73.98,284.89,68.1,0,0,0,0,0,0,9.96,0,train-job-001
t0035,gpu-node-00,2,76.01,326.85,65.16,0,0,0,0,0,0,14.32,0,train-job-001
t0035,gpu-node-00,3,76.09,337.0,83.13,0,0,0,0,0,0,9.11,0,train-job-001
t0035,gpu-node-01,0,78.27,333.03,77.94,0,0,0,0,0,0,11.63,0,train-job-001
t0035,gpu-node-01,1,76.25,355.18,62.26,0,0,0,0,0,0,12.01,0,train-job-001
t0035,gpu-node-01,2,71.76,340.0,79.8,0,0,0,0,0,0,8.91,0,train-job-001
t0035,gpu-node-01,3,76.92,364.8,82.19,0,0,0,0,0,0,12.96,0,train-job-001
t0035,gpu-node-02,0,78.76,340.02,75.02,0,0,0,0,0,0,10.39,0,train-job-001
t0035,gpu-node-02,1,81.16,375.02,83.92,0,0,0,0,0,0,15.23,0,train-job-001
t0035,gpu-node-02,2,74.45,327.39,72.78,0,0,0,0,0,0,11.0,0,train-job-001
t0035,gpu-node-02,3,74.12,333.52,72.67,0,0,0,0,0,0,13.59,0,train-job-001
t0035,gpu-node-03,0,72.1,368.06,85.22,0,0,0,0,0,0,13.65,0,train-job-001
t0035,gpu-node-03,1,80.89,363.39,79.96,0,0,0,0,0,0,10.01,0,train-job-001
t0035,gpu-node-03,2,80.53,324.24,64.67,0,0,0,0,0,0,13.3,0,train-job-001
t0035,gpu-node-03,3,77.08,323.75,72.22,0,0,0,0,0,0,10.71,0,train-job-001
t0035,gpu-node-04,0,76.65,337.83,69.57,0,0,0,0,0,0,11.9,0,train-job-001
t0035,gpu-node-04,1,74.8,307.5,73.32,0,0,0,0,0,0,12.99,0,train-job-001
t0035,gpu-node-04,2,76.93,347.64,64.71,0,0,0,0,0,0,12.09,0,train-job-001
t0035,gpu-node-04,3,76.58,343.7,72.61,0,0,0,0,0,0,8.76,0,train-job-001
t0035,gpu-node-05,0,74.7,303.51,69.7,0,0,0,0,0,0,10.62,0,train-job-001
t0035,gpu-node-05,1,79.22,308.1,67.32,0,0,0,0,0,0,10.54,0,train-job-001
t0035,gpu-node-05,2,78.09,362.55,86.63,0,0,0,0,0,0,13.26,0,train-job-001
t0035,gpu-node-05,3,76.03,322.79,62.78,0,0,0,0,0,0,12.35,0,train-job-001
t0035,gpu-node-06,0,73.23,344.37,64.18,0,0,0,0,0,0,11.24,0,train-job-001
t0035,gpu-node-06,1,77.06,364.86,85.08,0,0,0,0,0,0,11.07,0,train-job-001
t0035,gpu-node-06,2,74.82,320.76,77.11,0,0,0,0,0,0,12.5,0,train-job-001
t0035,gpu-node-06,3,76.32,334.53,85.2,0,0,0,0,0,0,11.47,0,train-job-001
t0035,gpu-node-07,0,75.39,295.99,51.87,0,0,0,0,0,0,15.15,0,train-job-001
t0035,gpu-node-07,1,74.64,332.95,63.36,0,0,0,0,0,0,12.38,0,train-job-001
t0035,gpu-node-07,2,77.45,353.33,78.37,0,0,0,0,0,0,11.69,0,train-job-001
t0035,gpu-node-07,3,74.67,346.76,70.3,0,0,0,0,0,0,13.22,0,train-job-001
t0035,gpu-node-08,0,77.57,391.97,76.43,0,0,0,0,0,0,12.07,0,train-job-001
t0035,gpu-node-08,1,70.79,316.27,58.45,0,0,0,0,0,0,10.31,0,train-job-001
t0035,gpu-node-08,2,72.69,361.02,76.45,0,0,0,0,0,0,14.82,0,train-job-001
t0035,gpu-node-08,3,77.68,368.05,74.85,0,0,0,0,0,0,16.69,0,train-job-001
t0035,gpu-node-09,0,75.1,302.84,72.87,0,0,0,0,0,0,11.88,0,train-job-001
t0035,gpu-node-09,1,78.84,347.79,76.75,0,0,0,0,0,0,12.55,0,train-job-001
t0035,gpu-node-09,2,72.72,313.29,57.38,0,0,0,0,0,0,13.95,0,train-job-001
t0035,gpu-node-09,3,74.69,324.46,68.05,0,0,0,0,0,0,14.18,0,train-job-001
t0035,gpu-node-10,0,75.1,369.66,80.99,0,0,0,0,0,0,11.28,0,train-job-001
t0035,gpu-node-10,1,74.7,297.98,51.77,0,0,0,0,0,0,10.07,0,train-job-001
t0035,gpu-node-10,2,76.09,333.72,67.85,0,0,0,0,0,0,11.81,0,train-job-001
t0035,gpu-node-10,3,77.67,335.38,75.54,0,0,0,0,0,0,9.91,0,train-job-001
t0035,gpu-node-11,0,72.63,329.98,76.38,0,0,0,0,0,0,14.31,0,train-job-001
t0035,gpu-node-11,1,73.38,326.46,59.86,0,0,0,0,0,0,8.39,0,train-job-001
t0035,gpu-node-11,2,77.14,346.59,70.97,0,0,0,0,0,0,8.29,0,train-job-001
t0035,gpu-node-11,3,78.23,333.66,61.12,0,0,0,0,0,0,10.99,0,train-job-001
t0036,gpu-node-00,0,79.01,325.83,78.18,0,0,0,0,0,0,8.87,0,train-job-001
t0036,gpu-node-00,1,71.7,309.31,76.38,0,0,0,0,0,0,11.04,0,train-job-001
t0036,gpu-node-00,2,69.99,295.31,52.01,0,0,0,0,0,0,10.77,0,train-job-001
t0036,gpu-node-00,3,78.3,366.88,71.6,0,0,0,0,0,0,14.82,0,train-job-001
t0036,gpu-node-01,0,75.06,304.01,58.81,0,0,0,0,0,0,10.83,0,train-job-001
t0036,gpu-node-01,1,75.52,352.85,60.11,0,0,0,0,0,0,12.43,0,train-job-001
t0036,gpu-node-01,2,76.31,310.18,71.46,0,0,0,0,0,0,15.02,0,train-job-001
t0036,gpu-node-01,3,75.8,359.84,74.66,0,0,0,0,0,0,15.39,0,train-job-001
t0036,gpu-node-02,0,76.18,351.29,70.87,0,0,0,0,0,0,15.38,0,train-job-001
t0036,gpu-node-02,1,70.25,321.96,79.59,0,0,0,0,0,0,14.35,0,train-job-001
t0036,gpu-node-02,2,75.71,322.06,70.56,0,0,0,0,0,0,12.5,0,train-job-001
t0036,gpu-node-02,3,76.58,317.13,69.89,0,0,0,0,0,0,10.58,0,train-job-001
t0036,gpu-node-03,0,74.41,334.65,72.63,0,0,0,0,0,0,12.73,0,train-job-001
t0036,gpu-node-03,1,72.6,333.94,75.33,0,0,0,0,0,0,10.1,0,train-job-001
t0036,gpu-node-03,2,77.46,323.3,88.78,0,0,0,0,0,0,15.33,0,train-job-001
t0036,gpu-node-03,3,72.65,336.29,80.34,0,0,0,0,0,0,12.02,0,train-job-001
t0036,gpu-node-04,0,73.37,312.28,58.72,0,0,0,0,0,0,13.75,0,train-job-001
t0036,gpu-node-04,1,78.43,325.2,70.29,0,0,0,0,0,0,7.66,0,train-job-001
t0036,gpu-node-04,2,71.29,321.02,61.9,0,0,0,0,0,0,12.88,0,train-job-001
t0036,gpu-node-04,3,72.43,313.96,74.86,0,0,0,0,0,0,12.21,0,train-job-001
t0036,gpu-node-05,0,77.56,342.89,66.62,0,0,0,0,0,0,12.27,0,train-job-001
t0036,gpu-node-05,1,73.29,343.11,76.99,0,0,0,0,0,0,8.12,0,train-job-001
t0036,gpu-node-05,2,74.26,330.81,67.97,0,0,0,0,0,0,14.9,0,train-job-001
t0036,gpu-node-05,3,81.11,337.35,71.28,0,0,0,0,0,0,11.7,0,train-job-001
t0036,gpu-node-06,0,78.85,355.55,68.24,0,0,0,0,0,0,13.61,0,train-job-001
t0036,gpu-node-06,1,72.53,337.27,55.83,0,0,0,0,0,0,14.97,0,train-job-001
t0036,gpu-node-06,2,76.24,339.23,75.39,0,0,0,0,0,0,8.48,0,train-job-001
t0036,gpu-node-06,3,75.16,357.44,62.38,0,0,0,0,0,0,16.19,0,train-job-001
t0036,gpu-node-07,0,76.38,287.65,64.33,0,0,0,0,0,0,15.19,0,train-job-001
t0036,gpu-node-07,1,72.45,327.07,70.91,0,0,0,0,0,0,12.0,0,train-job-001
t0036,gpu-node-07,2,75.48,370.63,81.87,0,0,0,0,0,0,12.53,0,train-job-001
t0036,gpu-node-07,3,78.9,331.82,70.85,0,0,0,0,0,0,11.61,0,train-job-001
t0036,gpu-node-08,0,79.24,341.1,89.13,0,0,0,0,0,0,11.5,0,train-job-001
t0036,gpu-node-08,1,73.96,299.75,70.82,0,0,0,0,0,0,13.36,0,train-job-001
t0036,gpu-node-08,2,78.19,325.5,77.96,0,0,0,0,0,0,11.55,0,train-job-001
t0036,gpu-node-08,3,80.78,328.08,65.88,0,0,0,0,0,0,10.95,0,train-job-001
t0036,gpu-node-09,0,75.81,304.53,54.56,0,0,0,0,0,0,10.51,0,train-job-001
t0036,gpu-node-09,1,76.89,351.87,81.77,0,0,0,0,0,0,10.53,0,train-job-001
t0036,gpu-node-09,2,72.88,316.55,71.07,0,0,0,0,0,0,14.42,0,train-job-001
t0036,gpu-node-09,3,75.31,386.12,72.41,0,0,0,0,0,0,12.38,0,train-job-001
t0036,gpu-node-10,0,75.95,349.24,73.11,0,0,0,0,0,0,13.45,0,train-job-001
t0036,gpu-node-10,1,76.74,316.64,66.48,0,0,0,0,0,0,11.62,0,train-job-001
t0036,gpu-node-10,2,75.79,327.08,79.93,0,0,0,0,0,0,14.62,0,train-job-001
t0036,gpu-node-10,3,73.72,314.87,68.66,0,0,0,0,0,0,11.24,0,train-job-001
t0036,gpu-node-11,0,73.01,339.2,72.07,0,0,0,0,0,0,12.38,0,train-job-001
t0036,gpu-node-11,1,74.4,346.32,75.99,0,0,0,0,0,0,10.17,0,train-job-001
t0036,gpu-node-11,2,78.4,342.4,65.32,0,0,0,0,0,0,10.06,0,train-job-001
t0036,gpu-node-11,3,78.1,353.79,82.21,0,0,0,0,0,0,14.03,0,train-job-001
t0037,gpu-node-00,0,74.19,360.72,68.06,0,0,0,0,0,0,13.69,0,train-job-001
t0037,gpu-node-00,1,76.67,345.31,71.08,0,0,0,0,0,0,12.21,0,train-job-001
t0037,gpu-node-00,2,77.99,357.64,81.33,0,0,0,0,0,0,12.13,0,train-job-001
t0037,gpu-node-00,3,73.74,314.29,65.77,0,0,0,0,0,0,12.24,0,train-job-001
t0037,gpu-node-01,0,74.25,345.58,78.91,0,0,0,0,0,0,14.17,0,train-job-001
t0037,gpu-node-01,1,73.99,336.03,74.97,0,0,0,0,0,0,11.71,0,train-job-001
t0037,gpu-node-01,2,81.85,351.46,60.47,0,0,0,0,0,0,14.2,0,train-job-001
t0037,gpu-node-01,3,77.21,369.4,82.86,0,0,0,0,0,0,10.38,0,train-job-001
t0037,gpu-node-02,0,75.74,345.59,65.2,0,0,0,0,0,0,10.91,0,train-job-001
t0037,gpu-node-02,1,73.96,349.29,73.39,0,0,0,0,0,0,9.8,0,train-job-001
t0037,gpu-node-02,2,76.69,309.01,82.56,0,0,0,0,0,0,13.35,0,train-job-001
t0037,gpu-node-02,3,75.59,336.78,73.41,0,0,0,0,0,0,13.57,0,train-job-001
t0037,gpu-node-03,0,74.04,347.73,76.06,0,0,0,0,0,0,9.95,0,train-job-001
t0037,gpu-node-03,1,82.64,369.7,75.92,0,0,0,0,0,0,9.78,0,train-job-001
t0037,gpu-node-03,2,74.88,327.4,82.0,0,0,0,0,0,0,11.45,0,train-job-001
t0037,gpu-node-03,3,75.15,335.78,65.56,0,0,0,0,0,0,11.11,0,train-job-001
t0037,gpu-node-04,0,77.01,317.39,79.76,0,0,0,0,0,0,10.84,0,train-job-001
t0037,gpu-node-04,1,70.96,325.55,67.03,0,0,0,0,0,0,14.92,0,train-job-001
t0037,gpu-node-04,2,75.66,311.19,72.56,0,0,0,0,0,0,9.56,0,train-job-001
t0037,gpu-node-04,3,82.18,320.22,70.91,0,0,0,0,0,0,10.51,0,train-job-001
t0037,gpu-node-05,0,75.7,338.27,69.89,0,0,0,0,0,0,11.31,0,train-job-001
t0037,gpu-node-05,1,69.79,292.44,67.53,0,0,0,0,0,0,7.45,0,train-job-001
t0037,gpu-node-05,2,74.69,359.71,77.18,0,0,0,0,0,0,12.65,0,train-job-001
t0037,gpu-node-05,3,72.42,319.02,62.69,0,0,0,0,0,0,11.25,0,train-job-001
t0037,gpu-node-06,0,76.58,329.81,57.26,0,0,0,0,0,0,15.0,0,train-job-001
t0037,gpu-node-06,1,70.71,299.12,73.35,0,0,0,0,0,0,16.13,0,train-job-001
t0037,gpu-node-06,2,79.73,318.75,76.57,0,0,0,0,0,0,11.14,0,train-job-001
t0037,gpu-node-06,3,71.43,303.08,65.82,0,0,0,0,0,0,11.22,0,train-job-001
t0037,gpu-node-07,0,75.84,326.53,73.64,0,0,0,0,0,0,15.39,0,train-job-001
t0037,gpu-node-07,1,71.92,315.95,64.41,0,0,0,0,0,0,14.5,0,train-job-001
t0037,gpu-node-07,2,76.84,352.93,85.66,0,0,0,0,0,0,10.53,0,train-job-001
t0037,gpu-node-07,3,76.18,316.78,74.03,0,0,0,0,0,0,15.18,0,train-job-001
t0037,gpu-node-08,0,76.92,334.76,85.1,0,0,0,0,0,0,13.9,0,train-job-001
t0037,gpu-node-08,1,74.19,337.99,69.93,0,0,0,0,0,0,14.15,0,train-job-001
t0037,gpu-node-08,2,81.07,350.2,77.39,0,0,0,0,0,0,11.0,0,train-job-001
t0037,gpu-node-08,3,76.91,314.37,71.47,0,0,0,0,0,0,15.79,0,train-job-001
t0037,gpu-node-09,0,79.31,338.69,76.09,0,0,0,0,0,0,11.87,0,train-job-001
t0037,gpu-node-09,1,74.88,324.32,73.49,0,0,0,0,0,0,7.7,0,train-job-001
t0037,gpu-node-09,2,79.17,370.88,94.39,0,0,0,0,0,0,13.44,0,train-job-001
t0037,gpu-node-09,3,73.82,330.89,71.23,0,0,0,0,0,0,14.34,0,train-job-001
t0037,gpu-node-10,0,76.92,343.88,65.26,0,0,0,0,0,0,13.09,0,train-job-001
t0037,gpu-node-10,1,72.15,328.75,82.49,0,0,0,0,0,0,14.65,0,train-job-001
t0037,gpu-node-10,2,76.37,351.12,71.5,0,0,0,0,0,0,11.61,0,train-job-001
t0037,gpu-node-10,3,72.99,338.97,69.53,0,0,0,0,0,0,13.54,0,train-job-001
t0037,gpu-node-11,0,77.75,347.87,79.65,0,0,0,0,0,0,11.53,0,train-job-001
t0037,gpu-node-11,1,73.78,312.06,60.99,0,0,0,0,0,0,12.48,0,train-job-001
t0037,gpu-node-11,2,76.06,348.81,72.79,0,0,0,0,0,0,11.82,0,train-job-001
t0037,gpu-node-11,3,72.82,291.51,72.49,0,0,0,0,0,0,11.23,0,train-job-001
t0038,gpu-node-00,0,76.96,334.5,61.72,0,0,0,0,0,0,13.0,0,train-job-001
t0038,gpu-node-00,1,72.25,359.4,68.29,0,0,0,0,0,0,14.52,0,train-job-001
t0038,gpu-node-00,2,77.73,343.75,74.99,0,0,0,0,0,0,11.57,0,train-job-001
t0038,gpu-node-00,3,74.65,305.59,56.85,0,0,0,0,0,0,10.96,0,train-job-001
t0038,gpu-node-01,0,75.26,331.72,69.32,0,0,0,0,0,0,13.62,0,train-job-001
t0038,gpu-node-01,1,78.55,337.72,54.91,0,0,0,0,0,0,9.28,0,train-job-001
t0038,gpu-node-01,2,76.89,365.0,88.33,0,0,0,0,0,0,11.19,0,train-job-001
t0038,gpu-node-01,3,72.57,334.43,65.04,0,0,0,0,0,0,11.26,0,train-job-001
t0038,gpu-node-02,0,79.75,336.17,69.86,0,0,0,0,0,0,11.53,0,train-job-001
t0038,gpu-node-02,1,77.24,343.35,75.17,0,0,0,0,0,0,13.37,0,train-job-001
t0038,gpu-node-02,2,80.31,296.46,48.34,0,0,0,0,0,0,11.65,0,train-job-001
t0038,gpu-node-02,3,75.1,328.55,58.32,0,0,0,0,0,0,11.47,0,train-job-001
t0038,gpu-node-03,0,76.52,325.88,63.0,0,0,0,0,0,0,14.89,0,train-job-001
t0038,gpu-node-03,1,68.64,322.89,80.7,0,0,0,0,0,0,13.24,0,train-job-001
t0038,gpu-node-03,2,76.14,345.86,58.21,0,0,0,0,0,0,11.28,0,train-job-001
t0038,gpu-node-03,3,72.34,330.39,65.45,0,0,0,0,0,0,11.09,0,train-job-001
t0038,gpu-node-04,0,76.35,354.4,58.44,0,0,0,0,0,0,13.62,0,train-job-001
t0038,gpu-node-04,1,76.53,347.07,68.09,0,0,0,0,0,0,17.9,0,train-job-001
t0038,gpu-node-04,2,70.01,334.88,69.05,0,0,0,0,0,0,10.68,0,train-job-001
t0038,gpu-node-04,3,74.65,322.67,54.49,0,0,0,0,0,0,11.4,0,train-job-001
t0038,gpu-node-05,0,74.85,340.19,72.39,0,0,0,0,0,0,11.72,0,train-job-001
t0038,gpu-node-05,1,71.86,308.38,68.9,0,0,0,0,0,0,10.01,0,train-job-001
t0038,gpu-node-05,2,76.9,337.09,75.0,0,0,0,0,0,0,13.11,0,train-job-001
t0038,gpu-node-05,3,80.66,368.62,74.8,0,0,0,0,0,0,10.61,0,train-job-001
t0038,gpu-node-06,0,80.11,345.63,80.25,0,0,0,0,0,0,12.01,0,train-job-001
t0038,gpu-node-06,1,75.9,348.67,79.72,0,0,0,0,0,0,12.76,0,train-job-001
t0038,gpu-node-06,2,74.07,310.04,73.56,0,0,0,0,0,0,11.23,0,train-job-001
t0038,gpu-node-06,3,76.6,327.74,67.87,0,0,0,0,0,0,13.15,0,train-job-001
t0038,gpu-node-07,0,75.6,364.62,79.74,0,0,0,0,0,0,11.77,0,train-job-001
t0038,gpu-node-07,1,73.94,335.87,82.23,0,0,0,0,0,0,11.03,0,train-job-001
t0038,gpu-node-07,2,81.92,366.44,74.92,0,0,0,0,0,0,15.32,0,train-job-001
t0038,gpu-node-07,3,72.73,330.07,71.79,0,0,0,0,0,0,8.12,0,train-job-001
t0038,gpu-node-08,0,77.6,366.14,69.67,0,0,0,0,0,0,10.99,0,train-job-001
t0038,gpu-node-08,1,73.0,308.01,75.87,0,0,0,0,0,0,12.04,0,train-job-001
t0038,gpu-node-08,2,76.8,329.77,65.06,0,0,0,0,0,0,11.52,0,train-job-001
t0038,gpu-node-08,3,76.34,333.28,66.42,0,0,0,0,0,0,14.93,0,train-job-001
t0038,gpu-node-09,0,74.32,361.92,77.79,0,0,0,0,0,0,11.47,0,train-job-001
t0038,gpu-node-09,1,75.92,319.4,64.27,0,0,0,0,0,0,13.14,0,train-job-001
t0038,gpu-node-09,2,74.16,321.17,71.86,0,0,0,0,0,0,12.48,0,train-job-001
t0038,gpu-node-09,3,76.03,305.77,63.2,0,0,0,0,0,0,13.17,0,train-job-001
t0038,gpu-node-10,0,73.82,325.21,61.26,0,0,0,0,0,0,10.71,0,train-job-001
t0038,gpu-node-10,1,73.0,306.01,72.98,0,0,0,0,0,0,14.85,0,train-job-001
t0038,gpu-node-10,2,74.28,324.78,72.09,0,0,0,0,0,0,9.83,0,train-job-001
t0038,gpu-node-10,3,76.75,344.7,89.62,0,0,0,0,0,0,13.02,0,train-job-001
t0038,gpu-node-11,0,76.67,314.99,73.94,0,0,0,0,0,0,14.19,0,train-job-001
t0038,gpu-node-11,1,71.33,341.96,85.15,0,0,0,0,0,0,10.77,0,train-job-001
t0038,gpu-node-11,2,78.22,352.52,72.86,0,0,0,0,0,0,12.03,0,train-job-001
t0038,gpu-node-11,3,78.22,342.27,63.6,0,0,0,0,0,0,14.8,0,train-job-001
t0039,gpu-node-00,0,68.22,319.62,53.95,0,0,0,0,0,0,10.84,0,train-job-001
t0039,gpu-node-00,1,78.29,341.5,65.64,0,0,0,0,0,0,9.93,0,train-job-001
t0039,gpu-node-00,2,77.06,379.08,84.5,0,0,0,0,0,0,10.65,0,train-job-001
t0039,gpu-node-00,3,76.64,306.5,71.1,0,0,0,0,0,0,7.05,0,train-job-001
t0039,gpu-node-01,0,74.1,315.42,67.25,0,0,0,0,0,0,10.52,0,train-job-001
t0039,gpu-node-01,1,77.15,362.79,65.73,0,0,0,0,0,0,14.17,0,train-job-001
t0039,gpu-node-01,2,75.7,373.36,77.87,0,0,0,0,0,0,9.75,0,train-job-001
t0039,gpu-node-01,3,72.94,354.69,67.38,0,0,0,0,0,0,9.08,0,train-job-001
t0039,gpu-node-02,0,80.13,341.6,76.26,0,0,0,0,0,0,13.88,0,train-job-001
t0039,gpu-node-02,1,74.41,337.16,73.01,0,0,0,0,0,0,14.58,0,train-job-001
t0039,gpu-node-02,2,76.86,316.32,66.98,0,0,0,0,0,0,13.65,0,train-job-001
t0039,gpu-node-02,3,75.1,356.3,62.69,0,0,0,0,0,0,15.19,0,train-job-001
t0039,gpu-node-03,0,77.83,345.32,72.34,0,0,0,0,0,0,12.31,0,train-job-001
t0039,gpu-node-03,1,77.41,325.6,75.05,0,0,0,0,0,0,11.98,0,train-job-001
t0039,gpu-node-03,2,71.32,325.88,66.57,0,0,0,0,0,0,9.71,0,train-job-001
t0039,gpu-node-03,3,77.9,300.43,64.97,0,0,0,0,0,0,10.1,0,train-job-001
t0039,gpu-node-04,0,78.06,388.63,85.23,0,0,0,0,0,0,14.67,0,train-job-001
t0039,gpu-node-04,1,71.38,344.08,63.62,0,0,0,0,0,0,9.44,0,train-job-001
t0039,gpu-node-04,2,77.27,307.7,80.61,0,0,0,0,0,0,10.21,0,train-job-001
t0039,gpu-node-04,3,74.96,339.85,69.01,0,0,0,0,0,0,9.99,0,train-job-001
t0039,gpu-node-05,0,76.39,296.07,67.79,0,0,0,0,0,0,12.62,0,train-job-001
t0039,gpu-node-05,1,73.63,355.26,76.59,0,0,0,0,0,0,12.28,0,train-job-001
t0039,gpu-node-05,2,76.04,355.83,68.12,0,0,0,0,0,0,14.5,0,train-job-001
t0039,gpu-node-05,3,74.35,357.81,79.97,0,0,0,0,0,0,11.52,0,train-job-001
t0039,gpu-node-06,0,76.27,340.33,73.99,0,0,0,0,0,0,12.21,0,train-job-001
t0039,gpu-node-06,1,77.29,336.81,78.95,0,0,0,0,0,0,12.53,0,train-job-001
t0039,gpu-node-06,2,77.88,317.31,68.31,0,0,0,0,0,0,11.33,0,train-job-001
t0039,gpu-node-06,3,76.58,378.94,74.45,0,0,0,0,0,0,14.78,0,train-job-001
t0039,gpu-node-07,0,77.45,322.28,65.85,0,0,0,0,0,0,17.2,0,train-job-001
t0039,gpu-node-07,1,74.71,303.34,70.42,0,0,0,0,0,0,11.04,0,train-job-001
t0039,gpu-node-07,2,69.9,359.58,79.64,0,0,0,0,0,0,13.27,0,train-job-001
t0039,gpu-node-07,3,75.9,338.36,65.03,0,0,0,0,0,0,13.96,0,train-job-001
t0039,gpu-node-08,0,75.26,333.46,75.0,0,0,0,0,0,0,12.47,0,train-job-001
t0039,gpu-node-08,1,73.17,331.59,71.22,0,0,0,0,0,0,13.38,0,train-job-001
t0039,gpu-node-08,2,75.79,322.47,82.26,0,0,0,0,0,0,13.58,0,train-job-001
t0039,gpu-node-08,3,77.97,335.18,72.65,0,0,0,0,0,0,13.28,0,train-job-001
t0039,gpu-node-09,0,76.19,342.28,76.92,0,0,0,0,0,0,12.34,0,train-job-001
t0039,gpu-node-09,1,73.08,327.03,72.93,0,0,0,0,0,0,15.22,0,train-job-001
t0039,gpu-node-09,2,78.82,348.01,78.53,0,0,0,0,0,0,9.51,0,train-job-001
t0039,gpu-node-09,3,72.3,345.44,79.14,0,0,0,0,0,0,11.31,0,train-job-001
t0039,gpu-node-10,0,75.07,338.71,70.46,0,0,0,0,0,0,13.06,0,train-job-001
t0039,gpu-node-10,1,76.97,312.6,63.35,0,0,0,0,0,0,13.03,0,train-job-001
t0039,gpu-node-10,2,77.94,336.1,73.47,0,0,0,0,0,0,10.2,0,train-job-001
t0039,gpu-node-10,3,75.23,331.73,82.42,0,0,0,0,0,0,14.35,0,train-job-001
t0039,gpu-node-11,0,72.74,329.65,80.21,0,0,0,0,0,0,9.93,0,train-job-001
t0039,gpu-node-11,1,66.7,325.16,70.57,0,0,0,0,0,0,11.3,0,train-job-001
t0039,gpu-node-11,2,76.37,321.08,67.66,0,0,0,0,0,0,13.91,0,train-job-001
t0039,gpu-node-11,3,73.41,342.87,83.21,0,0,0,0,0,0,13.71,0,train-job-001
t0040,gpu-node-00,0,77.73,338.31,72.89,0,0,0,0,0,0,14.99,0,train-job-001
t0040,gpu-node-00,1,76.13,337.16,61.8,0,0,0,0,0,0,13.47,0,train-job-001
t0040,gpu-node-00,2,69.82,336.13,84.18,0,0,0,0,0,0,12.97,0,train-job-001
t0040,gpu-node-00,3,74.42,342.92,75.31,0,0,0,0,0,0,12.11,0,train-job-001
t0040,gpu-node-01,0,72.81,335.39,83.02,0,0,0,0,0,0,11.83,0,train-job-001
t0040,gpu-node-01,1,71.96,343.76,83.2,0,0,0,0,0,0,9.94,0,train-job-001
t0040,gpu-node-01,2,73.67,310.62,77.01,0,0,0,0,0,0,13.06,0,train-job-001
t0040,gpu-node-01,3,76.69,364.42,89.35,0,0,0,0,0,0,10.5,0,train-job-001
t0040,gpu-node-02,0,73.99,317.34,59.04,0,0,0,0,0,0,11.6,0,train-job-001
t0040,gpu-node-02,1,72.35,352.14,72.53,0,0,0,0,0,0,9.01,0,train-job-001
t0040,gpu-node-02,2,77.52,358.75,76.83,0,0,0,0,0,0,10.7,0,train-job-001
t0040,gpu-node-02,3,74.42,320.75,73.38,0,0,0,0,0,0,8.98,0,train-job-001
t0040,gpu-node-03,0,73.51,339.71,70.03,0,0,0,0,0,0,10.59,0,train-job-001
t0040,gpu-node-03,1,76.03,344.1,73.72,0,0,0,0,0,0,12.4,0,train-job-001
t0040,gpu-node-03,2,74.13,322.98,71.22,0,0,0,0,0,0,11.4,0,train-job-001
t0040,gpu-node-03,3,76.64,322.68,74.27,0,0,0,0,0,0,12.08,0,train-job-001
t0040,gpu-node-04,0,78.8,348.59,69.12,0,0,0,0,0,0,11.59,0,train-job-001
t0040,gpu-node-04,1,69.04,310.94,66.3,0,0,0,0,0,0,12.35,0,train-job-001
t0040,gpu-node-04,2,74.92,339.39,74.97,0,0,0,0,0,0,15.29,0,train-job-001
t0040,gpu-node-04,3,76.17,335.57,63.75,0,0,0,0,0,0,11.61,0,train-job-001
t0040,gpu-node-05,0,70.94,309.95,73.1,0,0,0,0,0,0,12.34,0,train-job-001
t0040,gpu-node-05,1,76.96,341.19,76.07,0,0,0,0,0,0,10.07,0,train-job-001
t0040,gpu-node-05,2,80.52,357.43,79.34,0,0,0,0,0,0,12.59,0,train-job-001
t0040,gpu-node-05,3,74.5,331.21,76.51,0,0,0,0,0,0,10.23,0,train-job-001
t0040,gpu-node-06,0,76.17,365.48,81.91,0,0,0,0,0,0,13.78,0,train-job-001
t0040,gpu-node-06,1,75.7,314.66,82.53,0,0,0,0,0,0,9.8,0,train-job-001
t0040,gpu-node-06,2,80.62,337.32,61.72,0,0,0,0,0,0,15.52,0,train-job-001
t0040,gpu-node-06,3,75.11,292.7,60.64,0,0,0,0,0,0,14.31,0,train-job-001
t0040,gpu-node-07,0,79.79,328.43,68.54,0,0,0,0,0,0,11.27,0,train-job-001
t0040,gpu-node-07,1,76.13,357.64,75.28,0,0,0,0,0,0,14.17,0,train-job-001
t0040,gpu-node-07,2,77.89,321.3,68.59,0,0,0,0,0,0,10.82,0,train-job-001
t0040,gpu-node-07,3,75.42,322.83,76.12,0,0,0,0,0,0,13.59,0,train-job-001
t0040,gpu-node-08,0,76.77,310.57,73.97,0,0,0,0,0,0,16.86,0,train-job-001
t0040,gpu-node-08,1,70.46,330.95,69.8,0,0,0,0,0,0,16.06,0,train-job-001
t0040,gpu-node-08,2,74.75,349.55,89.69,0,0,0,0,0,0,12.33,0,train-job-001
t0040,gpu-node-08,3,74.76,345.42,78.26,0,0,0,0,0,0,13.06,0,train-job-001
t0040,gpu-node-09,0,83.39,358.76,73.46,0,0,0,0,0,0,10.55,0,train-job-001
t0040,gpu-node-09,1,73.33,351.35,73.32,0,0,0,0,0,0,8.57,0,train-job-001
t0040,gpu-node-09,2,75.64,327.78,85.56,0,0,0,0,0,0,11.75,0,train-job-001
t0040,gpu-node-09,3,74.6,342.44,68.1,0,0,0,0,0,0,12.71,0,train-job-001
t0040,gpu-node-10,0,71.88,323.63,63.39,0,0,0,0,0,0,13.69,0,train-job-001
t0040,gpu-node-10,1,77.21,359.23,83.94,0,0,0,0,0,0,12.96,0,train-job-001
t0040,gpu-node-10,2,75.46,351.1,61.17,0,0,0,0,0,0,5.73,0,train-job-001
t0040,gpu-node-10,3,75.48,323.74,70.98,0,0,0,0,0,0,14.35,0,train-job-001
t0040,gpu-node-11,0,72.13,292.83,65.57,0,0,0,0,0,0,13.67,0,train-job-001
t0040,gpu-node-11,1,77.0,347.21,76.5,0,0,0,0,0,0,9.89,0,train-job-001
t0040,gpu-node-11,2,77.72,372.92,84.65,0,0,0,0,0,0,10.93,0,train-job-001
t0040,gpu-node-11,3,75.91,317.08,70.96,0,0,0,0,0,0,13.87,0,train-job-001
t0041,gpu-node-00,0,76.79,327.09,76.9,0,0,0,0,0,0,11.47,0,train-job-001
t0041,gpu-node-00,1,83.76,364.68,78.82,0,0,0,0,0,0,9.36,0,train-job-001
t0041,gpu-node-00,2,71.44,303.19,57.49,0,0,0,0,0,0,8.06,0,train-job-001
t0041,gpu-node-00,3,76.43,301.24,62.23,0,0,0,0,0,0,11.09,0,train-job-001
t0041,gpu-node-01,0,72.04,339.71,65.98,0,0,0,0,0,0,14.71,0,train-job-001
t0041,gpu-node-01,1,75.54,326.69,77.62,0,0,0,0,0,0,8.98,0,train-job-001
t0041,gpu-node-01,2,76.84,311.58,60.81,0,0,0,0,0,0,17.45,0,train-job-001
t0041,gpu-node-01,3,74.83,336.15,66.32,0,0,0,0,0,0,8.57,0,train-job-001
t0041,gpu-node-02,0,74.69,330.97,68.23,0,0,0,0,0,0,10.44,0,train-job-001
t0041,gpu-node-02,1,74.93,355.95,70.76,0,0,0,0,0,0,11.43,0,train-job-001
t0041,gpu-node-02,2,76.87,360.89,75.8,0,0,0,0,0,0,10.73,0,train-job-001
t0041,gpu-node-02,3,69.24,298.29,65.97,0,0,0,0,0,0,13.52,0,train-job-001
t0041,gpu-node-03,0,73.42,323.63,64.42,0,0,0,0,0,0,10.49,0,train-job-001
t0041,gpu-node-03,1,73.44,329.53,77.82,0,0,0,0,0,0,11.26,0,train-job-001
t0041,gpu-node-03,2,78.09,358.74,65.0,0,0,0,0,0,0,13.1,0,train-job-001
t0041,gpu-node-03,3,74.23,306.84,68.96,0,0,0,0,0,0,13.52,0,train-job-001
t0041,gpu-node-04,0,70.02,314.04,67.41,0,0,0,0,0,0,15.31,0,train-job-001
t0041,gpu-node-04,1,75.96,374.75,78.43,0,0,0,0,0,0,13.91,0,train-job-001
t0041,gpu-node-04,2,78.67,331.11,70.45,0,0,0,0,0,0,13.93,0,train-job-001
t0041,gpu-node-04,3,72.47,345.98,73.92,0,0,0,0,0,0,15.17,0,train-job-001
t0041,gpu-node-05,0,73.2,354.52,80.68,0,0,0,0,0,0,11.21,0,train-job-001
t0041,gpu-node-05,1,73.53,351.58,66.29,0,0,0,0,0,0,10.8,0,train-job-001
t0041,gpu-node-05,2,68.7,324.95,78.07,0,0,0,0,0,0,10.46,0,train-job-001
t0041,gpu-node-05,3,71.82,301.23,66.27,0,0,0,0,0,0,14.77,0,train-job-001
t0041,gpu-node-06,0,70.53,319.19,68.94,0,0,0,0,0,0,11.05,0,train-job-001
t0041,gpu-node-06,1,74.28,333.89,68.35,0,0,0,0,0,0,10.85,0,train-job-001
t0041,gpu-node-06,2,79.27,333.18,70.2,0,0,0,0,0,0,11.19,0,train-job-001
t0041,gpu-node-06,3,75.04,318.66,58.16,0,0,0,0,0,0,10.4,0,train-job-001
t0041,gpu-node-07,0,75.1,328.3,67.76,0,0,0,0,0,0,11.97,0,train-job-001
t0041,gpu-node-07,1,69.44,323.19,60.68,0,0,0,0,0,0,11.4,0,train-job-001
t0041,gpu-node-07,2,71.1,328.73,65.06,0,0,0,0,0,0,17.35,0,train-job-001
t0041,gpu-node-07,3,71.58,316.9,77.3,0,0,0,0,0,0,10.12,0,train-job-001
t0041,gpu-node-08,0,80.33,319.8,71.31,0,0,0,0,0,0,11.88,0,train-job-001
t0041,gpu-node-08,1,76.76,331.45,74.74,0,0,0,0,0,0,11.42,0,train-job-001
t0041,gpu-node-08,2,80.01,396.49,95.22,0,0,0,0,0,0,12.86,0,train-job-001
t0041,gpu-node-08,3,72.81,353.93,75.91,0,0,0,0,0,0,12.37,0,train-job-001
t0041,gpu-node-09,0,83.42,353.52,75.41,0,0,0,0,0,0,12.3,0,train-job-001
t0041,gpu-node-09,1,75.18,320.07,78.45,0,0,0,0,0,0,10.5,0,train-job-001
t0041,gpu-node-09,2,76.25,373.8,66.44,0,0,0,0,0,0,11.23,0,train-job-001
t0041,gpu-node-09,3,84.74,394.54,98.45,0,0,0,0,0,0,10.39,0,train-job-001
t0041,gpu-node-10,0,73.42,378.25,74.45,0,0,0,0,0,0,11.79,0,train-job-001
t0041,gpu-node-10,1,72.34,314.52,68.58,0,0,0,0,0,0,12.59,0,train-job-001
t0041,gpu-node-10,2,78.84,361.26,84.87,0,0,0,0,0,0,13.86,0,train-job-001
t0041,gpu-node-10,3,74.11,331.07,74.75,0,0,0,0,0,0,10.2,0,train-job-001
t0041,gpu-node-11,0,77.79,344.9,72.51,0,0,0,0,0,0,11.94,0,train-job-001
t0041,gpu-node-11,1,77.81,327.39,71.11,0,0,0,0,0,0,10.85,0,train-job-001
t0041,gpu-node-11,2,76.82,352.65,86.32,0,0,0,0,0,0,12.93,0,train-job-001
t0041,gpu-node-11,3,73.67,329.71,64.63,0,0,0,0,0,0,12.64,0,train-job-001
t0042,gpu-node-00,0,74.06,327.16,71.85,0,0,0,0,0,0,6.1,0,train-job-001
t0042,gpu-node-00,1,78.13,317.17,67.39,0,0,0,0,0,0,10.78,0,train-job-001
t0042,gpu-node-00,2,73.43,344.8,79.63,0,0,0,0,0,0,13.29,0,train-job-001
t0042,gpu-node-00,3,68.31,285.84,56.74,0,0,0,0,0,0,10.86,0,train-job-001
t0042,gpu-node-01,0,72.72,360.66,77.47,0,0,0,0,0,0,9.86,0,train-job-001
t0042,gpu-node-01,1,77.56,335.45,70.65,0,0,0,0,0,0,12.91,0,train-job-001
t0042,gpu-node-01,2,77.21,371.4,75.66,0,0,0,0,0,0,14.12,0,train-job-001
t0042,gpu-node-01,3,81.35,363.3,76.81,0,0,0,0,0,0,11.41,0,train-job-001
t0042,gpu-node-02,0,79.33,355.29,69.88,0,0,0,0,0,0,11.82,0,train-job-001
t0042,gpu-node-02,1,75.99,324.21,62.85,0,0,0,0,0,0,10.03,0,train-job-001
t0042,gpu-node-02,2,73.86,327.04,74.15,0,0,0,0,0,0,12.48,0,train-job-001
t0042,gpu-node-02,3,77.29,308.53,61.62,0,0,0,0,0,0,8.39,0,train-job-001
t0042,gpu-node-03,0,73.46,317.12,67.74,0,0,0,0,0,0,13.27,0,train-job-001
t0042,gpu-node-03,1,76.0,313.96,66.47,0,0,0,0,0,0,13.77,0,train-job-001
t0042,gpu-node-03,2,77.03,351.11,76.19,0,0,0,0,0,0,12.42,0,train-job-001
t0042,gpu-node-03,3,69.63,335.21,71.04,0,0,0,0,0,0,10.8,0,train-job-001
t0042,gpu-node-04,0,73.89,392.6,84.87,0,0,0,0,0,0,11.93,0,train-job-001
t0042,gpu-node-04,1,73.11,328.83,66.02,0,0,0,0,0,0,13.23,0,train-job-001
t0042,gpu-node-04,2,74.61,323.92,65.95,0,0,0,0,0,0,11.6,0,train-job-001
t0042,gpu-node-04,3,75.37,329.57,74.94,0,0,0,0,0,0,11.93,0,train-job-001
t0042,gpu-node-05,0,75.85,353.23,68.28,0,0,0,0,0,0,12.9,0,train-job-001
t0042,gpu-node-05,1,74.64,354.26,82.9,0,0,0,0,0,0,15.07,0,train-job-001
t0042,gpu-node-05,2,74.87,310.97,59.55,0,0,0,0,0,0,11.57,0,train-job-001
t0042,gpu-node-05,3,77.0,342.86,69.58,0,0,0,0,0,0,13.84,0,train-job-001
t0042,gpu-node-06,0,76.33,327.35,69.33,0,0,0,0,0,0,10.78,0,train-job-001
t0042,gpu-node-06,1,76.52,340.02,74.21,0,0,0,0,0,0,10.2,0,train-job-001
t0042,gpu-node-06,2,75.83,336.35,69.51,0,0,0,0,0,0,11.23,0,train-job-001
t0042,gpu-node-06,3,75.9,352.58,78.45,0,0,0,0,0,0,10.52,0,train-job-001
t0042,gpu-node-07,0,82.11,332.54,69.01,0,0,0,0,0,0,10.33,0,train-job-001
t0042,gpu-node-07,1,69.55,324.99,70.44,0,0,0,0,0,0,11.13,0,train-job-001
t0042,gpu-node-07,2,73.52,311.53,80.07,0,0,0,0,0,0,10.88,0,train-job-001
t0042,gpu-node-07,3,71.83,320.87,77.75,0,0,0,0,0,0,10.7,0,train-job-001
t0042,gpu-node-08,0,76.53,327.75,61.65,0,0,0,0,0,0,13.47,0,train-job-001
t0042,gpu-node-08,1,79.22,383.24,89.55,0,0,0,0,0,0,13.09,0,train-job-001
t0042,gpu-node-08,2,73.71,341.16,59.52,0,0,0,0,0,0,12.13,0,train-job-001
t0042,gpu-node-08,3,74.39,385.91,83.27,0,0,0,0,0,0,9.28,0,train-job-001
t0042,gpu-node-09,0,77.07,324.76,68.43,0,0,0,0,0,0,10.26,0,train-job-001
t0042,gpu-node-09,1,77.64,326.02,65.48,0,0,0,0,0,0,14.93,0,train-job-001
t0042,gpu-node-09,2,76.34,329.03,62.76,0,0,0,0,0,0,8.07,0,train-job-001
t0042,gpu-node-09,3,73.66,361.31,69.84,0,0,0,0,0,0,14.29,0,train-job-001
t0042,gpu-node-10,0,76.1,300.14,71.33,0,0,0,0,0,0,10.58,0,train-job-001
t0042,gpu-node-10,1,72.09,317.99,73.75,0,0,0,0,0,0,10.32,0,train-job-001
t0042,gpu-node-10,2,78.98,317.39,72.99,0,0,0,0,0,0,10.72,0,train-job-001
t0042,gpu-node-10,3,81.26,357.73,73.61,0,0,0,0,0,0,12.25,0,train-job-001
t0042,gpu-node-11,0,74.43,329.73,65.15,0,0,0,0,0,0,14.89,0,train-job-001
t0042,gpu-node-11,1,69.52,329.53,67.99,0,0,0,0,0,0,12.73,0,train-job-001
t0042,gpu-node-11,2,73.48,331.32,76.74,0,0,0,0,0,0,12.85,0,train-job-001
t0042,gpu-node-11,3,71.92,360.52,66.11,0,0,0,0,0,0,13.13,0,train-job-001
t0043,gpu-node-00,0,77.61,301.72,54.69,0,0,0,0,0,0,10.76,0,train-job-001
t0043,gpu-node-00,1,74.6,307.21,74.24,0,0,0,0,0,0,12.09,0,train-job-001
t0043,gpu-node-00,2,74.43,327.63,81.64,0,0,0,0,0,0,14.16,0,train-job-001
t0043,gpu-node-00,3,73.03,354.28,62.48,0,0,0,0,0,0,10.66,0,train-job-001
t0043,gpu-node-01,0,70.38,321.78,72.38,0,0,0,0,0,0,13.03,0,train-job-001
t0043,gpu-node-01,1,77.31,346.13,72.94,0,0,0,0,0,0,12.96,0,train-job-001
t0043,gpu-node-01,2,74.37,344.02,80.98,0,0,0,0,0,0,11.79,0,train-job-001
t0043,gpu-node-01,3,74.73,335.58,72.55,0,0,0,0,0,0,10.99,0,train-job-001
t0043,gpu-node-02,0,74.59,340.19,67.32,0,0,0,0,0,0,11.1,0,train-job-001
t0043,gpu-node-02,1,74.01,332.94,68.54,0,0,0,0,0,0,9.06,0,train-job-001
t0043,gpu-node-02,2,79.25,372.19,84.2,0,0,0,0,0,0,11.12,0,train-job-001
t0043,gpu-node-02,3,72.68,372.75,84.02,0,0,0,0,0,0,9.76,0,train-job-001
t0043,gpu-node-03,0,74.24,349.24,69.71,0,0,0,0,0,0,10.77,0,train-job-001
t0043,gpu-node-03,1,76.69,337.87,62.62,0,0,0,0,0,0,14.97,0,train-job-001
t0043,gpu-node-03,2,78.04,323.8,78.14,0,0,0,0,0,0,12.28,0,train-job-001
t0043,gpu-node-03,3,75.55,364.55,65.21,0,0,0,0,0,0,12.19,0,train-job-001
t0043,gpu-node-04,0,75.98,342.12,77.28,0,0,0,0,0,0,12.22,0,train-job-001
t0043,gpu-node-04,1,76.85,367.5,80.21,0,0,0,0,0,0,12.65,0,train-job-001
t0043,gpu-node-04,2,81.77,347.83,71.36,0,0,0,0,0,0,12.21,0,train-job-001
t0043,gpu-node-04,3,74.16,356.03,69.47,0,0,0,0,0,0,11.58,0,train-job-001
t0043,gpu-node-05,0,77.69,369.19,78.23,0,0,0,0,0,0,12.32,0,train-job-001
t0043,gpu-node-05,1,77.34,363.44,68.5,0,0,0,0,0,0,12.85,0,train-job-001
t0043,gpu-node-05,2,73.38,309.83,56.97,0,0,0,0,0,0,9.83,0,train-job-001
t0043,gpu-node-05,3,72.53,308.84,69.08,0,0,0,0,0,0,10.75,0,train-job-001
t0043,gpu-node-06,0,76.87,355.41,67.14,0,0,0,0,0,0,10.66,0,train-job-001
t0043,gpu-node-06,1,72.69,312.26,55.56,0,0,0,0,0,0,12.32,0,train-job-001
t0043,gpu-node-06,2,80.04,334.43,67.17,0,0,0,0,0,0,11.64,0,train-job-001
t0043,gpu-node-06,3,74.77,339.85,76.28,0,0,0,0,0,0,13.28,0,train-job-001
t0043,gpu-node-07,0,79.07,342.65,77.64,0,0,0,0,0,0,11.29,0,train-job-001
t0043,gpu-node-07,1,79.4,340.29,75.12,0,0,0,0,0,0,7.93,0,train-job-001
t0043,gpu-node-07,2,74.17,315.22,74.52,0,0,0,0,0,0,13.4,0,train-job-001
t0043,gpu-node-07,3,76.88,352.52,70.48,0,0,0,0,0,0,14.41,0,train-job-001
t0043,gpu-node-08,0,74.99,304.47,50.45,0,0,0,0,0,0,10.28,0,train-job-001
t0043,gpu-node-08,1,76.77,320.43,68.92,0,0,0,0,0,0,10.82,0,train-job-001
t0043,gpu-node-08,2,77.05,344.72,81.3,0,0,0,0,0,0,12.26,0,train-job-001
t0043,gpu-node-08,3,75.22,363.03,69.85,0,0,0,0,0,0,10.19,0,train-job-001
t0043,gpu-node-09,0,75.88,336.21,60.41,0,0,0,0,0,0,12.23,0,train-job-001
t0043,gpu-node-09,1,76.06,305.15,65.7,0,0,0,0,0,0,8.22,0,train-job-001
t0043,gpu-node-09,2,75.79,375.96,75.24,0,0,0,0,0,0,14.24,0,train-job-001
t0043,gpu-node-09,3,76.08,345.66,72.98,0,0,0,0,0,0,11.6,0,train-job-001
t0043,gpu-node-10,0,75.45,335.33,63.85,0,0,0,0,0,0,12.6,0,train-job-001
t0043,gpu-node-10,1,79.58,319.3,48.74,0,0,0,0,0,0,13.01,0,train-job-001
t0043,gpu-node-10,2,75.49,331.71,66.61,0,0,0,0,0,0,8.91,0,train-job-001
t0043,gpu-node-10,3,74.53,345.16,83.26,0,0,0,0,0,0,11.27,0,train-job-001
t0043,gpu-node-11,0,76.5,353.2,75.95,0,0,0,0,0,0,12.81,0,train-job-001
t0043,gpu-node-11,1,73.82,343.15,70.45,0,0,0,0,0,0,12.64,0,train-job-001
t0043,gpu-node-11,2,71.35,373.41,76.55,0,0,0,0,0,0,9.21,0,train-job-001
t0043,gpu-node-11,3,79.5,346.39,62.4,0,0,0,0,0,0,14.62,0,train-job-001
t0044,gpu-node-00,0,71.77,330.25,69.92,0,0,0,0,0,0,13.04,0,train-job-001
t0044,gpu-node-00,1,76.02,355.66,79.45,0,0,0,0,0,0,13.19,0,train-job-001
t0044,gpu-node-00,2,69.76,312.03,53.99,0,0,0,0,0,0,13.1,0,train-job-001
t0044,gpu-node-00,3,72.55,297.64,62.9,0,0,0,0,0,0,12.11,0,train-job-001
t0044,gpu-node-01,0,73.77,346.41,69.78,0,0,0,0,0,0,11.14,0,train-job-001
t0044,gpu-node-01,1,75.41,335.25,66.29,0,0,0,0,0,0,10.62,0,train-job-001
t0044,gpu-node-01,2,75.45,323.95,57.98,0,0,0,0,0,0,9.81,0,train-job-001
t0044,gpu-node-01,3,81.29,330.6,74.42,0,0,0,0,0,0,14.97,0,train-job-001
t0044,gpu-node-02,0,72.06,314.5,73.7,0,0,0,0,0,0,16.92,0,train-job-001
t0044,gpu-node-02,1,79.13,335.46,75.68,0,0,0,0,0,0,14.27,0,train-job-001
t0044,gpu-node-02,2,74.63,327.18,74.41,0,0,0,0,0,0,12.43,0,train-job-001
t0044,gpu-node-02,3,75.11,276.24,60.07,0,0,0,0,0,0,7.7,0,train-job-001
t0044,gpu-node-03,0,72.45,336.62,75.97,0,0,0,0,0,0,14.12,0,train-job-001
t0044,gpu-node-03,1,73.28,331.48,60.95,0,0,0,0,0,0,11.05,0,train-job-001
t0044,gpu-node-03,2,70.27,320.75,67.25,0,0,0,0,0,0,8.91,0,train-job-001
t0044,gpu-node-03,3,70.87,295.11,64.48,0,0,0,0,0,0,11.53,0,train-job-001
t0044,gpu-node-04,0,77.05,322.58,65.26,0,0,0,0,0,0,12.06,0,train-job-001
t0044,gpu-node-04,1,72.57,320.26,76.23,0,0,0,0,0,0,11.66,0,train-job-001
t0044,gpu-node-04,2,73.68,351.71,70.56,0,0,0,0,0,0,13.18,0,train-job-001
t0044,gpu-node-04,3,74.31,340.99,74.3,0,0,0,0,0,0,12.5,0,train-job-001
t0044,gpu-node-05,0,71.52,334.74,65.88,0,0,0,0,0,0,9.97,0,train-job-001
t0044,gpu-node-05,1,75.8,335.87,69.67,0,0,0,0,0,0,12.83,0,train-job-001
t0044,gpu-node-05,2,74.11,330.98,70.96,0,0,0,0,0,0,11.63,0,train-job-001
t0044,gpu-node-05,3,75.08,314.25,54.28,0,0,0,0,0,0,8.78,0,train-job-001
t0044,gpu-node-06,0,78.2,344.12,90.06,0,0,0,0,0,0,13.15,0,train-job-001
t0044,gpu-node-06,1,76.93,328.78,66.96,0,0,0,0,0,0,13.56,0,train-job-001
t0044,gpu-node-06,2,76.39,320.34,63.25,0,0,0,0,0,0,13.96,0,train-job-001
t0044,gpu-node-06,3,77.77,339.48,74.72,0,0,0,0,0,0,11.61,0,train-job-001
t0044,gpu-node-07,0,72.63,324.18,72.32,0,0,0,0,0,0,11.14,0,train-job-001
t0044,gpu-node-07,1,77.0,327.31,67.65,0,0,0,0,0,0,13.78,0,train-job-001
t0044,gpu-node-07,2,73.65,325.15,67.6,0,0,0,0,0,0,13.41,0,train-job-001
t0044,gpu-node-07,3,67.95,314.07,57.13,0,0,0,0,0,0,11.68,0,train-job-001
t0044,gpu-node-08,0,74.56,352.49,85.36,0,0,0,0,0,0,14.05,0,train-job-001
t0044,gpu-node-08,1,70.88,341.11,71.67,0,0,0,0,0,0,6.99,0,train-job-001
t0044,gpu-node-08,2,74.93,316.97,72.31,0,0,0,0,0,0,11.64,0,train-job-001
t0044,gpu-node-08,3,77.66,368.39,85.36,0,0,0,0,0,0,9.9,0,train-job-001
t0044,gpu-node-09,0,73.75,357.41,81.15,0,0,0,0,0,0,13.57,0,train-job-001
t0044,gpu-node-09,1,75.19,331.92,74.11,0,0,0,0,0,0,12.3,0,train-job-001
t0044,gpu-node-09,2,78.6,363.47,74.55,0,0,0,0,0,0,13.3,0,train-job-001
t0044,gpu-node-09,3,75.2,338.79,68.71,0,0,0,0,0,0,9.56,0,train-job-001
t0044,gpu-node-10,0,76.05,361.68,70.38,0,0,0,0,0,0,10.68,0,train-job-001
t0044,gpu-node-10,1,74.56,329.11,61.87,0,0,0,0,0,0,11.1,0,train-job-001
t0044,gpu-node-10,2,77.01,344.16,76.07,0,0,0,0,0,0,14.52,0,train-job-001
t0044,gpu-node-10,3,73.3,338.17,70.86,0,0,0,0,0,0,11.27,0,train-job-001
t0044,gpu-node-11,0,73.6,345.79,70.58,0,0,0,0,0,0,12.57,0,train-job-001
t0044,gpu-node-11,1,75.96,311.86,63.32,0,0,0,0,0,0,13.44,0,train-job-001
t0044,gpu-node-11,2,80.95,329.44,68.58,0,0,0,0,0,0,13.57,0,train-job-001
t0044,gpu-node-11,3,70.11,331.53,65.13,0,0,0,0,0,0,14.01,0,train-job-001
t0045,gpu-node-00,0,77.63,322.03,73.17,0,0,0,0,0,0,13.67,0,train-job-001
t0045,gpu-node-00,1,73.73,318.44,74.41,0,0,0,0,0,0,14.45,0,train-job-001
t0045,gpu-node-00,2,70.81,329.52,61.26,0,0,0,0,0,0,12.48,0,train-job-001
t0045,gpu-node-00,3,72.09,359.52,66.02,0,0,0,0,0,0,14.28,0,train-job-001
t0045,gpu-node-01,0,76.73,359.82,76.97,0,0,0,0,0,0,11.95,0,train-job-001
t0045,gpu-node-01,1,76.65,355.59,90.86,0,0,0,0,0,0,13.46,0,train-job-001
t0045,gpu-node-01,2,75.47,348.3,87.9,0,0,0,0,0,0,11.88,0,train-job-001
t0045,gpu-node-01,3,77.41,328.7,69.81,0,0,0,0,0,0,14.39,0,train-job-001
t0045,gpu-node-02,0,71.5,302.95,59.97,0,0,0,0,0,0,15.83,0,train-job-001
t0045,gpu-node-02,1,67.2,326.63,67.45,0,0,0,0,0,0,12.63,0,train-job-001
t0045,gpu-node-02,2,73.18,336.47,63.37,0,0,0,0,0,0,11.64,0,train-job-001
t0045,gpu-node-02,3,76.31,376.45,74.04,0,0,0,0,0,0,9.07,0,train-job-001
t0045,gpu-node-03,0,75.4,336.11,80.01,0,0,0,0,0,0,13.27,0,train-job-001
t0045,gpu-node-03,1,76.84,315.37,76.77,0,0,0,0,0,0,12.96,0,train-job-001
t0045,gpu-node-03,2,77.92,359.51,79.45,0,0,0,0,0,0,9.88,0,train-job-001
t0045,gpu-node-03,3,70.43,298.78,60.21,0,0,0,0,0,0,11.18,0,train-job-001
t0045,gpu-node-04,0,79.0,343.89,83.96,0,0,0,0,0,0,9.02,0,train-job-001
t0045,gpu-node-04,1,78.62,358.12,70.26,0,0,0,0,0,0,12.05,0,train-job-001
t0045,gpu-node-04,2,73.63,339.35,77.63,0,0,0,0,0,0,11.79,0,train-job-001
t0045,gpu-node-04,3,74.92,350.77,73.3,0,0,0,0,0,0,9.48,0,train-job-001
t0045,gpu-node-05,0,77.72,346.69,83.87,0,0,0,0,0,0,14.01,0,train-job-001
t0045,gpu-node-05,1,80.1,321.52,58.98,0,0,0,0,0,0,13.49,0,train-job-001
t0045,gpu-node-05,2,72.91,330.53,66.5,0,0,0,0,0,0,12.29,0,train-job-001
t0045,gpu-node-05,3,77.45,348.98,67.01,0,0,0,0,0,0,10.07,0,train-job-001
t0045,gpu-node-06,0,73.64,315.75,62.29,0,0,0,0,0,0,11.92,0,train-job-001
t0045,gpu-node-06,1,69.3,367.49,76.5,0,0,0,0,0,0,12.18,0,train-job-001
t0045,gpu-node-06,2,75.77,351.06,72.25,0,0,0,0,0,0,10.66,0,train-job-001
t0045,gpu-node-06,3,76.84,331.43,67.88,0,0,0,0,0,0,11.9,0,train-job-001
t0045,gpu-node-07,0,75.72,342.1,67.74,0,0,0,0,0,0,8.58,0,train-job-001
t0045,gpu-node-07,1,74.85,334.96,69.51,0,0,0,0,0,0,10.47,0,train-job-001
t0045,gpu-node-07,2,71.69,323.23,59.89,0,0,0,0,0,0,12.65,0,train-job-001
t0045,gpu-node-07,3,76.2,312.84,67.79,0,0,0,0,0,0,12.8,0,train-job-001
t0045,gpu-node-08,0,72.36,319.55,65.31,0,0,0,0,0,0,13.17,0,train-job-001
t0045,gpu-node-08,1,75.13,332.48,79.24,0,0,0,0,0,0,10.32,0,train-job-001
t0045,gpu-node-08,2,74.12,301.99,70.34,0,0,0,0,0,0,12.1,0,train-job-001
t0045,gpu-node-08,3,75.0,348.17,78.74,0,0,0,0,0,0,12.74,0,train-job-001
t0045,gpu-node-09,0,75.81,354.19,82.3,0,0,0,0,0,0,9.94,0,train-job-001
t0045,gpu-node-09,1,76.53,325.73,62.08,0,0,0,0,0,0,12.15,0,train-job-001
t0045,gpu-node-09,2,73.64,350.53,69.02,0,0,0,0,0,0,13.41,0,train-job-001
t0045,gpu-node-09,3,76.15,321.64,73.43,0,0,0,0,0,0,11.11,0,train-job-001
t0045,gpu-node-10,0,71.67,338.09,83.78,0,0,0,0,0,0,12.33,0,train-job-001
t0045,gpu-node-10,1,79.94,329.72,70.26,0,0,0,0,0,0,13.7,0,train-job-001
t0045,gpu-node-10,2,77.16,357.52,79.46,0,0,0,0,0,0,11.71,0,train-job-001
t0045,gpu-node-10,3,73.86,335.98,77.57,0,0,0,0,0,0,9.33,0,train-job-001
t0045,gpu-node-11,0,73.69,333.85,60.09,0,0,0,0,0,0,12.64,0,train-job-001
t0045,gpu-node-11,1,77.94,352.08,81.12,0,0,0,0,0,0,12.62,0,train-job-001
t0045,gpu-node-11,2,78.33,345.24,78.65,0,0,0,0,0,0,11.74,0,train-job-001
t0045,gpu-node-11,3,77.55,355.48,73.72,0,0,0,0,0,0,8.91,0,train-job-001
t0046,gpu-node-00,0,73.62,377.87,90.87,0,0,0,0,0,0,12.49,0,train-job-001
t0046,gpu-node-00,1,77.04,336.61,81.41,0,0,0,0,0,0,7.5,0,train-job-001
t0046,gpu-node-00,2,75.6,341.11,82.88,0,0,0,0,0,0,15.97,0,train-job-001
t0046,gpu-node-00,3,78.1,366.83,74.14,0,0,0,0,0,0,11.9,0,train-job-001
t0046,gpu-node-01,0,77.01,336.03,71.75,0,0,0,0,0,0,8.23,0,train-job-001
t0046,gpu-node-01,1,76.75,348.82,69.39,0,0,0,0,0,0,12.3,0,train-job-001
t0046,gpu-node-01,2,73.81,283.08,55.77,0,0,0,0,0,0,12.76,0,train-job-001
t0046,gpu-node-01,3,75.98,311.73,71.66,0,0,0,0,0,0,12.35,0,train-job-001
t0046,gpu-node-02,0,74.08,392.7,81.4,0,0,0,0,0,0,9.65,0,train-job-001
t0046,gpu-node-02,1,68.35,283.06,55.95,0,0,0,0,0,0,12.2,0,train-job-001
t0046,gpu-node-02,2,77.16,331.14,70.95,0,0,0,0,0,0,13.2,0,train-job-001
t0046,gpu-node-02,3,75.83,337.26,64.32,0,0,0,0,0,0,10.34,0,train-job-001
t0046,gpu-node-03,0,77.51,340.91,75.27,0,0,0,0,0,0,12.97,0,train-job-001
t0046,gpu-node-03,1,74.63,314.3,77.24,0,0,0,0,0,0,13.7,0,train-job-001
t0046,gpu-node-03,2,73.86,336.84,80.27,0,0,0,0,0,0,10.45,0,train-job-001
t0046,gpu-node-03,3,77.76,350.18,70.17,0,0,0,0,0,0,13.25,0,train-job-001
t0046,gpu-node-04,0,79.39,363.51,76.81,0,0,0,0,0,0,13.11,0,train-job-001
t0046,gpu-node-04,1,75.98,344.25,73.85,0,0,0,0,0,0,10.84,0,train-job-001
t0046,gpu-node-04,2,72.41,300.19,79.07,0,0,0,0,0,0,10.46,0,train-job-001
t0046,gpu-node-04,3,73.79,344.58,63.71,0,0,0,0,0,0,12.26,0,train-job-001
t0046,gpu-node-05,0,77.07,308.68,48.97,0,0,0,0,0,0,10.63,0,train-job-001
t0046,gpu-node-05,1,70.24,304.01,65.19,0,0,0,0,0,0,13.13,0,train-job-001
t0046,gpu-node-05,2,72.14,348.44,84.75,0,0,0,0,0,0,13.5,0,train-job-001
t0046,gpu-node-05,3,74.35,368.78,71.51,0,0,0,0,0,0,15.25,0,train-job-001
t0046,gpu-node-06,0,75.4,338.84,81.58,0,0,0,0,0,0,12.94,0,train-job-001
t0046,gpu-node-06,1,74.8,333.93,78.25,0,0,0,0,0,0,16.37,0,train-job-001
t0046,gpu-node-06,2,70.63,352.29,76.12,0,0,0,0,0,0,12.62,0,train-job-001
t0046,gpu-node-06,3,72.49,342.36,70.68,0,0,0,0,0,0,12.08,0,train-job-001
t0046,gpu-node-07,0,76.85,329.07,75.75,0,0,0,0,0,0,9.16,0,train-job-001
t0046,gpu-node-07,1,73.43,344.19,75.35,0,0,0,0,0,0,8.14,0,train-job-001
t0046,gpu-node-07,2,76.43,379.99,84.81,0,0,0,0,0,0,11.21,0,train-job-001
t0046,gpu-node-07,3,76.83,332.11,73.25,0,0,0,0,0,0,14.63,0,train-job-001
t0046,gpu-node-08,0,76.43,327.01,66.99,0,0,0,0,0,0,13.5,0,train-job-001
t0046,gpu-node-08,1,77.88,345.71,79.9,0,0,0,0,0,0,10.24,0,train-job-001
t0046,gpu-node-08,2,74.9,325.6,66.91,0,0,0,0,0,0,12.95,0,train-job-001
t0046,gpu-node-08,3,77.28,341.31,83.34,0,0,0,0,0,0,12.7,0,train-job-001
t0046,gpu-node-09,0,70.3,326.72,71.44,0,0,0,0,0,0,15.58,0,train-job-001
t0046,gpu-node-09,1,76.86,304.54,73.43,0,0,0,0,0,0,10.94,0,train-job-001
t0046,gpu-node-09,2,79.78,338.54,71.61,0,0,0,0,0,0,10.99,0,train-job-001
t0046,gpu-node-09,3,78.83,382.27,63.28,0,0,0,0,0,0,10.86,0,train-job-001
t0046,gpu-node-10,0,75.03,327.86,67.75,0,0,0,0,0,0,9.08,0,train-job-001
t0046,gpu-node-10,1,71.17,335.0,72.14,0,0,0,0,0,0,12.35,0,train-job-001
t0046,gpu-node-10,2,74.92,332.03,74.42,0,0,0,0,0,0,13.6,0,train-job-001
t0046,gpu-node-10,3,74.87,353.72,76.86,0,0,0,0,0,0,14.7,0,train-job-001
t0046,gpu-node-11,0,76.85,344.96,70.29,0,0,0,0,0,0,13.96,0,train-job-001
t0046,gpu-node-11,1,72.76,329.3,60.27,0,0,0,0,0,0,11.27,0,train-job-001
t0046,gpu-node-11,2,73.35,349.43,79.86,0,0,0,0,0,0,7.77,0,train-job-001
t0046,gpu-node-11,3,75.96,317.64,66.28,0,0,0,0,0,0,16.65,0,train-job-001
t0047,gpu-node-00,0,78.96,344.2,72.14,0,0,0,0,0,0,13.53,0,train-job-001
t0047,gpu-node-00,1,66.08,317.53,70.03,0,0,0,0,0,0,16.96,0,train-job-001
t0047,gpu-node-00,2,73.29,358.26,68.79,0,0,0,0,0,0,12.95,0,train-job-001
t0047,gpu-node-00,3,69.46,308.73,63.94,0,0,0,0,0,0,13.33,0,train-job-001
t0047,gpu-node-01,0,74.19,351.4,80.69,0,0,0,0,0,0,9.34,0,train-job-001
t0047,gpu-node-01,1,70.31,338.51,74.4,0,0,0,0,0,0,11.69,0,train-job-001
t0047,gpu-node-01,2,77.91,334.8,87.28,0,0,0,0,0,0,12.49,0,train-job-001
t0047,gpu-node-01,3,69.35,342.98,81.22,0,0,0,0,0,0,7.56,0,train-job-001
t0047,gpu-node-02,0,75.62,321.59,74.47,0,0,0,0,0,0,10.76,0,train-job-001
t0047,gpu-node-02,1,73.41,333.69,76.82,0,0,0,0,0,0,13.96,0,train-job-001
t0047,gpu-node-02,2,73.76,306.22,63.06,0,0,0,0,0,0,13.87,0,train-job-001
t0047,gpu-node-02,3,78.51,299.82,63.75,0,0,0,0,0,0,10.23,0,train-job-001
t0047,gpu-node-03,0,74.87,333.19,74.06,0,0,0,0,0,0,11.51,0,train-job-001
t0047,gpu-node-03,1,75.45,336.55,63.19,0,0,0,0,0,0,13.11,0,train-job-001
t0047,gpu-node-03,2,75.83,330.71,86.3,0,0,0,0,0,0,13.52,0,train-job-001
t0047,gpu-node-03,3,77.12,379.17,68.72,0,0,0,0,0,0,11.41,0,train-job-001
t0047,gpu-node-04,0,68.83,338.03,73.97,0,0,0,0,0,0,7.89,0,train-job-001
t0047,gpu-node-04,1,73.86,361.13,77.99,0,0,0,0,0,0,13.71,0,train-job-001
t0047,gpu-node-04,2,74.46,340.87,65.09,0,0,0,0,0,0,12.9,0,train-job-001
t0047,gpu-node-04,3,71.89,325.45,66.69,0,0,0,0,0,0,12.46,0,train-job-001
t0047,gpu-node-05,0,75.97,347.94,72.77,0,0,0,0,0,0,16.39,0,train-job-001
t0047,gpu-node-05,1,73.43,343.4,77.51,0,0,0,0,0,0,10.07,0,train-job-001
t0047,gpu-node-05,2,81.82,351.96,81.91,0,0,0,0,0,0,13.58,0,train-job-001
t0047,gpu-node-05,3,75.36,324.22,65.31,0,0,0,0,0,0,14.33,0,train-job-001
t0047,gpu-node-06,0,74.47,300.21,63.54,0,0,0,0,0,0,13.28,0,train-job-001
t0047,gpu-node-06,1,72.45,348.96,76.74,0,0,0,0,0,0,10.52,0,train-job-001
t0047,gpu-node-06,2,76.44,304.59,57.37,0,0,0,0,0,0,15.3,0,train-job-001
t0047,gpu-node-06,3,72.36,330.78,66.76,0,0,0,0,0,0,9.48,0,train-job-001
t0047,gpu-node-07,0,78.04,310.77,67.73,0,0,0,0,0,0,8.11,0,train-job-001
t0047,gpu-node-07,1,76.17,324.72,72.28,0,0,0,0,0,0,11.68,0,train-job-001
t0047,gpu-node-07,2,76.98,328.59,87.88,0,0,0,0,0,0,12.36,0,train-job-001
t0047,gpu-node-07,3,73.73,371.12,65.9,0,0,0,0,0,0,10.17,0,train-job-001
t0047,gpu-node-08,0,76.79,331.53,68.05,0,0,0,0,0,0,9.83,0,train-job-001
t0047,gpu-node-08,1,76.87,301.68,68.92,0,0,0,0,0,0,14.59,0,train-job-001
t0047,gpu-node-08,2,75.06,351.32,64.89,0,0,0,0,0,0,13.86,0,train-job-001
t0047,gpu-node-08,3,73.97,325.25,70.34,0,0,0,0,0,0,9.97,0,train-job-001
t0047,gpu-node-09,0,76.33,341.95,74.53,0,0,0,0,0,0,12.15,0,train-job-001
t0047,gpu-node-09,1,76.41,344.15,84.52,0,0,0,0,0,0,13.91,0,train-job-001
t0047,gpu-node-09,2,80.74,360.63,81.06,0,0,0,0,0,0,14.67,0,train-job-001
t0047,gpu-node-09,3,73.28,353.45,80.48,0,0,0,0,0,0,9.24,0,train-job-001
t0047,gpu-node-10,0,75.93,351.11,64.12,0,0,0,0,0,0,10.86,0,train-job-001
t0047,gpu-node-10,1,74.56,364.39,67.93,0,0,0,0,0,0,10.25,0,train-job-001
t0047,gpu-node-10,2,76.07,322.31,60.24,0,0,0,0,0,0,7.28,0,train-job-001
t0047,gpu-node-10,3,76.66,341.83,83.06,0,0,0,0,0,0,9.45,0,train-job-001
t0047,gpu-node-11,0,74.5,386.5,83.28,0,0,0,0,0,0,11.81,0,train-job-001
t0047,gpu-node-11,1,74.67,362.51,80.77,0,0,0,0,0,0,14.39,0,train-job-001
t0047,gpu-node-11,2,77.53,376.11,80.5,0,0,0,0,0,0,9.23,0,train-job-001
t0047,gpu-node-11,3,75.09,326.04,86.23,0,0,0,0,0,0,11.27,0,train-job-001
t0048,gpu-node-00,0,73.82,314.82,67.88,0,0,0,0,0,0,12.1,0,train-job-001
t0048,gpu-node-00,1,75.99,339.75,70.29,0,0,0,0,0,0,11.31,0,train-job-001
t0048,gpu-node-00,2,75.29,363.54,74.86,0,0,0,0,0,0,10.81,0,train-job-001
t0048,gpu-node-00,3,73.96,307.03,73.01,0,0,0,0,0,0,11.95,0,train-job-001
t0048,gpu-node-01,0,71.92,348.83,61.89,0,0,0,0,0,0,15.31,0,train-job-001
t0048,gpu-node-01,1,71.78,332.19,78.34,0,0,0,0,0,0,15.22,0,train-job-001
t0048,gpu-node-01,2,78.39,300.47,66.79,0,0,0,0,0,0,12.71,0,train-job-001
t0048,gpu-node-01,3,76.25,350.77,72.42,0,0,0,0,0,0,12.12,0,train-job-001
t0048,gpu-node-02,0,76.32,343.08,70.66,0,0,0,0,0,0,10.45,0,train-job-001
t0048,gpu-node-02,1,76.91,340.03,61.65,0,0,0,0,0,0,13.4,0,train-job-001
t0048,gpu-node-02,2,72.32,329.45,80.32,0,0,0,0,0,0,13.68,0,train-job-001
t0048,gpu-node-02,3,73.08,343.32,71.87,0,0,0,0,0,0,10.62,0,train-job-001
t0048,gpu-node-03,0,74.31,353.97,69.85,0,0,0,0,0,0,11.04,0,train-job-001
t0048,gpu-node-03,1,78.63,319.33,54.53,0,0,0,0,0,0,9.65,0,train-job-001
t0048,gpu-node-03,2,76.51,344.12,66.7,0,0,0,0,0,0,13.12,0,train-job-001
t0048,gpu-node-03,3,75.8,353.59,68.93,0,0,0,0,0,0,10.08,0,train-job-001
t0048,gpu-node-04,0,76.82,386.3,88.58,0,0,0,0,0,0,14.6,0,train-job-001
t0048,gpu-node-04,1,72.94,294.73,65.28,0,0,0,0,0,0,13.44,0,train-job-001
t0048,gpu-node-04,2,71.72,340.65,67.31,0,0,0,0,0,0,12.53,0,train-job-001
t0048,gpu-node-04,3,80.07,354.69,66.32,0,0,0,0,0,0,10.32,0,train-job-001
t0048,gpu-node-05,0,73.87,341.02,73.4,0,0,0,0,0,0,13.84,0,train-job-001
t0048,gpu-node-05,1,66.57,295.71,61.96,0,0,0,0,0,0,10.71,0,train-job-001
t0048,gpu-node-05,2,74.72,327.35,81.49,0,0,0,0,0,0,10.35,0,train-job-001
t0048,gpu-node-05,3,77.24,358.48,73.75,0,0,0,0,0,0,12.22,0,train-job-001
t0048,gpu-node-06,0,76.05,332.27,64.69,0,0,0,0,0,0,11.1,0,train-job-001
t0048,gpu-node-06,1,73.96,303.84,69.37,0,0,0,0,0,0,5.86,0,train-job-001
t0048,gpu-node-06,2,75.28,343.05,70.4,0,0,0,0,0,0,15.02,0,train-job-001
t0048,gpu-node-06,3,78.21,363.78,66.46,0,0,0,0,0,0,9.45,0,train-job-001
t0048,gpu-node-07,0,75.44,352.95,76.56,0,0,0,0,0,0,11.04,0,train-job-001
t0048,gpu-node-07,1,73.25,367.83,75.74,0,0,0,0,0,0,14.21,0,train-job-001
t0048,gpu-node-07,2,74.03,367.23,71.44,0,0,0,0,0,0,13.48,0,train-job-001
t0048,gpu-node-07,3,77.04,352.79,64.35,0,0,0,0,0,0,9.81,0,train-job-001
t0048,gpu-node-08,0,76.26,331.96,62.58,0,0,0,0,0,0,14.21,0,train-job-001
t0048,gpu-node-08,1,74.33,350.13,76.17,0,0,0,0,0,0,9.46,0,train-job-001
t0048,gpu-node-08,2,77.43,374.97,80.67,0,0,0,0,0,0,11.21,0,train-job-001
t0048,gpu-node-08,3,79.66,324.43,80.58,0,0,0,0,0,0,12.71,0,train-job-001
t0048,gpu-node-09,0,73.57,317.17,59.88,0,0,0,0,0,0,15.03,0,train-job-001
t0048,gpu-node-09,1,74.34,351.95,72.87,0,0,0,0,0,0,10.86,0,train-job-001
t0048,gpu-node-09,2,74.45,360.83,83.53,0,0,0,0,0,0,14.23,0,train-job-001
t0048,gpu-node-09,3,76.31,334.34,69.18,0,0,0,0,0,0,14.79,0,train-job-001
t0048,gpu-node-10,0,73.9,343.15,69.3,0,0,0,0,0,0,12.59,0,train-job-001
t0048,gpu-node-10,1,79.1,348.49,84.93,0,0,0,0,0,0,13.21,0,train-job-001
t0048,gpu-node-10,2,74.91,342.69,55.79,0,0,0,0,0,0,11.27,0,train-job-001
t0048,gpu-node-10,3,74.78,345.61,67.97,0,0,0,0,0,0,15.87,0,train-job-001
t0048,gpu-node-11,0,78.56,346.41,72.21,0,0,0,0,0,0,15.79,0,train-job-001
t0048,gpu-node-11,1,74.17,346.11,79.37,0,0,0,0,0,0,12.67,0,train-job-001
t0048,gpu-node-11,2,77.85,326.94,80.49,0,0,0,0,0,0,11.82,0,train-job-001
t0048,gpu-node-11,3,73.44,328.61,71.79,0,0,0,0,0,0,12.13,0,train-job-001
t0049,gpu-node-00,0,74.51,339.38,86.64,0,0,0,0,0,0,14.36,0,train-job-001
t0049,gpu-node-00,1,80.64,365.39,79.9,0,0,0,0,0,0,11.46,0,train-job-001
t0049,gpu-node-00,2,79.59,331.62,67.15,0,0,0,0,0,0,10.38,0,train-job-001
t0049,gpu-node-00,3,76.46,325.34,71.06,0,0,0,0,0,0,13.53,0,train-job-001
t0049,gpu-node-01,0,74.97,338.11,79.1,0,0,0,0,0,0,12.35,0,train-job-001
t0049,gpu-node-01,1,75.48,323.8,68.68,0,0,0,0,0,0,9.47,0,train-job-001
t0049,gpu-node-01,2,78.88,362.72,77.67,0,0,0,0,0,0,11.93,0,train-job-001
t0049,gpu-node-01,3,77.74,328.29,79.27,0,0,0,0,0,0,14.06,0,train-job-001
t0049,gpu-node-02,0,75.27,313.32,66.81,0,0,0,0,0,0,11.2,0,train-job-001
t0049,gpu-node-02,1,78.58,368.96,72.29,0,0,0,0,0,0,10.45,0,train-job-001
t0049,gpu-node-02,2,78.81,328.58,76.13,0,0,0,0,0,0,12.35,0,train-job-001
t0049,gpu-node-02,3,77.14,342.01,68.5,0,0,0,0,0,0,6.94,0,train-job-001
t0049,gpu-node-03,0,79.04,337.56,54.69,0,0,0,0,0,0,15.89,0,train-job-001
t0049,gpu-node-03,1,75.26,351.89,70.78,0,0,0,0,0,0,9.48,0,train-job-001
t0049,gpu-node-03,2,76.83,358.46,89.89,0,0,0,0,0,0,11.56,0,train-job-001
t0049,gpu-node-03,3,77.26,315.75,81.69,0,0,0,0,0,0,13.0,0,train-job-001
t0049,gpu-node-04,0,73.3,338.61,72.31,0,0,0,0,0,0,12.57,0,train-job-001
t0049,gpu-node-04,1,81.53,320.09,71.32,0,0,0,0,0,0,13.79,0,train-job-001
t0049,gpu-node-04,2,73.34,342.53,78.18,0,0,0,0,0,0,14.28,0,train-job-001
t0049,gpu-node-04,3,76.79,353.45,65.66,0,0,0,0,0,0,12.81,0,train-job-001
t0049,gpu-node-05,0,76.33,330.64,75.43,0,0,0,0,0,0,13.74,0,train-job-001
t0049,gpu-node-05,1,79.83,355.01,78.01,0,0,0,0,0,0,8.64,0,train-job-001
t0049,gpu-node-05,2,74.14,336.42,72.29,0,0,0,0,0,0,11.28,0,train-job-001
t0049,gpu-node-05,3,77.12,326.07,57.27,0,0,0,0,0,0,11.73,0,train-job-001
t0049,gpu-node-06,0,71.7,285.64,72.34,0,0,0,0,0,0,9.78,0,train-job-001
t0049,gpu-node-06,1,78.42,320.86,75.52,0,0,0,0,0,0,12.71,0,train-job-001
t0049,gpu-node-06,2,78.23,324.52,67.13,0,0,0,0,0,0,9.38,0,train-job-001
t0049,gpu-node-06,3,73.64,336.33,71.33,0,0,0,0,0,0,11.64,0,train-job-001
t0049,gpu-node-07,0,76.59,323.95,74.82,0,0,0,0,0,0,13.7,0,train-job-001
t0049,gpu-node-07,1,73.81,289.29,70.73,0,0,0,0,0,0,14.83,0,train-job-001
t0049,gpu-node-07,2,74.22,336.18,64.96,0,0,0,0,0,0,13.12,0,train-job-001
t0049,gpu-node-07,3,74.03,332.55,72.11,0,0,0,0,0,0,10.91,0,train-job-001
t0049,gpu-node-08,0,71.48,283.82,65.37,0,0,0,0,0,0,15.95,0,train-job-001
t0049,gpu-node-08,1,75.62,341.11,72.75,0,0,0,0,0,0,11.83,0,train-job-001
t0049,gpu-node-08,2,72.49,292.13,69.19,0,0,0,0,0,0,13.36,0,train-job-001
t0049,gpu-node-08,3,80.23,299.95,67.41,0,0,0,0,0,0,13.17,0,train-job-001
t0049,gpu-node-09,0,72.45,320.74,64.51,0,0,0,0,0,0,11.78,0,train-job-001
t0049,gpu-node-09,1,73.26,313.78,50.69,0,0,0,0,0,0,9.38,0,train-job-001
t0049,gpu-node-09,2,73.93,325.16,77.26,0,0,0,0,0,0,12.5,0,train-job-001
t0049,gpu-node-09,3,73.88,341.41,73.41,0,0,0,0,0,0,14.69,0,train-job-001
t0049,gpu-node-10,0,80.44,321.87,67.48,0,0,0,0,0,0,14.22,0,train-job-001
t0049,gpu-node-10,1,74.14,334.71,63.58,0,0,0,0,0,0,10.84,0,train-job-001
t0049,gpu-node-10,2,72.91,353.97,76.65,0,0,0,0,0,0,13.22,0,train-job-001
t0049,gpu-node-10,3,77.02,318.74,67.57,0,0,0,0,0,0,11.44,0,train-job-001
t0049,gpu-node-11,0,77.35,332.92,74.47,0,0,0,0,0,0,11.41,0,train-job-001
t0049,gpu-node-11,1,72.69,312.43,78.03,0,0,0,0,0,0,12.18,0,train-job-001
t0049,gpu-node-11,2,74.03,332.89,76.01,0,0,0,0,0,0,12.07,0,train-job-001
t0049,gpu-node-11,3,76.95,321.57,68.41,0,0,0,0,0,0,10.07,0,train-job-001
t0050,gpu-node-00,0,75.95,341.67,76.03,0,0,0,0,0,0,14.26,0,train-job-001
t0050,gpu-node-00,1,73.54,353.18,81.02,0,0,0,0,0,0,8.84,0,train-job-001
t0050,gpu-node-00,2,79.38,332.99,71.24,0,0,0,0,0,0,8.3,0,train-job-001
t0050,gpu-node-00,3,76.46,316.74,64.72,0,0,0,0,0,0,12.35,0,train-job-001
t0050,gpu-node-01,0,74.88,352.44,62.22,0,0,0,0,0,0,10.8,0,train-job-001
t0050,gpu-node-01,1,75.07,360.54,74.77,0,0,0,0,0,0,11.26,0,train-job-001
t0050,gpu-node-01,2,69.02,300.55,65.24,0,0,0,0,0,0,16.83,0,train-job-001
t0050,gpu-node-01,3,75.36,357.32,78.81,0,0,0,0,0,0,9.95,0,train-job-001
t0050,gpu-node-02,0,78.03,350.74,61.17,0,0,0,0,0,0,9.22,0,train-job-001
t0050,gpu-node-02,1,75.42,319.01,66.83,0,0,0,0,0,0,11.07,0,train-job-001
t0050,gpu-node-02,2,74.83,321.93,53.18,0,0,0,0,0,0,13.21,0,train-job-001
t0050,gpu-node-02,3,74.1,329.46,73.04,0,0,0,0,0,0,10.72,0,train-job-001
t0050,gpu-node-03,0,76.69,358.48,79.32,0,0,0,0,0,0,11.59,0,train-job-001
t0050,gpu-node-03,1,75.75,327.1,77.37,0,0,0,0,0,0,11.08,0,train-job-001
t0050,gpu-node-03,2,80.8,358.76,67.43,0,0,0,0,0,0,11.09,0,train-job-001
t0050,gpu-node-03,3,76.08,308.3,63.42,0,0,0,0,0,0,11.5,0,train-job-001
t0050,gpu-node-04,0,72.22,356.19,83.44,0,0,0,0,0,0,15.13,0,train-job-001
t0050,gpu-node-04,1,72.4,315.99,87.04,0,0,0,0,0,0,11.34,0,train-job-001
t0050,gpu-node-04,2,74.32,340.01,74.43,0,0,0,0,0,0,13.53,0,train-job-001
t0050,gpu-node-04,3,73.01,298.23,66.88,0,0,0,0,0,0,8.92,0,train-job-001
t0050,gpu-node-05,0,78.66,375.92,79.58,0,0,0,0,0,0,12.17,0,train-job-001
t0050,gpu-node-05,1,75.44,355.89,83.22,0,0,0,0,0,0,9.9,0,train-job-001
t0050,gpu-node-05,2,72.85,306.19,52.51,0,0,0,0,0,0,12.01,0,train-job-001
t0050,gpu-node-05,3,72.97,368.39,73.32,0,0,0,0,0,0,10.92,0,train-job-001
t0050,gpu-node-06,0,70.65,327.53,76.96,0,0,0,0,0,0,14.06,0,train-job-001
t0050,gpu-node-06,1,76.64,381.59,82.12,0,0,0,0,0,0,10.5,0,train-job-001
t0050,gpu-node-06,2,80.34,335.38,71.43,0,0,0,0,0,0,10.07,0,train-job-001
t0050,gpu-node-06,3,75.95,341.9,77.19,0,0,0,0,0,0,10.49,0,train-job-001
t0050,gpu-node-07,0,75.69,320.08,64.76,0,0,0,0,0,0,7.47,0,train-job-001
t0050,gpu-node-07,1,80.47,341.24,60.0,0,0,0,0,0,0,11.19,0,train-job-001
t0050,gpu-node-07,2,76.58,375.23,73.41,0,0,0,0,0,0,8.38,0,train-job-001
t0050,gpu-node-07,3,78.79,353.65,76.26,0,0,0,0,0,0,10.49,0,train-job-001
t0050,gpu-node-08,0,76.83,322.41,66.51,0,0,0,0,0,0,16.53,0,train-job-001
t0050,gpu-node-08,1,74.89,338.59,80.53,0,0,0,0,0,0,11.27,0,train-job-001
t0050,gpu-node-08,2,76.54,349.82,83.19,0,0,0,0,0,0,16.28,0,train-job-001
t0050,gpu-node-08,3,80.83,343.39,73.49,0,0,0,0,0,0,5.82,0,train-job-001
t0050,gpu-node-09,0,74.2,358.08,72.97,0,0,0,0,0,0,13.26,0,train-job-001
t0050,gpu-node-09,1,76.36,346.94,81.49,0,0,0,0,0,0,10.2,0,train-job-001
t0050,gpu-node-09,2,76.43,302.3,76.33,0,0,0,0,0,0,12.66,0,train-job-001
t0050,gpu-node-09,3,71.11,340.39,80.61,0,0,0,0,0,0,10.01,0,train-job-001
t0050,gpu-node-10,0,74.86,319.21,82.21,0,0,0,0,0,0,12.23,0,train-job-001
t0050,gpu-node-10,1,80.73,359.26,73.05,0,0,0,0,0,0,9.88,0,train-job-001
t0050,gpu-node-10,2,74.9,336.44,56.32,0,0,0,0,0,0,9.37,0,train-job-001
t0050,gpu-node-10,3,77.98,327.72,70.34,0,0,0,0,0,0,9.92,0,train-job-001
t0050,gpu-node-11,0,75.33,332.43,67.27,0,0,0,0,0,0,11.2,0,train-job-001
t0050,gpu-node-11,1,76.61,332.63,69.47,0,0,0,0,0,0,14.2,0,train-job-001
t0050,gpu-node-11,2,72.57,308.65,62.74,0,0,0,0,0,0,12.63,0,train-job-001
t0050,gpu-node-11,3,74.15,352.59,79.91,0,0,0,0,0,0,13.29,0,train-job-001
t0051,gpu-node-00,0,70.2,329.42,59.02,0,0,0,0,0,0,10.71,0,train-job-001
t0051,gpu-node-00,1,76.99,311.92,76.92,0,0,0,0,0,0,14.65,0,train-job-001
t0051,gpu-node-00,2,72.92,302.25,60.92,0,0,0,0,0,0,15.26,0,train-job-001
t0051,gpu-node-00,3,76.53,314.64,57.67,0,0,0,0,0,0,11.91,0,train-job-001
t0051,gpu-node-01,0,76.88,359.99,74.3,0,0,0,0,0,0,10.1,0,train-job-001
t0051,gpu-node-01,1,75.23,336.18,81.71,0,0,0,0,0,0,13.91,0,train-job-001
t0051,gpu-node-01,2,73.67,326.43,89.92,0,0,0,0,0,0,10.58,0,train-job-001
t0051,gpu-node-01,3,74.66,332.45,60.52,0,0,0,0,0,0,13.68,0,train-job-001
t0051,gpu-node-02,0,76.86,341.2,74.46,0,0,0,0,0,0,8.31,0,train-job-001
t0051,gpu-node-02,1,78.74,391.89,85.99,0,0,0,0,0,0,12.35,0,train-job-001
t0051,gpu-node-02,2,79.58,317.32,73.38,0,0,0,0,0,0,11.7,0,train-job-001
t0051,gpu-node-02,3,73.35,363.2,80.2,0,0,0,0,0,0,10.79,0,train-job-001
t0051,gpu-node-03,0,76.26,346.16,80.1,0,0,0,0,0,0,14.14,0,train-job-001
t0051,gpu-node-03,1,73.2,320.49,62.61,0,0,0,0,0,0,8.24,0,train-job-001
t0051,gpu-node-03,2,73.94,315.76,51.85,0,0,0,0,0,0,14.5,0,train-job-001
t0051,gpu-node-03,3,76.0,321.14,56.85,0,0,0,0,0,0,14.3,0,train-job-001
t0051,gpu-node-04,0,76.29,306.99,78.23,0,0,0,0,0,0,8.7,0,train-job-001
t0051,gpu-node-04,1,73.84,313.69,70.87,0,0,0,0,0,0,13.02,0,train-job-001
t0051,gpu-node-04,2,74.79,333.03,68.51,0,0,0,0,0,0,9.38,0,train-job-001
t0051,gpu-node-04,3,69.83,348.52,75.6,0,0,0,0,0,0,10.97,0,train-job-001
t0051,gpu-node-05,0,73.58,322.94,69.46,0,0,0,0,0,0,16.12,0,train-job-001
t0051,gpu-node-05,1,76.5,328.36,73.53,0,0,0,0,0,0,12.54,0,train-job-001
t0051,gpu-node-05,2,77.59,378.16,85.26,0,0,0,0,0,0,11.76,0,train-job-001
t0051,gpu-node-05,3,74.22,341.47,78.26,0,0,0,0,0,0,9.58,0,train-job-001
t0051,gpu-node-06,0,73.57,367.64,72.73,0,0,0,0,0,0,11.6,0,train-job-001
t0051,gpu-node-06,1,75.96,339.9,72.3,0,0,0,0,0,0,10.18,0,train-job-001
t0051,gpu-node-06,2,72.09,317.56,76.4,0,0,0,0,0,0,11.91,0,train-job-001
t0051,gpu-node-06,3,80.6,341.71,81.68,0,0,0,0,0,0,11.84,0,train-job-001
t0051,gpu-node-07,0,77.84,379.32,75.33,0,0,0,0,0,0,12.8,0,train-job-001
t0051,gpu-node-07,1,75.69,361.44,74.52,0,0,0,0,0,0,11.98,0,train-job-001
t0051,gpu-node-07,2,71.45,348.7,71.01,0,0,0,0,0,0,10.46,0,train-job-001
t0051,gpu-node-07,3,75.95,321.87,67.43,0,0,0,0,0,0,11.33,0,train-job-001
t0051,gpu-node-08,0,75.65,360.35,74.13,0,0,0,0,0,0,10.13,0,train-job-001
t0051,gpu-node-08,1,75.4,316.72,66.89,0,0,0,0,0,0,8.62,0,train-job-001
t0051,gpu-node-08,2,74.91,324.35,61.86,0,0,0,0,0,0,11.19,0,train-job-001
t0051,gpu-node-08,3,74.79,355.17,65.51,0,0,0,0,0,0,12.54,0,train-job-001
t0051,gpu-node-09,0,73.81,327.37,72.89,0,0,0,0,0,0,13.15,0,train-job-001
t0051,gpu-node-09,1,75.14,349.54,74.63,0,0,0,0,0,0,11.79,0,train-job-001
t0051,gpu-node-09,2,71.99,320.96,59.73,0,0,0,0,0,0,11.99,0,train-job-001
t0051,gpu-node-09,3,76.57,333.25,73.66,0,0,0,0,0,0,13.13,0,train-job-001
t0051,gpu-node-10,0,77.23,358.22,64.59,0,0,0,0,0,0,12.77,0,train-job-001
t0051,gpu-node-10,1,74.41,310.4,68.41,0,0,0,0,0,0,8.81,0,train-job-001
t0051,gpu-node-10,2,75.74,335.41,70.52,0,0,0,0,0,0,10.93,0,train-job-001
t0051,gpu-node-10,3,74.75,331.48,67.23,0,0,0,0,0,0,14.31,0,train-job-001
t0051,gpu-node-11,0,72.5,327.63,61.38,0,0,0,0,0,0,9.05,0,train-job-001
t0051,gpu-node-11,1,77.4,367.22,65.53,0,0,0,0,0,0,11.21,0,train-job-001
t0051,gpu-node-11,2,75.76,351.08,68.86,0,0,0,0,0,0,13.43,0,train-job-001
t0051,gpu-node-11,3,73.61,346.03,69.66,0,0,0,0,0,0,12.96,0,train-job-001
t0052,gpu-node-00,0,78.47,355.35,76.99,0,0,0,0,0,0,10.87,0,train-job-001
t0052,gpu-node-00,1,75.34,319.83,54.4,0,0,0,0,0,0,13.79,0,train-job-001
t0052,gpu-node-00,2,72.9,334.28,74.43,0,0,0,0,0,0,13.4,0,train-job-001
t0052,gpu-node-00,3,78.6,325.2,68.88,0,0,0,0,0,0,9.02,0,train-job-001
t0052,gpu-node-01,0,74.71,346.68,63.94,0,0,0,0,0,0,10.37,0,train-job-001
t0052,gpu-node-01,1,74.66,348.88,75.8,0,0,0,0,0,0,9.9,0,train-job-001
t0052,gpu-node-01,2,76.07,338.29,81.17,0,0,0,0,0,0,14.38,0,train-job-001
t0052,gpu-node-01,3,72.9,336.4,68.66,0,0,0,0,0,0,11.42,0,train-job-001
t0052,gpu-node-02,0,77.35,326.76,70.35,0,0,0,0,0,0,13.48,0,train-job-001
t0052,gpu-node-02,1,75.2,326.19,78.48,0,0,0,0,0,0,13.71,0,train-job-001
t0052,gpu-node-02,2,74.37,360.92,84.59,0,0,0,0,0,0,12.81,0,train-job-001
t0052,gpu-node-02,3,74.9,320.83,51.35,0,0,0,0,0,0,14.24,0,train-job-001
t0052,gpu-node-03,0,73.22,330.5,71.52,0,0,0,0,0,0,12.92,0,train-job-001
t0052,gpu-node-03,1,77.84,313.39,54.87,0,0,0,0,0,0,12.42,0,train-job-001
t0052,gpu-node-03,2,70.44,318.5,77.51,0,0,0,0,0,0,12.16,0,train-job-001
t0052,gpu-node-03,3,75.19,335.82,72.25,0,0,0,0,0,0,15.82,0,train-job-001
t0052,gpu-node-04,0,80.91,340.71,69.37,0,0,0,0,0,0,10.98,0,train-job-001
t0052,gpu-node-04,1,75.77,340.9,72.1,0,0,0,0,0,0,13.34,0,train-job-001
t0052,gpu-node-04,2,82.15,362.44,86.74,0,0,0,0,0,0,13.77,0,train-job-001
t0052,gpu-node-04,3,74.86,317.98,66.23,0,0,0,0,0,0,14.1,0,train-job-001
t0052,gpu-node-05,0,72.89,353.37,74.88,0,0,0,0,0,0,13.74,0,train-job-001
t0052,gpu-node-05,1,75.42,335.89,77.73,0,0,0,0,0,0,9.64,0,train-job-001
t0052,gpu-node-05,2,78.07,350.17,66.25,0,0,0,0,0,0,12.33,0,train-job-001
t0052,gpu-node-05,3,72.61,330.76,69.81,0,0,0,0,0,0,8.97,0,train-job-001
t0052,gpu-node-06,0,73.95,373.16,74.57,0,0,0,0,0,0,10.79,0,train-job-001
t0052,gpu-node-06,1,71.4,342.17,70.39,0,0,0,0,0,0,13.41,0,train-job-001
t0052,gpu-node-06,2,77.05,326.56,68.77,0,0,0,0,0,0,9.46,0,train-job-001
t0052,gpu-node-06,3,75.66,337.47,70.9,0,0,0,0,0,0,9.95,0,train-job-001
t0052,gpu-node-07,0,74.98,316.7,68.06,0,0,0,0,0,0,11.89,0,train-job-001
t0052,gpu-node-07,1,76.6,361.31,74.32,0,0,0,0,0,0,12.92,0,train-job-001
t0052,gpu-node-07,2,77.64,340.73,65.2,0,0,0,0,0,0,11.43,0,train-job-001
t0052,gpu-node-07,3,74.77,334.69,67.23,0,0,0,0,0,0,10.74,0,train-job-001
t0052,gpu-node-08,0,70.93,336.48,74.67,0,0,0,0,0,0,9.65,0,train-job-001
t0052,gpu-node-08,1,79.23,346.13,75.57,0,0,0,0,0,0,14.58,0,train-job-001
t0052,gpu-node-08,2,77.5,367.73,74.53,0,0,0,0,0,0,13.3,0,train-job-001
t0052,gpu-node-08,3,77.41,339.98,65.73,0,0,0,0,0,0,9.54,0,train-job-001
t0052,gpu-node-09,0,72.39,346.84,75.63,0,0,0,0,0,0,12.97,0,train-job-001
t0052,gpu-node-09,1,72.53,321.19,67.63,0,0,0,0,0,0,11.3,0,train-job-001
t0052,gpu-node-09,2,74.16,359.73,77.97,0,0,0,0,0,0,12.51,0,train-job-001
t0052,gpu-node-09,3,76.54,351.86,77.7,0,0,0,0,0,0,12.73,0,train-job-001
t0052,gpu-node-10,0,72.99,305.83,60.79,0,0,0,0,0,0,10.41,0,train-job-001
t0052,gpu-node-10,1,76.08,361.46,89.53,0,0,0,0,0,0,12.57,0,train-job-001
t0052,gpu-node-10,2,75.39,328.22,63.89,0,0,0,0,0,0,13.14,0,train-job-001
t0052,gpu-node-10,3,76.32,353.53,63.39,0,0,0,0,0,0,10.26,0,train-job-001
t0052,gpu-node-11,0,79.49,339.35,72.85,0,0,0,0,0,0,14.23,0,train-job-001
t0052,gpu-node-11,1,74.0,333.69,78.95,0,0,0,0,0,0,9.3,0,train-job-001
t0052,gpu-node-11,2,72.81,327.24,66.2,0,0,0,0,0,0,14.35,0,train-job-001
t0052,gpu-node-11,3,77.9,362.7,76.06,0,0,0,0,0,0,9.57,0,train-job-001
t0053,gpu-node-00,0,75.03,317.71,72.2,0,0,0,0,0,0,9.24,0,train-job-001
t0053,gpu-node-00,1,78.03,356.94,68.38,0,0,0,0,0,0,12.72,0,train-job-001
t0053,gpu-node-00,2,74.74,376.86,69.41,0,0,0,0,0,0,10.77,0,train-job-001
t0053,gpu-node-00,3,75.24,328.26,66.59,0,0,0,0,0,0,11.95,0,train-job-001
t0053,gpu-node-01,0,77.7,361.18,80.87,0,0,0,0,0,0,16.51,0,train-job-001
t0053,gpu-node-01,1,77.16,333.9,67.72,0,0,0,0,0,0,13.29,0,train-job-001
t0053,gpu-node-01,2,76.86,308.47,55.65,0,0,0,0,0,0,15.09,0,train-job-001
t0053,gpu-node-01,3,75.87,347.98,65.97,0,0,0,0,0,0,10.84,0,train-job-001
t0053,gpu-node-02,0,77.22,339.66,79.32,0,0,0,0,0,0,11.78,0,train-job-001
t0053,gpu-node-02,1,73.37,334.94,76.33,0,0,0,0,0,0,8.91,0,train-job-001
t0053,gpu-node-02,2,76.18,331.57,76.03,0,0,0,0,0,0,10.84,0,train-job-001
t0053,gpu-node-02,3,78.13,329.44,83.6,0,0,0,0,0,0,12.65,0,train-job-001
t0053,gpu-node-03,0,74.79,310.37,60.72,0,0,0,0,0,0,12.89,0,train-job-001
t0053,gpu-node-03,1,75.63,354.94,84.71,0,0,0,0,0,0,9.9,0,train-job-001
t0053,gpu-node-03,2,80.8,361.71,64.8,0,0,0,0,0,0,15.67,0,train-job-001
t0053,gpu-node-03,3,77.59,335.07,82.77,0,0,0,0,0,0,7.87,0,train-job-001
t0053,gpu-node-04,0,76.18,349.74,73.06,0,0,0,0,0,0,8.13,0,train-job-001
t0053,gpu-node-04,1,78.61,329.78,81.89,0,0,0,0,0,0,11.59,0,train-job-001
t0053,gpu-node-04,2,77.67,340.39,67.89,0,0,0,0,0,0,15.08,0,train-job-001
t0053,gpu-node-04,3,71.62,345.06,82.41,0,0,0,0,0,0,14.74,0,train-job-001
t0053,gpu-node-05,0,73.84,341.56,74.05,0,0,0,0,0,0,11.19,0,train-job-001
t0053,gpu-node-05,1,73.74,354.42,84.14,0,0,0,0,0,0,9.92,0,train-job-001
t0053,gpu-node-05,2,74.28,349.28,63.74,0,0,0,0,0,0,13.26,0,train-job-001
t0053,gpu-node-05,3,76.02,358.22,81.89,0,0,0,0,0,0,14.04,0,train-job-001
t0053,gpu-node-06,0,74.26,286.51,68.17,0,0,0,0,0,0,11.56,0,train-job-001
t0053,gpu-node-06,1,76.44,315.53,68.69,0,0,0,0,0,0,8.47,0,train-job-001
t0053,gpu-node-06,2,76.44,322.55,70.07,0,0,0,0,0,0,13.52,0,train-job-001
t0053,gpu-node-06,3,72.64,345.6,82.55,0,0,0,0,0,0,11.44,0,train-job-001
t0053,gpu-node-07,0,77.09,322.55,71.56,0,0,0,0,0,0,13.78,0,train-job-001
t0053,gpu-node-07,1,75.67,335.86,65.08,0,0,0,0,0,0,13.5,0,train-job-001
t0053,gpu-node-07,2,77.05,334.62,82.48,0,0,0,0,0,0,9.56,0,train-job-001
t0053,gpu-node-07,3,78.81,335.96,72.84,0,0,0,0,0,0,11.77,0,train-job-001
t0053,gpu-node-08,0,76.53,365.24,73.78,0,0,0,0,0,0,9.92,0,train-job-001
t0053,gpu-node-08,1,76.18,349.73,75.28,0,0,0,0,0,0,10.6,0,train-job-001
t0053,gpu-node-08,2,81.66,352.41,72.86,0,0,0,0,0,0,16.3,0,train-job-001
t0053,gpu-node-08,3,72.5,311.08,66.07,0,0,0,0,0,0,12.74,0,train-job-001
t0053,gpu-node-09,0,72.25,283.59,63.24,0,0,0,0,0,0,14.14,0,train-job-001
t0053,gpu-node-09,1,75.19,360.57,83.28,0,0,0,0,0,0,12.02,0,train-job-001
t0053,gpu-node-09,2,76.3,328.46,69.91,0,0,0,0,0,0,11.77,0,train-job-001
t0053,gpu-node-09,3,77.01,357.44,83.03,0,0,0,0,0,0,13.67,0,train-job-001
t0053,gpu-node-10,0,76.25,316.44,64.44,0,0,0,0,0,0,10.78,0,train-job-001
t0053,gpu-node-10,1,74.37,316.22,62.18,0,0,0,0,0,0,11.57,0,train-job-001
t0053,gpu-node-10,2,76.92,326.18,58.08,0,0,0,0,0,0,9.43,0,train-job-001
t0053,gpu-node-10,3,76.18,355.56,70.26,0,0,0,0,0,0,15.22,0,train-job-001
t0053,gpu-node-11,0,74.72,350.46,71.82,0,0,0,0,0,0,8.65,0,train-job-001
t0053,gpu-node-11,1,78.13,359.79,74.4,0,0,0,0,0,0,8.38,0,train-job-001
t0053,gpu-node-11,2,81.86,356.16,85.73,0,0,0,0,0,0,11.76,0,train-job-001
t0053,gpu-node-11,3,74.77,347.5,79.46,0,0,0,0,0,0,10.1,0,train-job-001
t0054,gpu-node-00,0,72.21,337.03,82.99,0,0,0,0,0,0,9.92,0,train-job-001
t0054,gpu-node-00,1,76.7,376.25,69.18,0,0,0,0,0,0,10.49,0,train-job-001
t0054,gpu-node-00,2,75.34,317.72,87.29,0,0,0,0,0,0,10.99,0,train-job-001
t0054,gpu-node-00,3,75.24,367.65,74.79,0,0,0,0,0,0,11.1,0,train-job-001
t0054,gpu-node-01,0,71.63,385.65,72.17,0,0,0,0,0,0,12.51,0,train-job-001
t0054,gpu-node-01,1,74.29,345.73,84.25,0,0,0,0,0,0,12.57,0,train-job-001
t0054,gpu-node-01,2,76.62,333.46,67.65,0,0,0,0,0,0,13.17,0,train-job-001
t0054,gpu-node-01,3,74.87,298.74,56.16,0,0,0,0,0,0,14.27,0,train-job-001
t0054,gpu-node-02,0,75.13,367.27,79.34,0,0,0,0,0,0,13.65,0,train-job-001
t0054,gpu-node-02,1,74.46,361.35,72.51,0,0,0,0,0,0,14.21,0,train-job-001
t0054,gpu-node-02,2,77.6,323.17,63.0,0,0,0,0,0,0,12.81,0,train-job-001
t0054,gpu-node-02,3,72.72,338.05,57.86,0,0,0,0,0,0,8.11,0,train-job-001
t0054,gpu-node-03,0,70.08,300.12,66.04,0,0,0,0,0,0,15.36,0,train-job-001
t0054,gpu-node-03,1,76.64,360.92,82.68,0,0,0,0,0,0,10.84,0,train-job-001
t0054,gpu-node-03,2,71.69,342.79,75.64,0,0,0,0,0,0,8.26,0,train-job-001
t0054,gpu-node-03,3,78.77,336.6,73.49,0,0,0,0,0,0,13.5,0,train-job-001
t0054,gpu-node-04,0,77.39,355.35,72.82,0,0,0,0,0,0,9.16,0,train-job-001
t0054,gpu-node-04,1,73.82,321.73,72.02,0,0,0,0,0,0,13.74,0,train-job-001
t0054,gpu-node-04,2,73.86,350.57,72.27,0,0,0,0,0,0,9.04,0,train-job-001
t0054,gpu-node-04,3,76.34,341.15,75.51,0,0,0,0,0,0,11.04,0,train-job-001
t0054,gpu-node-05,0,76.71,369.92,84.53,0,0,0,0,0,0,9.35,0,train-job-001
t0054,gpu-node-05,1,76.67,345.86,78.27,0,0,0,0,0,0,15.51,0,train-job-001
t0054,gpu-node-05,2,78.46,338.13,71.28,0,0,0,0,0,0,11.75,0,train-job-001
t0054,gpu-node-05,3,73.73,333.92,69.7,0,0,0,0,0,0,9.51,0,train-job-001
t0054,gpu-node-06,0,72.65,328.06,84.72,0,0,0,0,0,0,7.99,0,train-job-001
t0054,gpu-node-06,1,74.92,350.45,84.71,0,0,0,0,0,0,9.58,0,train-job-001
t0054,gpu-node-06,2,78.24,306.52,54.85,0,0,0,0,0,0,9.95,0,train-job-001
t0054,gpu-node-06,3,73.51,333.83,70.41,0,0,0,0,0,0,15.31,0,train-job-001
t0054,gpu-node-07,0,78.49,372.38,74.97,0,0,0,0,0,0,9.47,0,train-job-001
t0054,gpu-node-07,1,75.34,324.73,67.14,0,0,0,0,0,0,12.37,0,train-job-001
t0054,gpu-node-07,2,74.3,322.61,62.63,0,0,0,0,0,0,10.85,0,train-job-001
t0054,gpu-node-07,3,75.44,324.47,61.76,0,0,0,0,0,0,11.96,0,train-job-001
t0054,gpu-node-08,0,73.72,332.54,76.51,0,0,0,0,0,0,12.78,0,train-job-001
t0054,gpu-node-08,1,72.84,315.56,64.63,0,0,0,0,0,0,13.97,0,train-job-001
t0054,gpu-node-08,2,75.88,333.22,65.43,0,0,0,0,0,0,13.09,0,train-job-001
t0054,gpu-node-08,3,74.2,331.62,60.4,0,0,0,0,0,0,13.17,0,train-job-001
t0054,gpu-node-09,0,75.05,334.26,74.93,0,0,0,0,0,0,12.14,0,train-job-001
t0054,gpu-node-09,1,70.42,300.34,73.46,0,0,0,0,0,0,12.74,0,train-job-001
t0054,gpu-node-09,2,75.86,346.26,79.08,0,0,0,0,0,0,11.21,0,train-job-001
t0054,gpu-node-09,3,74.18,344.65,61.34,0,0,0,0,0,0,9.28,0,train-job-001
t0054,gpu-node-10,0,76.48,327.14,63.11,0,0,0,0,0,0,14.07,0,train-job-001
t0054,gpu-node-10,1,76.56,312.25,66.93,0,0,0,0,0,0,9.13,0,train-job-001
t0054,gpu-node-10,2,74.73,353.06,85.51,0,0,0,0,0,0,12.5,0,train-job-001
t0054,gpu-node-10,3,77.45,354.55,71.69,0,0,0,0,0,0,12.56,0,train-job-001
t0054,gpu-node-11,0,74.39,318.46,79.37,0,0,0,0,0,0,12.97,0,train-job-001
t0054,gpu-node-11,1,73.46,295.91,72.03,0,0,0,0,0,0,14.05,0,train-job-001
t0054,gpu-node-11,2,78.04,327.53,72.06,0,0,0,0,0,0,10.36,0,train-job-001
t0054,gpu-node-11,3,72.52,377.95,72.51,0,0,0,0,0,0,11.45,0,train-job-001
t0055,gpu-node-00,0,72.69,347.6,82.1,0,0,0,0,0,0,15.77,0,train-job-001
t0055,gpu-node-00,1,77.49,328.04,71.48,0,0,0,0,0,0,9.42,0,train-job-001
t0055,gpu-node-00,2,76.2,353.81,66.99,0,0,0,0,0,0,12.93,0,train-job-001
t0055,gpu-node-00,3,69.89,330.66,82.75,0,0,0,0,0,0,12.2,0,train-job-001
t0055,gpu-node-01,0,72.88,318.88,63.08,0,0,0,0,0,0,10.45,0,train-job-001
t0055,gpu-node-01,1,77.46,370.79,81.01,0,0,0,0,0,0,9.85,0,train-job-001
t0055,gpu-node-01,2,77.17,322.94,74.72,0,0,0,0,0,0,9.66,0,train-job-001
t0055,gpu-node-01,3,73.77,335.79,75.31,0,0,0,0,0,0,12.54,0,train-job-001
t0055,gpu-node-02,0,78.24,348.07,76.6,0,0,0,0,0,0,9.45,0,train-job-001
t0055,gpu-node-02,1,74.17,333.5,73.63,0,0,0,0,0,0,13.23,0,train-job-001
t0055,gpu-node-02,2,78.53,365.16,90.57,0,0,0,0,0,0,11.78,0,train-job-001
t0055,gpu-node-02,3,77.21,323.28,59.73,0,0,0,0,0,0,12.56,0,train-job-001
t0055,gpu-node-03,0,73.64,345.57,93.67,0,0,0,0,0,0,11.75,0,train-job-001
t0055,gpu-node-03,1,72.8,293.73,50.63,0,0,0,0,0,0,13.13,0,train-job-001
t0055,gpu-node-03,2,78.25,385.03,86.64,0,0,0,0,0,0,8.54,0,train-job-001
t0055,gpu-node-03,3,74.94,323.72,82.0,0,0,0,0,0,0,8.93,0,train-job-001
t0055,gpu-node-04,0,75.9,342.68,72.64,0,0,0,0,0,0,14.35,0,train-job-001
t0055,gpu-node-04,1,74.62,342.02,75.93,0,0,0,0,0,0,11.84,0,train-job-001
t0055,gpu-node-04,2,76.58,351.27,63.28,0,0,0,0,0,0,14.51,0,train-job-001
t0055,gpu-node-04,3,75.67,309.41,73.9,0,0,0,0,0,0,10.96,0,train-job-001
t0055,gpu-node-05,0,74.37,348.76,69.61,0,0,0,0,0,0,11.22,0,train-job-001
t0055,gpu-node-05,1,78.49,356.22,65.96,0,0,0,0,0,0,14.07,0,train-job-001
t0055,gpu-node-05,2,75.38,317.05,65.31,0,0,0,0,0,0,11.06,0,train-job-001
t0055,gpu-node-05,3,76.81,348.07,91.53,0,0,0,0,0,0,14.74,0,train-job-001
t0055,gpu-node-06,0,74.05,347.62,67.2,0,0,0,0,0,0,10.66,0,train-job-001
t0055,gpu-node-06,1,72.68,361.24,71.85,0,0,0,0,0,0,11.53,0,train-job-001
t0055,gpu-node-06,2,80.98,330.69,72.41,0,0,0,0,0,0,11.64,0,train-job-001
t0055,gpu-node-06,3,77.43,361.51,87.85,0,0,0,0,0,0,13.51,0,train-job-001
t0055,gpu-node-07,0,80.02,361.85,79.78,0,0,0,0,0,0,10.86,0,train-job-001
t0055,gpu-node-07,1,72.2,351.32,68.44,0,0,0,0,0,0,14.17,0,train-job-001
t0055,gpu-node-07,2,79.63,334.94,69.74,0,0,0,0,0,0,13.89,0,train-job-001
t0055,gpu-node-07,3,71.15,333.36,66.21,0,0,0,0,0,0,11.87,0,train-job-001
t0055,gpu-node-08,0,76.12,331.46,75.42,0,0,0,0,0,0,10.83,0,train-job-001
t0055,gpu-node-08,1,72.8,302.5,57.66,0,0,0,0,0,0,11.65,0,train-job-001
t0055,gpu-node-08,2,76.03,324.33,79.88,0,0,0,0,0,0,11.91,0,train-job-001
t0055,gpu-node-08,3,75.05,317.74,69.56,0,0,0,0,0,0,13.96,0,train-job-001
t0055,gpu-node-09,0,78.49,335.26,68.51,0,0,0,0,0,0,11.8,0,train-job-001
t0055,gpu-node-09,1,78.41,359.76,73.2,0,0,0,0,0,0,11.66,0,train-job-001
t0055,gpu-node-09,2,72.23,339.63,86.94,0,0,0,0,0,0,15.18,0,train-job-001
t0055,gpu-node-09,3,76.46,325.22,60.63,0,0,0,0,0,0,11.25,0,train-job-001
t0055,gpu-node-10,0,78.03,355.07,80.04,0,0,0,0,0,0,11.22,0,train-job-001
t0055,gpu-node-10,1,78.25,342.55,76.11,0,0,0,0,0,0,13.11,0,train-job-001
t0055,gpu-node-10,2,73.76,311.89,68.45,0,0,0,0,0,0,12.57,0,train-job-001
t0055,gpu-node-10,3,76.21,316.85,66.37,0,0,0,0,0,0,12.28,0,train-job-001
t0055,gpu-node-11,0,76.76,373.05,81.22,0,0,0,0,0,0,14.11,0,train-job-001
t0055,gpu-node-11,1,77.12,300.62,63.45,0,0,0,0,0,0,6.58,0,train-job-001
t0055,gpu-node-11,2,76.47,331.51,77.73,0,0,0,0,0,0,14.02,0,train-job-001
t0055,gpu-node-11,3,74.14,333.22,92.21,0,0,0,0,0,0,16.03,0,train-job-001
t0056,gpu-node-00,0,72.54,333.74,72.61,0,0,0,0,0,0,9.9,0,train-job-001
t0056,gpu-node-00,1,70.53,345.26,61.69,0,0,0,0,0,0,10.37,0,train-job-001
t0056,gpu-node-00,2,80.56,370.4,88.61,0,0,0,0,0,0,11.3,0,train-job-001
t0056,gpu-node-00,3,73.74,329.46,63.32,0,0,0,0,0,0,10.79,0,train-job-001
t0056,gpu-node-01,0,74.63,388.0,80.67,0,0,0,0,0,0,11.47,0,train-job-001
t0056,gpu-node-01,1,75.32,329.11,71.54,0,0,0,0,0,0,12.57,0,train-job-001
t0056,gpu-node-01,2,75.43,341.96,66.97,0,0,0,0,0,0,8.14,0,train-job-001
t0056,gpu-node-01,3,75.0,354.98,74.12,0,0,0,0,0,0,10.67,0,train-job-001
t0056,gpu-node-02,0,75.43,318.56,69.93,0,0,0,0,0,0,17.07,0,train-job-001
t0056,gpu-node-02,1,74.5,330.24,71.4,0,0,0,0,0,0,13.35,0,train-job-001
t0056,gpu-node-02,2,70.68,299.1,77.67,0,0,0,0,0,0,12.61,0,train-job-001
t0056,gpu-node-02,3,74.58,348.71,75.89,0,0,0,0,0,0,12.34,0,train-job-001
t0056,gpu-node-03,0,76.5,331.08,73.88,0,0,0,0,0,0,9.06,0,train-job-001
t0056,gpu-node-03,1,76.23,332.99,70.94,0,0,0,0,0,0,13.2,0,train-job-001
t0056,gpu-node-03,2,75.98,363.45,70.26,0,0,0,0,0,0,8.72,0,train-job-001
t0056,gpu-node-03,3,75.4,342.34,76.03,0,0,0,0,0,0,12.91,0,train-job-001
t0056,gpu-node-04,0,74.84,351.65,75.76,0,0,0,0,0,0,13.34,0,train-job-001
t0056,gpu-node-04,1,74.48,360.7,69.88,0,0,0,0,0,0,10.98,0,train-job-001
t0056,gpu-node-04,2,76.82,346.25,61.6,0,0,0,0,0,0,15.39,0,train-job-001
t0056,gpu-node-04,3,72.71,338.34,71.33,0,0,0,0,0,0,11.45,0,train-job-001
t0056,gpu-node-05,0,82.51,345.6,73.42,0,0,0,0,0,0,11.99,0,train-job-001
t0056,gpu-node-05,1,76.32,359.87,76.04,0,0,0,0,0,0,12.75,0,train-job-001
t0056,gpu-node-05,2,79.4,383.46,76.03,0,0,0,0,0,0,9.97,0,train-job-001
t0056,gpu-node-05,3,76.25,327.27,66.79,0,0,0,0,0,0,11.66,0,train-job-001
t0056,gpu-node-06,0,74.95,315.31,66.05,0,0,0,0,0,0,13.09,0,train-job-001
t0056,gpu-node-06,1,73.05,325.91,71.59,0,0,0,0,0,0,14.86,0,train-job-001
t0056,gpu-node-06,2,76.46,312.32,70.31,0,0,0,0,0,0,11.22,0,train-job-001
t0056,gpu-node-06,3,82.12,359.01,87.37,0,0,0,0,0,0,12.85,0,train-job-001
t0056,gpu-node-07,0,70.72,269.95,59.57,0,0,0,0,0,0,10.03,0,train-job-001
t0056,gpu-node-07,1,73.71,355.31,66.85,0,0,0,0,0,0,13.74,0,train-job-001
t0056,gpu-node-07,2,76.09,349.72,73.74,0,0,0,0,0,0,13.37,0,train-job-001
t0056,gpu-node-07,3,74.04,315.34,61.28,0,0,0,0,0,0,10.09,0,train-job-001
t0056,gpu-node-08,0,74.1,350.41,68.12,0,0,0,0,0,0,15.01,0,train-job-001
t0056,gpu-node-08,1,77.29,378.82,89.17,0,0,0,0,0,0,8.22,0,train-job-001
t0056,gpu-node-08,2,74.26,316.73,63.18,0,0,0,0,0,0,12.98,0,train-job-001
t0056,gpu-node-08,3,76.5,341.42,81.52,0,0,0,0,0,0,11.9,0,train-job-001
t0056,gpu-node-09,0,76.61,342.07,76.58,0,0,0,0,0,0,12.85,0,train-job-001
t0056,gpu-node-09,1,76.6,361.47,85.93,0,0,0,0,0,0,13.68,0,train-job-001
t0056,gpu-node-09,2,76.35,314.5,68.74,0,0,0,0,0,0,13.11,0,train-job-001
t0056,gpu-node-09,3,74.16,316.92,68.29,0,0,0,0,0,0,10.63,0,train-job-001
t0056,gpu-node-10,0,82.05,382.27,86.92,0,0,0,0,0,0,12.25,0,train-job-001
t0056,gpu-node-10,1,79.49,332.35,63.75,0,0,0,0,0,0,9.85,0,train-job-001
t0056,gpu-node-10,2,79.77,361.55,80.53,0,0,0,0,0,0,12.06,0,train-job-001
t0056,gpu-node-10,3,77.66,342.0,65.87,0,0,0,0,0,0,16.77,0,train-job-001
t0056,gpu-node-11,0,71.13,340.19,67.87,0,0,0,0,0,0,15.2,0,train-job-001
t0056,gpu-node-11,1,77.12,336.81,62.31,0,0,0,0,0,0,9.43,0,train-job-001
t0056,gpu-node-11,2,73.87,306.82,69.09,0,0,0,0,0,0,11.25,0,train-job-001
t0056,gpu-node-11,3,80.5,344.03,65.08,0,0,0,0,0,0,13.48,0,train-job-001
t0057,gpu-node-00,0,77.96,363.15,75.63,0,0,0,0,0,0,14.31,0,train-job-001
t0057,gpu-node-00,1,78.92,323.85,76.0,0,0,0,0,0,0,11.83,0,train-job-001
t0057,gpu-node-00,2,74.64,342.1,82.02,0,0,0,0,0,0,9.17,0,train-job-001
t0057,gpu-node-00,3,75.47,336.55,71.44,0,0,0,0,0,0,12.81,0,train-job-001
t0057,gpu-node-01,0,72.58,317.33,62.63,0,0,0,0,0,0,13.08,0,train-job-001
t0057,gpu-node-01,1,73.46,309.9,72.3,0,0,0,0,0,0,11.7,0,train-job-001
t0057,gpu-node-01,2,76.41,347.7,73.19,0,0,0,0,0,0,14.42,0,train-job-001
t0057,gpu-node-01,3,70.05,302.87,66.19,0,0,0,0,0,0,11.21,0,train-job-001
t0057,gpu-node-02,0,77.56,292.76,63.57,0,0,0,0,0,0,10.5,0,train-job-001
t0057,gpu-node-02,1,69.46,330.01,75.89,0,0,0,0,0,0,12.48,0,train-job-001
t0057,gpu-node-02,2,78.53,306.39,62.89,0,0,0,0,0,0,10.64,0,train-job-001
t0057,gpu-node-02,3,72.43,349.9,69.79,0,0,0,0,0,0,12.99,0,train-job-001
t0057,gpu-node-03,0,74.21,278.15,53.99,0,0,0,0,0,0,10.46,0,train-job-001
t0057,gpu-node-03,1,75.73,363.06,72.57,0,0,0,0,0,0,14.18,0,train-job-001
t0057,gpu-node-03,2,69.7,303.71,67.69,0,0,0,0,0,0,12.64,0,train-job-001
t0057,gpu-node-03,3,74.16,333.3,58.62,0,0,0,0,0,0,11.39,0,train-job-001
t0057,gpu-node-04,0,73.09,307.51,63.7,0,0,0,0,0,0,13.74,0,train-job-001
t0057,gpu-node-04,1,72.56,336.04,76.8,0,0,0,0,0,0,12.03,0,train-job-001
t0057,gpu-node-04,2,68.69,337.9,77.52,0,0,0,0,0,0,8.4,0,train-job-001
t0057,gpu-node-04,3,77.52,377.0,83.67,0,0,0,0,0,0,11.21,0,train-job-001
t0057,gpu-node-05,0,77.4,370.07,71.82,0,0,0,0,0,0,16.01,0,train-job-001
t0057,gpu-node-05,1,74.7,339.27,60.39,0,0,0,0,0,0,11.13,0,train-job-001
t0057,gpu-node-05,2,77.1,347.04,83.31,0,0,0,0,0,0,15.03,0,train-job-001
t0057,gpu-node-05,3,73.5,338.4,82.97,0,0,0,0,0,0,12.14,0,train-job-001
t0057,gpu-node-06,0,75.29,307.11,64.3,0,0,0,0,0,0,11.77,0,train-job-001
t0057,gpu-node-06,1,76.18,346.72,67.17,0,0,0,0,0,0,13.54,0,train-job-001
t0057,gpu-node-06,2,73.01,314.89,66.57,0,0,0,0,0,0,13.27,0,train-job-001
t0057,gpu-node-06,3,81.23,371.31,66.43,0,0,0,0,0,0,11.22,0,train-job-001
t0057,gpu-node-07,0,73.26,350.59,65.06,0,0,0,0,0,0,8.52,0,train-job-001
t0057,gpu-node-07,1,76.36,373.4,81.21,0,0,0,0,0,0,13.26,0,train-job-001
t0057,gpu-node-07,2,73.41,308.15,54.94,0,0,0,0,0,0,14.79,0,train-job-001
t0057,gpu-node-07,3,74.53,323.57,56.74,0,0,0,0,0,0,9.34,0,train-job-001
t0057,gpu-node-08,0,73.56,348.0,72.91,0,0,0,0,0,0,10.37,0,train-job-001
t0057,gpu-node-08,1,80.59,351.19,73.16,0,0,0,0,0,0,11.53,0,train-job-001
t0057,gpu-node-08,2,73.87,333.34,88.07,0,0,0,0,0,0,10.78,0,train-job-001
t0057,gpu-node-08,3,71.89,324.07,67.47,0,0,0,0,0,0,14.26,0,train-job-001
t0057,gpu-node-09,0,73.88,348.53,71.31,0,0,0,0,0,0,11.26,0,train-job-001
t0057,gpu-node-09,1,76.04,332.61,73.79,0,0,0,0,0,0,10.5,0,train-job-001
t0057,gpu-node-09,2,76.25,352.14,86.78,0,0,0,0,0,0,10.77,0,train-job-001
t0057,gpu-node-09,3,78.21,335.66,68.9,0,0,0,0,0,0,7.93,0,train-job-001
t0057,gpu-node-10,0,75.32,347.09,72.91,0,0,0,0,0,0,17.39,0,train-job-001
t0057,gpu-node-10,1,80.44,339.89,89.27,0,0,0,0,0,0,8.65,0,train-job-001
t0057,gpu-node-10,2,71.38,351.48,75.54,0,0,0,0,0,0,12.47,0,train-job-001
t0057,gpu-node-10,3,75.27,354.8,77.85,0,0,0,0,0,0,12.66,0,train-job-001
t0057,gpu-node-11,0,73.95,320.5,75.47,0,0,0,0,0,0,9.17,0,train-job-001
t0057,gpu-node-11,1,79.43,324.7,74.4,0,0,0,0,0,0,12.08,0,train-job-001
t0057,gpu-node-11,2,73.42,314.66,74.54,0,0,0,0,0,0,9.98,0,train-job-001
t0057,gpu-node-11,3,69.66,344.91,75.46,0,0,0,0,0,0,14.28,0,train-job-001
t0058,gpu-node-00,0,72.47,318.96,69.44,0,0,0,0,0,0,14.2,0,train-job-001
t0058,gpu-node-00,1,78.59,312.46,64.61,0,0,0,0,0,0,13.0,0,train-job-001
t0058,gpu-node-00,2,75.82,324.01,62.88,0,0,0,0,0,0,13.9,0,train-job-001
t0058,gpu-node-00,3,74.2,370.38,93.26,0,0,0,0,0,0,12.2,0,train-job-001
t0058,gpu-node-01,0,71.33,326.59,55.63,0,0,0,0,0,0,10.73,0,train-job-001
t0058,gpu-node-01,1,74.32,313.14,79.06,0,0,0,0,0,0,12.19,0,train-job-001
t0058,gpu-node-01,2,68.87,318.47,68.02,0,0,0,0,0,0,10.94,0,train-job-001
t0058,gpu-node-01,3,75.76,318.72,58.52,0,0,0,0,0,0,8.24,0,train-job-001
t0058,gpu-node-02,0,73.48,332.78,72.11,0,0,0,0,0,0,13.59,0,train-job-001
t0058,gpu-node-02,1,76.83,313.5,85.31,0,0,0,0,0,0,14.03,0,train-job-001
t0058,gpu-node-02,2,78.4,295.22,72.17,0,0,0,0,0,0,14.43,0,train-job-001
t0058,gpu-node-02,3,70.35,296.47,66.65,0,0,0,0,0,0,16.37,0,train-job-001
t0058,gpu-node-03,0,73.18,334.8,69.27,0,0,0,0,0,0,10.56,0,train-job-001
t0058,gpu-node-03,1,74.83,357.86,80.99,0,0,0,0,0,0,14.5,0,train-job-001
t0058,gpu-node-03,2,77.03,353.15,83.94,0,0,0,0,0,0,10.53,0,train-job-001
t0058,gpu-node-03,3,74.14,312.63,67.55,0,0,0,0,0,0,11.46,0,train-job-001
t0058,gpu-node-04,0,77.93,376.13,88.97,0,0,0,0,0,0,13.89,0,train-job-001
t0058,gpu-node-04,1,72.89,345.86,66.43,0,0,0,0,0,0,11.01,0,train-job-001
t0058,gpu-node-04,2,74.0,334.68,62.23,0,0,0,0,0,0,14.18,0,train-job-001
t0058,gpu-node-04,3,76.11,343.21,78.94,0,0,0,0,0,0,9.53,0,train-job-001
t0058,gpu-node-05,0,76.84,353.45,83.93,0,0,0,0,0,0,13.8,0,train-job-001
t0058,gpu-node-05,1,76.38,347.83,83.86,0,0,0,0,0,0,13.14,0,train-job-001
t0058,gpu-node-05,2,75.98,301.63,54.16,0,0,0,0,0,0,9.66,0,train-job-001
t0058,gpu-node-05,3,75.61,330.02,76.43,0,0,0,0,0,0,12.14,0,train-job-001
t0058,gpu-node-06,0,71.38,326.34,61.26,0,0,0,0,0,0,13.42,0,train-job-001
t0058,gpu-node-06,1,76.62,339.11,68.59,0,0,0,0,0,0,11.86,0,train-job-001
t0058,gpu-node-06,2,73.91,367.22,84.0,0,0,0,0,0,0,9.8,0,train-job-001
t0058,gpu-node-06,3,75.39,298.45,58.34,0,0,0,0,0,0,14.65,0,train-job-001
t0058,gpu-node-07,0,72.77,340.72,68.66,0,0,0,0,0,0,12.2,0,train-job-001
t0058,gpu-node-07,1,72.13,353.75,71.95,0,0,0,0,0,0,14.55,0,train-job-001
t0058,gpu-node-07,2,79.05,370.03,85.21,0,0,0,0,0,0,10.98,0,train-job-001
t0058,gpu-node-07,3,76.13,344.0,60.32,0,0,0,0,0,0,13.63,0,train-job-001
t0058,gpu-node-08,0,71.7,337.08,78.09,0,0,0,0,0,0,10.79,0,train-job-001
t0058,gpu-node-08,1,74.27,336.19,65.13,0,0,0,0,0,0,12.21,0,train-job-001
t0058,gpu-node-08,2,75.68,330.74,68.55,0,0,0,0,0,0,11.71,0,train-job-001
t0058,gpu-node-08,3,76.28,342.77,75.26,0,0,0,0,0,0,13.61,0,train-job-001
t0058,gpu-node-09,0,77.15,359.37,81.6,0,0,0,0,0,0,9.41,0,train-job-001
t0058,gpu-node-09,1,73.57,331.15,66.42,0,0,0,0,0,0,15.5,0,train-job-001
t0058,gpu-node-09,2,75.32,338.09,85.91,0,0,0,0,0,0,11.18,0,train-job-001
t0058,gpu-node-09,3,73.59,311.52,69.52,0,0,0,0,0,0,12.57,0,train-job-001
t0058,gpu-node-10,0,75.39,392.45,77.36,0,0,0,0,0,0,13.19,0,train-job-001
t0058,gpu-node-10,1,74.52,330.52,63.39,0,0,0,0,0,0,11.76,0,train-job-001
t0058,gpu-node-10,2,75.73,362.84,86.17,0,0,0,0,0,0,13.49,0,train-job-001
t0058,gpu-node-10,3,70.76,345.45,77.91,0,0,0,0,0,0,11.84,0,train-job-001
t0058,gpu-node-11,0,81.85,329.62,71.44,0,0,0,0,0,0,8.38,0,train-job-001
t0058,gpu-node-11,1,73.77,344.61,61.91,0,0,0,0,0,0,9.69,0,train-job-001
t0058,gpu-node-11,2,77.81,300.65,57.07,0,0,0,0,0,0,14.27,0,train-job-001
t0058,gpu-node-11,3,72.92,329.51,65.12,0,0,0,0,0,0,9.89,0,train-job-001
t0059,gpu-node-00,0,75.69,328.69,80.44,0,0,0,0,0,0,13.28,0,train-job-001
t0059,gpu-node-00,1,71.25,325.45,65.37,0,0,0,0,0,0,8.51,0,train-job-001
t0059,gpu-node-00,2,76.05,335.1,85.2,0,0,0,0,0,0,12.35,0,train-job-001
t0059,gpu-node-00,3,77.53,360.96,71.73,0,0,0,0,0,0,13.27,0,train-job-001
t0059,gpu-node-01,0,73.46,322.63,64.43,0,0,0,0,0,0,11.33,0,train-job-001
t0059,gpu-node-01,1,72.58,341.48,70.15,0,0,0,0,0,0,12.01,0,train-job-001
t0059,gpu-node-01,2,76.64,287.99,69.79,0,0,0,0,0,0,11.62,0,train-job-001
t0059,gpu-node-01,3,77.57,346.72,86.58,0,0,0,0,0,0,12.97,0,train-job-001
t0059,gpu-node-02,0,77.56,364.39,72.53,0,0,0,0,0,0,12.3,0,train-job-001
t0059,gpu-node-02,1,76.45,328.25,80.34,0,0,0,0,0,0,10.25,0,train-job-001
t0059,gpu-node-02,2,75.77,340.96,82.22,0,0,0,0,0,0,12.73,0,train-job-001
t0059,gpu-node-02,3,75.18,344.45,86.55,0,0,0,0,0,0,13.91,0,train-job-001
t0059,gpu-node-03,0,75.56,308.76,72.75,0,0,0,0,0,0,13.64,0,train-job-001
t0059,gpu-node-03,1,80.0,336.8,76.59,0,0,0,0,0,0,9.72,0,train-job-001
t0059,gpu-node-03,2,73.33,317.44,59.34,0,0,0,0,0,0,11.87,0,train-job-001
t0059,gpu-node-03,3,71.99,319.21,68.94,0,0,0,0,0,0,13.96,0,train-job-001
t0059,gpu-node-04,0,73.97,382.01,86.7,0,0,0,0,0,0,12.98,0,train-job-001
t0059,gpu-node-04,1,73.34,310.33,55.36,0,0,0,0,0,0,10.12,0,train-job-001
t0059,gpu-node-04,2,80.07,365.16,69.83,0,0,0,0,0,0,11.67,0,train-job-001
t0059,gpu-node-04,3,74.52,318.78,80.74,0,0,0,0,0,0,12.58,0,train-job-001
t0059,gpu-node-05,0,78.56,363.64,82.13,0,0,0,0,0,0,11.78,0,train-job-001
t0059,gpu-node-05,1,81.3,347.98,93.06,0,0,0,0,0,0,12.6,0,train-job-001
t0059,gpu-node-05,2,69.37,317.07,71.09,0,0,0,0,0,0,12.5,0,train-job-001
t0059,gpu-node-05,3,73.81,302.04,64.85,0,0,0,0,0,0,12.38,0,train-job-001
t0059,gpu-node-06,0,75.55,344.54,82.83,0,0,0,0,0,0,17.82,0,train-job-001
t0059,gpu-node-06,1,71.04,317.23,68.9,0,0,0,0,0,0,13.02,0,train-job-001
t0059,gpu-node-06,2,77.65,378.34,79.27,0,0,0,0,0,0,13.86,0,train-job-001
t0059,gpu-node-06,3,71.59,323.01,68.09,0,0,0,0,0,0,9.2,0,train-job-001
t0059,gpu-node-07,0,74.21,353.91,80.54,0,0,0,0,0,0,10.22,0,train-job-001
t0059,gpu-node-07,1,76.34,336.63,58.21,0,0,0,0,0,0,13.48,0,train-job-001
t0059,gpu-node-07,2,72.51,317.98,73.23,0,0,0,0,0,0,11.88,0,train-job-001
t0059,gpu-node-07,3,74.01,304.54,69.89,0,0,0,0,0,0,15.34,0,train-job-001
t0059,gpu-node-08,0,72.35,332.01,81.17,0,0,0,0,0,0,10.42,0,train-job-001
t0059,gpu-node-08,1,74.25,308.58,66.61,0,0,0,0,0,0,12.26,0,train-job-001
t0059,gpu-node-08,2,72.23,340.07,78.46,0,0,0,0,0,0,11.57,0,train-job-001
t0059,gpu-node-08,3,80.64,350.84,79.79,0,0,0,0,0,0,11.47,0,train-job-001
t0059,gpu-node-09,0,80.79,374.9,86.3,0,0,0,0,0,0,13.92,0,train-job-001
t0059,gpu-node-09,1,75.13,342.42,70.45,0,0,0,0,0,0,11.08,0,train-job-001
t0059,gpu-node-09,2,73.19,336.26,80.52,0,0,0,0,0,0,16.69,0,train-job-001
t0059,gpu-node-09,3,76.45,306.51,60.46,0,0,0,0,0,0,15.07,0,train-job-001
t0059,gpu-node-10,0,81.58,364.33,77.35,0,0,0,0,0,0,14.17,0,train-job-001
t0059,gpu-node-10,1,82.83,337.54,72.66,0,0,0,0,0,0,11.61,0,train-job-001
t0059,gpu-node-10,2,80.28,348.1,64.28,0,0,0,0,0,0,13.96,0,train-job-001
t0059,gpu-node-10,3,77.3,341.74,71.37,0,0,0,0,0,0,15.64,0,train-job-001
t0059,gpu-node-11,0,74.88,327.96,80.66,0,0,0,0,0,0,10.61,0,train-job-001
t0059,gpu-node-11,1,73.86,310.88,77.82,0,0,0,0,0,0,8.39,0,train-job-001
t0059,gpu-node-11,2,79.23,339.44,78.58,0,0,0,0,0,0,6.73,0,train-job-001
t0059,gpu-node-11,3,77.08,340.22,63.27,0,0,0,0,0,0,12.24,0,train-job-001
t0060,gpu-node-00,0,79.41,303.18,60.84,0,0,0,0,0,0,13.26,0,train-job-001
t0060,gpu-node-00,1,73.88,334.3,74.55,0,0,0,0,0,0,10.8,0,train-job-001
t0060,gpu-node-00,2,72.66,344.05,66.76,0,0,0,0,0,0,10.17,0,train-job-001
t0060,gpu-node-00,3,76.03,347.66,79.56,0,0,0,0,0,0,14.34,0,train-job-001
t0060,gpu-node-01,0,74.18,337.24,61.08,0,0,0,0,0,0,8.42,0,train-job-001
t0060,gpu-node-01,1,79.95,312.74,73.41,0,0,0,0,0,0,13.61,0,train-job-001
t0060,gpu-node-01,2,76.29,332.37,84.34,0,0,0,0,0,0,16.38,0,train-job-001
t0060,gpu-node-01,3,76.79,320.94,61.02,0,0,0,0,0,0,12.57,0,train-job-001
t0060,gpu-node-02,0,79.12,335.29,73.4,0,0,0,0,0,0,12.21,0,train-job-001
t0060,gpu-node-02,1,74.28,361.25,66.3,0,0,0,0,0,0,12.47,0,train-job-001
t0060,gpu-node-02,2,72.05,356.23,76.44,0,0,0,0,0,0,10.32,0,train-job-001
t0060,gpu-node-02,3,75.79,348.22,83.12,0,0,0,0,0,0,8.83,0,train-job-001
t0060,gpu-node-03,0,73.71,347.09,74.37,0,0,0,0,0,0,15.39,0,train-job-001
t0060,gpu-node-03,1,75.53,335.41,69.57,0,0,0,0,0,0,15.98,0,train-job-001
t0060,gpu-node-03,2,72.22,323.5,70.38,0,0,0,0,0,0,12.08,0,train-job-001
t0060,gpu-node-03,3,78.22,337.31,74.34,0,0,0,0,0,0,12.46,0,train-job-001
t0060,gpu-node-04,0,75.81,333.7,76.9,0,0,0,0,0,0,13.5,0,train-job-001
t0060,gpu-node-04,1,70.78,328.19,62.39,0,0,0,0,0,0,11.82,0,train-job-001
t0060,gpu-node-04,2,72.49,322.97,72.1,0,0,0,0,0,0,9.72,0,train-job-001
t0060,gpu-node-04,3,78.71,350.25,71.84,0,0,0,0,0,0,11.39,0,train-job-001
t0060,gpu-node-05,0,77.34,362.3,69.46,0,0,0,0,0,0,8.94,0,train-job-001
t0060,gpu-node-05,1,77.12,360.62,75.22,0,0,0,0,0,0,11.02,0,train-job-001
t0060,gpu-node-05,2,74.15,317.78,70.09,0,0,0,0,0,0,11.1,0,train-job-001
t0060,gpu-node-05,3,72.11,334.92,77.96,0,0,0,0,0,0,10.69,0,train-job-001
t0060,gpu-node-06,0,74.17,343.0,79.09,0,0,0,0,0,0,11.34,0,train-job-001
t0060,gpu-node-06,1,75.1,344.71,69.69,0,0,0,0,0,0,14.48,0,train-job-001
t0060,gpu-node-06,2,73.2,333.37,58.41,0,0,0,0,0,0,14.08,0,train-job-001
t0060,gpu-node-06,3,79.33,359.26,83.43,0,0,0,0,0,0,11.61,0,train-job-001
t0060,gpu-node-07,0,77.81,340.81,85.89,0,0,0,0,0,0,8.97,0,train-job-001
t0060,gpu-node-07,1,75.77,368.02,81.57,0,0,0,0,0,0,14.83,0,train-job-001
t0060,gpu-node-07,2,72.27,316.42,65.96,0,0,0,0,0,0,8.51,0,train-job-001
t0060,gpu-node-07,3,76.86,345.28,75.06,0,0,0,0,0,0,11.5,0,train-job-001
t0060,gpu-node-08,0,73.51,351.91,62.8,0,0,0,0,0,0,13.4,0,train-job-001
t0060,gpu-node-08,1,77.55,323.53,61.91,0,0,0,0,0,0,9.8,0,train-job-001
t0060,gpu-node-08,2,77.03,325.76,66.15,0,0,0,0,0,0,8.4,0,train-job-001
t0060,gpu-node-08,3,78.25,363.04,65.0,0,0,0,0,0,0,10.76,0,train-job-001
t0060,gpu-node-09,0,71.75,324.09,72.86,0,0,0,0,0,0,10.4,0,train-job-001
t0060,gpu-node-09,1,75.6,327.83,70.48,0,0,0,0,0,0,12.94,0,train-job-001
t0060,gpu-node-09,2,73.49,337.15,75.27,0,0,0,0,0,0,11.52,0,train-job-001
t0060,gpu-node-09,3,71.44,282.87,60.93,0,0,0,0,0,0,11.32,0,train-job-001
t0060,gpu-node-10,0,75.75,343.87,78.6,0,0,0,0,0,0,11.07,0,train-job-001
t0060,gpu-node-10,1,76.84,375.37,73.47,0,0,0,0,0,0,9.17,0,train-job-001
t0060,gpu-node-10,2,77.08,339.85,86.46,0,0,0,0,0,0,9.56,0,train-job-001
t0060,gpu-node-10,3,76.55,309.83,72.31,0,0,0,0,0,0,12.93,0,train-job-001
t0060,gpu-node-11,0,73.51,318.35,59.44,0,0,0,0,0,0,11.73,0,train-job-001
t0060,gpu-node-11,1,68.47,314.46,78.69,0,0,0,0,0,0,13.3,0,train-job-001
t0060,gpu-node-11,2,72.72,309.49,82.35,0,0,0,0,0,0,10.44,0,train-job-001
t0060,gpu-node-11,3,72.74,316.39,71.88,0,0,0,0,0,0,11.68,0,train-job-001
t0061,gpu-node-00,0,75.34,321.5,74.4,0,0,0,0,0,0,12.79,0,train-job-001
t0061,gpu-node-00,1,77.76,340.63,70.72,0,0,0,0,0,0,14.02,0,train-job-001
t0061,gpu-node-00,2,68.33,331.0,77.5,0,0,0,0,0,0,13.7,0,train-job-001
t0061,gpu-node-00,3,72.96,331.73,74.06,0,0,0,0,0,0,12.5,0,train-job-001
t0061,gpu-node-01,0,77.21,348.02,81.03,0,0,0,0,0,0,10.01,0,train-job-001
t0061,gpu-node-01,1,74.58,345.8,78.8,0,0,0,0,0,0,11.22,0,train-job-001
t0061,gpu-node-01,2,75.29,316.09,74.09,0,0,0,0,0,0,13.06,0,train-job-001
t0061,gpu-node-01,3,79.58,349.21,78.77,0,0,0,0,0,0,12.3,0,train-job-001
t0061,gpu-node-02,0,76.93,321.34,71.5,0,0,0,0,0,0,8.5,0,train-job-001
t0061,gpu-node-02,1,76.75,360.13,78.32,0,0,0,0,0,0,11.5,0,train-job-001
t0061,gpu-node-02,2,73.44,318.82,83.34,0,0,0,0,0,0,12.45,0,train-job-001
t0061,gpu-node-02,3,78.21,365.77,79.96,0,0,0,0,0,0,9.25,0,train-job-001
t0061,gpu-node-03,0,71.69,332.77,67.4,0,0,0,0,0,0,12.87,0,train-job-001
t0061,gpu-node-03,1,71.09,329.66,70.08,0,0,0,0,0,0,10.6,0,train-job-001
t0061,gpu-node-03,2,73.12,368.77,75.63,0,0,0,0,0,0,13.26,0,train-job-001
t0061,gpu-node-03,3,73.37,344.72,64.15,0,0,0,0,0,0,10.67,0,train-job-001
t0061,gpu-node-04,0,72.57,337.05,72.31,0,0,0,0,0,0,11.63,0,train-job-001
t0061,gpu-node-04,1,76.64,363.49,74.42,0,0,0,0,0,0,10.18,0,train-job-001
t0061,gpu-node-04,2,73.63,377.62,88.62,0,0,0,0,0,0,12.61,0,train-job-001
t0061,gpu-node-04,3,73.27,343.01,70.64,0,0,0,0,0,0,11.93,0,train-job-001
t0061,gpu-node-05,0,74.82,347.72,83.5,0,0,0,0,0,0,11.94,0,train-job-001
t0061,gpu-node-05,1,73.44,295.45,75.06,0,0,0,0,0,0,14.42,0,train-job-001
t0061,gpu-node-05,2,71.7,315.75,60.8,0,0,0,0,0,0,12.68,0,train-job-001
t0061,gpu-node-05,3,75.64,346.58,78.52,0,0,0,0,0,0,12.43,0,train-job-001
t0061,gpu-node-06,0,76.48,331.9,69.02,0,0,0,0,0,0,11.83,0,train-job-001
t0061,gpu-node-06,1,74.14,371.13,82.24,0,0,0,0,0,0,10.5,0,train-job-001
t0061,gpu-node-06,2,73.68,331.33,57.04,0,0,0,0,0,0,14.22,0,train-job-001
t0061,gpu-node-06,3,72.15,329.99,63.73,0,0,0,0,0,0,11.12,0,train-job-001
t0061,gpu-node-07,0,75.92,330.26,65.67,0,0,0,0,0,0,11.45,0,train-job-001
t0061,gpu-node-07,1,75.48,298.9,65.16,0,0,0,0,0,0,12.95,0,train-job-001
t0061,gpu-node-07,2,76.29,351.74,70.74,0,0,0,0,0,0,14.02,0,train-job-001
t0061,gpu-node-07,3,73.96,341.11,73.95,0,0,0,0,0,0,11.72,0,train-job-001
t0061,gpu-node-08,0,71.51,341.01,70.5,0,0,0,0,0,0,11.77,0,train-job-001
t0061,gpu-node-08,1,72.61,310.68,62.77,0,0,0,0,0,0,9.04,0,train-job-001
t0061,gpu-node-08,2,73.16,339.36,76.64,0,0,0,0,0,0,14.9,0,train-job-001
t0061,gpu-node-08,3,75.77,341.2,77.94,0,0,0,0,0,0,9.58,0,train-job-001
t0061,gpu-node-09,0,76.3,325.07,63.81,0,0,0,0,0,0,12.39,0,train-job-001
t0061,gpu-node-09,1,73.59,342.75,69.0,0,0,0,0,0,0,11.76,0,train-job-001
t0061,gpu-node-09,2,78.77,343.94,77.62,0,0,0,0,0,0,15.03,0,train-job-001
t0061,gpu-node-09,3,75.84,328.84,60.38,0,0,0,0,0,0,13.7,0,train-job-001
t0061,gpu-node-10,0,74.74,340.57,70.51,0,0,0,0,0,0,13.91,0,train-job-001
t0061,gpu-node-10,1,72.78,316.15,62.45,0,0,0,0,0,0,10.36,0,train-job-001
t0061,gpu-node-10,2,75.49,326.74,60.95,0,0,0,0,0,0,12.52,0,train-job-001
t0061,gpu-node-10,3,73.7,326.69,72.09,0,0,0,0,0,0,11.57,0,train-job-001
t0061,gpu-node-11,0,73.13,333.36,69.82,0,0,0,0,0,0,14.5,0,train-job-001
t0061,gpu-node-11,1,74.37,333.91,71.79,0,0,0,0,0,0,13.14,0,train-job-001
t0061,gpu-node-11,2,74.83,367.01,78.42,0,0,0,0,0,0,10.08,0,train-job-001
t0061,gpu-node-11,3,74.47,345.43,67.01,0,0,0,0,0,0,10.06,0,train-job-001
t0062,gpu-node-00,0,78.51,366.71,80.89,0,0,0,0,0,0,9.47,0,train-job-001
t0062,gpu-node-00,1,79.58,356.06,83.23,0,0,0,0,0,0,14.15,0,train-job-001
t0062,gpu-node-00,2,74.02,335.07,69.95,0,0,0,0,0,0,15.17,0,train-job-001
t0062,gpu-node-00,3,74.03,332.58,75.87,0,0,0,0,0,0,11.66,0,train-job-001
t0062,gpu-node-01,0,72.01,323.46,64.39,0,0,0,0,0,0,11.49,0,train-job-001
t0062,gpu-node-01,1,68.95,341.33,80.82,0,0,0,0,0,0,14.72,0,train-job-001
t0062,gpu-node-01,2,76.3,318.3,63.99,0,0,0,0,0,0,12.07,0,train-job-001
t0062,gpu-node-01,3,75.45,371.32,84.47,0,0,0,0,0,0,10.42,0,train-job-001
t0062,gpu-node-02,0,79.09,348.59,82.91,0,0,0,0,0,0,14.48,0,train-job-001
t0062,gpu-node-02,1,75.03,301.96,67.91,0,0,0,0,0,0,11.15,0,train-job-001
t0062,gpu-node-02,2,76.34,345.38,68.82,0,0,0,0,0,0,13.27,0,train-job-001
t0062,gpu-node-02,3,73.56,349.99,68.99,0,0,0,0,0,0,8.71,0,train-job-001
t0062,gpu-node-03,0,74.72,351.1,71.33,0,0,0,0,0,0,11.83,0,train-job-001
t0062,gpu-node-03,1,75.61,312.86,65.05,0,0,0,0,0,0,10.42,0,train-job-001
t0062,gpu-node-03,2,75.84,349.84,75.86,0,0,0,0,0,0,11.83,0,train-job-001
t0062,gpu-node-03,3,75.85,321.11,71.77,0,0,0,0,0,0,12.85,0,train-job-001
t0062,gpu-node-04,0,76.61,324.7,83.9,0,0,0,0,0,0,11.98,0,train-job-001
t0062,gpu-node-04,1,74.38,327.15,69.81,0,0,0,0,0,0,12.49,0,train-job-001
t0062,gpu-node-04,2,72.96,324.15,59.41,0,0,0,0,0,0,12.01,0,train-job-001
t0062,gpu-node-04,3,73.42,359.48,84.19,0,0,0,0,0,0,14.07,0,train-job-001
t0062,gpu-node-05,0,77.24,335.72,76.21,0,0,0,0,0,0,13.1,0,train-job-001
t0062,gpu-node-05,1,70.99,348.17,65.83,0,0,0,0,0,0,12.41,0,train-job-001
t0062,gpu-node-05,2,75.37,368.56,91.22,0,0,0,0,0,0,10.74,0,train-job-001
t0062,gpu-node-05,3,78.58,358.38,66.28,0,0,0,0,0,0,12.68,0,train-job-001
t0062,gpu-node-06,0,75.4,334.18,60.89,0,0,0,0,0,0,11.1,0,train-job-001
t0062,gpu-node-06,1,75.52,309.72,66.89,0,0,0,0,0,0,10.26,0,train-job-001
t0062,gpu-node-06,2,74.13,349.15,74.13,0,0,0,0,0,0,15.68,0,train-job-001
t0062,gpu-node-06,3,77.18,351.49,72.34,0,0,0,0,0,0,12.16,0,train-job-001
t0062,gpu-node-07,0,73.16,324.06,76.47,0,0,0,0,0,0,11.51,0,train-job-001
t0062,gpu-node-07,1,78.32,334.95,58.93,0,0,0,0,0,0,12.88,0,train-job-001
t0062,gpu-node-07,2,74.44,324.38,66.1,0,0,0,0,0,0,9.91,0,train-job-001
t0062,gpu-node-07,3,73.02,335.26,83.47,0,0,0,0,0,0,8.8,0,train-job-001
t0062,gpu-node-08,0,74.43,349.01,76.56,0,0,0,0,0,0,11.99,0,train-job-001
t0062,gpu-node-08,1,74.19,352.45,63.43,0,0,0,0,0,0,12.42,0,train-job-001
t0062,gpu-node-08,2,77.3,336.82,75.74,0,0,0,0,0,0,12.43,0,train-job-001
t0062,gpu-node-08,3,73.11,308.78,75.78,0,0,0,0,0,0,12.75,0,train-job-001
t0062,gpu-node-09,0,74.25,292.75,67.89,0,0,0,0,0,0,12.61,0,train-job-001
t0062,gpu-node-09,1,79.49,358.71,79.76,0,0,0,0,0,0,10.4,0,train-job-001
t0062,gpu-node-09,2,75.42,324.21,64.95,0,0,0,0,0,0,11.06,0,train-job-001
t0062,gpu-node-09,3,72.9,322.2,73.85,0,0,0,0,0,0,12.77,0,train-job-001
t0062,gpu-node-10,0,71.9,321.71,64.95,0,0,0,0,0,0,11.24,0,train-job-001
t0062,gpu-node-10,1,76.17,309.55,72.89,0,0,0,0,0,0,12.05,0,train-job-001
t0062,gpu-node-10,2,78.76,372.29,82.86,0,0,0,0,0,0,10.27,0,train-job-001
t0062,gpu-node-10,3,72.31,330.65,78.98,0,0,0,0,0,0,12.21,0,train-job-001
t0062,gpu-node-11,0,75.15,336.03,77.66,0,0,0,0,0,0,11.28,0,train-job-001
t0062,gpu-node-11,1,74.95,356.68,67.41,0,0,0,0,0,0,9.76,0,train-job-001
t0062,gpu-node-11,2,77.54,328.65,55.81,0,0,0,0,0,0,13.42,0,train-job-001
t0062,gpu-node-11,3,75.58,328.19,77.5,0,0,0,0,0,0,14.9,0,train-job-001
t0063,gpu-node-00,0,79.21,356.68,81.27,0,0,0,0,0,0,12.32,0,train-job-001
t0063,gpu-node-00,1,70.03,326.47,81.52,0,0,0,0,0,0,13.08,0,train-job-001
t0063,gpu-node-00,2,76.48,336.37,70.54,0,0,0,0,0,0,12.32,0,train-job-001
t0063,gpu-node-00,3,81.02,359.71,84.89,0,0,0,0,0,0,12.03,0,train-job-001
t0063,gpu-node-01,0,77.59,335.14,76.38,0,0,0,0,0,0,10.45,0,train-job-001
t0063,gpu-node-01,1,77.91,306.19,73.77,0,0,0,0,0,0,12.15,0,train-job-001
t0063,gpu-node-01,2,80.44,361.04,78.1,0,0,0,0,0,0,10.42,0,train-job-001
t0063,gpu-node-01,3,78.85,356.01,77.93,0,0,0,0,0,0,13.06,0,train-job-001
t0063,gpu-node-02,0,75.82,295.41,62.21,0,0,0,0,0,0,11.55,0,train-job-001
t0063,gpu-node-02,1,73.4,335.0,68.13,0,0,0,0,0,0,10.8,0,train-job-001
t0063,gpu-node-02,2,80.45,363.64,72.06,0,0,0,0,0,0,11.71,0,train-job-001
t0063,gpu-node-02,3,80.11,327.63,64.99,0,0,0,0,0,0,12.16,0,train-job-001
t0063,gpu-node-03,0,79.34,350.83,69.28,0,0,0,0,0,0,10.17,0,train-job-001
t0063,gpu-node-03,1,75.75,358.61,85.3,0,0,0,0,0,0,10.99,0,train-job-001
t0063,gpu-node-03,2,71.56,346.04,58.33,0,0,0,0,0,0,12.03,0,train-job-001
t0063,gpu-node-03,3,73.27,309.38,61.22,0,0,0,0,0,0,13.19,0,train-job-001
t0063,gpu-node-04,0,74.39,366.69,86.72,0,0,0,0,0,0,8.6,0,train-job-001
t0063,gpu-node-04,1,72.51,336.71,71.37,0,0,0,0,0,0,12.73,0,train-job-001
t0063,gpu-node-04,2,73.89,320.82,59.82,0,0,0,0,0,0,8.84,0,train-job-001
t0063,gpu-node-04,3,81.72,353.47,76.25,0,0,0,0,0,0,9.91,0,train-job-001
t0063,gpu-node-05,0,75.42,294.14,56.51,0,0,0,0,0,0,11.33,0,train-job-001
t0063,gpu-node-05,1,76.53,361.87,71.3,0,0,0,0,0,0,12.25,0,train-job-001
t0063,gpu-node-05,2,75.26,318.14,69.58,0,0,0,0,0,0,13.09,0,train-job-001
t0063,gpu-node-05,3,77.2,342.34,68.32,0,0,0,0,0,0,14.36,0,train-job-001
t0063,gpu-node-06,0,75.04,317.56,55.31,0,0,0,0,0,0,10.45,0,train-job-001
t0063,gpu-node-06,1,77.28,326.68,70.03,0,0,0,0,0,0,13.84,0,train-job-001
t0063,gpu-node-06,2,78.83,364.91,66.11,0,0,0,0,0,0,11.26,0,train-job-001
t0063,gpu-node-06,3,75.71,324.63,62.7,0,0,0,0,0,0,13.63,0,train-job-001
t0063,gpu-node-07,0,72.68,334.07,67.41,0,0,0,0,0,0,13.47,0,train-job-001
t0063,gpu-node-07,1,69.88,296.89,84.48,0,0,0,0,0,0,14.49,0,train-job-001
t0063,gpu-node-07,2,74.88,353.61,86.94,0,0,0,0,0,0,10.76,0,train-job-001
t0063,gpu-node-07,3,72.16,308.27,70.43,0,0,0,0,0,0,11.87,0,train-job-001
t0063,gpu-node-08,0,78.03,346.96,77.99,0,0,0,0,0,0,12.27,0,train-job-001
t0063,gpu-node-08,1,77.7,327.75,70.72,0,0,0,0,0,0,12.77,0,train-job-001
t0063,gpu-node-08,2,70.78,339.64,68.32,0,0,0,0,0,0,10.2,0,train-job-001
t0063,gpu-node-08,3,73.44,334.51,90.95,0,0,0,0,0,0,12.55,0,train-job-001
t0063,gpu-node-09,0,76.99,325.67,61.36,0,0,0,0,0,0,14.75,0,train-job-001
t0063,gpu-node-09,1,69.59,272.34,49.76,0,0,0,0,0,0,11.3,0,train-job-001
t0063,gpu-node-09,2,73.59,342.72,81.57,0,0,0,0,0,0,10.14,0,train-job-001
t0063,gpu-node-09,3,74.66,331.59,73.88,0,0,0,0,0,0,10.18,0,train-job-001
t0063,gpu-node-10,0,75.22,343.77,64.97,0,0,0,0,0,0,13.22,0,train-job-001
t0063,gpu-node-10,1,71.95,323.93,76.21,0,0,0,0,0,0,15.33,0,train-job-001
t0063,gpu-node-10,2,71.66,302.03,70.86,0,0,0,0,0,0,9.08,0,train-job-001
t0063,gpu-node-10,3,73.62,342.7,75.34,0,0,0,0,0,0,12.49,0,train-job-001
t0063,gpu-node-11,0,72.16,334.98,66.62,0,0,0,0,0,0,11.74,0,train-job-001
t0063,gpu-node-11,1,79.35,360.49,74.88,0,0,0,0,0,0,11.55,0,train-job-001
t0063,gpu-node-11,2,77.14,331.71,71.22,0,0,0,0,0,0,11.54,0,train-job-001
t0063,gpu-node-11,3,78.79,348.05,81.94,0,0,0,0,0,0,6.33,0,train-job-001
t0064,gpu-node-00,0,79.32,347.71,73.14,0,0,0,0,0,0,12.53,0,train-job-001
t0064,gpu-node-00,1,73.75,342.51,64.67,0,0,0,0,0,0,13.6,0,train-job-001
t0064,gpu-node-00,2,75.37,329.66,78.57,0,0,0,0,0,0,12.04,0,train-job-001
t0064,gpu-node-00,3,77.47,353.96,80.69,0,0,0,0,0,0,12.27,0,train-job-001
t0064,gpu-node-01,0,74.82,359.82,75.66,0,0,0,0,0,0,10.89,0,train-job-001
t0064,gpu-node-01,1,76.35,356.49,73.3,0,0,0,0,0,0,14.24,0,train-job-001
t0064,gpu-node-01,2,78.07,335.61,71.05,0,0,0,0,0,0,8.24,0,train-job-001
t0064,gpu-node-01,3,76.75,346.41,80.73,0,0,0,0,0,0,15.88,0,train-job-001
t0064,gpu-node-02,0,69.58,322.04,80.31,0,0,0,0,0,0,13.68,0,train-job-001
t0064,gpu-node-02,1,74.14,335.09,62.47,0,0,0,0,0,0,10.98,0,train-job-001
t0064,gpu-node-02,2,75.62,395.42,79.48,0,0,0,0,0,0,12.41,0,train-job-001
t0064,gpu-node-02,3,76.35,339.52,70.34,0,0,0,0,0,0,14.94,0,train-job-001
t0064,gpu-node-03,0,74.41,342.68,75.33,0,0,0,0,0,0,13.41,0,train-job-001
t0064,gpu-node-03,1,73.3,314.5,78.87,0,0,0,0,0,0,11.62,0,train-job-001
t0064,gpu-node-03,2,74.57,364.41,69.7,0,0,0,0,0,0,9.63,0,train-job-001
t0064,gpu-node-03,3,72.34,324.43,73.26,0,0,0,0,0,0,12.64,0,train-job-001
t0064,gpu-node-04,0,74.56,348.31,77.62,0,0,0,0,0,0,10.46,0,train-job-001
t0064,gpu-node-04,1,75.46,318.8,83.57,0,0,0,0,0,0,13.13,0,train-job-001
t0064,gpu-node-04,2,76.63,366.76,78.84,0,0,0,0,0,0,8.78,0,train-job-001
t0064,gpu-node-04,3,77.09,358.28,71.22,0,0,0,0,0,0,11.56,0,train-job-001
t0064,gpu-node-05,0,78.78,322.79,56.69,0,0,0,0,0,0,14.59,0,train-job-001
t0064,gpu-node-05,1,74.17,344.73,81.14,0,0,0,0,0,0,13.07,0,train-job-001
t0064,gpu-node-05,2,73.61,343.83,75.22,0,0,0,0,0,0,12.32,0,train-job-001
t0064,gpu-node-05,3,76.78,326.82,70.24,0,0,0,0,0,0,14.83,0,train-job-001
t0064,gpu-node-06,0,72.55,336.58,61.24,0,0,0,0,0,0,11.73,0,train-job-001
t0064,gpu-node-06,1,73.53,343.43,66.33,0,0,0,0,0,0,13.76,0,train-job-001
t0064,gpu-node-06,2,75.02,355.26,81.4,0,0,0,0,0,0,14.16,0,train-job-001
t0064,gpu-node-06,3,79.09,339.29,63.71,0,0,0,0,0,0,11.55,0,train-job-001
t0064,gpu-node-07,0,75.38,362.58,76.67,0,0,0,0,0,0,10.7,0,train-job-001
t0064,gpu-node-07,1,74.75,338.97,70.37,0,0,0,0,0,0,14.66,0,train-job-001
t0064,gpu-node-07,2,73.25,290.52,70.97,0,0,0,0,0,0,13.05,0,train-job-001
t0064,gpu-node-07,3,77.3,372.62,64.21,0,0,0,0,0,0,11.54,0,train-job-001
t0064,gpu-node-08,0,72.41,354.32,73.5,0,0,0,0,0,0,14.85,0,train-job-001
t0064,gpu-node-08,1,73.81,311.4,64.4,0,0,0,0,0,0,12.45,0,train-job-001
t0064,gpu-node-08,2,69.63,282.45,53.75,0,0,0,0,0,0,11.03,0,train-job-001
t0064,gpu-node-08,3,76.1,350.2,67.44,0,0,0,0,0,0,7.88,0,train-job-001
t0064,gpu-node-09,0,77.04,374.46,82.22,0,0,0,0,0,0,10.6,0,train-job-001
t0064,gpu-node-09,1,79.21,316.43,72.47,0,0,0,0,0,0,9.55,0,train-job-001
t0064,gpu-node-09,2,72.01,338.26,78.03,0,0,0,0,0,0,12.09,0,train-job-001
t0064,gpu-node-09,3,77.15,340.21,69.18,0,0,0,0,0,0,10.05,0,train-job-001
t0064,gpu-node-10,0,78.52,311.71,69.63,0,0,0,0,0,0,12.99,0,train-job-001
t0064,gpu-node-10,1,76.48,315.19,58.68,0,0,0,0,0,0,12.22,0,train-job-001
t0064,gpu-node-10,2,75.68,347.3,75.15,0,0,0,0,0,0,11.62,0,train-job-001
t0064,gpu-node-10,3,75.57,344.83,66.85,0,0,0,0,0,0,13.52,0,train-job-001
t0064,gpu-node-11,0,73.57,329.96,71.07,0,0,0,0,0,0,10.8,0,train-job-001
t0064,gpu-node-11,1,78.29,359.63,68.44,0,0,0,0,0,0,10.34,0,train-job-001
t0064,gpu-node-11,2,80.57,377.02,83.31,0,0,0,0,0,0,13.2,0,train-job-001
t0064,gpu-node-11,3,74.31,308.88,69.62,0,0,0,0,0,0,9.36,0,train-job-001
t0065,gpu-node-00,0,71.64,340.82,68.28,0,0,0,0,0,0,11.9,0,train-job-001
t0065,gpu-node-00,1,76.77,334.78,77.76,0,0,0,0,0,0,15.72,0,train-job-001
t0065,gpu-node-00,2,77.61,353.64,67.14,0,0,0,0,0,0,9.74,0,train-job-001
t0065,gpu-node-00,3,77.17,342.03,78.79,0,0,0,0,0,0,12.21,0,train-job-001
t0065,gpu-node-01,0,73.82,349.14,73.35,0,0,0,0,0,0,10.22,0,train-job-001
t0065,gpu-node-01,1,74.38,330.04,72.41,0,0,0,0,0,0,9.48,0,train-job-001
t0065,gpu-node-01,2,76.96,369.84,87.67,0,0,0,0,0,0,11.72,0,train-job-001
t0065,gpu-node-01,3,76.62,353.61,64.66,0,0,0,0,0,0,8.4,0,train-job-001
t0065,gpu-node-02,0,76.99,363.1,81.5,0,0,0,0,0,0,12.26,0,train-job-001
t0065,gpu-node-02,1,75.23,328.1,68.18,0,0,0,0,0,0,15.46,0,train-job-001
t0065,gpu-node-02,2,77.52,358.65,62.32,0,0,0,0,0,0,13.23,0,train-job-001
t0065,gpu-node-02,3,80.24,361.46,82.14,0,0,0,0,0,0,9.99,0,train-job-001
t0065,gpu-node-03,0,80.6,351.3,76.29,0,0,0,0,0,0,14.13,0,train-job-001
t0065,gpu-node-03,1,70.56,349.96,75.02,0,0,0,0,0,0,11.9,0,train-job-001
t0065,gpu-node-03,2,75.78,281.98,52.33,0,0,0,0,0,0,11.69,0,train-job-001
t0065,gpu-node-03,3,76.86,322.61,69.38,0,0,0,0,0,0,11.45,0,train-job-001
t0065,gpu-node-04,0,75.92,322.73,62.42,0,0,0,0,0,0,8.95,0,train-job-001
t0065,gpu-node-04,1,73.18,344.73,74.04,0,0,0,0,0,0,15.53,0,train-job-001
t0065,gpu-node-04,2,71.38,364.6,73.92,0,0,0,0,0,0,10.69,0,train-job-001
t0065,gpu-node-04,3,79.11,345.44,71.44,0,0,0,0,0,0,12.97,0,train-job-001
t0065,gpu-node-05,0,79.31,359.13,80.25,0,0,0,0,0,0,11.38,0,train-job-001
t0065,gpu-node-05,1,75.09,305.35,74.62,0,0,0,0,0,0,12.47,0,train-job-001
t0065,gpu-node-05,2,74.09,341.93,78.55,0,0,0,0,0,0,10.17,0,train-job-001
t0065,gpu-node-05,3,73.25,316.54,57.4,0,0,0,0,0,0,12.51,0,train-job-001
t0065,gpu-node-06,0,75.87,309.88,76.51,0,0,0,0,0,0,12.3,0,train-job-001
t0065,gpu-node-06,1,71.84,346.24,78.41,0,0,0,0,0,0,9.52,0,train-job-001
t0065,gpu-node-06,2,75.23,329.82,76.07,0,0,0,0,0,0,13.65,0,train-job-001
t0065,gpu-node-06,3,72.61,334.65,71.57,0,0,0,0,0,0,11.65,0,train-job-001
t0065,gpu-node-07,0,74.94,368.87,71.44,0,0,0,0,0,0,8.35,0,train-job-001
t0065,gpu-node-07,1,72.19,345.9,75.46,0,0,0,0,0,0,11.32,0,train-job-001
t0065,gpu-node-07,2,74.93,365.54,88.67,0,0,0,0,0,0,13.44,0,train-job-001
t0065,gpu-node-07,3,74.1,346.19,71.02,0,0,0,0,0,0,10.28,0,train-job-001
t0065,gpu-node-08,0,70.37,334.97,66.89,0,0,0,0,0,0,13.9,0,train-job-001
t0065,gpu-node-08,1,77.19,329.79,70.14,0,0,0,0,0,0,15.34,0,train-job-001
t0065,gpu-node-08,2,74.03,347.67,73.44,0,0,0,0,0,0,11.77,0,train-job-001
t0065,gpu-node-08,3,75.28,325.5,65.53,0,0,0,0,0,0,12.52,0,train-job-001
t0065,gpu-node-09,0,80.14,348.46,69.35,0,0,0,0,0,0,10.39,0,train-job-001
t0065,gpu-node-09,1,78.92,340.59,84.31,0,0,0,0,0,0,13.93,0,train-job-001
t0065,gpu-node-09,2,75.89,348.35,77.41,0,0,0,0,0,0,12.35,0,train-job-001
t0065,gpu-node-09,3,71.54,358.3,74.04,0,0,0,0,0,0,7.84,0,train-job-001
t0065,gpu-node-10,0,74.73,341.45,81.04,0,0,0,0,0,0,10.19,0,train-job-001
t0065,gpu-node-10,1,74.43,323.9,76.73,0,0,0,0,0,0,12.86,0,train-job-001
t0065,gpu-node-10,2,77.67,332.81,70.37,0,0,0,0,0,0,10.53,0,train-job-001
t0065,gpu-node-10,3,75.66,294.85,71.76,0,0,0,0,0,0,11.75,0,train-job-001
t0065,gpu-node-11,0,71.59,328.05,69.26,0,0,0,0,0,0,7.66,0,train-job-001
t0065,gpu-node-11,1,77.32,341.97,78.35,0,0,0,0,0,0,9.21,0,train-job-001
t0065,gpu-node-11,2,73.83,326.48,75.39,0,0,0,0,0,0,9.97,0,train-job-001
t0065,gpu-node-11,3,74.36,322.01,68.36,0,0,0,0,0,0,12.09,0,train-job-001
t0066,gpu-node-00,0,76.48,358.42,65.99,0,0,0,0,0,0,9.22,0,train-job-001
t0066,gpu-node-00,1,74.27,317.92,59.34,0,0,0,0,0,0,8.25,0,train-job-001
t0066,gpu-node-00,2,72.73,334.42,57.28,0,0,0,0,0,0,9.18,0,train-job-001
t0066,gpu-node-00,3,76.23,317.97,83.73,0,0,0,0,0,0,11.19,0,train-job-001
t0066,gpu-node-01,0,81.28,334.59,78.84,0,0,0,0,0,0,11.29,0,train-job-001
t0066,gpu-node-01,1,75.54,313.15,86.78,0,0,0,0,0,0,15.73,0,train-job-001
t0066,gpu-node-01,2,76.88,327.67,70.37,0,0,0,0,0,0,11.2,0,train-job-001
t0066,gpu-node-01,3,75.36,323.35,77.66,0,0,0,0,0,0,9.42,0,train-job-001
t0066,gpu-node-02,0,73.32,368.86,70.83,0,0,0,0,0,0,9.62,0,train-job-001
t0066,gpu-node-02,1,78.26,356.09,68.57,0,0,0,0,0,0,15.33,0,train-job-001
t0066,gpu-node-02,2,71.91,319.49,66.92,0,0,0,0,0,0,13.94,0,train-job-001
t0066,gpu-node-02,3,74.44,320.81,70.39,0,0,0,0,0,0,12.18,0,train-job-001
t0066,gpu-node-03,0,79.14,348.2,63.73,0,0,0,0,0,0,12.19,0,train-job-001
t0066,gpu-node-03,1,72.88,320.04,64.91,0,0,0,0,0,0,9.54,0,train-job-001
t0066,gpu-node-03,2,73.88,363.52,83.34,0,0,0,0,0,0,12.31,0,train-job-001
t0066,gpu-node-03,3,77.39,336.38,68.28,0,0,0,0,0,0,12.21,0,train-job-001
t0066,gpu-node-04,0,77.46,355.56,75.47,0,0,0,0,0,0,11.48,0,train-job-001
t0066,gpu-node-04,1,78.29,330.36,78.26,0,0,0,0,0,0,11.63,0,train-job-001
t0066,gpu-node-04,2,74.66,345.27,68.07,0,0,0,0,0,0,12.18,0,train-job-001
t0066,gpu-node-04,3,79.73,345.39,83.02,0,0,0,0,0,0,10.44,0,train-job-001
t0066,gpu-node-05,0,75.02,333.63,72.76,0,0,0,0,0,0,11.19,0,train-job-001
t0066,gpu-node-05,1,75.45,326.19,72.2,0,0,0,0,0,0,11.87,0,train-job-001
t0066,gpu-node-05,2,79.05,345.62,80.67,0,0,0,0,0,0,11.68,0,train-job-001
t0066,gpu-node-05,3,76.0,326.68,70.56,0,0,0,0,0,0,13.84,0,train-job-001
t0066,gpu-node-06,0,77.26,333.48,74.99,0,0,0,0,0,0,15.38,0,train-job-001
t0066,gpu-node-06,1,77.41,345.97,87.17,0,0,0,0,0,0,9.03,0,train-job-001
t0066,gpu-node-06,2,73.4,336.95,75.05,0,0,0,0,0,0,15.96,0,train-job-001
t0066,gpu-node-06,3,76.4,352.74,67.49,0,0,0,0,0,0,11.77,0,train-job-001
t0066,gpu-node-07,0,75.42,348.07,76.61,0,0,0,0,0,0,14.88,0,train-job-001
t0066,gpu-node-07,1,76.41,365.6,93.89,0,0,0,0,0,0,8.75,0,train-job-001
t0066,gpu-node-07,2,74.83,358.95,79.0,0,0,0,0,0,0,13.09,0,train-job-001
t0066,gpu-node-07,3,76.76,347.05,72.03,0,0,0,0,0,0,13.86,0,train-job-001
t0066,gpu-node-08,0,74.53,359.44,67.05,0,0,0,0,0,0,13.97,0,train-job-001
t0066,gpu-node-08,1,76.85,329.62,63.09,0,0,0,0,0,0,8.8,0,train-job-001
t0066,gpu-node-08,2,75.46,319.65,78.31,0,0,0,0,0,0,10.19,0,train-job-001
t0066,gpu-node-08,3,80.11,362.35,77.78,0,0,0,0,0,0,11.66,0,train-job-001
t0066,gpu-node-09,0,73.46,339.6,77.55,0,0,0,0,0,0,12.41,0,train-job-001
t0066,gpu-node-09,1,71.45,333.19,72.7,0,0,0,0,0,0,15.02,0,train-job-001
t0066,gpu-node-09,2,77.19,321.19,66.77,0,0,0,0,0,0,11.73,0,train-job-001
t0066,gpu-node-09,3,75.59,373.79,78.84,0,0,0,0,0,0,11.55,0,train-job-001
t0066,gpu-node-10,0,70.04,334.36,90.25,0,0,0,0,0,0,8.46,0,train-job-001
t0066,gpu-node-10,1,76.76,301.34,54.78,0,0,0,0,0,0,12.9,0,train-job-001
t0066,gpu-node-10,2,71.88,337.62,84.7,0,0,0,0,0,0,12.05,0,train-job-001
t0066,gpu-node-10,3,74.14,303.1,56.24,0,0,0,0,0,0,7.56,0,train-job-001
t0066,gpu-node-11,0,75.71,344.79,72.66,0,0,0,0,0,0,14.49,0,train-job-001
t0066,gpu-node-11,1,75.68,331.13,72.57,0,0,0,0,0,0,14.35,0,train-job-001
t0066,gpu-node-11,2,73.64,348.99,70.55,0,0,0,0,0,0,11.31,0,train-job-001
t0066,gpu-node-11,3,73.69,335.76,57.57,0,0,0,0,0,0,11.98,0,train-job-001
t0067,gpu-node-00,0,73.11,327.43,77.27,0,0,0,0,0,0,9.12,0,train-job-001
t0067,gpu-node-00,1,79.34,325.45,78.29,0,0,0,0,0,0,15.23,0,train-job-001
t0067,gpu-node-00,2,75.51,332.68,71.38,0,0,0,0,0,0,9.72,0,train-job-001
t0067,gpu-node-00,3,75.18,363.54,66.44,0,0,0,0,0,0,14.09,0,train-job-001
t0067,gpu-node-01,0,76.94,333.85,74.85,0,0,0,0,0,0,14.33,0,train-job-001
t0067,gpu-node-01,1,76.59,332.84,68.91,0,0,0,0,0,0,11.37,0,train-job-001
t0067,gpu-node-01,2,71.25,331.64,60.56,0,0,0,0,0,0,13.28,0,train-job-001
t0067,gpu-node-01,3,73.24,314.39,67.98,0,0,0,0,0,0,10.91,0,train-job-001
t0067,gpu-node-02,0,82.4,354.08,80.2,0,0,0,0,0,0,13.52,0,train-job-001
t0067,gpu-node-02,1,74.15,313.81,60.29,0,0,0,0,0,0,10.38,0,train-job-001
t0067,gpu-node-02,2,78.13,343.43,74.77,0,0,0,0,0,0,12.13,0,train-job-001
t0067,gpu-node-02,3,76.17,348.18,82.31,0,0,0,0,0,0,9.95,0,train-job-001
t0067,gpu-node-03,0,80.5,381.98,79.06,0,0,0,0,0,0,10.17,0,train-job-001
t0067,gpu-node-03,1,74.02,301.74,61.74,0,0,0,0,0,0,11.69,0,train-job-001
t0067,gpu-node-03,2,76.79,341.61,70.11,0,0,0,0,0,0,10.38,0,train-job-001
t0067,gpu-node-03,3,77.11,337.65,67.97,0,0,0,0,0,0,9.25,0,train-job-001
t0067,gpu-node-04,0,75.12,346.27,75.32,0,0,0,0,0,0,13.79,0,train-job-001
t0067,gpu-node-04,1,78.56,335.69,57.08,0,0,0,0,0,0,14.14,0,train-job-001
t0067,gpu-node-04,2,75.49,330.43,81.95,0,0,0,0,0,0,12.39,0,train-job-001
t0067,gpu-node-04,3,75.15,297.62,56.33,0,0,0,0,0,0,9.74,0,train-job-001
t0067,gpu-node-05,0,79.06,337.44,72.35,0,0,0,0,0,0,11.79,0,train-job-001
t0067,gpu-node-05,1,73.6,355.25,67.18,0,0,0,0,0,0,9.07,0,train-job-001
t0067,gpu-node-05,2,76.27,336.72,64.66,0,0,0,0,0,0,14.18,0,train-job-001
t0067,gpu-node-05,3,76.12,337.98,73.83,0,0,0,0,0,0,10.55,0,train-job-001
t0067,gpu-node-06,0,73.92,322.44,65.04,0,0,0,0,0,0,10.59,0,train-job-001
t0067,gpu-node-06,1,77.35,314.4,70.14,0,0,0,0,0,0,13.13,0,train-job-001
t0067,gpu-node-06,2,77.35,364.58,85.54,0,0,0,0,0,0,13.19,0,train-job-001
t0067,gpu-node-06,3,77.57,323.11,60.72,0,0,0,0,0,0,15.99,0,train-job-001
t0067,gpu-node-07,0,78.48,365.66,70.06,0,0,0,0,0,0,14.37,0,train-job-001
t0067,gpu-node-07,1,75.59,342.83,59.31,0,0,0,0,0,0,10.07,0,train-job-001
t0067,gpu-node-07,2,74.02,350.48,69.45,0,0,0,0,0,0,14.12,0,train-job-001
t0067,gpu-node-07,3,76.62,333.09,72.73,0,0,0,0,0,0,12.29,0,train-job-001
t0067,gpu-node-08,0,75.95,338.92,75.35,0,0,0,0,0,0,12.14,0,train-job-001
t0067,gpu-node-08,1,79.25,313.39,63.67,0,0,0,0,0,0,9.1,0,train-job-001
t0067,gpu-node-08,2,71.95,327.4,67.11,0,0,0,0,0,0,13.02,0,train-job-001
t0067,gpu-node-08,3,75.07,314.59,68.14,0,0,0,0,0,0,12.97,0,train-job-001
t0067,gpu-node-09,0,74.42,330.4,75.62,0,0,0,0,0,0,10.63,0,train-job-001
t0067,gpu-node-09,1,76.0,358.19,82.57,0,0,0,0,0,0,11.98,0,train-job-001
t0067,gpu-node-09,2,74.09,309.95,70.0,0,0,0,0,0,0,13.35,0,train-job-001
t0067,gpu-node-09,3,73.5,309.17,58.32,0,0,0,0,0,0,11.96,0,train-job-001
t0067,gpu-node-10,0,76.71,316.87,62.38,0,0,0,0,0,0,8.44,0,train-job-001
t0067,gpu-node-10,1,75.97,348.75,81.82,0,0,0,0,0,0,14.2,0,train-job-001
t0067,gpu-node-10,2,73.64,326.94,75.63,0,0,0,0,0,0,11.03,0,train-job-001
t0067,gpu-node-10,3,76.53,334.67,62.69,0,0,0,0,0,0,11.86,0,train-job-001
t0067,gpu-node-11,0,73.08,337.46,67.93,0,0,0,0,0,0,11.7,0,train-job-001
t0067,gpu-node-11,1,78.7,331.39,58.98,0,0,0,0,0,0,16.79,0,train-job-001
t0067,gpu-node-11,2,72.92,333.19,60.29,0,0,0,0,0,0,11.29,0,train-job-001
t0067,gpu-node-11,3,78.35,326.24,70.19,0,0,0,0,0,0,14.94,0,train-job-001
t0068,gpu-node-00,0,69.23,351.03,78.07,0,0,0,0,0,0,9.44,0,train-job-001
t0068,gpu-node-00,1,71.08,358.68,77.16,0,0,0,0,0,0,11.03,0,train-job-001
t0068,gpu-node-00,2,75.5,367.3,88.11,0,0,0,0,0,0,12.36,0,train-job-001
t0068,gpu-node-00,3,75.32,338.22,69.43,0,0,0,0,0,0,9.44,0,train-job-001
t0068,gpu-node-01,0,77.28,361.36,53.53,0,0,0,0,0,0,9.73,0,train-job-001
t0068,gpu-node-01,1,79.65,344.27,64.91,0,0,0,0,0,0,11.04,0,train-job-001
t0068,gpu-node-01,2,70.74,331.14,62.93,0,0,0,0,0,0,11.7,0,train-job-001
t0068,gpu-node-01,3,74.95,336.18,78.33,0,0,0,0,0,0,9.7,0,train-job-001
t0068,gpu-node-02,0,71.01,313.04,57.81,0,0,0,0,0,0,12.79,0,train-job-001
t0068,gpu-node-02,1,71.33,344.18,68.94,0,0,0,0,0,0,11.25,0,train-job-001
t0068,gpu-node-02,2,77.66,322.25,64.09,0,0,0,0,0,0,12.18,0,train-job-001
t0068,gpu-node-02,3,73.8,313.67,71.41,0,0,0,0,0,0,12.61,0,train-job-001
t0068,gpu-node-03,0,73.22,333.63,72.82,0,0,0,0,0,0,15.28,0,train-job-001
t0068,gpu-node-03,1,74.28,337.92,73.06,0,0,0,0,0,0,12.6,0,train-job-001
t0068,gpu-node-03,2,73.9,351.55,81.41,0,0,0,0,0,0,15.01,0,train-job-001
t0068,gpu-node-03,3,73.02,314.87,71.99,0,0,0,0,0,0,15.4,0,train-job-001
t0068,gpu-node-04,0,77.64,376.12,88.98,0,0,0,0,0,0,11.5,0,train-job-001
t0068,gpu-node-04,1,74.38,306.34,65.8,0,0,0,0,0,0,13.54,0,train-job-001
t0068,gpu-node-04,2,71.73,342.13,73.37,0,0,0,0,0,0,13.4,0,train-job-001
t0068,gpu-node-04,3,75.42,326.55,75.83,0,0,0,0,0,0,11.02,0,train-job-001
t0068,gpu-node-05,0,76.62,343.28,87.56,0,0,0,0,0,0,12.79,0,train-job-001
t0068,gpu-node-05,1,77.08,334.63,74.75,0,0,0,0,0,0,15.4,0,train-job-001
t0068,gpu-node-05,2,75.86,352.65,81.77,0,0,0,0,0,0,8.61,0,train-job-001
t0068,gpu-node-05,3,75.79,364.83,65.03,0,0,0,0,0,0,11.56,0,train-job-001
t0068,gpu-node-06,0,75.29,341.08,71.31,0,0,0,0,0,0,10.62,0,train-job-001
t0068,gpu-node-06,1,72.79,313.63,70.62,0,0,0,0,0,0,12.22,0,train-job-001
t0068,gpu-node-06,2,75.63,305.02,65.5,0,0,0,0,0,0,13.67,0,train-job-001
t0068,gpu-node-06,3,72.85,383.45,71.63,0,0,0,0,0,0,11.79,0,train-job-001
t0068,gpu-node-07,0,68.62,319.01,66.17,0,0,0,0,0,0,14.63,0,train-job-001
t0068,gpu-node-07,1,75.68,319.4,71.92,0,0,0,0,0,0,13.6,0,train-job-001
t0068,gpu-node-07,2,75.47,382.78,77.44,0,0,0,0,0,0,13.69,0,train-job-001
t0068,gpu-node-07,3,80.49,343.88,68.33,0,0,0,0,0,0,11.45,0,train-job-001
t0068,gpu-node-08,0,72.62,349.85,73.52,0,0,0,0,0,0,11.04,0,train-job-001
t0068,gpu-node-08,1,71.85,322.16,69.16,0,0,0,0,0,0,11.05,0,train-job-001
t0068,gpu-node-08,2,77.51,329.24,65.25,0,0,0,0,0,0,11.34,0,train-job-001
t0068,gpu-node-08,3,76.79,327.04,73.25,0,0,0,0,0,0,10.84,0,train-job-001
t0068,gpu-node-09,0,80.14,345.75,76.38,0,0,0,0,0,0,9.96,0,train-job-001
t0068,gpu-node-09,1,72.82,273.88,52.89,0,0,0,0,0,0,13.12,0,train-job-001
t0068,gpu-node-09,2,74.24,354.45,64.84,0,0,0,0,0,0,11.17,0,train-job-001
t0068,gpu-node-09,3,77.38,330.78,74.21,0,0,0,0,0,0,8.14,0,train-job-001
t0068,gpu-node-10,0,75.43,327.93,60.89,0,0,0,0,0,0,16.55,0,train-job-001
t0068,gpu-node-10,1,78.29,327.07,71.42,0,0,0,0,0,0,16.41,0,train-job-001
t0068,gpu-node-10,2,69.64,321.84,61.21,0,0,0,0,0,0,11.32,0,train-job-001
t0068,gpu-node-10,3,76.45,333.27,62.29,0,0,0,0,0,0,12.41,0,train-job-001
t0068,gpu-node-11,0,72.54,320.24,67.58,0,0,0,0,0,0,12.39,0,train-job-001
t0068,gpu-node-11,1,78.47,344.51,71.2,0,0,0,0,0,0,11.95,0,train-job-001
t0068,gpu-node-11,2,73.13,309.42,66.24,0,0,0,0,0,0,12.13,0,train-job-001
t0068,gpu-node-11,3,74.13,326.43,75.56,0,0,0,0,0,0,13.37,0,train-job-001
t0069,gpu-node-00,0,73.82,353.52,66.03,0,0,0,0,0,0,11.68,0,train-job-001
t0069,gpu-node-00,1,75.36,313.7,69.78,0,0,0,0,0,0,11.51,0,train-job-001
t0069,gpu-node-00,2,72.35,343.78,93.67,0,0,0,0,0,0,11.68,0,train-job-001
t0069,gpu-node-00,3,71.51,347.16,59.57,0,0,0,0,0,0,12.46,0,train-job-001
t0069,gpu-node-01,0,76.23,353.78,65.91,0,0,0,0,0,0,14.01,0,train-job-001
t0069,gpu-node-01,1,75.38,344.36,69.21,0,0,0,0,0,0,13.53,0,train-job-001
t0069,gpu-node-01,2,78.23,353.23,84.43,0,0,0,0,0,0,11.12,0,train-job-001
t0069,gpu-node-01,3,71.77,312.49,72.64,0,0,0,0,0,0,11.49,0,train-job-001
t0069,gpu-node-02,0,72.93,374.28,81.42,0,0,0,0,0,0,12.6,0,train-job-001
t0069,gpu-node-02,1,72.54,314.29,75.0,0,0,0,0,0,0,12.59,0,train-job-001
t0069,gpu-node-02,2,72.45,343.13,67.72,0,0,0,0,0,0,13.34,0,train-job-001
t0069,gpu-node-02,3,78.06,326.27,69.88,0,0,0,0,0,0,12.07,0,train-job-001
t0069,gpu-node-03,0,78.1,316.0,60.32,0,0,0,0,0,0,11.57,0,train-job-001
t0069,gpu-node-03,1,74.99,331.49,71.05,0,0,0,0,0,0,9.87,0,train-job-001
t0069,gpu-node-03,2,74.25,351.61,70.89,0,0,0,0,0,0,8.38,0,train-job-001
t0069,gpu-node-03,3,76.47,329.13,54.48,0,0,0,0,0,0,12.9,0,train-job-001
t0069,gpu-node-04,0,77.1,319.18,72.9,0,0,0,0,0,0,15.71,0,train-job-001
t0069,gpu-node-04,1,80.88,373.94,93.76,0,0,0,0,0,0,14.69,0,train-job-001
t0069,gpu-node-04,2,74.21,371.55,81.63,0,0,0,0,0,0,11.25,0,train-job-001
t0069,gpu-node-04,3,73.23,319.01,83.48,0,0,0,0,0,0,12.16,0,train-job-001
t0069,gpu-node-05,0,79.61,350.31,85.35,0,0,0,0,0,0,11.64,0,train-job-001
t0069,gpu-node-05,1,74.73,349.18,70.1,0,0,0,0,0,0,13.52,0,train-job-001
t0069,gpu-node-05,2,77.73,323.37,59.87,0,0,0,0,0,0,14.47,0,train-job-001
t0069,gpu-node-05,3,75.1,304.08,70.24,0,0,0,0,0,0,15.24,0,train-job-001
t0069,gpu-node-06,0,75.81,341.43,56.18,0,0,0,0,0,0,13.14,0,train-job-001
t0069,gpu-node-06,1,75.78,335.2,64.84,0,0,0,0,0,0,13.71,0,train-job-001
t0069,gpu-node-06,2,78.78,340.31,71.81,0,0,0,0,0,0,13.54,0,train-job-001
t0069,gpu-node-06,3,72.58,347.61,62.83,0,0,0,0,0,0,12.57,0,train-job-001
t0069,gpu-node-07,0,75.13,386.62,71.75,0,0,0,0,0,0,11.16,0,train-job-001
t0069,gpu-node-07,1,79.0,328.61,76.25,0,0,0,0,0,0,11.87,0,train-job-001
t0069,gpu-node-07,2,67.75,316.79,64.71,0,0,0,0,0,0,9.11,0,train-job-001
t0069,gpu-node-07,3,76.77,358.83,76.38,0,0,0,0,0,0,9.44,0,train-job-001
t0069,gpu-node-08,0,73.83,360.16,66.48,0,0,0,0,0,0,10.44,0,train-job-001
t0069,gpu-node-08,1,72.56,319.93,65.43,0,0,0,0,0,0,10.08,0,train-job-001
t0069,gpu-node-08,2,79.52,371.82,80.54,0,0,0,0,0,0,13.27,0,train-job-001
t0069,gpu-node-08,3,75.63,351.47,57.74,0,0,0,0,0,0,11.91,0,train-job-001
t0069,gpu-node-09,0,74.88,318.51,62.73,0,0,0,0,0,0,14.38,0,train-job-001
t0069,gpu-node-09,1,73.59,345.11,79.59,0,0,0,0,0,0,14.94,0,train-job-001
t0069,gpu-node-09,2,72.96,328.57,66.75,0,0,0,0,0,0,13.04,0,train-job-001
t0069,gpu-node-09,3,75.31,340.76,73.24,0,0,0,0,0,0,9.39,0,train-job-001
t0069,gpu-node-10,0,75.01,355.21,69.24,0,0,0,0,0,0,12.39,0,train-job-001
t0069,gpu-node-10,1,75.81,318.34,62.55,0,0,0,0,0,0,9.61,0,train-job-001
t0069,gpu-node-10,2,72.98,360.36,74.68,0,0,0,0,0,0,14.35,0,train-job-001
t0069,gpu-node-10,3,77.13,362.85,83.01,0,0,0,0,0,0,15.94,0,train-job-001
t0069,gpu-node-11,0,76.56,321.49,72.35,0,0,0,0,0,0,13.05,0,train-job-001
t0069,gpu-node-11,1,76.4,359.7,80.45,0,0,0,0,0,0,9.42,0,train-job-001
t0069,gpu-node-11,2,73.28,332.55,73.36,0,0,0,0,0,0,13.49,0,train-job-001
t0069,gpu-node-11,3,79.06,330.3,68.66,0,0,0,0,0,0,9.68,0,train-job-001
t0070,gpu-node-00,0,76.08,322.71,66.65,0,0,0,0,0,0,12.68,0,train-job-001
t0070,gpu-node-00,1,76.68,323.96,60.2,0,0,0,0,0,0,13.72,0,train-job-001
t0070,gpu-node-00,2,76.22,336.13,83.39,0,0,0,0,0,0,13.04,0,train-job-001
t0070,gpu-node-00,3,81.33,364.02,80.47,0,0,0,0,0,0,13.83,0,train-job-001
t0070,gpu-node-01,0,77.66,319.23,81.87,0,0,0,0,0,0,11.24,0,train-job-001
t0070,gpu-node-01,1,73.41,353.78,63.32,0,0,0,0,0,0,11.37,0,train-job-001
t0070,gpu-node-01,2,77.44,326.43,70.19,0,0,0,0,0,0,12.64,0,train-job-001
t0070,gpu-node-01,3,73.36,329.17,74.93,0,0,0,0,0,0,11.59,0,train-job-001
t0070,gpu-node-02,0,76.36,318.11,79.12,0,0,0,0,0,0,13.53,0,train-job-001
t0070,gpu-node-02,1,76.58,355.2,74.33,0,0,0,0,0,0,10.84,0,train-job-001
t0070,gpu-node-02,2,75.92,341.67,69.45,0,0,0,0,0,0,12.92,0,train-job-001
t0070,gpu-node-02,3,76.61,349.87,72.82,0,0,0,0,0,0,16.02,0,train-job-001
t0070,gpu-node-03,0,77.45,385.98,83.29,0,0,0,0,0,0,5.55,0,train-job-001
t0070,gpu-node-03,1,75.05,357.75,71.45,0,0,0,0,0,0,12.51,0,train-job-001
t0070,gpu-node-03,2,72.62,356.83,84.12,0,0,0,0,0,0,10.49,0,train-job-001
t0070,gpu-node-03,3,75.08,320.94,63.81,0,0,0,0,0,0,13.98,0,train-job-001
t0070,gpu-node-04,0,74.2,321.46,72.38,0,0,0,0,0,0,14.14,0,train-job-001
t0070,gpu-node-04,1,76.31,358.47,73.18,0,0,0,0,0,0,13.25,0,train-job-001
t0070,gpu-node-04,2,72.63,356.88,73.31,0,0,0,0,0,0,12.36,0,train-job-001
t0070,gpu-node-04,3,75.31,353.74,69.04,0,0,0,0,0,0,8.25,0,train-job-001
t0070,gpu-node-05,0,76.97,339.07,69.44,0,0,0,0,0,0,12.62,0,train-job-001
t0070,gpu-node-05,1,76.55,342.81,63.84,0,0,0,0,0,0,12.21,0,train-job-001
t0070,gpu-node-05,2,80.74,356.58,71.79,0,0,0,0,0,0,16.05,0,train-job-001
t0070,gpu-node-05,3,76.47,350.07,63.02,0,0,0,0,0,0,9.7,0,train-job-001
t0070,gpu-node-06,0,70.56,282.55,61.5,0,0,0,0,0,0,12.31,0,train-job-001
t0070,gpu-node-06,1,74.25,383.93,71.64,0,0,0,0,0,0,12.38,0,train-job-001
t0070,gpu-node-06,2,74.35,305.92,61.24,0,0,0,0,0,0,11.8,0,train-job-001
t0070,gpu-node-06,3,73.69,321.0,58.95,0,0,0,0,0,0,12.07,0,train-job-001
t0070,gpu-node-07,0,75.69,312.73,62.3,0,0,0,0,0,0,11.32,0,train-job-001
t0070,gpu-node-07,1,70.59,315.92,64.99,0,0,0,0,0,0,11.32,0,train-job-001
t0070,gpu-node-07,2,77.95,345.8,75.8,0,0,0,0,0,0,11.45,0,train-job-001
t0070,gpu-node-07,3,78.52,327.22,69.54,0,0,0,0,0,0,13.35,0,train-job-001
t0070,gpu-node-08,0,75.97,298.05,67.14,0,0,0,0,0,0,10.83,0,train-job-001
t0070,gpu-node-08,1,73.6,325.88,68.86,0,0,0,0,0,0,11.07,0,train-job-001
t0070,gpu-node-08,2,70.61,337.22,70.74,0,0,0,0,0,0,11.92,0,train-job-001
t0070,gpu-node-08,3,69.45,349.59,85.23,0,0,0,0,0,0,12.74,0,train-job-001
t0070,gpu-node-09,0,74.59,316.71,68.98,0,0,0,0,0,0,10.99,0,train-job-001
t0070,gpu-node-09,1,77.71,373.24,66.71,0,0,0,0,0,0,12.97,0,train-job-001
t0070,gpu-node-09,2,75.98,373.32,79.39,0,0,0,0,0,0,10.39,0,train-job-001
t0070,gpu-node-09,3,77.11,308.5,60.11,0,0,0,0,0,0,12.65,0,train-job-001
t0070,gpu-node-10,0,74.12,325.76,83.66,0,0,0,0,0,0,13.78,0,train-job-001
t0070,gpu-node-10,1,73.26,332.86,80.3,0,0,0,0,0,0,8.05,0,train-job-001
t0070,gpu-node-10,2,76.75,366.78,79.58,0,0,0,0,0,0,14.28,0,train-job-001
t0070,gpu-node-10,3,80.23,371.56,68.75,0,0,0,0,0,0,11.12,0,train-job-001
t0070,gpu-node-11,0,76.11,345.58,73.38,0,0,0,0,0,0,10.82,0,train-job-001
t0070,gpu-node-11,1,71.14,282.13,60.27,0,0,0,0,0,0,7.45,0,train-job-001
t0070,gpu-node-11,2,75.93,319.11,74.17,0,0,0,0,0,0,11.26,0,train-job-001
t0070,gpu-node-11,3,79.81,380.34,79.05,0,0,0,0,0,0,9.52,0,train-job-001
t0071,gpu-node-00,0,75.17,317.5,68.68,0,0,0,0,0,0,12.18,0,train-job-001
t0071,gpu-node-00,1,73.15,339.8,76.56,0,0,0,0,0,0,13.31,0,train-job-001
t0071,gpu-node-00,2,76.55,354.26,87.33,0,0,0,0,0,0,12.41,0,train-job-001
t0071,gpu-node-00,3,75.92,346.9,62.21,0,0,0,0,0,0,9.58,0,train-job-001
t0071,gpu-node-01,0,73.49,345.03,62.77,0,0,0,0,0,0,8.95,0,train-job-001
t0071,gpu-node-01,1,75.83,323.56,77.87,0,0,0,0,0,0,14.43,0,train-job-001
t0071,gpu-node-01,2,74.1,358.8,72.76,0,0,0,0,0,0,13.9,0,train-job-001
t0071,gpu-node-01,3,76.4,373.29,82.88,0,0,0,0,0,0,9.39,0,train-job-001
t0071,gpu-node-02,0,77.23,348.55,63.33,0,0,0,0,0,0,11.22,0,train-job-001
t0071,gpu-node-02,1,75.28,315.29,55.92,0,0,0,0,0,0,12.78,0,train-job-001
t0071,gpu-node-02,2,79.58,372.82,72.56,0,0,0,0,0,0,8.12,0,train-job-001
t0071,gpu-node-02,3,76.97,361.67,77.33,0,0,0,0,0,0,11.82,0,train-job-001
t0071,gpu-node-03,0,77.78,321.22,52.5,0,0,0,0,0,0,12.97,0,train-job-001
t0071,gpu-node-03,1,78.14,371.75,89.15,0,0,0,0,0,0,13.56,0,train-job-001
t0071,gpu-node-03,2,79.04,392.17,82.92,0,0,0,0,0,0,10.96,0,train-job-001
t0071,gpu-node-03,3,72.23,294.86,58.4,0,0,0,0,0,0,9.9,0,train-job-001
t0071,gpu-node-04,0,75.79,348.52,73.94,0,0,0,0,0,0,13.37,0,train-job-001
t0071,gpu-node-04,1,72.93,356.3,74.6,0,0,0,0,0,0,11.27,0,train-job-001
t0071,gpu-node-04,2,73.77,335.48,69.43,0,0,0,0,0,0,13.48,0,train-job-001
t0071,gpu-node-04,3,75.68,348.5,71.91,0,0,0,0,0,0,10.37,0,train-job-001
t0071,gpu-node-05,0,77.33,317.06,70.48,0,0,0,0,0,0,12.41,0,train-job-001
t0071,gpu-node-05,1,77.3,319.08,83.86,0,0,0,0,0,0,12.57,0,train-job-001
t0071,gpu-node-05,2,79.2,330.09,78.71,0,0,0,0,0,0,10.37,0,train-job-001
t0071,gpu-node-05,3,76.15,304.49,74.61,0,0,0,0,0,0,10.77,0,train-job-001
t0071,gpu-node-06,0,79.04,325.45,72.2,0,0,0,0,0,0,10.75,0,train-job-001
t0071,gpu-node-06,1,76.25,367.37,68.2,0,0,0,0,0,0,10.65,0,train-job-001
t0071,gpu-node-06,2,73.43,313.65,55.6,0,0,0,0,0,0,11.8,0,train-job-001
t0071,gpu-node-06,3,78.62,367.77,64.62,0,0,0,0,0,0,11.31,0,train-job-001
t0071,gpu-node-07,0,77.11,325.0,71.63,0,0,0,0,0,0,10.01,0,train-job-001
t0071,gpu-node-07,1,76.43,323.71,56.09,0,0,0,0,0,0,9.52,0,train-job-001
t0071,gpu-node-07,2,75.86,345.18,85.31,0,0,0,0,0,0,6.53,0,train-job-001
t0071,gpu-node-07,3,74.95,350.48,67.89,0,0,0,0,0,0,13.32,0,train-job-001
t0071,gpu-node-08,0,71.83,329.36,63.19,0,0,0,0,0,0,14.83,0,train-job-001
t0071,gpu-node-08,1,83.41,381.05,81.35,0,0,0,0,0,0,14.53,0,train-job-001
t0071,gpu-node-08,2,76.39,311.07,74.37,0,0,0,0,0,0,12.99,0,train-job-001
t0071,gpu-node-08,3,70.07,340.61,64.9,0,0,0,0,0,0,12.0,0,train-job-001
t0071,gpu-node-09,0,78.26,356.68,68.67,0,0,0,0,0,0,11.03,0,train-job-001
t0071,gpu-node-09,1,75.19,324.58,79.34,0,0,0,0,0,0,12.69,0,train-job-001
t0071,gpu-node-09,2,75.62,339.11,79.9,0,0,0,0,0,0,9.04,0,train-job-001
t0071,gpu-node-09,3,73.49,337.33,70.37,0,0,0,0,0,0,12.39,0,train-job-001
t0071,gpu-node-10,0,71.61,353.3,78.86,0,0,0,0,0,0,7.73,0,train-job-001
t0071,gpu-node-10,1,80.0,314.38,78.12,0,0,0,0,0,0,11.17,0,train-job-001
t0071,gpu-node-10,2,74.94,332.34,61.8,0,0,0,0,0,0,14.62,0,train-job-001
t0071,gpu-node-10,3,77.98,311.71,73.39,0,0,0,0,0,0,11.89,0,train-job-001
t0071,gpu-node-11,0,73.2,361.79,72.69,0,0,0,0,0,0,11.25,0,train-job-001
t0071,gpu-node-11,1,76.68,366.52,78.98,0,0,0,0,0,0,14.25,0,train-job-001
t0071,gpu-node-11,2,75.8,349.45,76.6,0,0,0,0,0,0,12.05,0,train-job-001
t0071,gpu-node-11,3,73.76,384.08,80.91,0,0,0,0,0,0,10.25,0,train-job-001
t0072,gpu-node-00,0,73.42,315.79,59.29,0,0,0,0,0,0,14.57,0,train-job-001
t0072,gpu-node-00,1,74.6,334.79,82.98,0,0,0,0,0,0,13.24,0,train-job-001
t0072,gpu-node-00,2,77.12,318.04,71.4,0,0,0,0,0,0,10.41,0,train-job-001
t0072,gpu-node-00,3,76.66,376.6,84.11,0,0,0,0,0,0,14.06,0,train-job-001
t0072,gpu-node-01,0,77.3,350.42,74.32,0,0,0,0,0,0,13.24,0,train-job-001
t0072,gpu-node-01,1,74.78,366.59,87.78,0,0,0,0,0,0,11.41,0,train-job-001
t0072,gpu-node-01,2,77.08,361.0,87.34,0,0,0,0,0,0,10.99,0,train-job-001
t0072,gpu-node-01,3,77.86,326.52,47.6,0,0,0,0,0,0,10.6,0,train-job-001
t0072,gpu-node-02,0,73.96,324.24,71.05,0,0,0,0,0,0,12.21,0,train-job-001
t0072,gpu-node-02,1,71.64,309.01,75.06,0,0,0,0,0,0,10.63,0,train-job-001
t0072,gpu-node-02,2,77.35,339.11,88.56,0,0,0,0,0,0,11.28,0,train-job-001
t0072,gpu-node-02,3,68.55,275.97,54.77,0,0,0,0,0,0,12.43,0,train-job-001
t0072,gpu-node-03,0,73.56,306.23,58.61,0,0,0,0,0,0,10.43,0,train-job-001
t0072,gpu-node-03,1,73.99,354.21,79.08,0,0,0,0,0,0,11.68,0,train-job-001
t0072,gpu-node-03,2,77.64,320.91,60.17,0,0,0,0,0,0,12.33,0,train-job-001
t0072,gpu-node-03,3,72.43,345.28,76.49,0,0,0,0,0,0,10.33,0,train-job-001
t0072,gpu-node-04,0,69.4,292.83,56.82,0,0,0,0,0,0,11.91,0,train-job-001
t0072,gpu-node-04,1,73.53,334.46,70.49,0,0,0,0,0,0,11.53,0,train-job-001
t0072,gpu-node-04,2,76.82,325.0,54.44,0,0,0,0,0,0,12.65,0,train-job-001
t0072,gpu-node-04,3,76.79,330.54,62.09,0,0,0,0,0,0,10.98,0,train-job-001
t0072,gpu-node-05,0,75.25,386.26,78.03,0,0,0,0,0,0,6.93,0,train-job-001
t0072,gpu-node-05,1,73.59,330.11,58.24,0,0,0,0,0,0,11.75,0,train-job-001
t0072,gpu-node-05,2,75.35,310.18,56.43,0,0,0,0,0,0,13.3,0,train-job-001
t0072,gpu-node-05,3,71.97,327.51,66.74,0,0,0,0,0,0,13.32,0,train-job-001
t0072,gpu-node-06,0,75.5,322.5,61.52,0,0,0,0,0,0,9.93,0,train-job-001
t0072,gpu-node-06,1,75.26,358.76,73.98,0,0,0,0,0,0,9.44,0,train-job-001
t0072,gpu-node-06,2,78.67,339.15,76.69,0,0,0,0,0,0,12.32,0,train-job-001
t0072,gpu-node-06,3,73.84,336.15,74.9,0,0,0,0,0,0,11.36,0,train-job-001
t0072,gpu-node-07,0,74.01,348.39,66.66,0,0,0,0,0,0,9.4,0,train-job-001
t0072,gpu-node-07,1,74.25,363.39,77.88,0,0,0,0,0,0,11.96,0,train-job-001
t0072,gpu-node-07,2,75.14,294.33,47.86,0,0,0,0,0,0,13.24,0,train-job-001
t0072,gpu-node-07,3,71.48,320.16,81.16,0,0,0,0,0,0,10.8,0,train-job-001
t0072,gpu-node-08,0,73.68,354.21,74.08,0,0,0,0,0,0,12.91,0,train-job-001
t0072,gpu-node-08,1,75.34,328.78,69.74,0,0,0,0,0,0,9.65,0,train-job-001
t0072,gpu-node-08,2,78.08,348.52,76.06,0,0,0,0,0,0,10.49,0,train-job-001
t0072,gpu-node-08,3,78.25,335.69,75.47,0,0,0,0,0,0,12.97,0,train-job-001
t0072,gpu-node-09,0,77.01,379.76,86.44,0,0,0,0,0,0,15.05,0,train-job-001
t0072,gpu-node-09,1,80.69,330.54,73.18,0,0,0,0,0,0,11.77,0,train-job-001
t0072,gpu-node-09,2,73.16,345.76,78.99,0,0,0,0,0,0,7.42,0,train-job-001
t0072,gpu-node-09,3,73.78,364.8,77.43,0,0,0,0,0,0,15.54,0,train-job-001
t0072,gpu-node-10,0,77.28,318.39,57.05,0,0,0,0,0,0,13.12,0,train-job-001
t0072,gpu-node-10,1,72.82,346.46,76.37,0,0,0,0,0,0,10.39,0,train-job-001
t0072,gpu-node-10,2,76.24,302.11,75.94,0,0,0,0,0,0,12.06,0,train-job-001
t0072,gpu-node-10,3,71.59,284.02,67.48,0,0,0,0,0,0,13.09,0,train-job-001
t0072,gpu-node-11,0,74.48,326.26,85.43,0,0,0,0,0,0,12.57,0,train-job-001
t0072,gpu-node-11,1,77.65,364.07,90.17,0,0,0,0,0,0,9.93,0,train-job-001
t0072,gpu-node-11,2,76.62,343.59,74.29,0,0,0,0,0,0,9.59,0,train-job-001
t0072,gpu-node-11,3,75.25,343.45,69.43,0,0,0,0,0,0,8.76,0,train-job-001
t0073,gpu-node-00,0,75.99,343.64,59.13,0,0,0,0,0,0,11.33,0,train-job-001
t0073,gpu-node-00,1,73.72,335.77,78.47,0,0,0,0,0,0,9.79,0,train-job-001
t0073,gpu-node-00,2,71.68,320.15,60.83,0,0,0,0,0,0,15.18,0,train-job-001
t0073,gpu-node-00,3,73.79,343.66,81.72,0,0,0,0,0,0,11.9,0,train-job-001
t0073,gpu-node-01,0,80.14,333.09,72.77,0,0,0,0,0,0,13.44,0,train-job-001
t0073,gpu-node-01,1,77.27,391.83,85.12,0,0,0,0,0,0,11.58,0,train-job-001
t0073,gpu-node-01,2,80.19,343.44,74.52,0,0,0,0,0,0,9.71,0,train-job-001
t0073,gpu-node-01,3,78.07,339.35,82.3,0,0,0,0,0,0,11.4,0,train-job-001
t0073,gpu-node-02,0,74.08,312.6,60.9,0,0,0,0,0,0,14.22,0,train-job-001
t0073,gpu-node-02,1,76.54,351.81,71.58,0,0,0,0,0,0,9.31,0,train-job-001
t0073,gpu-node-02,2,76.96,359.12,75.07,0,0,0,0,0,0,10.4,0,train-job-001
t0073,gpu-node-02,3,79.53,335.68,56.81,0,0,0,0,0,0,12.31,0,train-job-001
t0073,gpu-node-03,0,78.51,343.6,72.75,0,0,0,0,0,0,8.64,0,train-job-001
t0073,gpu-node-03,1,79.24,345.29,73.14,0,0,0,0,0,0,11.01,0,train-job-001
t0073,gpu-node-03,2,76.62,333.3,65.78,0,0,0,0,0,0,8.98,0,train-job-001
t0073,gpu-node-03,3,77.09,334.45,81.6,0,0,0,0,0,0,11.41,0,train-job-001
t0073,gpu-node-04,0,78.26,319.35,61.07,0,0,0,0,0,0,12.82,0,train-job-001
t0073,gpu-node-04,1,77.11,345.84,78.94,0,0,0,0,0,0,13.74,0,train-job-001
t0073,gpu-node-04,2,78.53,383.91,67.58,0,0,0,0,0,0,11.54,0,train-job-001
t0073,gpu-node-04,3,78.95,331.96,72.79,0,0,0,0,0,0,14.06,0,train-job-001
t0073,gpu-node-05,0,78.71,312.43,62.63,0,0,0,0,0,0,9.82,0,train-job-001
t0073,gpu-node-05,1,78.22,322.65,67.89,0,0,0,0,0,0,13.39,0,train-job-001
t0073,gpu-node-05,2,76.13,360.45,89.06,0,0,0,0,0,0,10.08,0,train-job-001
t0073,gpu-node-05,3,74.34,326.36,79.52,0,0,0,0,0,0,13.11,0,train-job-001
t0073,gpu-node-06,0,83.62,333.14,64.24,0,0,0,0,0,0,15.6,0,train-job-001
t0073,gpu-node-06,1,71.74,317.74,69.63,0,0,0,0,0,0,11.77,0,train-job-001
t0073,gpu-node-06,2,69.84,316.45,63.35,0,0,0,0,0,0,14.47,0,train-job-001
t0073,gpu-node-06,3,72.43,333.49,64.58,0,0,0,0,0,0,12.55,0,train-job-001
t0073,gpu-node-07,0,67.98,316.39,69.78,0,0,0,0,0,0,10.41,0,train-job-001
t0073,gpu-node-07,1,78.65,351.02,74.21,0,0,0,0,0,0,13.09,0,train-job-001
t0073,gpu-node-07,2,78.93,358.0,87.79,0,0,0,0,0,0,12.52,0,train-job-001
t0073,gpu-node-07,3,79.18,323.98,71.57,0,0,0,0,0,0,10.39,0,train-job-001
t0073,gpu-node-08,0,71.07,353.17,75.39,0,0,0,0,0,0,16.18,0,train-job-001
t0073,gpu-node-08,1,72.28,338.79,58.09,0,0,0,0,0,0,15.48,0,train-job-001
t0073,gpu-node-08,2,80.13,343.74,78.4,0,0,0,0,0,0,13.91,0,train-job-001
t0073,gpu-node-08,3,73.38,348.57,72.48,0,0,0,0,0,0,11.83,0,train-job-001
t0073,gpu-node-09,0,70.94,319.63,76.46,0,0,0,0,0,0,11.39,0,train-job-001
t0073,gpu-node-09,1,76.79,353.37,69.22,0,0,0,0,0,0,10.9,0,train-job-001
t0073,gpu-node-09,2,73.49,337.76,65.55,0,0,0,0,0,0,10.81,0,train-job-001
t0073,gpu-node-09,3,71.73,325.32,68.74,0,0,0,0,0,0,14.4,0,train-job-001
t0073,gpu-node-10,0,76.54,322.93,71.08,0,0,0,0,0,0,13.96,0,train-job-001
t0073,gpu-node-10,1,76.77,338.41,72.22,0,0,0,0,0,0,9.04,0,train-job-001
t0073,gpu-node-10,2,77.4,356.49,63.93,0,0,0,0,0,0,15.33,0,train-job-001
t0073,gpu-node-10,3,73.63,353.54,73.65,0,0,0,0,0,0,12.6,0,train-job-001
t0073,gpu-node-11,0,72.72,313.44,63.36,0,0,0,0,0,0,13.58,0,train-job-001
t0073,gpu-node-11,1,71.47,343.42,67.91,0,0,0,0,0,0,11.76,0,train-job-001
t0073,gpu-node-11,2,74.44,341.61,81.12,0,0,0,0,0,0,11.41,0,train-job-001
t0073,gpu-node-11,3,77.27,347.63,81.95,0,0,0,0,0,0,10.82,0,train-job-001
t0074,gpu-node-00,0,71.83,329.2,72.86,0,0,0,0,0,0,12.64,0,train-job-001
t0074,gpu-node-00,1,81.11,319.79,62.47,0,0,0,0,0,0,13.85,0,train-job-001
t0074,gpu-node-00,2,76.0,351.75,74.43,0,0,0,0,0,0,14.6,0,train-job-001
t0074,gpu-node-00,3,75.71,323.68,82.83,0,0,0,0,0,0,11.88,0,train-job-001
t0074,gpu-node-01,0,76.56,367.85,67.75,0,0,0,0,0,0,15.93,0,train-job-001
t0074,gpu-node-01,1,77.91,358.14,82.35,0,0,0,0,0,0,11.59,0,train-job-001
t0074,gpu-node-01,2,73.33,324.67,82.44,0,0,0,0,0,0,14.71,0,train-job-001
t0074,gpu-node-01,3,81.58,345.35,73.35,0,0,0,0,0,0,11.72,0,train-job-001
t0074,gpu-node-02,0,79.66,365.14,77.89,0,0,0,0,0,0,14.61,0,train-job-001
t0074,gpu-node-02,1,71.35,325.64,64.66,0,0,0,0,0,0,13.31,0,train-job-001
t0074,gpu-node-02,2,75.15,357.37,66.69,0,0,0,0,0,0,12.91,0,train-job-001
t0074,gpu-node-02,3,73.28,329.02,80.27,0,0,0,0,0,0,11.01,0,train-job-001
t0074,gpu-node-03,0,74.78,351.64,81.85,0,0,0,0,0,0,11.91,0,train-job-001
t0074,gpu-node-03,1,71.37,310.37,79.18,0,0,0,0,0,0,12.46,0,train-job-001
t0074,gpu-node-03,2,79.85,327.13,70.72,0,0,0,0,0,0,13.38,0,train-job-001
t0074,gpu-node-03,3,71.92,345.42,73.42,0,0,0,0,0,0,11.25,0,train-job-001
t0074,gpu-node-04,0,81.81,299.65,68.98,0,0,0,0,0,0,14.87,0,train-job-001
t0074,gpu-node-04,1,79.29,338.38,72.95,0,0,0,0,0,0,10.66,0,train-job-001
t0074,gpu-node-04,2,78.52,311.14,72.29,0,0,0,0,0,0,13.66,0,train-job-001
t0074,gpu-node-04,3,72.76,345.18,63.35,0,0,0,0,0,0,11.61,0,train-job-001
t0074,gpu-node-05,0,72.06,323.45,62.13,0,0,0,0,0,0,11.57,0,train-job-001
t0074,gpu-node-05,1,73.95,361.61,75.19,0,0,0,0,0,0,10.02,0,train-job-001
t0074,gpu-node-05,2,74.9,331.64,76.03,0,0,0,0,0,0,14.63,0,train-job-001
t0074,gpu-node-05,3,77.16,354.57,59.62,0,0,0,0,0,0,9.8,0,train-job-001
t0074,gpu-node-06,0,75.14,328.75,66.63,0,0,0,0,0,0,12.03,0,train-job-001
t0074,gpu-node-06,1,74.62,321.01,69.55,0,0,0,0,0,0,14.78,0,train-job-001
t0074,gpu-node-06,2,76.88,351.27,76.26,0,0,0,0,0,0,12.49,0,train-job-001
t0074,gpu-node-06,3,71.87,326.22,65.74,0,0,0,0,0,0,11.01,0,train-job-001
t0074,gpu-node-07,0,75.46,357.61,77.33,0,0,0,0,0,0,12.53,0,train-job-001
t0074,gpu-node-07,1,76.43,346.36,62.24,0,0,0,0,0,0,11.48,0,train-job-001
t0074,gpu-node-07,2,76.1,333.53,76.32,0,0,0,0,0,0,11.11,0,train-job-001
t0074,gpu-node-07,3,75.55,344.86,86.49,0,0,0,0,0,0,12.53,0,train-job-001
t0074,gpu-node-08,0,74.88,321.98,78.59,0,0,0,0,0,0,11.04,0,train-job-001
t0074,gpu-node-08,1,73.21,307.57,64.01,0,0,0,0,0,0,12.31,0,train-job-001
t0074,gpu-node-08,2,74.89,352.5,77.1,0,0,0,0,0,0,13.13,0,train-job-001
t0074,gpu-node-08,3,74.61,313.57,65.29,0,0,0,0,0,0,8.34,0,train-job-001
t0074,gpu-node-09,0,75.34,346.99,81.92,0,0,0,0,0,0,13.14,0,train-job-001
t0074,gpu-node-09,1,70.61,336.84,68.1,0,0,0,0,0,0,10.73,0,train-job-001
t0074,gpu-node-09,2,84.01,338.74,74.56,0,0,0,0,0,0,9.05,0,train-job-001
t0074,gpu-node-09,3,73.58,368.27,64.5,0,0,0,0,0,0,13.38,0,train-job-001
t0074,gpu-node-10,0,72.98,347.6,74.06,0,0,0,0,0,0,10.54,0,train-job-001
t0074,gpu-node-10,1,69.98,328.38,68.2,0,0,0,0,0,0,13.14,0,train-job-001
t0074,gpu-node-10,2,76.61,288.13,63.99,0,0,0,0,0,0,13.27,0,train-job-001
t0074,gpu-node-10,3,74.57,327.38,83.64,0,0,0,0,0,0,14.77,0,train-job-001
t0074,gpu-node-11,0,75.76,334.22,57.45,0,0,0,0,0,0,14.08,0,train-job-001
t0074,gpu-node-11,1,76.99,341.02,77.16,0,0,0,0,0,0,15.64,0,train-job-001
t0074,gpu-node-11,2,75.91,343.31,65.54,0,0,0,0,0,0,9.51,0,train-job-001
t0074,gpu-node-11,3,74.96,345.85,70.96,0,0,0,0,0,0,12.03,0,train-job-001
t0075,gpu-node-00,0,72.24,300.62,57.02,0,0,0,0,0,0,9.73,0,train-job-001
t0075,gpu-node-00,1,68.67,321.28,76.24,0,0,0,0,0,0,11.41,0,train-job-001
t0075,gpu-node-00,2,76.81,337.54,77.75,0,0,0,0,0,0,9.2,0,train-job-001
t0075,gpu-node-00,3,80.12,364.53,79.58,0,0,0,0,0,0,12.93,0,train-job-001
t0075,gpu-node-01,0,76.63,350.24,80.84,0,0,0,0,0,0,12.22,0,train-job-001
t0075,gpu-node-01,1,72.71,306.39,64.58,0,0,0,0,0,0,12.68,0,train-job-001
t0075,gpu-node-01,2,80.38,362.36,87.15,0,0,0,0,0,0,13.83,0,train-job-001
t0075,gpu-node-01,3,77.94,342.11,77.7,0,0,0,0,0,0,10.91,0,train-job-001
t0075,gpu-node-02,0,77.39,344.85,67.17,0,0,0,0,0,0,13.45,0,train-job-001
t0075,gpu-node-02,1,74.4,337.13,67.53,0,0,0,0,0,0,15.12,0,train-job-001
t0075,gpu-node-02,2,78.79,341.72,72.62,0,0,0,0,0,0,9.81,0,train-job-001
t0075,gpu-node-02,3,76.1,325.58,74.4,0,0,0,0,0,0,12.85,0,train-job-001
t0075,gpu-node-03,0,73.35,353.21,67.42,0,0,0,0,0,0,16.03,0,train-job-001
t0075,gpu-node-03,1,71.34,339.18,57.9,0,0,0,0,0,0,9.8,0,train-job-001
t0075,gpu-node-03,2,71.87,301.67,64.26,0,0,0,0,0,0,11.67,0,train-job-001
t0075,gpu-node-03,3,76.64,328.35,57.79,0,0,0,0,0,0,10.17,0,train-job-001
t0075,gpu-node-04,0,75.03,294.94,55.91,0,0,0,0,0,0,14.59,0,train-job-001
t0075,gpu-node-04,1,79.38,359.6,80.6,0,0,0,0,0,0,11.84,0,train-job-001
t0075,gpu-node-04,2,75.13,295.02,85.77,0,0,0,0,0,0,12.55,0,train-job-001
t0075,gpu-node-04,3,80.89,365.32,82.56,0,0,0,0,0,0,12.22,0,train-job-001
t0075,gpu-node-05,0,77.67,349.87,71.62,0,0,0,0,0,0,12.07,0,train-job-001
t0075,gpu-node-05,1,76.13,308.31,76.15,0,0,0,0,0,0,10.02,0,train-job-001
t0075,gpu-node-05,2,79.93,350.06,76.45,0,0,0,0,0,0,10.26,0,train-job-001
t0075,gpu-node-05,3,73.42,342.4,74.38,0,0,0,0,0,0,10.85,0,train-job-001
t0075,gpu-node-06,0,77.64,344.24,75.03,0,0,0,0,0,0,11.03,0,train-job-001
t0075,gpu-node-06,1,78.39,342.2,60.46,0,0,0,0,0,0,15.84,0,train-job-001
t0075,gpu-node-06,2,76.27,332.65,74.03,0,0,0,0,0,0,13.52,0,train-job-001
t0075,gpu-node-06,3,75.78,362.07,81.15,0,0,0,0,0,0,14.06,0,train-job-001
t0075,gpu-node-07,0,77.54,339.63,69.61,0,0,0,0,0,0,12.85,0,train-job-001
t0075,gpu-node-07,1,81.06,347.22,70.05,0,0,0,0,0,0,13.7,0,train-job-001
t0075,gpu-node-07,2,74.41,326.31,76.92,0,0,0,0,0,0,12.99,0,train-job-001
t0075,gpu-node-07,3,77.28,355.94,65.42,0,0,0,0,0,0,8.62,0,train-job-001
t0075,gpu-node-08,0,77.83,332.93,64.66,0,0,0,0,0,0,13.1,0,train-job-001
t0075,gpu-node-08,1,78.55,366.15,76.45,0,0,0,0,0,0,11.41,0,train-job-001
t0075,gpu-node-08,2,75.32,328.92,58.15,0,0,0,0,0,0,10.59,0,train-job-001
t0075,gpu-node-08,3,78.08,373.5,86.27,0,0,0,0,0,0,12.26,0,train-job-001
t0075,gpu-node-09,0,78.43,349.65,75.32,0,0,0,0,0,0,8.67,0,train-job-001
t0075,gpu-node-09,1,76.44,335.79,68.16,0,0,0,0,0,0,9.91,0,train-job-001
t0075,gpu-node-09,2,75.45,358.32,82.93,0,0,0,0,0,0,14.83,0,train-job-001
t0075,gpu-node-09,3,78.8,332.49,67.31,0,0,0,0,0,0,12.21,0,train-job-001
t0075,gpu-node-10,0,71.86,371.8,73.05,0,0,0,0,0,0,16.95,0,train-job-001
t0075,gpu-node-10,1,73.53,295.56,70.34,0,0,0,0,0,0,10.7,0,train-job-001
t0075,gpu-node-10,2,73.64,357.54,63.84,0,0,0,0,0,0,5.99,0,train-job-001
t0075,gpu-node-10,3,75.64,305.1,70.88,0,0,0,0,0,0,11.43,0,train-job-001
t0075,gpu-node-11,0,72.84,321.94,69.85,0,0,0,0,0,0,13.05,0,train-job-001
t0075,gpu-node-11,1,73.6,327.81,70.36,0,0,0,0,0,0,8.58,0,train-job-001
t0075,gpu-node-11,2,71.79,303.3,72.29,0,0,0,0,0,0,15.01,0,train-job-001
t0075,gpu-node-11,3,72.13,317.7,67.69,0,0,0,0,0,0,10.9,0,train-job-001
t0076,gpu-node-00,0,69.49,330.21,68.95,0,0,0,0,0,0,13.11,0,train-job-001
t0076,gpu-node-00,1,75.61,327.55,71.5,0,0,0,0,0,0,11.65,0,train-job-001
t0076,gpu-node-00,2,72.98,354.51,68.89,0,0,0,0,0,0,13.0,0,train-job-001
t0076,gpu-node-00,3,77.08,331.58,69.96,0,0,0,0,0,0,8.38,0,train-job-001
t0076,gpu-node-01,0,75.54,328.67,75.03,0,0,0,0,0,0,11.56,0,train-job-001
t0076,gpu-node-01,1,70.34,303.12,52.61,0,0,0,0,0,0,12.24,0,train-job-001
t0076,gpu-node-01,2,70.8,343.3,82.02,0,0,0,0,0,0,10.65,0,train-job-001
t0076,gpu-node-01,3,73.23,323.18,62.02,0,0,0,0,0,0,13.89,0,train-job-001
t0076,gpu-node-02,0,79.5,354.09,71.86,0,0,0,0,0,0,10.64,0,train-job-001
t0076,gpu-node-02,1,77.5,355.0,73.1,0,0,0,0,0,0,9.39,0,train-job-001
t0076,gpu-node-02,2,78.44,343.61,67.67,0,0,0,0,0,0,13.43,0,train-job-001
t0076,gpu-node-02,3,72.19,343.36,86.13,0,0,0,0,0,0,10.11,0,train-job-001
t0076,gpu-node-03,0,76.84,329.47,79.76,0,0,0,0,0,0,13.53,0,train-job-001
t0076,gpu-node-03,1,73.92,367.08,75.12,0,0,0,0,0,0,10.59,0,train-job-001
t0076,gpu-node-03,2,77.83,361.28,82.74,0,0,0,0,0,0,10.21,0,train-job-001
t0076,gpu-node-03,3,74.77,354.46,78.49,0,0,0,0,0,0,12.35,0,train-job-001
t0076,gpu-node-04,0,76.13,344.61,80.34,0,0,0,0,0,0,12.58,0,train-job-001
t0076,gpu-node-04,1,70.19,312.21,57.76,0,0,0,0,0,0,13.71,0,train-job-001
t0076,gpu-node-04,2,70.72,315.74,72.91,0,0,0,0,0,0,10.84,0,train-job-001
t0076,gpu-node-04,3,73.34,354.88,74.26,0,0,0,0,0,0,15.57,0,train-job-001
t0076,gpu-node-05,0,80.76,340.85,70.33,0,0,0,0,0,0,11.08,0,train-job-001
t0076,gpu-node-05,1,75.5,367.94,91.83,0,0,0,0,0,0,11.33,0,train-job-001
t0076,gpu-node-05,2,74.56,338.46,74.25,0,0,0,0,0,0,11.46,0,train-job-001
t0076,gpu-node-05,3,72.47,333.57,71.08,0,0,0,0,0,0,12.17,0,train-job-001
t0076,gpu-node-06,0,72.55,300.28,71.29,0,0,0,0,0,0,11.29,0,train-job-001
t0076,gpu-node-06,1,75.38,331.71,71.35,0,0,0,0,0,0,6.76,0,train-job-001
t0076,gpu-node-06,2,73.79,320.24,71.54,0,0,0,0,0,0,17.23,0,train-job-001
t0076,gpu-node-06,3,73.56,305.93,65.92,0,0,0,0,0,0,10.57,0,train-job-001
t0076,gpu-node-07,0,75.68,344.67,76.97,0,0,0,0,0,0,9.83,0,train-job-001
t0076,gpu-node-07,1,72.89,341.4,74.94,0,0,0,0,0,0,8.47,0,train-job-001
t0076,gpu-node-07,2,76.65,355.12,67.69,0,0,0,0,0,0,11.01,0,train-job-001
t0076,gpu-node-07,3,75.22,322.67,66.58,0,0,0,0,0,0,13.4,0,train-job-001
t0076,gpu-node-08,0,72.01,314.88,66.57,0,0,0,0,0,0,11.95,0,train-job-001
t0076,gpu-node-08,1,75.72,335.66,81.09,0,0,0,0,0,0,12.66,0,train-job-001
t0076,gpu-node-08,2,71.95,318.11,69.67,0,0,0,0,0,0,12.2,0,train-job-001
t0076,gpu-node-08,3,78.23,318.84,58.61,0,0,0,0,0,0,12.81,0,train-job-001
t0076,gpu-node-09,0,76.36,355.9,83.86,0,0,0,0,0,0,13.21,0,train-job-001
t0076,gpu-node-09,1,73.16,338.51,68.28,0,0,0,0,0,0,9.18,0,train-job-001
t0076,gpu-node-09,2,72.36,318.27,79.03,0,0,0,0,0,0,13.95,0,train-job-001
t0076,gpu-node-09,3,77.76,344.37,73.79,0,0,0,0,0,0,12.38,0,train-job-001
t0076,gpu-node-10,0,69.72,341.79,78.8,0,0,0,0,0,0,9.78,0,train-job-001
t0076,gpu-node-10,1,75.43,317.12,64.6,0,0,0,0,0,0,7.85,0,train-job-001
t0076,gpu-node-10,2,73.05,347.08,75.62,0,0,0,0,0,0,14.6,0,train-job-001
t0076,gpu-node-10,3,78.5,320.7,67.06,0,0,0,0,0,0,12.45,0,train-job-001
t0076,gpu-node-11,0,77.28,282.88,69.84,0,0,0,0,0,0,10.85,0,train-job-001
t0076,gpu-node-11,1,78.73,337.39,79.1,0,0,0,0,0,0,12.49,0,train-job-001
t0076,gpu-node-11,2,72.83,327.84,61.99,0,0,0,0,0,0,11.87,0,train-job-001
t0076,gpu-node-11,3,70.65,347.53,72.11,0,0,0,0,0,0,11.88,0,train-job-001
t0077,gpu-node-00,0,74.82,366.07,78.96,0,0,0,0,0,0,11.69,0,train-job-001
t0077,gpu-node-00,1,74.42,315.49,71.45,0,0,0,0,0,0,11.83,0,train-job-001
t0077,gpu-node-00,2,73.25,322.53,59.37,0,0,0,0,0,0,12.51,0,train-job-001
t0077,gpu-node-00,3,76.01,372.28,81.25,0,0,0,0,0,0,11.49,0,train-job-001
t0077,gpu-node-01,0,76.85,358.94,77.46,0,0,0,0,0,0,12.46,0,train-job-001
t0077,gpu-node-01,1,74.35,350.4,75.26,0,0,0,0,0,0,12.93,0,train-job-001
t0077,gpu-node-01,2,73.0,332.7,75.75,0,0,0,0,0,0,12.43,0,train-job-001
t0077,gpu-node-01,3,71.75,350.05,61.52,0,0,0,0,0,0,14.18,0,train-job-001
t0077,gpu-node-02,0,77.69,338.63,80.55,0,0,0,0,0,0,8.35,0,train-job-001
t0077,gpu-node-02,1,79.37,349.14,78.13,0,0,0,0,0,0,10.92,0,train-job-001
t0077,gpu-node-02,2,72.29,297.25,57.96,0,0,0,0,0,0,13.32,0,train-job-001
t0077,gpu-node-02,3,78.14,369.26,73.21,0,0,0,0,0,0,12.43,0,train-job-001
t0077,gpu-node-03,0,73.17,349.83,83.89,0,0,0,0,0,0,12.4,0,train-job-001
t0077,gpu-node-03,1,74.6,307.55,63.84,0,0,0,0,0,0,16.99,0,train-job-001
t0077,gpu-node-03,2,74.66,363.2,88.86,0,0,0,0,0,0,13.85,0,train-job-001
t0077,gpu-node-03,3,75.09,348.98,85.68,0,0,0,0,0,0,12.1,0,train-job-001
t0077,gpu-node-04,0,74.1,311.93,67.23,0,0,0,0,0,0,13.45,0,train-job-001
t0077,gpu-node-04,1,81.81,384.41,81.19,0,0,0,0,0,0,9.25,0,train-job-001
t0077,gpu-node-04,2,74.73,365.1,76.47,0,0,0,0,0,0,18.54,0,train-job-001
t0077,gpu-node-04,3,77.08,320.5,61.04,0,0,0,0,0,0,15.75,0,train-job-001
t0077,gpu-node-05,0,74.5,315.92,67.77,0,0,0,0,0,0,13.1,0,train-job-001
t0077,gpu-node-05,1,74.3,360.02,75.34,0,0,0,0,0,0,11.14,0,train-job-001
t0077,gpu-node-05,2,74.58,352.82,67.69,0,0,0,0,0,0,12.22,0,train-job-001
t0077,gpu-node-05,3,75.74,313.36,67.94,0,0,0,0,0,0,12.46,0,train-job-001
t0077,gpu-node-06,0,74.96,313.4,76.2,0,0,0,0,0,0,14.47,0,train-job-001
t0077,gpu-node-06,1,80.14,332.22,86.4,0,0,0,0,0,0,14.15,0,train-job-001
t0077,gpu-node-06,2,76.65,322.71,77.08,0,0,0,0,0,0,8.54,0,train-job-001
t0077,gpu-node-06,3,76.41,343.44,74.58,0,0,0,0,0,0,12.33,0,train-job-001
t0077,gpu-node-07,0,74.28,363.77,80.08,0,0,0,0,0,0,11.19,0,train-job-001
t0077,gpu-node-07,1,73.86,315.97,75.72,0,0,0,0,0,0,8.52,0,train-job-001
t0077,gpu-node-07,2,71.77,343.5,61.65,0,0,0,0,0,0,12.19,0,train-job-001
t0077,gpu-node-07,3,78.95,357.6,83.27,0,0,0,0,0,0,15.34,0,train-job-001
t0077,gpu-node-08,0,76.38,324.45,71.89,0,0,0,0,0,0,13.21,0,train-job-001
t0077,gpu-node-08,1,73.12,325.96,54.49,0,0,0,0,0,0,12.55,0,train-job-001
t0077,gpu-node-08,2,72.2,285.05,55.06,0,0,0,0,0,0,13.14,0,train-job-001
t0077,gpu-node-08,3,78.53,335.53,73.67,0,0,0,0,0,0,15.43,0,train-job-001
t0077,gpu-node-09,0,72.81,278.84,63.73,0,0,0,0,0,0,9.51,0,train-job-001
t0077,gpu-node-09,1,77.97,327.56,82.42,0,0,0,0,0,0,12.34,0,train-job-001
t0077,gpu-node-09,2,78.79,337.95,77.76,0,0,0,0,0,0,10.03,0,train-job-001
t0077,gpu-node-09,3,75.83,338.9,67.17,0,0,0,0,0,0,13.78,0,train-job-001
t0077,gpu-node-10,0,76.12,344.11,67.65,0,0,0,0,0,0,11.88,0,train-job-001
t0077,gpu-node-10,1,76.64,341.99,72.53,0,0,0,0,0,0,12.74,0,train-job-001
t0077,gpu-node-10,2,70.84,333.62,71.19,0,0,0,0,0,0,11.08,0,train-job-001
t0077,gpu-node-10,3,80.13,352.1,76.75,0,0,0,0,0,0,14.64,0,train-job-001
t0077,gpu-node-11,0,70.82,339.68,71.15,0,0,0,0,0,0,13.32,0,train-job-001
t0077,gpu-node-11,1,77.47,345.05,71.38,0,0,0,0,0,0,12.85,0,train-job-001
t0077,gpu-node-11,2,73.23,345.4,69.47,0,0,0,0,0,0,14.34,0,train-job-001
t0077,gpu-node-11,3,76.7,345.89,59.15,0,0,0,0,0,0,12.28,0,train-job-001
t0078,gpu-node-00,0,71.71,305.07,67.51,0,0,0,0,0,0,9.76,0,train-job-001
t0078,gpu-node-00,1,73.44,343.3,66.07,0,0,0,0,0,0,15.31,0,train-job-001
t0078,gpu-node-00,2,74.86,354.45,89.38,0,0,0,0,0,0,12.67,0,train-job-001
t0078,gpu-node-00,3,75.89,327.82,83.79,0,0,0,0,0,0,10.1,0,train-job-001
t0078,gpu-node-01,0,74.75,336.58,54.36,0,0,0,0,0,0,11.99,0,train-job-001
t0078,gpu-node-01,1,74.25,325.3,63.8,0,0,0,0,0,0,10.76,0,train-job-001
t0078,gpu-node-01,2,77.89,301.13,69.91,0,0,0,0,0,0,9.75,0,train-job-001
t0078,gpu-node-01,3,74.64,327.99,63.25,0,0,0,0,0,0,12.92,0,train-job-001
t0078,gpu-node-02,0,72.69,329.76,73.74,0,0,0,0,0,0,13.38,0,train-job-001
t0078,gpu-node-02,1,75.57,307.7,66.34,0,0,0,0,0,0,11.1,0,train-job-001
t0078,gpu-node-02,2,71.14,287.3,58.88,0,0,0,0,0,0,10.77,0,train-job-001
t0078,gpu-node-02,3,73.75,358.39,74.73,0,0,0,0,0,0,9.28,0,train-job-001
t0078,gpu-node-03,0,76.2,346.7,71.77,0,0,0,0,0,0,13.0,0,train-job-001
t0078,gpu-node-03,1,76.72,347.26,70.64,0,0,0,0,0,0,11.38,0,train-job-001
t0078,gpu-node-03,2,75.59,342.17,71.55,0,0,0,0,0,0,10.25,0,train-job-001
t0078,gpu-node-03,3,71.18,342.95,77.38,0,0,0,0,0,0,12.32,0,train-job-001
t0078,gpu-node-04,0,79.58,354.86,80.77,0,0,0,0,0,0,10.82,0,train-job-001
t0078,gpu-node-04,1,76.07,361.31,82.22,0,0,0,0,0,0,10.5,0,train-job-001
t0078,gpu-node-04,2,73.5,331.32,77.55,0,0,0,0,0,0,10.99,0,train-job-001
t0078,gpu-node-04,3,75.02,311.41,52.98,0,0,0,0,0,0,12.25,0,train-job-001
t0078,gpu-node-05,0,74.81,334.86,74.53,0,0,0,0,0,0,11.85,0,train-job-001
t0078,gpu-node-05,1,79.39,332.48,65.12,0,0,0,0,0,0,11.68,0,train-job-001
t0078,gpu-node-05,2,77.1,319.53,70.13,0,0,0,0,0,0,13.15,0,train-job-001
t0078,gpu-node-05,3,72.37,310.39,79.57,0,0,0,0,0,0,11.72,0,train-job-001
t0078,gpu-node-06,0,75.25,319.49,77.62,0,0,0,0,0,0,17.07,0,train-job-001
t0078,gpu-node-06,1,73.04,294.5,66.12,0,0,0,0,0,0,10.11,0,train-job-001
t0078,gpu-node-06,2,74.85,341.24,60.86,0,0,0,0,0,0,10.92,0,train-job-001
t0078,gpu-node-06,3,78.5,367.87,65.54,0,0,0,0,0,0,11.7,0,train-job-001
t0078,gpu-node-07,0,79.64,350.68,75.31,0,0,0,0,0,0,11.8,0,train-job-001
t0078,gpu-node-07,1,69.4,329.98,62.39,0,0,0,0,0,0,11.58,0,train-job-001
t0078,gpu-node-07,2,74.11,330.86,86.89,0,0,0,0,0,0,13.18,0,train-job-001
t0078,gpu-node-07,3,71.34,327.38,82.2,0,0,0,0,0,0,13.81,0,train-job-001
t0078,gpu-node-08,0,78.11,332.06,77.81,0,0,0,0,0,0,11.75,0,train-job-001
t0078,gpu-node-08,1,78.14,336.42,70.13,0,0,0,0,0,0,7.48,0,train-job-001
t0078,gpu-node-08,2,77.38,338.52,82.81,0,0,0,0,0,0,14.05,0,train-job-001
t0078,gpu-node-08,3,82.5,367.11,77.53,0,0,0,0,0,0,15.14,0,train-job-001
t0078,gpu-node-09,0,72.9,322.56,77.05,0,0,0,0,0,0,11.4,0,train-job-001
t0078,gpu-node-09,1,80.19,362.94,76.19,0,0,0,0,0,0,16.23,0,train-job-001
t0078,gpu-node-09,2,75.33,321.82,69.99,0,0,0,0,0,0,11.15,0,train-job-001
t0078,gpu-node-09,3,76.36,345.9,53.2,0,0,0,0,0,0,15.07,0,train-job-001
t0078,gpu-node-10,0,76.11,336.71,72.85,0,0,0,0,0,0,11.35,0,train-job-001
t0078,gpu-node-10,1,82.88,325.0,78.63,0,0,0,0,0,0,11.09,0,train-job-001
t0078,gpu-node-10,2,75.85,306.91,66.47,0,0,0,0,0,0,10.91,0,train-job-001
t0078,gpu-node-10,3,74.26,340.77,68.19,0,0,0,0,0,0,10.22,0,train-job-001
t0078,gpu-node-11,0,74.53,308.33,65.1,0,0,0,0,0,0,14.5,0,train-job-001
t0078,gpu-node-11,1,73.39,327.18,55.5,0,0,0,0,0,0,10.09,0,train-job-001
t0078,gpu-node-11,2,70.36,309.47,78.18,0,0,0,0,0,0,13.19,0,train-job-001
t0078,gpu-node-11,3,76.45,328.14,63.7,0,0,0,0,0,0,9.54,0,train-job-001
t0079,gpu-node-00,0,74.2,377.71,77.86,0,0,0,0,0,0,10.42,0,train-job-001
t0079,gpu-node-00,1,76.5,345.99,75.94,0,0,0,0,0,0,9.5,0,train-job-001
t0079,gpu-node-00,2,75.78,338.9,79.25,0,0,0,0,0,0,14.14,0,train-job-001
t0079,gpu-node-00,3,72.66,290.7,59.99,0,0,0,0,0,0,16.1,0,train-job-001
t0079,gpu-node-01,0,77.53,371.58,84.29,0,0,0,0,0,0,10.37,0,train-job-001
t0079,gpu-node-01,1,78.08,351.03,78.4,0,0,0,0,0,0,11.43,0,train-job-001
t0079,gpu-node-01,2,78.12,337.65,75.92,0,0,0,0,0,0,9.68,0,train-job-001
t0079,gpu-node-01,3,72.03,318.12,74.16,0,0,0,0,0,0,11.98,0,train-job-001
t0079,gpu-node-02,0,79.27,317.62,77.87,0,0,0,0,0,0,9.74,0,train-job-001
t0079,gpu-node-02,1,72.16,369.98,82.42,0,0,0,0,0,0,14.96,0,train-job-001
t0079,gpu-node-02,2,72.71,321.29,64.36,0,0,0,0,0,0,16.72,0,train-job-001
t0079,gpu-node-02,3,71.93,329.93,76.6,0,0,0,0,0,0,11.62,0,train-job-001
t0079,gpu-node-03,0,75.71,310.94,70.07,0,0,0,0,0,0,14.05,0,train-job-001
t0079,gpu-node-03,1,74.24,320.74,69.48,0,0,0,0,0,0,11.87,0,train-job-001
t0079,gpu-node-03,2,78.08,324.38,58.23,0,0,0,0,0,0,13.75,0,train-job-001
t0079,gpu-node-03,3,76.88,386.94,77.08,0,0,0,0,0,0,9.57,0,train-job-001
t0079,gpu-node-04,0,72.69,338.78,73.78,0,0,0,0,0,0,13.78,0,train-job-001
t0079,gpu-node-04,1,75.04,325.43,67.73,0,0,0,0,0,0,15.03,0,train-job-001
t0079,gpu-node-04,2,73.33,332.3,80.19,0,0,0,0,0,0,12.01,0,train-job-001
t0079,gpu-node-04,3,74.27,358.03,67.08,0,0,0,0,0,0,11.53,0,train-job-001
t0079,gpu-node-05,0,78.12,337.32,76.78,0,0,0,0,0,0,13.89,0,train-job-001
t0079,gpu-node-05,1,71.37,342.4,73.85,0,0,0,0,0,0,11.22,0,train-job-001
t0079,gpu-node-05,2,74.82,330.15,65.87,0,0,0,0,0,0,14.21,0,train-job-001
t0079,gpu-node-05,3,75.43,347.6,77.98,0,0,0,0,0,0,8.67,0,train-job-001
t0079,gpu-node-06,0,74.96,361.73,91.3,0,0,0,0,0,0,9.44,0,train-job-001
t0079,gpu-node-06,1,69.96,315.02,65.43,0,0,0,0,0,0,11.14,0,train-job-001
t0079,gpu-node-06,2,77.13,316.35,57.51,0,0,0,0,0,0,14.48,0,train-job-001
t0079,gpu-node-06,3,73.33,331.74,69.88,0,0,0,0,0,0,12.02,0,train-job-001
t0079,gpu-node-07,0,72.43,321.63,72.26,0,0,0,0,0,0,11.37,0,train-job-001
t0079,gpu-node-07,1,73.36,317.28,69.88,0,0,0,0,0,0,8.97,0,train-job-001
t0079,gpu-node-07,2,74.7,363.62,71.58,0,0,0,0,0,0,10.7,0,train-job-001
t0079,gpu-node-07,3,75.38,343.8,73.31,0,0,0,0,0,0,11.02,0,train-job-001
t0079,gpu-node-08,0,75.84,336.21,69.72,0,0,0,0,0,0,14.34,0,train-job-001
t0079,gpu-node-08,1,73.56,329.11,67.54,0,0,0,0,0,0,12.49,0,train-job-001
t0079,gpu-node-08,2,72.69,353.8,75.27,0,0,0,0,0,0,12.67,0,train-job-001
t0079,gpu-node-08,3,77.95,331.61,64.08,0,0,0,0,0,0,12.55,0,train-job-001
t0079,gpu-node-09,0,73.88,328.04,79.97,0,0,0,0,0,0,12.75,0,train-job-001
t0079,gpu-node-09,1,73.17,293.43,58.44,0,0,0,0,0,0,13.58,0,train-job-001
t0079,gpu-node-09,2,76.97,380.9,83.76,0,0,0,0,0,0,13.23,0,train-job-001
t0079,gpu-node-09,3,72.52,297.87,61.0,0,0,0,0,0,0,12.62,0,train-job-001
t0079,gpu-node-10,0,76.64,344.94,66.85,0,0,0,0,0,0,9.84,0,train-job-001
t0079,gpu-node-10,1,72.93,281.45,57.67,0,0,0,0,0,0,12.83,0,train-job-001
t0079,gpu-node-10,2,73.53,323.64,69.01,0,0,0,0,0,0,15.64,0,train-job-001
t0079,gpu-node-10,3,79.89,361.8,85.16,0,0,0,0,0,0,10.35,0,train-job-001
t0079,gpu-node-11,0,74.13,395.04,82.64,0,0,0,0,0,0,15.05,0,train-job-001
t0079,gpu-node-11,1,76.01,363.01,89.48,0,0,0,0,0,0,13.01,0,train-job-001
t0079,gpu-node-11,2,76.06,336.82,82.65,0,0,0,0,0,0,11.48,0,train-job-001
t0079,gpu-node-11,3,76.18,349.83,78.41,0,0,0,0,0,0,13.35,0,train-job-001
t0080,gpu-node-00,0,73.11,284.83,69.02,0,0,0,0,0,0,11.35,0,train-job-001
t0080,gpu-node-00,1,75.87,287.14,62.24,0,0,0,0,0,0,12.51,0,train-job-001
t0080,gpu-node-00,2,77.62,301.03,73.18,0,0,0,0,0,0,11.23,0,train-job-001
t0080,gpu-node-00,3,77.5,323.32,79.02,0,0,0,0,0,0,10.77,0,train-job-001
t0080,gpu-node-01,0,73.6,340.02,70.47,0,0,0,0,0,0,12.51,0,train-job-001
t0080,gpu-node-01,1,76.9,332.56,74.0,0,0,0,0,0,0,11.62,0,train-job-001
t0080,gpu-node-01,2,72.57,349.02,73.25,0,0,0,0,0,0,9.88,0,train-job-001
t0080,gpu-node-01,3,79.67,351.35,66.95,0,0,0,0,0,0,10.89,0,train-job-001
t0080,gpu-node-02,0,76.51,336.46,70.21,0,0,0,0,0,0,11.95,0,train-job-001
t0080,gpu-node-02,1,72.39,339.61,75.3,0,0,0,0,0,0,14.55,0,train-job-001
t0080,gpu-node-02,2,72.26,319.03,76.71,0,0,0,0,0,0,9.74,0,train-job-001
t0080,gpu-node-02,3,74.74,312.51,55.78,0,0,0,0,0,0,15.66,0,train-job-001
t0080,gpu-node-03,0,73.91,353.91,69.94,0,0,0,0,0,0,11.38,0,train-job-001
t0080,gpu-node-03,1,71.51,324.55,61.72,0,0,0,0,0,0,13.12,0,train-job-001
t0080,gpu-node-03,2,77.16,346.96,73.23,0,0,0,0,0,0,12.04,0,train-job-001
t0080,gpu-node-03,3,70.61,304.8,60.29,0,0,0,0,0,0,13.53,0,train-job-001
t0080,gpu-node-04,0,69.3,322.8,63.41,0,0,0,0,0,0,10.27,0,train-job-001
t0080,gpu-node-04,1,72.61,303.84,67.52,0,0,0,0,0,0,13.76,0,train-job-001
t0080,gpu-node-04,2,74.66,330.7,64.36,0,0,0,0,0,0,11.9,0,train-job-001
t0080,gpu-node-04,3,71.49,367.99,68.89,0,0,0,0,0,0,11.51,0,train-job-001
t0080,gpu-node-05,0,74.71,296.58,61.95,0,0,0,0,0,0,12.17,0,train-job-001
t0080,gpu-node-05,1,75.75,339.0,64.11,0,0,0,0,0,0,14.93,0,train-job-001
t0080,gpu-node-05,2,73.04,323.26,74.65,0,0,0,0,0,0,10.21,0,train-job-001
t0080,gpu-node-05,3,76.99,387.94,74.49,0,0,0,0,0,0,11.01,0,train-job-001
t0080,gpu-node-06,0,73.84,318.54,53.72,0,0,0,0,0,0,10.96,0,train-job-001
t0080,gpu-node-06,1,75.1,323.03,69.15,0,0,0,0,0,0,13.11,0,train-job-001
t0080,gpu-node-06,2,75.4,347.71,57.64,0,0,0,0,0,0,15.17,0,train-job-001
t0080,gpu-node-06,3,73.74,344.33,79.64,0,0,0,0,0,0,13.29,0,train-job-001
t0080,gpu-node-07,0,75.44,322.66,67.25,0,0,0,0,0,0,10.99,0,train-job-001
t0080,gpu-node-07,1,74.83,359.53,62.74,0,0,0,0,0,0,10.18,0,train-job-001
t0080,gpu-node-07,2,80.38,335.41,73.32,0,0,0,0,0,0,12.09,0,train-job-001
t0080,gpu-node-07,3,74.39,360.7,82.25,0,0,0,0,0,0,13.94,0,train-job-001
t0080,gpu-node-08,0,75.14,366.39,76.64,0,0,0,0,0,0,13.94,0,train-job-001
t0080,gpu-node-08,1,75.12,311.57,64.82,0,0,0,0,0,0,13.0,0,train-job-001
t0080,gpu-node-08,2,79.95,340.13,76.65,0,0,0,0,0,0,10.01,0,train-job-001
t0080,gpu-node-08,3,80.35,326.36,59.12,0,0,0,0,0,0,11.69,0,train-job-001
t0080,gpu-node-09,0,73.34,307.46,58.57,0,0,0,0,0,0,14.2,0,train-job-001
t0080,gpu-node-09,1,72.84,349.44,85.45,0,0,0,0,0,0,12.21,0,train-job-001
t0080,gpu-node-09,2,80.63,345.21,94.33,0,0,0,0,0,0,11.3,0,train-job-001
t0080,gpu-node-09,3,74.73,299.25,79.29,0,0,0,0,0,0,9.81,0,train-job-001
t0080,gpu-node-10,0,74.73,308.45,70.68,0,0,0,0,0,0,14.66,0,train-job-001
t0080,gpu-node-10,1,73.84,343.04,77.96,0,0,0,0,0,0,11.48,0,train-job-001
t0080,gpu-node-10,2,76.97,382.69,77.61,0,0,0,0,0,0,13.6,0,train-job-001
t0080,gpu-node-10,3,77.98,315.79,70.37,0,0,0,0,0,0,15.94,0,train-job-001
t0080,gpu-node-11,0,76.92,352.36,78.7,0,0,0,0,0,0,15.73,0,train-job-001
t0080,gpu-node-11,1,75.96,355.22,72.28,0,0,0,0,0,0,13.25,0,train-job-001
t0080,gpu-node-11,2,76.03,329.08,68.83,0,0,0,0,0,0,13.08,0,train-job-001
t0080,gpu-node-11,3,74.14,298.84,76.95,0,0,0,0,0,0,11.06,0,train-job-001
t0081,gpu-node-00,0,75.42,323.3,75.97,0,0,0,0,0,0,14.76,0,train-job-001
t0081,gpu-node-00,1,78.73,354.23,71.91,0,0,0,0,0,0,16.1,0,train-job-001
t0081,gpu-node-00,2,73.83,346.71,71.61,0,0,0,0,0,0,12.5,0,train-job-001
t0081,gpu-node-00,3,77.26,295.88,50.42,0,0,0,0,0,0,13.02,0,train-job-001
t0081,gpu-node-01,0,73.03,343.57,72.34,0,0,0,0,0,0,11.56,0,train-job-001
t0081,gpu-node-01,1,76.87,376.91,73.32,0,0,0,0,0,0,11.36,0,train-job-001
t0081,gpu-node-01,2,76.65,349.38,75.55,0,0,0,0,0,0,14.01,0,train-job-001
t0081,gpu-node-01,3,76.39,272.69,56.19,0,0,0,0,0,0,11.85,0,train-job-001
t0081,gpu-node-02,0,69.63,317.25,74.73,0,0,0,0,0,0,13.06,0,train-job-001
t0081,gpu-node-02,1,74.39,331.72,68.17,0,0,0,0,0,0,13.24,0,train-job-001
t0081,gpu-node-02,2,77.52,352.99,72.28,0,0,0,0,0,0,13.7,0,train-job-001
t0081,gpu-node-02,3,78.65,347.76,79.64,0,0,0,0,0,0,8.98,0,train-job-001
t0081,gpu-node-03,0,74.92,358.47,88.43,0,0,0,0,0,0,12.76,0,train-job-001
t0081,gpu-node-03,1,76.66,357.33,66.95,0,0,0,0,0,0,13.07,0,train-job-001
t0081,gpu-node-03,2,74.86,312.41,71.0,0,0,0,0,0,0,13.65,0,train-job-001
t0081,gpu-node-03,3,75.13,333.16,64.25,0,0,0,0,0,0,13.79,0,train-job-001
t0081,gpu-node-04,0,75.59,361.35,67.61,0,0,0,0,0,0,11.19,0,train-job-001
t0081,gpu-node-04,1,77.15,347.74,76.82,0,0,0,0,0,0,10.65,0,train-job-001
t0081,gpu-node-04,2,73.06,350.62,78.45,0,0,0,0,0,0,12.99,0,train-job-001
t0081,gpu-node-04,3,80.99,350.11,81.64,0,0,0,0,0,0,7.88,0,train-job-001
t0081,gpu-node-05,0,76.61,351.67,70.16,0,0,0,0,0,0,11.5,0,train-job-001
t0081,gpu-node-05,1,72.37,296.99,75.11,0,0,0,0,0,0,12.44,0,train-job-001
t0081,gpu-node-05,2,77.44,359.86,84.21,0,0,0,0,0,0,9.54,0,train-job-001
t0081,gpu-node-05,3,75.84,351.43,67.8,0,0,0,0,0,0,12.91,0,train-job-001
t0081,gpu-node-06,0,74.75,345.37,77.24,0,0,0,0,0,0,13.34,0,train-job-001
t0081,gpu-node-06,1,76.04,333.62,62.87,0,0,0,0,0,0,9.56,0,train-job-001
t0081,gpu-node-06,2,74.5,314.58,69.55,0,0,0,0,0,0,11.64,0,train-job-001
t0081,gpu-node-06,3,75.97,331.35,72.73,0,0,0,0,0,0,11.57,0,train-job-001
t0081,gpu-node-07,0,73.18,355.22,75.88,0,0,0,0,0,0,13.62,0,train-job-001
t0081,gpu-node-07,1,74.14,320.52,67.04,0,0,0,0,0,0,15.07,0,train-job-001
t0081,gpu-node-07,2,77.64,360.34,92.33,0,0,0,0,0,0,11.96,0,train-job-001
t0081,gpu-node-07,3,79.33,311.67,68.59,0,0,0,0,0,0,11.61,0,train-job-001
t0081,gpu-node-08,0,77.02,296.69,56.62,0,0,0,0,0,0,11.06,0,train-job-001
t0081,gpu-node-08,1,70.64,318.8,67.41,0,0,0,0,0,0,12.76,0,train-job-001
t0081,gpu-node-08,2,75.65,356.31,64.73,0,0,0,0,0,0,10.97,0,train-job-001
t0081,gpu-node-08,3,78.1,333.47,77.65,0,0,0,0,0,0,14.65,0,train-job-001
t0081,gpu-node-09,0,76.81,356.26,71.09,0,0,0,0,0,0,15.33,0,train-job-001
t0081,gpu-node-09,1,74.3,326.09,68.65,0,0,0,0,0,0,10.78,0,train-job-001
t0081,gpu-node-09,2,72.92,349.32,73.23,0,0,0,0,0,0,8.85,0,train-job-001
t0081,gpu-node-09,3,73.42,331.66,61.8,0,0,0,0,0,0,11.7,0,train-job-001
t0081,gpu-node-10,0,75.67,324.0,70.37,0,0,0,0,0,0,10.27,0,train-job-001
t0081,gpu-node-10,1,76.99,355.8,79.54,0,0,0,0,0,0,13.37,0,train-job-001
t0081,gpu-node-10,2,71.48,323.41,75.47,0,0,0,0,0,0,5.37,0,train-job-001
t0081,gpu-node-10,3,73.52,347.87,63.34,0,0,0,0,0,0,14.59,0,train-job-001
t0081,gpu-node-11,0,81.84,338.98,70.99,0,0,0,0,0,0,10.37,0,train-job-001
t0081,gpu-node-11,1,74.1,324.35,69.69,0,0,0,0,0,0,11.95,0,train-job-001
t0081,gpu-node-11,2,75.6,357.02,68.35,0,0,0,0,0,0,13.29,0,train-job-001
t0081,gpu-node-11,3,78.01,357.45,67.78,0,0,0,0,0,0,12.35,0,train-job-001
t0082,gpu-node-00,0,71.94,315.84,70.54,0,0,0,0,0,0,17.53,0,train-job-001
t0082,gpu-node-00,1,76.28,341.92,70.17,0,0,0,0,0,0,12.48,0,train-job-001
t0082,gpu-node-00,2,81.44,383.02,84.88,0,0,0,0,0,0,9.92,0,train-job-001
t0082,gpu-node-00,3,75.43,338.75,70.67,0,0,0,0,0,0,10.27,0,train-job-001
t0082,gpu-node-01,0,77.54,318.64,64.28,0,0,0,0,0,0,13.27,0,train-job-001
t0082,gpu-node-01,1,78.76,331.6,90.97,0,0,0,0,0,0,11.83,0,train-job-001
t0082,gpu-node-01,2,77.27,338.96,76.8,0,0,0,0,0,0,12.69,0,train-job-001
t0082,gpu-node-01,3,72.79,322.9,65.2,0,0,0,0,0,0,12.75,0,train-job-001
t0082,gpu-node-02,0,71.16,359.36,75.42,0,0,0,0,0,0,11.42,0,train-job-001
t0082,gpu-node-02,1,75.27,343.86,72.13,0,0,0,0,0,0,10.99,0,train-job-001
t0082,gpu-node-02,2,81.52,367.6,90.32,0,0,0,0,0,0,14.91,0,train-job-001
t0082,gpu-node-02,3,77.5,347.25,81.17,0,0,0,0,0,0,12.9,0,train-job-001
t0082,gpu-node-03,0,79.03,334.47,66.29,0,0,0,0,0,0,12.09,0,train-job-001
t0082,gpu-node-03,1,72.35,315.61,61.64,0,0,0,0,0,0,11.41,0,train-job-001
t0082,gpu-node-03,2,74.36,317.97,71.46,0,0,0,0,0,0,9.29,0,train-job-001
t0082,gpu-node-03,3,75.31,324.98,66.39,0,0,0,0,0,0,14.83,0,train-job-001
t0082,gpu-node-04,0,76.82,337.01,67.52,0,0,0,0,0,0,13.75,0,train-job-001
t0082,gpu-node-04,1,79.29,348.02,62.99,0,0,0,0,0,0,13.43,0,train-job-001
t0082,gpu-node-04,2,81.34,353.44,69.11,0,0,0,0,0,0,11.43,0,train-job-001
t0082,gpu-node-04,3,72.64,312.14,64.5,0,0,0,0,0,0,18.07,0,train-job-001
t0082,gpu-node-05,0,74.78,316.14,75.78,0,0,0,0,0,0,12.84,0,train-job-001
t0082,gpu-node-05,1,76.2,326.12,69.4,0,0,0,0,0,0,11.42,0,train-job-001
t0082,gpu-node-05,2,74.33,357.87,72.07,0,0,0,0,0,0,11.58,0,train-job-001
t0082,gpu-node-05,3,75.05,303.8,67.87,0,0,0,0,0,0,8.64,0,train-job-001
t0082,gpu-node-06,0,74.48,314.81,69.11,0,0,0,0,0,0,9.68,0,train-job-001
t0082,gpu-node-06,1,77.2,344.8,74.33,0,0,0,0,0,0,12.12,0,train-job-001
t0082,gpu-node-06,2,74.9,333.85,72.07,0,0,0,0,0,0,12.28,0,train-job-001
t0082,gpu-node-06,3,74.84,357.9,69.87,0,0,0,0,0,0,13.16,0,train-job-001
t0082,gpu-node-07,0,76.39,358.0,76.57,0,0,0,0,0,0,10.97,0,train-job-001
t0082,gpu-node-07,1,71.2,325.01,73.82,0,0,0,0,0,0,11.51,0,train-job-001
t0082,gpu-node-07,2,73.27,331.74,62.06,0,0,0,0,0,0,12.04,0,train-job-001
t0082,gpu-node-07,3,75.19,304.19,78.02,0,0,0,0,0,0,14.05,0,train-job-001
t0082,gpu-node-08,0,74.91,340.54,58.73,0,0,0,0,0,0,12.92,0,train-job-001
t0082,gpu-node-08,1,77.21,335.68,77.84,0,0,0,0,0,0,12.28,0,train-job-001
t0082,gpu-node-08,2,77.99,351.6,74.18,0,0,0,0,0,0,13.08,0,train-job-001
t0082,gpu-node-08,3,80.33,363.25,81.88,0,0,0,0,0,0,10.91,0,train-job-001
t0082,gpu-node-09,0,76.04,337.75,77.68,0,0,0,0,0,0,9.72,0,train-job-001
t0082,gpu-node-09,1,75.37,343.99,61.62,0,0,0,0,0,0,9.53,0,train-job-001
t0082,gpu-node-09,2,76.33,324.6,75.61,0,0,0,0,0,0,14.83,0,train-job-001
t0082,gpu-node-09,3,77.51,386.01,79.4,0,0,0,0,0,0,11.11,0,train-job-001
t0082,gpu-node-10,0,74.25,338.17,73.57,0,0,0,0,0,0,6.72,0,train-job-001
t0082,gpu-node-10,1,70.86,338.43,80.82,0,0,0,0,0,0,10.63,0,train-job-001
t0082,gpu-node-10,2,76.11,373.62,69.9,0,0,0,0,0,0,10.13,0,train-job-001
t0082,gpu-node-10,3,70.56,295.83,71.77,0,0,0,0,0,0,13.33,0,train-job-001
t0082,gpu-node-11,0,74.61,353.76,75.91,0,0,0,0,0,0,9.86,0,train-job-001
t0082,gpu-node-11,1,72.55,309.8,66.99,0,0,0,0,0,0,10.19,0,train-job-001
t0082,gpu-node-11,2,73.31,319.33,65.74,0,0,0,0,0,0,12.73,0,train-job-001
t0082,gpu-node-11,3,77.09,341.49,75.55,0,0,0,0,0,0,10.31,0,train-job-001
t0083,gpu-node-00,0,71.88,328.67,77.68,0,0,0,0,0,0,11.49,0,train-job-001
t0083,gpu-node-00,1,73.24,353.37,74.15,0,0,0,0,0,0,12.28,0,train-job-001
t0083,gpu-node-00,2,76.92,373.55,77.93,0,0,0,0,0,0,7.25,0,train-job-001
t0083,gpu-node-00,3,74.13,333.75,81.96,0,0,0,0,0,0,13.72,0,train-job-001
t0083,gpu-node-01,0,79.74,361.28,77.37,0,0,0,0,0,0,14.85,0,train-job-001
t0083,gpu-node-01,1,72.94,340.98,71.34,0,0,0,0,0,0,11.37,0,train-job-001
t0083,gpu-node-01,2,75.3,346.39,67.49,0,0,0,0,0,0,11.33,0,train-job-001
t0083,gpu-node-01,3,76.47,293.4,56.57,0,0,0,0,0,0,11.14,0,train-job-001
t0083,gpu-node-02,0,77.49,309.83,66.16,0,0,0,0,0,0,13.69,0,train-job-001
t0083,gpu-node-02,1,78.11,334.85,66.13,0,0,0,0,0,0,10.8,0,train-job-001
t0083,gpu-node-02,2,75.35,338.86,67.04,0,0,0,0,0,0,13.59,0,train-job-001
t0083,gpu-node-02,3,77.48,364.31,77.38,0,0,0,0,0,0,11.41,0,train-job-001
t0083,gpu-node-03,0,73.31,337.69,71.02,0,0,0,0,0,0,16.75,0,train-job-001
t0083,gpu-node-03,1,75.25,369.65,82.69,0,0,0,0,0,0,14.31,0,train-job-001
t0083,gpu-node-03,2,76.58,360.66,74.16,0,0,0,0,0,0,10.35,0,train-job-001
t0083,gpu-node-03,3,74.63,347.83,80.63,0,0,0,0,0,0,12.1,0,train-job-001
t0083,gpu-node-04,0,76.77,342.96,78.28,0,0,0,0,0,0,13.03,0,train-job-001
t0083,gpu-node-04,1,77.97,322.53,62.71,0,0,0,0,0,0,11.01,0,train-job-001
t0083,gpu-node-04,2,77.64,316.17,64.07,0,0,0,0,0,0,10.62,0,train-job-001
t0083,gpu-node-04,3,75.06,361.94,68.66,0,0,0,0,0,0,10.92,0,train-job-001
t0083,gpu-node-05,0,77.2,332.8,80.43,0,0,0,0,0,0,14.37,0,train-job-001
t0083,gpu-node-05,1,73.39,352.0,74.84,0,0,0,0,0,0,11.58,0,train-job-001
t0083,gpu-node-05,2,74.33,360.11,71.14,0,0,0,0,0,0,11.56,0,train-job-001
t0083,gpu-node-05,3,75.73,336.59,82.41,0,0,0,0,0,0,10.32,0,train-job-001
t0083,gpu-node-06,0,72.46,315.46,59.06,0,0,0,0,0,0,7.76,0,train-job-001
t0083,gpu-node-06,1,71.68,319.86,90.08,0,0,0,0,0,0,12.54,0,train-job-001
t0083,gpu-node-06,2,70.82,348.35,67.1,0,0,0,0,0,0,12.12,0,train-job-001
t0083,gpu-node-06,3,76.78,338.36,58.35,0,0,0,0,0,0,10.88,0,train-job-001
t0083,gpu-node-07,0,79.22,354.12,84.57,0,0,0,0,0,0,12.49,0,train-job-001
t0083,gpu-node-07,1,77.19,339.42,75.43,0,0,0,0,0,0,12.26,0,train-job-001
t0083,gpu-node-07,2,76.36,361.41,71.25,0,0,0,0,0,0,11.07,0,train-job-001
t0083,gpu-node-07,3,75.15,307.49,69.67,0,0,0,0,0,0,12.76,0,train-job-001
t0083,gpu-node-08,0,73.3,324.73,65.94,0,0,0,0,0,0,10.72,0,train-job-001
t0083,gpu-node-08,1,73.6,320.65,72.06,0,0,0,0,0,0,10.12,0,train-job-001
t0083,gpu-node-08,2,80.97,340.87,79.81,0,0,0,0,0,0,15.82,0,train-job-001
t0083,gpu-node-08,3,71.06,328.2,74.89,0,0,0,0,0,0,13.79,0,train-job-001
t0083,gpu-node-09,0,72.76,319.31,73.49,0,0,0,0,0,0,12.69,0,train-job-001
t0083,gpu-node-09,1,76.3,375.89,75.93,0,0,0,0,0,0,9.15,0,train-job-001
t0083,gpu-node-09,2,74.0,371.24,76.8,0,0,0,0,0,0,10.54,0,train-job-001
t0083,gpu-node-09,3,76.19,353.39,77.11,0,0,0,0,0,0,15.0,0,train-job-001
t0083,gpu-node-10,0,76.6,343.97,73.23,0,0,0,0,0,0,11.8,0,train-job-001
t0083,gpu-node-10,1,74.24,316.19,72.18,0,0,0,0,0,0,10.5,0,train-job-001
t0083,gpu-node-10,2,70.4,322.5,65.55,0,0,0,0,0,0,9.6,0,train-job-001
t0083,gpu-node-10,3,73.95,317.7,67.9,0,0,0,0,0,0,13.98,0,train-job-001
t0083,gpu-node-11,0,71.86,331.71,66.56,0,0,0,0,0,0,8.54,0,train-job-001
t0083,gpu-node-11,1,72.88,351.62,75.3,0,0,0,0,0,0,13.2,0,train-job-001
t0083,gpu-node-11,2,76.26,341.76,60.93,0,0,0,0,0,0,11.88,0,train-job-001
t0083,gpu-node-11,3,72.07,327.38,71.59,0,0,0,0,0,0,14.64,0,train-job-001
t0084,gpu-node-00,0,76.08,338.72,81.56,0,0,0,0,0,0,9.19,0,train-job-001
t0084,gpu-node-00,1,76.99,333.8,76.51,0,0,0,0,0,0,16.65,0,train-job-001
t0084,gpu-node-00,2,75.78,314.51,58.2,0,0,0,0,0,0,11.59,0,train-job-001
t0084,gpu-node-00,3,82.8,354.09,72.87,0,0,0,0,0,0,10.63,0,train-job-001
t0084,gpu-node-01,0,77.6,366.04,84.66,0,0,0,0,0,0,11.52,0,train-job-001
t0084,gpu-node-01,1,71.8,352.09,84.0,0,0,0,0,0,0,12.11,0,train-job-001
t0084,gpu-node-01,2,74.88,350.95,69.21,0,0,0,0,0,0,8.98,0,train-job-001
t0084,gpu-node-01,3,75.68,330.37,70.35,0,0,0,0,0,0,14.84,0,train-job-001
t0084,gpu-node-02,0,75.78,338.27,84.84,0,0,0,0,0,0,13.4,0,train-job-001
t0084,gpu-node-02,1,73.17,350.5,74.92,0,0,0,0,0,0,10.3,0,train-job-001
t0084,gpu-node-02,2,73.72,328.01,65.33,0,0,0,0,0,0,13.01,0,train-job-001
t0084,gpu-node-02,3,78.31,314.96,67.48,0,0,0,0,0,0,9.08,0,train-job-001
t0084,gpu-node-03,0,71.04,347.4,74.94,0,0,0,0,0,0,12.97,0,train-job-001
t0084,gpu-node-03,1,72.85,319.39,66.57,0,0,0,0,0,0,10.64,0,train-job-001
t0084,gpu-node-03,2,76.03,372.72,73.02,0,0,0,0,0,0,13.84,0,train-job-001
t0084,gpu-node-03,3,77.53,365.8,67.81,0,0,0,0,0,0,15.24,0,train-job-001
t0084,gpu-node-04,0,80.84,340.57,78.21,0,0,0,0,0,0,7.32,0,train-job-001
t0084,gpu-node-04,1,72.62,317.59,72.82,0,0,0,0,0,0,10.9,0,train-job-001
t0084,gpu-node-04,2,75.73,353.0,83.37,0,0,0,0,0,0,8.51,0,train-job-001
t0084,gpu-node-04,3,77.62,335.84,72.77,0,0,0,0,0,0,12.48,0,train-job-001
t0084,gpu-node-05,0,75.3,340.86,70.45,0,0,0,0,0,0,11.06,0,train-job-001
t0084,gpu-node-05,1,80.11,377.75,78.41,0,0,0,0,0,0,12.46,0,train-job-001
t0084,gpu-node-05,2,70.27,321.76,69.25,0,0,0,0,0,0,13.7,0,train-job-001
t0084,gpu-node-05,3,76.05,326.37,72.63,0,0,0,0,0,0,12.85,0,train-job-001
t0084,gpu-node-06,0,74.75,316.91,66.75,0,0,0,0,0,0,11.87,0,train-job-001
t0084,gpu-node-06,1,74.58,313.79,78.66,0,0,0,0,0,0,12.29,0,train-job-001
t0084,gpu-node-06,2,77.56,343.56,75.59,0,0,0,0,0,0,12.44,0,train-job-001
t0084,gpu-node-06,3,79.17,345.52,75.57,0,0,0,0,0,0,14.51,0,train-job-001
t0084,gpu-node-07,0,75.5,356.4,74.96,0,0,0,0,0,0,9.81,0,train-job-001
t0084,gpu-node-07,1,79.37,328.56,82.92,0,0,0,0,0,0,9.47,0,train-job-001
t0084,gpu-node-07,2,75.52,353.43,78.24,0,0,0,0,0,0,11.59,0,train-job-001
t0084,gpu-node-07,3,71.74,317.79,54.67,0,0,0,0,0,0,13.0,0,train-job-001
t0084,gpu-node-08,0,72.95,339.28,76.3,0,0,0,0,0,0,11.76,0,train-job-001
t0084,gpu-node-08,1,79.16,303.08,67.72,0,0,0,0,0,0,13.06,0,train-job-001
t0084,gpu-node-08,2,75.19,326.77,72.19,0,0,0,0,0,0,12.43,0,train-job-001
t0084,gpu-node-08,3,76.19,317.23,81.61,0,0,0,0,0,0,11.91,0,train-job-001
t0084,gpu-node-09,0,71.03,314.56,84.06,0,0,0,0,0,0,12.85,0,train-job-001
t0084,gpu-node-09,1,75.27,338.12,74.24,0,0,0,0,0,0,11.21,0,train-job-001
t0084,gpu-node-09,2,78.03,318.77,66.02,0,0,0,0,0,0,14.6,0,train-job-001
t0084,gpu-node-09,3,78.33,319.02,71.4,0,0,0,0,0,0,13.95,0,train-job-001
t0084,gpu-node-10,0,78.43,366.01,76.0,0,0,0,0,0,0,11.68,0,train-job-001
t0084,gpu-node-10,1,75.42,342.05,72.32,0,0,0,0,0,0,12.51,0,train-job-001
t0084,gpu-node-10,2,76.57,334.61,72.27,0,0,0,0,0,0,12.2,0,train-job-001
t0084,gpu-node-10,3,74.63,315.18,59.53,0,0,0,0,0,0,10.36,0,train-job-001
t0084,gpu-node-11,0,74.92,331.25,68.34,0,0,0,0,0,0,8.96,0,train-job-001
t0084,gpu-node-11,1,76.27,346.63,78.73,0,0,0,0,0,0,8.94,0,train-job-001
t0084,gpu-node-11,2,75.47,314.92,64.91,0,0,0,0,0,0,12.41,0,train-job-001
t0084,gpu-node-11,3,77.71,326.67,66.5,0,0,0,0,0,0,15.0,0,train-job-001
t0085,gpu-node-00,0,78.89,332.08,56.79,0,0,0,0,0,0,10.52,0,train-job-001
t0085,gpu-node-00,1,79.6,385.31,78.56,0,0,0,0,0,0,11.71,0,train-job-001
t0085,gpu-node-00,2,74.43,341.23,68.41,0,0,0,0,0,0,9.99,0,train-job-001
t0085,gpu-node-00,3,73.91,342.04,80.8,0,0,0,0,0,0,11.7,0,train-job-001
t0085,gpu-node-01,0,74.71,331.69,76.28,0,0,0,0,0,0,7.42,0,train-job-001
t0085,gpu-node-01,1,78.72,315.49,81.54,0,0,0,0,0,0,11.08,0,train-job-001
t0085,gpu-node-01,2,75.54,329.81,61.21,0,0,0,0,0,0,14.37,0,train-job-001
t0085,gpu-node-01,3,73.94,304.5,64.14,0,0,0,0,0,0,7.85,0,train-job-001
t0085,gpu-node-02,0,75.21,354.96,79.51,0,0,0,0,0,0,13.3,0,train-job-001
t0085,gpu-node-02,1,72.94,320.61,64.3,0,0,0,0,0,0,13.86,0,train-job-001
t0085,gpu-node-02,2,76.46,350.51,65.0,0,0,0,0,0,0,9.71,0,train-job-001
t0085,gpu-node-02,3,78.48,352.15,70.25,0,0,0,0,0,0,10.17,0,train-job-001
t0085,gpu-node-03,0,74.35,305.97,70.3,0,0,0,0,0,0,15.24,0,train-job-001
t0085,gpu-node-03,1,73.69,327.83,74.58,0,0,0,0,0,0,13.97,0,train-job-001
t0085,gpu-node-03,2,71.27,347.08,80.3,0,0,0,0,0,0,13.64,0,train-job-001
t0085,gpu-node-03,3,77.66,333.13,63.73,0,0,0,0,0,0,15.3,0,train-job-001
t0085,gpu-node-04,0,75.84,370.33,72.77,0,0,0,0,0,0,15.49,0,train-job-001
t0085,gpu-node-04,1,74.51,322.6,60.25,0,0,0,0,0,0,11.73,0,train-job-001
t0085,gpu-node-04,2,78.67,323.21,69.44,0,0,0,0,0,0,10.4,0,train-job-001
t0085,gpu-node-04,3,75.96,347.86,78.5,0,0,0,0,0,0,11.39,0,train-job-001
t0085,gpu-node-05,0,77.59,338.16,52.22,0,0,0,0,0,0,12.54,0,train-job-001
t0085,gpu-node-05,1,72.85,318.66,71.23,0,0,0,0,0,0,12.16,0,train-job-001
t0085,gpu-node-05,2,70.15,354.76,76.75,0,0,0,0,0,0,9.96,0,train-job-001
t0085,gpu-node-05,3,77.47,359.85,82.59,0,0,0,0,0,0,9.95,0,train-job-001
t0085,gpu-node-06,0,78.45,340.82,72.7,0,0,0,0,0,0,10.54,0,train-job-001
t0085,gpu-node-06,1,76.12,362.53,95.54,0,0,0,0,0,0,8.78,0,train-job-001
t0085,gpu-node-06,2,78.31,346.77,69.37,0,0,0,0,0,0,14.29,0,train-job-001
t0085,gpu-node-06,3,75.59,359.74,66.51,0,0,0,0,0,0,10.15,0,train-job-001
t0085,gpu-node-07,0,76.42,344.51,76.21,0,0,0,0,0,0,12.08,0,train-job-001
t0085,gpu-node-07,1,73.09,327.31,66.15,0,0,0,0,0,0,11.32,0,train-job-001
t0085,gpu-node-07,2,73.28,315.27,55.93,0,0,0,0,0,0,12.9,0,train-job-001
t0085,gpu-node-07,3,72.26,310.35,83.0,0,0,0,0,0,0,13.8,0,train-job-001
t0085,gpu-node-08,0,73.58,362.84,82.42,0,0,0,0,0,0,13.9,0,train-job-001
t0085,gpu-node-08,1,72.35,356.47,74.2,0,0,0,0,0,0,11.33,0,train-job-001
t0085,gpu-node-08,2,74.81,325.91,68.55,0,0,0,0,0,0,10.76,0,train-job-001
t0085,gpu-node-08,3,76.78,312.22,60.87,0,0,0,0,0,0,11.84,0,train-job-001
t0085,gpu-node-09,0,75.31,317.78,54.22,0,0,0,0,0,0,12.99,0,train-job-001
t0085,gpu-node-09,1,77.33,319.49,76.79,0,0,0,0,0,0,13.87,0,train-job-001
t0085,gpu-node-09,2,74.37,313.43,65.69,0,0,0,0,0,0,12.08,0,train-job-001
t0085,gpu-node-09,3,75.06,345.28,70.01,0,0,0,0,0,0,15.73,0,train-job-001
t0085,gpu-node-10,0,75.29,333.96,70.53,0,0,0,0,0,0,11.04,0,train-job-001
t0085,gpu-node-10,1,77.73,318.62,70.02,0,0,0,0,0,0,12.35,0,train-job-001
t0085,gpu-node-10,2,73.67,342.97,68.72,0,0,0,0,0,0,11.12,0,train-job-001
t0085,gpu-node-10,3,78.77,368.82,80.81,0,0,0,0,0,0,14.29,0,train-job-001
t0085,gpu-node-11,0,72.85,328.45,79.71,0,0,0,0,0,0,11.62,0,train-job-001
t0085,gpu-node-11,1,75.08,332.76,72.97,0,0,0,0,0,0,11.2,0,train-job-001
t0085,gpu-node-11,2,75.9,340.77,74.4,0,0,0,0,0,0,11.07,0,train-job-001
t0085,gpu-node-11,3,77.7,333.04,58.07,0,0,0,0,0,0,10.79,0,train-job-001
t0086,gpu-node-00,0,73.28,339.2,67.85,0,0,0,0,0,0,13.68,0,train-job-001
t0086,gpu-node-00,1,76.46,364.03,76.76,0,0,0,0,0,0,15.25,0,train-job-001
t0086,gpu-node-00,2,77.91,360.15,73.39,0,0,0,0,0,0,10.77,0,train-job-001
t0086,gpu-node-00,3,79.24,346.86,65.29,0,0,0,0,0,0,12.32,0,train-job-001
t0086,gpu-node-01,0,79.78,387.78,92.11,0,0,0,0,0,0,11.42,0,train-job-001
t0086,gpu-node-01,1,77.2,357.6,81.07,0,0,0,0,0,0,12.37,0,train-job-001
t0086,gpu-node-01,2,79.99,334.61,75.13,0,0,0,0,0,0,8.82,0,train-job-001
t0086,gpu-node-01,3,75.72,317.52,67.32,0,0,0,0,0,0,10.06,0,train-job-001
t0086,gpu-node-02,0,76.56,358.09,73.96,0,0,0,0,0,0,10.12,0,train-job-001
t0086,gpu-node-02,1,78.55,358.95,79.49,0,0,0,0,0,0,10.91,0,train-job-001
t0086,gpu-node-02,2,77.75,319.04,65.61,0,0,0,0,0,0,13.5,0,train-job-001
t0086,gpu-node-02,3,73.84,386.59,85.42,0,0,0,0,0,0,12.82,0,train-job-001
t0086,gpu-node-03,0,78.71,335.03,60.36,0,0,0,0,0,0,9.84,0,train-job-001
t0086,gpu-node-03,1,78.08,355.32,81.08,0,0,0,0,0,0,9.01,0,train-job-001
t0086,gpu-node-03,2,77.59,362.4,68.15,0,0,0,0,0,0,13.32,0,train-job-001
t0086,gpu-node-03,3,75.35,350.12,84.11,0,0,0,0,0,0,9.52,0,train-job-001
t0086,gpu-node-04,0,76.6,313.49,58.55,0,0,0,0,0,0,13.99,0,train-job-001
t0086,gpu-node-04,1,77.2,348.82,67.32,0,0,0,0,0,0,12.74,0,train-job-001
t0086,gpu-node-04,2,78.73,339.79,64.31,0,0,0,0,0,0,8.84,0,train-job-001
t0086,gpu-node-04,3,76.62,347.66,77.47,0,0,0,0,0,0,10.25,0,train-job-001
t0086,gpu-node-05,0,76.18,329.02,69.01,0,0,0,0,0,0,11.29,0,train-job-001
t0086,gpu-node-05,1,76.13,325.35,76.97,0,0,0,0,0,0,9.78,0,train-job-001
t0086,gpu-node-05,2,80.65,366.24,83.55,0,0,0,0,0,0,13.94,0,train-job-001
t0086,gpu-node-05,3,77.64,357.71,69.12,0,0,0,0,0,0,11.93,0,train-job-001
t0086,gpu-node-06,0,74.45,355.56,80.6,0,0,0,0,0,0,13.16,0,train-job-001
t0086,gpu-node-06,1,76.12,327.38,74.21,0,0,0,0,0,0,11.17,0,train-job-001
t0086,gpu-node-06,2,74.58,329.15,83.35,0,0,0,0,0,0,14.37,0,train-job-001
t0086,gpu-node-06,3,69.81,306.59,67.87,0,0,0,0,0,0,11.14,0,train-job-001
t0086,gpu-node-07,0,74.63,324.17,84.6,0,0,0,0,0,0,13.56,0,train-job-001
t0086,gpu-node-07,1,79.86,346.2,64.23,0,0,0,0,0,0,12.35,0,train-job-001
t0086,gpu-node-07,2,74.97,358.76,74.8,0,0,0,0,0,0,11.85,0,train-job-001
t0086,gpu-node-07,3,73.08,291.39,68.57,0,0,0,0,0,0,10.61,0,train-job-001
t0086,gpu-node-08,0,75.14,317.06,68.68,0,0,0,0,0,0,14.77,0,train-job-001
t0086,gpu-node-08,1,79.34,324.27,70.45,0,0,0,0,0,0,14.24,0,train-job-001
t0086,gpu-node-08,2,77.71,318.04,70.22,0,0,0,0,0,0,11.46,0,train-job-001
t0086,gpu-node-08,3,71.82,349.67,63.18,0,0,0,0,0,0,11.5,0,train-job-001
t0086,gpu-node-09,0,70.59,299.13,51.18,0,0,0,0,0,0,14.53,0,train-job-001
t0086,gpu-node-09,1,75.15,378.7,87.94,0,0,0,0,0,0,11.61,0,train-job-001
t0086,gpu-node-09,2,72.63,336.95,69.88,0,0,0,0,0,0,10.88,0,train-job-001
t0086,gpu-node-09,3,72.96,310.36,60.69,0,0,0,0,0,0,12.91,0,train-job-001
t0086,gpu-node-10,0,74.89,309.07,63.74,0,0,0,0,0,0,5.96,0,train-job-001
t0086,gpu-node-10,1,74.25,311.74,55.37,0,0,0,0,0,0,8.34,0,train-job-001
t0086,gpu-node-10,2,76.04,322.55,74.65,0,0,0,0,0,0,11.67,0,train-job-001
t0086,gpu-node-10,3,74.21,322.23,67.2,0,0,0,0,0,0,13.98,0,train-job-001
t0086,gpu-node-11,0,77.09,361.73,77.61,0,0,0,0,0,0,12.75,0,train-job-001
t0086,gpu-node-11,1,76.91,320.88,71.71,0,0,0,0,0,0,10.92,0,train-job-001
t0086,gpu-node-11,2,73.85,326.37,59.38,0,0,0,0,0,0,12.7,0,train-job-001
t0086,gpu-node-11,3,72.47,328.79,63.08,0,0,0,0,0,0,11.55,0,train-job-001
t0087,gpu-node-00,0,75.78,334.39,73.46,0,0,0,0,0,0,12.78,0,train-job-001
t0087,gpu-node-00,1,78.49,369.94,66.5,0,0,0,0,0,0,10.67,0,train-job-001
t0087,gpu-node-00,2,77.11,358.12,77.1,0,0,0,0,0,0,13.15,0,train-job-001
t0087,gpu-node-00,3,78.77,359.86,82.17,0,0,0,0,0,0,12.18,0,train-job-001
t0087,gpu-node-01,0,73.26,329.1,66.32,0,0,0,0,0,0,12.1,0,train-job-001
t0087,gpu-node-01,1,77.5,334.94,75.86,0,0,0,0,0,0,9.24,0,train-job-001
t0087,gpu-node-01,2,73.97,348.49,80.99,0,0,0,0,0,0,12.32,0,train-job-001
t0087,gpu-node-01,3,74.41,330.6,65.22,0,0,0,0,0,0,9.87,0,train-job-001
t0087,gpu-node-02,0,75.2,333.84,64.0,0,0,0,0,0,0,15.59,0,train-job-001
t0087,gpu-node-02,1,70.47,351.77,66.41,0,0,0,0,0,0,15.61,0,train-job-001
t0087,gpu-node-02,2,74.42,329.76,64.92,0,0,0,0,0,0,11.73,0,train-job-001
t0087,gpu-node-02,3,69.28,303.49,67.15,0,0,0,0,0,0,9.78,0,train-job-001
t0087,gpu-node-03,0,73.19,332.54,78.2,0,0,0,0,0,0,11.43,0,train-job-001
t0087,gpu-node-03,1,74.53,314.67,69.75,0,0,0,0,0,0,12.04,0,train-job-001
t0087,gpu-node-03,2,72.01,369.15,63.93,0,0,0,0,0,0,10.17,0,train-job-001
t0087,gpu-node-03,3,77.67,326.66,68.93,0,0,0,0,0,0,10.79,0,train-job-001
t0087,gpu-node-04,0,75.71,369.54,84.17,0,0,0,0,0,0,14.01,0,train-job-001
t0087,gpu-node-04,1,72.96,322.12,65.41,0,0,0,0,0,0,12.81,0,train-job-001
t0087,gpu-node-04,2,73.66,341.36,73.56,0,0,0,0,0,0,12.58,0,train-job-001
t0087,gpu-node-04,3,75.21,347.9,74.57,0,0,0,0,0,0,11.48,0,train-job-001
t0087,gpu-node-05,0,77.2,338.09,69.8,0,0,0,0,0,0,12.86,0,train-job-001
t0087,gpu-node-05,1,75.87,364.28,68.61,0,0,0,0,0,0,17.76,0,train-job-001
t0087,gpu-node-05,2,80.02,329.19,75.59,0,0,0,0,0,0,14.97,0,train-job-001
t0087,gpu-node-05,3,71.72,337.27,74.68,0,0,0,0,0,0,11.87,0,train-job-001
t0087,gpu-node-06,0,76.65,320.96,70.3,0,0,0,0,0,0,10.06,0,train-job-001
t0087,gpu-node-06,1,74.09,345.61,73.33,0,0,0,0,0,0,13.64,0,train-job-001
t0087,gpu-node-06,2,71.54,344.54,73.08,0,0,0,0,0,0,11.08,0,train-job-001
t0087,gpu-node-06,3,74.03,360.29,67.8,0,0,0,0,0,0,13.36,0,train-job-001
t0087,gpu-node-07,0,78.5,323.77,68.4,0,0,0,0,0,0,15.06,0,train-job-001
t0087,gpu-node-07,1,77.77,326.02,73.65,0,0,0,0,0,0,12.13,0,train-job-001
t0087,gpu-node-07,2,79.18,358.4,62.89,0,0,0,0,0,0,11.95,0,train-job-001
t0087,gpu-node-07,3,75.57,331.27,80.33,0,0,0,0,0,0,13.21,0,train-job-001
t0087,gpu-node-08,0,72.85,338.39,84.09,0,0,0,0,0,0,9.63,0,train-job-001
t0087,gpu-node-08,1,76.67,361.84,82.56,0,0,0,0,0,0,11.44,0,train-job-001
t0087,gpu-node-08,2,78.64,377.8,72.94,0,0,0,0,0,0,5.83,0,train-job-001
t0087,gpu-node-08,3,74.84,344.04,59.26,0,0,0,0,0,0,10.45,0,train-job-001
t0087,gpu-node-09,0,77.17,340.53,67.97,0,0,0,0,0,0,10.5,0,train-job-001
t0087,gpu-node-09,1,78.69,333.94,71.31,0,0,0,0,0,0,11.05,0,train-job-001
t0087,gpu-node-09,2,74.05,327.25,60.58,0,0,0,0,0,0,10.9,0,train-job-001
t0087,gpu-node-09,3,79.57,322.1,63.13,0,0,0,0,0,0,6.37,0,train-job-001
t0087,gpu-node-10,0,74.8,322.43,65.75,0,0,0,0,0,0,13.27,0,train-job-001
t0087,gpu-node-10,1,75.47,357.4,75.34,0,0,0,0,0,0,11.5,0,train-job-001
t0087,gpu-node-10,2,72.97,332.94,76.33,0,0,0,0,0,0,14.14,0,train-job-001
t0087,gpu-node-10,3,76.89,307.66,64.02,0,0,0,0,0,0,10.01,0,train-job-001
t0087,gpu-node-11,0,73.8,314.32,73.31,0,0,0,0,0,0,11.46,0,train-job-001
t0087,gpu-node-11,1,71.86,310.39,63.04,0,0,0,0,0,0,10.11,0,train-job-001
t0087,gpu-node-11,2,74.53,328.23,62.35,0,0,0,0,0,0,11.33,0,train-job-001
t0087,gpu-node-11,3,75.02,331.27,72.48,0,0,0,0,0,0,10.88,0,train-job-001
t0088,gpu-node-00,0,74.4,380.68,79.04,0,0,0,0,0,0,10.82,0,train-job-001
t0088,gpu-node-00,1,75.69,329.12,76.34,0,0,0,0,0,0,10.73,0,train-job-001
t0088,gpu-node-00,2,76.35,300.27,79.74,0,0,0,0,0,0,14.2,0,train-job-001
t0088,gpu-node-00,3,79.63,350.58,72.05,0,0,0,0,0,0,12.55,0,train-job-001
t0088,gpu-node-01,0,78.3,320.39,59.2,0,0,0,0,0,0,12.32,0,train-job-001
t0088,gpu-node-01,1,76.06,358.79,68.3,0,0,0,0,0,0,13.12,0,train-job-001
t0088,gpu-node-01,2,76.26,358.62,75.05,0,0,0,0,0,0,14.3,0,train-job-001
t0088,gpu-node-01,3,74.15,317.37,63.72,0,0,0,0,0,0,10.36,0,train-job-001
t0088,gpu-node-02,0,70.69,326.43,69.5,0,0,0,0,0,0,10.76,0,train-job-001
t0088,gpu-node-02,1,73.35,348.57,70.93,0,0,0,0,0,0,12.19,0,train-job-001
t0088,gpu-node-02,2,73.41,299.4,63.82,0,0,0,0,0,0,11.97,0,train-job-001
t0088,gpu-node-02,3,77.35,337.29,64.8,0,0,0,0,0,0,13.47,0,train-job-001
t0088,gpu-node-03,0,77.19,331.82,66.7,0,0,0,0,0,0,7.88,0,train-job-001
t0088,gpu-node-03,1,75.19,319.76,72.87,0,0,0,0,0,0,12.26,0,train-job-001
t0088,gpu-node-03,2,76.57,327.64,61.08,0,0,0,0,0,0,14.49,0,train-job-001
t0088,gpu-node-03,3,76.56,339.11,65.96,0,0,0,0,0,0,10.13,0,train-job-001
t0088,gpu-node-04,0,75.39,318.78,64.84,0,0,0,0,0,0,13.46,0,train-job-001
t0088,gpu-node-04,1,72.8,339.85,73.85,0,0,0,0,0,0,10.95,0,train-job-001
t0088,gpu-node-04,2,73.19,317.68,64.64,0,0,0,0,0,0,8.95,0,train-job-001
t0088,gpu-node-04,3,82.53,323.1,62.0,0,0,0,0,0,0,9.33,0,train-job-001
t0088,gpu-node-05,0,76.01,349.87,86.32,0,0,0,0,0,0,13.59,0,train-job-001
t0088,gpu-node-05,1,67.16,315.54,57.84,0,0,0,0,0,0,12.71,0,train-job-001
t0088,gpu-node-05,2,74.84,325.02,71.92,0,0,0,0,0,0,11.45,0,train-job-001
t0088,gpu-node-05,3,76.12,366.83,76.35,0,0,0,0,0,0,13.24,0,train-job-001
t0088,gpu-node-06,0,79.65,357.31,76.03,0,0,0,0,0,0,12.41,0,train-job-001
t0088,gpu-node-06,1,75.28,339.66,63.91,0,0,0,0,0,0,11.84,0,train-job-001
t0088,gpu-node-06,2,73.79,322.08,67.62,0,0,0,0,0,0,12.7,0,train-job-001
t0088,gpu-node-06,3,77.67,341.35,77.28,0,0,0,0,0,0,14.17,0,train-job-001
t0088,gpu-node-07,0,78.55,331.86,77.78,0,0,0,0,0,0,8.87,0,train-job-001
t0088,gpu-node-07,1,77.25,347.69,76.48,0,0,0,0,0,0,11.04,0,train-job-001
t0088,gpu-node-07,2,76.47,320.36,69.04,0,0,0,0,0,0,9.75,0,train-job-001
t0088,gpu-node-07,3,74.7,338.8,83.97,0,0,0,0,0,0,10.44,0,train-job-001
t0088,gpu-node-08,0,78.74,366.29,69.97,0,0,0,0,0,0,12.31,0,train-job-001
t0088,gpu-node-08,1,72.06,325.42,64.03,0,0,0,0,0,0,11.51,0,train-job-001
t0088,gpu-node-08,2,74.36,327.21,72.38,0,0,0,0,0,0,10.29,0,train-job-001
t0088,gpu-node-08,3,73.3,313.62,61.98,0,0,0,0,0,0,11.04,0,train-job-001
t0088,gpu-node-09,0,76.99,339.7,62.97,0,0,0,0,0,0,13.42,0,train-job-001
t0088,gpu-node-09,1,74.07,339.3,74.44,0,0,0,0,0,0,9.06,0,train-job-001
t0088,gpu-node-09,2,75.69,350.58,79.25,0,0,0,0,0,0,8.43,0,train-job-001
t0088,gpu-node-09,3,76.79,341.87,78.48,0,0,0,0,0,0,11.03,0,train-job-001
t0088,gpu-node-10,0,71.67,367.42,78.17,0,0,0,0,0,0,12.16,0,train-job-001
t0088,gpu-node-10,1,77.69,354.85,86.47,0,0,0,0,0,0,10.01,0,train-job-001
t0088,gpu-node-10,2,74.17,333.56,68.32,0,0,0,0,0,0,11.04,0,train-job-001
t0088,gpu-node-10,3,72.1,316.46,62.25,0,0,0,0,0,0,13.94,0,train-job-001
t0088,gpu-node-11,0,72.97,311.97,62.41,0,0,0,0,0,0,11.16,0,train-job-001
t0088,gpu-node-11,1,72.87,352.66,66.15,0,0,0,0,0,0,13.65,0,train-job-001
t0088,gpu-node-11,2,71.2,343.44,62.57,0,0,0,0,0,0,10.98,0,train-job-001
t0088,gpu-node-11,3,73.16,324.14,48.97,0,0,0,0,0,0,9.01,0,train-job-001
t0089,gpu-node-00,0,80.0,367.51,67.73,0,0,0,0,0,0,8.72,0,train-job-001
t0089,gpu-node-00,1,75.02,303.78,56.77,0,0,0,0,0,0,12.16,0,train-job-001
t0089,gpu-node-00,2,72.72,288.07,51.3,0,0,0,0,0,0,15.0,0,train-job-001
t0089,gpu-node-00,3,72.64,308.84,52.3,0,0,0,0,0,0,13.31,0,train-job-001
t0089,gpu-node-01,0,75.33,348.94,72.68,0,0,0,0,0,0,15.35,0,train-job-001
t0089,gpu-node-01,1,73.65,318.99,77.05,0,0,0,0,0,0,13.56,0,train-job-001
t0089,gpu-node-01,2,72.9,331.5,59.28,0,0,0,0,0,0,15.2,0,train-job-001
t0089,gpu-node-01,3,74.26,306.6,69.28,0,0,0,0,0,0,9.34,0,train-job-001
t0089,gpu-node-02,0,77.23,302.81,57.78,0,0,0,0,0,0,14.28,0,train-job-001
t0089,gpu-node-02,1,75.25,344.46,69.09,0,0,0,0,0,0,10.94,0,train-job-001
t0089,gpu-node-02,2,75.82,349.31,73.22,0,0,0,0,0,0,15.4,0,train-job-001
t0089,gpu-node-02,3,75.06,319.68,64.25,0,0,0,0,0,0,14.98,0,train-job-001
t0089,gpu-node-03,0,74.35,352.85,80.95,0,0,0,0,0,0,10.75,0,train-job-001
t0089,gpu-node-03,1,74.92,327.69,67.5,0,0,0,0,0,0,11.66,0,train-job-001
t0089,gpu-node-03,2,73.89,331.06,73.32,0,0,0,0,0,0,13.67,0,train-job-001
t0089,gpu-node-03,3,75.89,304.12,67.42,0,0,0,0,0,0,11.06,0,train-job-001
t0089,gpu-node-04,0,76.46,330.63,55.33,0,0,0,0,0,0,16.45,0,train-job-001
t0089,gpu-node-04,1,75.73,284.96,55.95,0,0,0,0,0,0,13.41,0,train-job-001
t0089,gpu-node-04,2,76.49,348.8,66.64,0,0,0,0,0,0,10.7,0,train-job-001
t0089,gpu-node-04,3,73.71,341.32,83.39,0,0,0,0,0,0,11.62,0,train-job-001
t0089,gpu-node-05,0,75.59,344.54,76.5,0,0,0,0,0,0,13.23,0,train-job-001
t0089,gpu-node-05,1,76.08,354.18,82.01,0,0,0,0,0,0,10.4,0,train-job-001
t0089,gpu-node-05,2,75.58,277.24,72.49,0,0,0,0,0,0,10.65,0,train-job-001
t0089,gpu-node-05,3,74.4,338.87,71.66,0,0,0,0,0,0,13.11,0,train-job-001
t0089,gpu-node-06,0,76.54,336.49,68.29,0,0,0,0,0,0,6.65,0,train-job-001
t0089,gpu-node-06,1,72.63,341.38,77.52,0,0,0,0,0,0,12.17,0,train-job-001
t0089,gpu-node-06,2,75.51,339.38,78.98,0,0,0,0,0,0,10.61,0,train-job-001
t0089,gpu-node-06,3,76.86,342.75,75.36,0,0,0,0,0,0,11.97,0,train-job-001
t0089,gpu-node-07,0,76.6,339.31,79.7,0,0,0,0,0,0,14.11,0,train-job-001
t0089,gpu-node-07,1,76.6,325.8,61.22,0,0,0,0,0,0,11.41,0,train-job-001
t0089,gpu-node-07,2,79.26,347.55,67.88,0,0,0,0,0,0,12.98,0,train-job-001
t0089,gpu-node-07,3,69.27,283.79,61.1,0,0,0,0,0,0,10.03,0,train-job-001
t0089,gpu-node-08,0,71.73,331.72,87.63,0,0,0,0,0,0,9.81,0,train-job-001
t0089,gpu-node-08,1,74.3,322.25,77.11,0,0,0,0,0,0,12.14,0,train-job-001
t0089,gpu-node-08,2,74.88,325.88,56.75,0,0,0,0,0,0,10.58,0,train-job-001
t0089,gpu-node-08,3,74.66,325.53,66.4,0,0,0,0,0,0,9.06,0,train-job-001
t0089,gpu-node-09,0,75.96,325.29,65.51,0,0,0,0,0,0,14.29,0,train-job-001
t0089,gpu-node-09,1,77.94,335.87,83.39,0,0,0,0,0,0,12.05,0,train-job-001
t0089,gpu-node-09,2,77.92,340.99,76.54,0,0,0,0,0,0,14.25,0,train-job-001
t0089,gpu-node-09,3,74.85,324.04,62.61,0,0,0,0,0,0,11.46,0,train-job-001
t0089,gpu-node-10,0,78.86,338.78,75.77,0,0,0,0,0,0,12.98,0,train-job-001
t0089,gpu-node-10,1,75.12,356.89,77.87,0,0,0,0,0,0,11.04,0,train-job-001
t0089,gpu-node-10,2,72.52,329.2,77.03,0,0,0,0,0,0,13.04,0,train-job-001
t0089,gpu-node-10,3,78.19,347.04,75.25,0,0,0,0,0,0,13.17,0,train-job-001
t0089,gpu-node-11,0,69.66,314.89,59.5,0,0,0,0,0,0,11.02,0,train-job-001
t0089,gpu-node-11,1,76.97,328.93,76.97,0,0,0,0,0,0,14.03,0,train-job-001
t0089,gpu-node-11,2,78.97,331.51,83.06,0,0,0,0,0,0,11.52,0,train-job-001
t0089,gpu-node-11,3,76.96,350.34,83.88,0,0,0,0,0,0,11.98,0,train-job-001
t0090,gpu-node-00,0,74.72,330.62,80.71,0,0,0,0,0,0,12.45,0,train-job-001
t0090,gpu-node-00,1,78.91,343.37,83.96,0,0,0,0,0,0,12.15,0,train-job-001
t0090,gpu-node-00,2,75.3,349.83,83.12,0,0,0,0,0,0,11.36,0,train-job-001
t0090,gpu-node-00,3,71.87,322.35,74.51,0,0,0,0,0,0,11.24,0,train-job-001
t0090,gpu-node-01,0,74.38,325.5,72.13,0,0,0,0,0,0,10.74,0,train-job-001
t0090,gpu-node-01,1,72.33,320.3,76.45,0,0,0,0,0,0,12.1,0,train-job-001
t0090,gpu-node-01,2,75.5,337.35,78.79,0,0,0,0,0,0,11.1,0,train-job-001
t0090,gpu-node-01,3,74.97,295.43,62.7,0,0,0,0,0,0,13.48,0,train-job-001
t0090,gpu-node-02,0,76.92,317.67,82.03,0,0,0,0,0,0,14.91,0,train-job-001
t0090,gpu-node-02,1,75.03,345.68,69.61,0,0,0,0,0,0,11.68,0,train-job-001
t0090,gpu-node-02,2,77.07,354.26,72.81,0,0,0,0,0,0,12.22,0,train-job-001
t0090,gpu-node-02,3,76.49,325.01,67.74,0,0,0,0,0,0,15.05,0,train-job-001
t0090,gpu-node-03,0,70.77,327.93,58.48,0,0,0,0,0,0,14.94,0,train-job-001
t0090,gpu-node-03,1,75.84,368.13,84.47,0,0,0,0,0,0,13.02,0,train-job-001
t0090,gpu-node-03,2,79.04,313.4,57.11,0,0,0,0,0,0,12.31,0,train-job-001
t0090,gpu-node-03,3,79.08,362.45,69.95,0,0,0,0,0,0,9.25,0,train-job-001
t0090,gpu-node-04,0,75.21,317.64,60.78,0,0,0,0,0,0,9.67,0,train-job-001
t0090,gpu-node-04,1,70.85,319.71,75.81,0,0,0,0,0,0,9.31,0,train-job-001
t0090,gpu-node-04,2,75.58,335.62,78.81,0,0,0,0,0,0,13.61,0,train-job-001
t0090,gpu-node-04,3,72.22,303.36,72.0,0,0,0,0,0,0,12.79,0,train-job-001
t0090,gpu-node-05,0,78.35,352.1,75.03,0,0,0,0,0,0,9.34,0,train-job-001
t0090,gpu-node-05,1,71.15,359.35,79.06,0,0,0,0,0,0,14.17,0,train-job-001
t0090,gpu-node-05,2,77.12,370.6,83.73,0,0,0,0,0,0,12.17,0,train-job-001
t0090,gpu-node-05,3,76.01,316.59,68.11,0,0,0,0,0,0,10.32,0,train-job-001
t0090,gpu-node-06,0,76.96,329.04,74.62,0,0,0,0,0,0,13.04,0,train-job-001
t0090,gpu-node-06,1,73.37,289.9,66.98,0,0,0,0,0,0,9.15,0,train-job-001
t0090,gpu-node-06,2,75.28,362.27,77.07,0,0,0,0,0,0,10.29,0,train-job-001
t0090,gpu-node-06,3,78.72,371.56,75.9,0,0,0,0,0,0,12.64,0,train-job-001
t0090,gpu-node-07,0,79.21,327.9,68.97,0,0,0,0,0,0,13.13,0,train-job-001
t0090,gpu-node-07,1,74.8,301.57,62.82,0,0,0,0,0,0,14.08,0,train-job-001
t0090,gpu-node-07,2,72.39,331.46,77.34,0,0,0,0,0,0,9.54,0,train-job-001
t0090,gpu-node-07,3,73.47,288.46,63.26,0,0,0,0,0,0,12.22,0,train-job-001
t0090,gpu-node-08,0,73.95,325.09,82.3,0,0,0,0,0,0,12.57,0,train-job-001
t0090,gpu-node-08,1,71.82,364.76,87.03,0,0,0,0,0,0,7.43,0,train-job-001
t0090,gpu-node-08,2,73.57,343.65,64.95,0,0,0,0,0,0,11.66,0,train-job-001
t0090,gpu-node-08,3,73.44,301.69,62.67,0,0,0,0,0,0,10.24,0,train-job-001
t0090,gpu-node-09,0,77.11,312.44,57.33,0,0,0,0,0,0,11.58,0,train-job-001
t0090,gpu-node-09,1,74.75,348.82,74.99,0,0,0,0,0,0,12.25,0,train-job-001
t0090,gpu-node-09,2,77.19,350.6,71.59,0,0,0,0,0,0,10.51,0,train-job-001
t0090,gpu-node-09,3,75.91,363.58,77.34,0,0,0,0,0,0,10.48,0,train-job-001
t0090,gpu-node-10,0,71.07,315.68,69.96,0,0,0,0,0,0,9.87,0,train-job-001
t0090,gpu-node-10,1,76.27,356.27,80.76,0,0,0,0,0,0,13.58,0,train-job-001
t0090,gpu-node-10,2,78.01,305.33,65.7,0,0,0,0,0,0,13.47,0,train-job-001
t0090,gpu-node-10,3,73.26,329.26,58.26,0,0,0,0,0,0,12.14,0,train-job-001
t0090,gpu-node-11,0,76.67,327.28,72.99,0,0,0,0,0,0,10.4,0,train-job-001
t0090,gpu-node-11,1,75.27,346.57,82.68,0,0,0,0,0,0,10.27,0,train-job-001
t0090,gpu-node-11,2,79.91,338.48,70.48,0,0,0,0,0,0,12.53,0,train-job-001
t0090,gpu-node-11,3,74.19,353.94,72.55,0,0,0,0,0,0,11.14,0,train-job-001
t0091,gpu-node-00,0,70.94,359.49,81.53,0,0,0,0,0,0,15.5,0,train-job-001
t0091,gpu-node-00,1,76.23,326.97,80.02,0,0,0,0,0,0,11.14,0,train-job-001
t0091,gpu-node-00,2,75.41,334.8,81.03,0,0,0,0,0,0,14.07,0,train-job-001
t0091,gpu-node-00,3,77.2,361.78,74.77,0,0,0,0,0,0,13.07,0,train-job-001
t0091,gpu-node-01,0,71.65,315.46,70.31,0,0,0,0,0,0,11.33,0,train-job-001
t0091,gpu-node-01,1,74.4,325.12,64.22,0,0,0,0,0,0,12.87,0,train-job-001
t0091,gpu-node-01,2,79.4,363.61,78.9,0,0,0,0,0,0,13.92,0,train-job-001
t0091,gpu-node-01,3,77.66,346.4,62.77,0,0,0,0,0,0,11.0,0,train-job-001
t0091,gpu-node-02,0,74.6,355.33,74.02,0,0,0,0,0,0,13.52,0,train-job-001
t0091,gpu-node-02,1,75.62,318.28,68.38,0,0,0,0,0,0,12.67,0,train-job-001
t0091,gpu-node-02,2,79.42,327.51,66.37,0,0,0,0,0,0,10.75,0,train-job-001
t0091,gpu-node-02,3,73.8,324.08,78.51,0,0,0,0,0,0,13.42,0,train-job-001
t0091,gpu-node-03,0,75.06,366.7,93.83,0,0,0,0,0,0,13.36,0,train-job-001
t0091,gpu-node-03,1,73.31,317.89,52.32,0,0,0,0,0,0,12.94,0,train-job-001
t0091,gpu-node-03,2,77.82,316.4,74.91,0,0,0,0,0,0,8.99,0,train-job-001
t0091,gpu-node-03,3,71.4,303.12,58.3,0,0,0,0,0,0,12.67,0,train-job-001
t0091,gpu-node-04,0,76.52,333.47,68.98,0,0,0,0,0,0,11.95,0,train-job-001
t0091,gpu-node-04,1,79.44,366.7,77.96,0,0,0,0,0,0,12.0,0,train-job-001
t0091,gpu-node-04,2,76.59,332.46,60.72,0,0,0,0,0,0,12.13,0,train-job-001
t0091,gpu-node-04,3,69.71,336.86,64.04,0,0,0,0,0,0,12.07,0,train-job-001
t0091,gpu-node-05,0,72.37,350.93,75.96,0,0,0,0,0,0,12.47,0,train-job-001
t0091,gpu-node-05,1,73.91,328.79,73.14,0,0,0,0,0,0,11.27,0,train-job-001
t0091,gpu-node-05,2,75.8,318.16,68.41,0,0,0,0,0,0,9.64,0,train-job-001
t0091,gpu-node-05,3,76.55,350.24,66.96,0,0,0,0,0,0,14.04,0,train-job-001
t0091,gpu-node-06,0,71.98,328.32,67.25,0,0,0,0,0,0,11.88,0,train-job-001
t0091,gpu-node-06,1,74.55,320.02,64.48,0,0,0,0,0,0,13.8,0,train-job-001
t0091,gpu-node-06,2,74.43,330.37,66.89,0,0,0,0,0,0,16.64,0,train-job-001
t0091,gpu-node-06,3,75.79,330.18,66.56,0,0,0,0,0,0,12.37,0,train-job-001
t0091,gpu-node-07,0,78.0,307.48,70.66,0,0,0,0,0,0,12.76,0,train-job-001
t0091,gpu-node-07,1,76.92,353.43,74.18,0,0,0,0,0,0,13.52,0,train-job-001
t0091,gpu-node-07,2,78.74,329.16,69.71,0,0,0,0,0,0,8.63,0,train-job-001
t0091,gpu-node-07,3,76.34,340.8,70.92,0,0,0,0,0,0,12.95,0,train-job-001
t0091,gpu-node-08,0,76.81,343.67,64.75,0,0,0,0,0,0,12.09,0,train-job-001
t0091,gpu-node-08,1,73.99,352.17,81.72,0,0,0,0,0,0,9.54,0,train-job-001
t0091,gpu-node-08,2,78.01,344.65,72.93,0,0,0,0,0,0,10.03,0,train-job-001
t0091,gpu-node-08,3,73.26,346.66,79.15,0,0,0,0,0,0,9.7,0,train-job-001
t0091,gpu-node-09,0,74.63,338.35,78.58,0,0,0,0,0,0,14.69,0,train-job-001
t0091,gpu-node-09,1,78.05,364.15,85.14,0,0,0,0,0,0,11.17,0,train-job-001
t0091,gpu-node-09,2,81.16,332.2,72.72,0,0,0,0,0,0,10.28,0,train-job-001
t0091,gpu-node-09,3,77.23,320.24,69.75,0,0,0,0,0,0,11.96,0,train-job-001
t0091,gpu-node-10,0,77.98,342.43,67.39,0,0,0,0,0,0,11.65,0,train-job-001
t0091,gpu-node-10,1,77.31,319.74,67.1,0,0,0,0,0,0,13.86,0,train-job-001
t0091,gpu-node-10,2,75.73,318.41,81.72,0,0,0,0,0,0,13.7,0,train-job-001
t0091,gpu-node-10,3,74.87,328.74,75.87,0,0,0,0,0,0,15.14,0,train-job-001
t0091,gpu-node-11,0,75.67,350.69,65.97,0,0,0,0,0,0,13.17,0,train-job-001
t0091,gpu-node-11,1,77.3,331.31,61.15,0,0,0,0,0,0,14.9,0,train-job-001
t0091,gpu-node-11,2,75.37,321.8,64.06,0,0,0,0,0,0,9.61,0,train-job-001
t0091,gpu-node-11,3,71.04,308.82,73.76,0,0,0,0,0,0,13.09,0,train-job-001
t0092,gpu-node-00,0,74.69,313.53,72.24,0,0,0,0,0,0,12.64,0,train-job-001
t0092,gpu-node-00,1,70.93,376.59,72.52,0,0,0,0,0,0,12.65,0,train-job-001
t0092,gpu-node-00,2,80.04,358.61,82.26,0,0,0,0,0,0,11.65,0,train-job-001
t0092,gpu-node-00,3,76.08,343.61,73.06,0,0,0,0,0,0,7.82,0,train-job-001
t0092,gpu-node-01,0,76.94,334.51,76.2,0,0,0,0,0,0,14.04,0,train-job-001
t0092,gpu-node-01,1,78.99,337.25,81.35,0,0,0,0,0,0,10.12,0,train-job-001
t0092,gpu-node-01,2,79.44,348.64,92.22,0,0,0,0,0,0,14.89,0,train-job-001
t0092,gpu-node-01,3,72.99,345.81,77.63,0,0,0,0,0,0,15.47,0,train-job-001
t0092,gpu-node-02,0,71.29,334.54,72.12,0,0,0,0,0,0,11.03,0,train-job-001
t0092,gpu-node-02,1,76.56,303.08,61.66,0,0,0,0,0,0,13.1,0,train-job-001
t0092,gpu-node-02,2,76.98,316.92,68.85,0,0,0,0,0,0,13.56,0,train-job-001
t0092,gpu-node-02,3,74.82,324.2,62.64,0,0,0,0,0,0,13.1,0,train-job-001
t0092,gpu-node-03,0,75.04,342.77,71.25,0,0,0,0,0,0,13.47,0,train-job-001
t0092,gpu-node-03,1,77.58,351.9,67.42,0,0,0,0,0,0,14.41,0,train-job-001
t0092,gpu-node-03,2,77.55,337.17,79.91,0,0,0,0,0,0,9.28,0,train-job-001
t0092,gpu-node-03,3,75.67,319.7,84.81,0,0,0,0,0,0,12.77,0,train-job-001
t0092,gpu-node-04,0,74.65,330.41,67.99,0,0,0,0,0,0,11.9,0,train-job-001
t0092,gpu-node-04,1,77.08,352.18,80.37,0,0,0,0,0,0,13.56,0,train-job-001
t0092,gpu-node-04,2,75.46,352.3,81.27,0,0,0,0,0,0,13.52,0,train-job-001
t0092,gpu-node-04,3,76.58,364.75,66.14,0,0,0,0,0,0,9.39,0,train-job-001
t0092,gpu-node-05,0,77.5,346.08,69.47,0,0,0,0,0,0,13.54,0,train-job-001
t0092,gpu-node-05,1,72.45,329.13,82.04,0,0,0,0,0,0,9.8,0,train-job-001
t0092,gpu-node-05,2,77.01,319.49,69.84,0,0,0,0,0,0,15.63,0,train-job-001
t0092,gpu-node-05,3,70.2,339.89,72.93,0,0,0,0,0,0,14.52,0,train-job-001
t0092,gpu-node-06,0,79.81,269.02,57.65,0,0,0,0,0,0,11.53,0,train-job-001
t0092,gpu-node-06,1,73.49,343.12,86.39,0,0,0,0,0,0,10.05,0,train-job-001
t0092,gpu-node-06,2,76.26,345.85,91.0,0,0,0,0,0,0,11.94,0,train-job-001
t0092,gpu-node-06,3,74.52,338.03,66.93,0,0,0,0,0,0,8.13,0,train-job-001
t0092,gpu-node-07,0,72.29,307.91,59.82,0,0,0,0,0,0,13.85,0,train-job-001
t0092,gpu-node-07,1,76.42,334.3,74.25,0,0,0,0,0,0,10.71,0,train-job-001
t0092,gpu-node-07,2,77.53,347.65,79.53,0,0,0,0,0,0,11.93,0,train-job-001
t0092,gpu-node-07,3,74.69,316.26,61.67,0,0,0,0,0,0,11.49,0,train-job-001
t0092,gpu-node-08,0,79.48,326.4,73.71,0,0,0,0,0,0,10.39,0,train-job-001
t0092,gpu-node-08,1,76.93,332.73,71.2,0,0,0,0,0,0,14.93,0,train-job-001
t0092,gpu-node-08,2,77.79,355.47,72.91,0,0,0,0,0,0,12.45,0,train-job-001
t0092,gpu-node-08,3,74.18,323.21,66.35,0,0,0,0,0,0,11.88,0,train-job-001
t0092,gpu-node-09,0,76.23,339.71,67.31,0,0,0,0,0,0,13.14,0,train-job-001
t0092,gpu-node-09,1,75.43,288.63,64.18,0,0,0,0,0,0,13.04,0,train-job-001
t0092,gpu-node-09,2,75.99,312.69,70.18,0,0,0,0,0,0,11.0,0,train-job-001
t0092,gpu-node-09,3,76.38,346.06,80.67,0,0,0,0,0,0,12.76,0,train-job-001
t0092,gpu-node-10,0,76.5,356.08,64.17,0,0,0,0,0,0,12.9,0,train-job-001
t0092,gpu-node-10,1,77.01,346.95,67.16,0,0,0,0,0,0,11.14,0,train-job-001
t0092,gpu-node-10,2,72.34,338.08,67.85,0,0,0,0,0,0,12.51,0,train-job-001
t0092,gpu-node-10,3,71.6,338.6,80.19,0,0,0,0,0,0,13.08,0,train-job-001
t0092,gpu-node-11,0,78.42,315.87,63.67,0,0,0,0,0,0,12.43,0,train-job-001
t0092,gpu-node-11,1,78.13,349.84,77.0,0,0,0,0,0,0,14.62,0,train-job-001
t0092,gpu-node-11,2,79.61,321.66,75.52,0,0,0,0,0,0,14.76,0,train-job-001
t0092,gpu-node-11,3,75.89,351.5,68.28,0,0,0,0,0,0,11.98,0,train-job-001
t0093,gpu-node-00,0,77.97,335.83,76.62,0,0,0,0,0,0,9.83,0,train-job-001
t0093,gpu-node-00,1,73.31,303.2,69.48,0,0,0,0,0,0,13.23,0,train-job-001
t0093,gpu-node-00,2,74.82,325.8,74.04,0,0,0,0,0,0,14.42,0,train-job-001
t0093,gpu-node-00,3,74.17,351.73,76.66,0,0,0,0,0,0,11.68,0,train-job-001
t0093,gpu-node-01,0,77.69,335.22,66.43,0,0,0,0,0,0,11.58,0,train-job-001
t0093,gpu-node-01,1,77.73,348.42,62.09,0,0,0,0,0,0,15.0,0,train-job-001
t0093,gpu-node-01,2,76.85,313.93,70.49,0,0,0,0,0,0,13.79,0,train-job-001
t0093,gpu-node-01,3,75.78,287.13,56.43,0,0,0,0,0,0,14.17,0,train-job-001
t0093,gpu-node-02,0,74.51,327.36,57.87,0,0,0,0,0,0,11.78,0,train-job-001
t0093,gpu-node-02,1,74.3,318.17,59.39,0,0,0,0,0,0,9.15,0,train-job-001
t0093,gpu-node-02,2,69.26,333.79,74.8,0,0,0,0,0,0,9.76,0,train-job-001
t0093,gpu-node-02,3,78.19,349.95,76.8,0,0,0,0,0,0,9.6,0,train-job-001
t0093,gpu-node-03,0,77.28,348.15,75.2,0,0,0,0,0,0,11.12,0,train-job-001
t0093,gpu-node-03,1,73.5,319.86,65.08,0,0,0,0,0,0,11.35,0,train-job-001
t0093,gpu-node-03,2,74.91,317.39,71.49,0,0,0,0,0,0,10.5,0,train-job-001
t0093,gpu-node-03,3,74.17,368.34,82.16,0,0,0,0,0,0,12.21,0,train-job-001
t0093,gpu-node-04,0,76.6,337.99,67.9,0,0,0,0,0,0,15.1,0,train-job-001
t0093,gpu-node-04,1,73.87,326.04,67.88,0,0,0,0,0,0,14.21,0,train-job-001
t0093,gpu-node-04,2,76.55,321.52,67.42,0,0,0,0,0,0,11.33,0,train-job-001
t0093,gpu-node-04,3,74.4,331.61,77.06,0,0,0,0,0,0,13.53,0,train-job-001
t0093,gpu-node-05,0,74.77,338.91,73.67,0,0,0,0,0,0,12.95,0,train-job-001
t0093,gpu-node-05,1,72.03,361.53,82.87,0,0,0,0,0,0,13.82,0,train-job-001
t0093,gpu-node-05,2,81.99,370.73,75.58,0,0,0,0,0,0,11.94,0,train-job-001
t0093,gpu-node-05,3,73.44,327.92,66.26,0,0,0,0,0,0,13.02,0,train-job-001
t0093,gpu-node-06,0,74.1,358.34,79.58,0,0,0,0,0,0,9.82,0,train-job-001
t0093,gpu-node-06,1,76.9,338.43,77.02,0,0,0,0,0,0,16.23,0,train-job-001
t0093,gpu-node-06,2,79.64,355.75,79.91,0,0,0,0,0,0,12.4,0,train-job-001
t0093,gpu-node-06,3,72.54,372.68,66.15,0,0,0,0,0,0,12.46,0,train-job-001
t0093,gpu-node-07,0,79.77,337.96,73.13,0,0,0,0,0,0,11.79,0,train-job-001
t0093,gpu-node-07,1,73.45,364.54,71.94,0,0,0,0,0,0,10.78,0,train-job-001
t0093,gpu-node-07,2,72.52,315.22,74.16,0,0,0,0,0,0,11.67,0,train-job-001
t0093,gpu-node-07,3,72.35,295.74,75.75,0,0,0,0,0,0,12.42,0,train-job-001
t0093,gpu-node-08,0,79.07,346.61,71.4,0,0,0,0,0,0,14.56,0,train-job-001
t0093,gpu-node-08,1,74.56,322.24,67.1,0,0,0,0,0,0,9.0,0,train-job-001
t0093,gpu-node-08,2,75.35,309.64,69.66,0,0,0,0,0,0,13.32,0,train-job-001
t0093,gpu-node-08,3,74.77,338.15,65.61,0,0,0,0,0,0,12.92,0,train-job-001
t0093,gpu-node-09,0,74.65,319.37,61.83,0,0,0,0,0,0,12.18,0,train-job-001
t0093,gpu-node-09,1,78.63,359.84,84.03,0,0,0,0,0,0,8.66,0,train-job-001
t0093,gpu-node-09,2,79.8,306.66,67.3,0,0,0,0,0,0,12.6,0,train-job-001
t0093,gpu-node-09,3,73.86,312.69,67.13,0,0,0,0,0,0,14.52,0,train-job-001
t0093,gpu-node-10,0,77.86,338.14,75.67,0,0,0,0,0,0,13.53,0,train-job-001
t0093,gpu-node-10,1,76.01,350.18,71.15,0,0,0,0,0,0,13.15,0,train-job-001
t0093,gpu-node-10,2,73.59,371.32,77.95,0,0,0,0,0,0,14.42,0,train-job-001
t0093,gpu-node-10,3,76.06,328.64,72.2,0,0,0,0,0,0,8.86,0,train-job-001
t0093,gpu-node-11,0,71.98,314.04,74.06,0,0,0,0,0,0,15.41,0,train-job-001
t0093,gpu-node-11,1,79.33,352.46,81.01,0,0,0,0,0,0,12.46,0,train-job-001
t0093,gpu-node-11,2,78.06,356.12,82.21,0,0,0,0,0,0,11.94,0,train-job-001
t0093,gpu-node-11,3,73.43,341.0,88.05,0,0,0,0,0,0,13.51,0,train-job-001
t0094,gpu-node-00,0,74.74,335.73,64.85,0,0,0,0,0,0,15.07,0,train-job-001
t0094,gpu-node-00,1,72.74,327.8,67.86,0,0,0,0,0,0,17.83,0,train-job-001
t0094,gpu-node-00,2,76.5,333.61,64.63,0,0,0,0,0,0,14.65,0,train-job-001
t0094,gpu-node-00,3,73.49,359.54,75.5,0,0,0,0,0,0,12.71,0,train-job-001
t0094,gpu-node-01,0,74.98,346.67,67.74,0,0,0,0,0,0,13.3,0,train-job-001
t0094,gpu-node-01,1,78.5,346.34,73.24,0,0,0,0,0,0,12.19,0,train-job-001
t0094,gpu-node-01,2,71.9,351.7,79.92,0,0,0,0,0,0,12.6,0,train-job-001
t0094,gpu-node-01,3,72.89,321.24,79.25,0,0,0,0,0,0,12.87,0,train-job-001
t0094,gpu-node-02,0,75.72,352.76,70.44,0,0,0,0,0,0,16.99,0,train-job-001
t0094,gpu-node-02,1,77.74,336.76,67.97,0,0,0,0,0,0,10.48,0,train-job-001
t0094,gpu-node-02,2,74.83,325.7,80.2,0,0,0,0,0,0,12.67,0,train-job-001
t0094,gpu-node-02,3,78.35,327.04,64.95,0,0,0,0,0,0,10.86,0,train-job-001
t0094,gpu-node-03,0,79.09,351.71,70.16,0,0,0,0,0,0,7.75,0,train-job-001
t0094,gpu-node-03,1,72.49,302.05,59.59,0,0,0,0,0,0,15.33,0,train-job-001
t0094,gpu-node-03,2,72.05,309.14,74.66,0,0,0,0,0,0,10.39,0,train-job-001
t0094,gpu-node-03,3,74.36,338.96,73.59,0,0,0,0,0,0,11.9,0,train-job-001
t0094,gpu-node-04,0,76.26,369.49,65.75,0,0,0,0,0,0,11.17,0,train-job-001
t0094,gpu-node-04,1,73.9,292.43,66.74,0,0,0,0,0,0,14.27,0,train-job-001
t0094,gpu-node-04,2,78.02,394.15,86.64,0,0,0,0,0,0,13.62,0,train-job-001
t0094,gpu-node-04,3,72.97,349.12,81.14,0,0,0,0,0,0,10.81,0,train-job-001
t0094,gpu-node-05,0,74.03,344.79,74.69,0,0,0,0,0,0,11.63,0,train-job-001
t0094,gpu-node-05,1,77.29,328.61,69.59,0,0,0,0,0,0,11.63,0,train-job-001
t0094,gpu-node-05,2,79.55,372.95,77.92,0,0,0,0,0,0,13.66,0,train-job-001
t0094,gpu-node-05,3,72.95,314.75,62.48,0,0,0,0,0,0,14.86,0,train-job-001
t0094,gpu-node-06,0,77.74,357.6,64.56,0,0,0,0,0,0,14.23,0,train-job-001
t0094,gpu-node-06,1,73.92,308.88,73.46,0,0,0,0,0,0,13.22,0,train-job-001
t0094,gpu-node-06,2,74.13,321.32,67.3,0,0,0,0,0,0,11.88,0,train-job-001
t0094,gpu-node-06,3,77.22,353.71,82.01,0,0,0,0,0,0,11.81,0,train-job-001
t0094,gpu-node-07,0,72.97,347.89,76.29,0,0,0,0,0,0,12.68,0,train-job-001
t0094,gpu-node-07,1,75.96,361.33,73.81,0,0,0,0,0,0,9.02,0,train-job-001
t0094,gpu-node-07,2,72.04,319.99,80.14,0,0,0,0,0,0,12.06,0,train-job-001
t0094,gpu-node-07,3,76.27,353.11,73.79,0,0,0,0,0,0,7.19,0,train-job-001
t0094,gpu-node-08,0,75.81,292.65,73.72,0,0,0,0,0,0,10.77,0,train-job-001
t0094,gpu-node-08,1,76.74,359.74,74.36,0,0,0,0,0,0,6.07,0,train-job-001
t0094,gpu-node-08,2,71.19,291.43,65.47,0,0,0,0,0,0,9.89,0,train-job-001
t0094,gpu-node-08,3,73.34,324.56,73.96,0,0,0,0,0,0,12.37,0,train-job-001
t0094,gpu-node-09,0,81.24,348.45,75.49,0,0,0,0,0,0,16.59,0,train-job-001
t0094,gpu-node-09,1,73.38,348.46,62.69,0,0,0,0,0,0,9.56,0,train-job-001
t0094,gpu-node-09,2,77.96,349.52,76.94,0,0,0,0,0,0,14.74,0,train-job-001
t0094,gpu-node-09,3,74.34,343.53,82.03,0,0,0,0,0,0,9.78,0,train-job-001
t0094,gpu-node-10,0,77.14,387.63,81.81,0,0,0,0,0,0,12.83,0,train-job-001
t0094,gpu-node-10,1,74.36,322.48,69.02,0,0,0,0,0,0,16.81,0,train-job-001
t0094,gpu-node-10,2,74.53,339.07,76.4,0,0,0,0,0,0,13.87,0,train-job-001
t0094,gpu-node-10,3,67.11,318.44,79.77,0,0,0,0,0,0,9.93,0,train-job-001
t0094,gpu-node-11,0,76.17,357.0,66.7,0,0,0,0,0,0,12.82,0,train-job-001
t0094,gpu-node-11,1,74.5,348.48,80.8,0,0,0,0,0,0,10.41,0,train-job-001
t0094,gpu-node-11,2,76.58,281.82,66.84,0,0,0,0,0,0,12.9,0,train-job-001
t0094,gpu-node-11,3,70.3,295.55,57.42,0,0,0,0,0,0,11.45,0,train-job-001
t0095,gpu-node-00,0,75.56,308.9,67.14,0,0,0,0,0,0,14.36,0,train-job-001
t0095,gpu-node-00,1,76.98,356.31,81.9,0,0,0,0,0,0,8.41,0,train-job-001
t0095,gpu-node-00,2,76.43,317.27,73.54,0,0,0,0,0,0,11.1,0,train-job-001
t0095,gpu-node-00,3,76.8,340.58,74.5,0,0,0,0,0,0,11.4,0,train-job-001
t0095,gpu-node-01,0,77.91,322.16,73.93,0,0,0,0,0,0,11.07,0,train-job-001
t0095,gpu-node-01,1,73.05,323.34,74.35,0,0,0,0,0,0,10.49,0,train-job-001
t0095,gpu-node-01,2,77.72,310.29,69.42,0,0,0,0,0,0,12.12,0,train-job-001
t0095,gpu-node-01,3,73.68,346.0,64.07,0,0,0,0,0,0,15.31,0,train-job-001
t0095,gpu-node-02,0,76.99,335.28,62.51,0,0,0,0,0,0,8.75,0,train-job-001
t0095,gpu-node-02,1,77.34,330.87,57.07,0,0,0,0,0,0,11.89,0,train-job-001
t0095,gpu-node-02,2,75.02,301.66,55.41,0,0,0,0,0,0,12.73,0,train-job-001
t0095,gpu-node-02,3,70.03,319.36,59.52,0,0,0,0,0,0,12.04,0,train-job-001
t0095,gpu-node-03,0,76.13,297.19,68.39,0,0,0,0,0,0,14.73,0,train-job-001
t0095,gpu-node-03,1,74.06,331.71,66.04,0,0,0,0,0,0,11.56,0,train-job-001
t0095,gpu-node-03,2,75.69,369.04,69.37,0,0,0,0,0,0,12.54,0,train-job-001
t0095,gpu-node-03,3,71.34,303.17,65.35,0,0,0,0,0,0,11.46,0,train-job-001
t0095,gpu-node-04,0,73.96,329.64,74.24,0,0,0,0,0,0,9.84,0,train-job-001
t0095,gpu-node-04,1,69.9,321.77,85.94,0,0,0,0,0,0,10.88,0,train-job-001
t0095,gpu-node-04,2,76.48,350.88,76.48,0,0,0,0,0,0,11.85,0,train-job-001
t0095,gpu-node-04,3,74.42,325.02,67.5,0,0,0,0,0,0,11.68,0,train-job-001
t0095,gpu-node-05,0,77.23,314.59,74.17,0,0,0,0,0,0,11.78,0,train-job-001
t0095,gpu-node-05,1,76.16,308.92,65.66,0,0,0,0,0,0,11.94,0,train-job-001
t0095,gpu-node-05,2,75.75,346.05,75.25,0,0,0,0,0,0,13.07,0,train-job-001
t0095,gpu-node-05,3,71.05,315.82,63.03,0,0,0,0,0,0,9.63,0,train-job-001
t0095,gpu-node-06,0,72.13,283.18,68.27,0,0,0,0,0,0,16.33,0,train-job-001
t0095,gpu-node-06,1,71.85,327.13,70.47,0,0,0,0,0,0,10.07,0,train-job-001
t0095,gpu-node-06,2,73.43,336.11,68.91,0,0,0,0,0,0,13.29,0,train-job-001
t0095,gpu-node-06,3,74.38,319.89,66.34,0,0,0,0,0,0,8.52,0,train-job-001
t0095,gpu-node-07,0,75.54,367.97,75.6,0,0,0,0,0,0,13.83,0,train-job-001
t0095,gpu-node-07,1,82.03,358.27,91.6,0,0,0,0,0,0,12.33,0,train-job-001
t0095,gpu-node-07,2,77.03,334.08,73.38,0,0,0,0,0,0,10.98,0,train-job-001
t0095,gpu-node-07,3,74.11,347.13,75.28,0,0,0,0,0,0,12.29,0,train-job-001
t0095,gpu-node-08,0,72.73,344.8,83.08,0,0,0,0,0,0,14.81,0,train-job-001
t0095,gpu-node-08,1,71.85,320.09,57.43,0,0,0,0,0,0,10.14,0,train-job-001
t0095,gpu-node-08,2,78.46,326.4,70.99,0,0,0,0,0,0,8.83,0,train-job-001
t0095,gpu-node-08,3,80.19,345.8,80.52,0,0,0,0,0,0,10.47,0,train-job-001
t0095,gpu-node-09,0,77.82,342.69,52.4,0,0,0,0,0,0,9.94,0,train-job-001
t0095,gpu-node-09,1,74.42,319.9,81.22,0,0,0,0,0,0,12.3,0,train-job-001
t0095,gpu-node-09,2,73.82,299.38,51.8,0,0,0,0,0,0,12.58,0,train-job-001
t0095,gpu-node-09,3,70.46,335.71,71.72,0,0,0,0,0,0,12.37,0,train-job-001
t0095,gpu-node-10,0,77.6,376.47,83.5,0,0,0,0,0,0,11.82,0,train-job-001
t0095,gpu-node-10,1,72.52,304.1,61.61,0,0,0,0,0,0,9.73,0,train-job-001
t0095,gpu-node-10,2,75.83,293.86,60.22,0,0,0,0,0,0,12.79,0,train-job-001
t0095,gpu-node-10,3,71.96,298.52,65.82,0,0,0,0,0,0,13.28,0,train-job-001
t0095,gpu-node-11,0,76.28,365.08,83.95,0,0,0,0,0,0,8.78,0,train-job-001
t0095,gpu-node-11,1,77.45,338.41,79.04,0,0,0,0,0,0,12.95,0,train-job-001
t0095,gpu-node-11,2,74.68,325.29,75.48,0,0,0,0,0,0,11.29,0,train-job-001
t0095,gpu-node-11,3,73.46,350.82,75.68,0,0,0,0,0,0,13.8,0,train-job-001
t0096,gpu-node-00,0,74.0,328.2,68.25,0,0,0,0,0,0,9.94,0,train-job-001
t0096,gpu-node-00,1,77.22,337.2,65.61,0,0,0,0,0,0,10.47,0,train-job-001
t0096,gpu-node-00,2,75.98,371.74,82.26,0,0,0,0,0,0,8.11,0,train-job-001
t0096,gpu-node-00,3,71.21,337.35,77.32,0,0,0,0,0,0,13.55,0,train-job-001
t0096,gpu-node-01,0,73.21,331.74,65.39,0,0,0,0,0,0,12.28,0,train-job-001
t0096,gpu-node-01,1,76.89,330.71,81.42,0,0,0,0,0,0,10.05,0,train-job-001
t0096,gpu-node-01,2,76.39,293.48,59.44,0,0,0,0,0,0,13.84,0,train-job-001
t0096,gpu-node-01,3,75.99,337.3,64.28,0,0,0,0,0,0,14.52,0,train-job-001
t0096,gpu-node-02,0,76.85,352.96,72.35,0,0,0,0,0,0,10.68,0,train-job-001
t0096,gpu-node-02,1,72.76,336.43,71.62,0,0,0,0,0,0,11.75,0,train-job-001
t0096,gpu-node-02,2,75.77,323.74,62.67,0,0,0,0,0,0,9.66,0,train-job-001
t0096,gpu-node-02,3,77.64,324.46,62.5,0,0,0,0,0,0,10.75,0,train-job-001
t0096,gpu-node-03,0,76.11,345.95,74.54,0,0,0,0,0,0,14.71,0,train-job-001
t0096,gpu-node-03,1,69.02,294.94,67.21,0,0,0,0,0,0,10.19,0,train-job-001
t0096,gpu-node-03,2,74.12,319.15,74.8,0,0,0,0,0,0,11.44,0,train-job-001
t0096,gpu-node-03,3,78.35,355.93,70.2,0,0,0,0,0,0,13.04,0,train-job-001
t0096,gpu-node-04,0,80.04,337.46,69.04,0,0,0,0,0,0,12.55,0,train-job-001
t0096,gpu-node-04,1,78.87,358.73,73.35,0,0,0,0,0,0,11.73,0,train-job-001
t0096,gpu-node-04,2,76.64,313.83,63.36,0,0,0,0,0,0,10.53,0,train-job-001
t0096,gpu-node-04,3,76.5,338.03,64.43,0,0,0,0,0,0,10.82,0,train-job-001
t0096,gpu-node-05,0,74.96,337.65,71.06,0,0,0,0,0,0,12.97,0,train-job-001
t0096,gpu-node-05,1,78.59,352.54,77.66,0,0,0,0,0,0,12.7,0,train-job-001
t0096,gpu-node-05,2,75.06,368.87,76.25,0,0,0,0,0,0,10.0,0,train-job-001
t0096,gpu-node-05,3,78.58,305.62,70.19,0,0,0,0,0,0,13.65,0,train-job-001
t0096,gpu-node-06,0,74.58,338.94,61.38,0,0,0,0,0,0,11.09,0,train-job-001
t0096,gpu-node-06,1,71.35,326.02,56.99,0,0,0,0,0,0,10.58,0,train-job-001
t0096,gpu-node-06,2,75.01,320.4,70.52,0,0,0,0,0,0,11.65,0,train-job-001
t0096,gpu-node-06,3,72.11,311.53,56.19,0,0,0,0,0,0,8.23,0,train-job-001
t0096,gpu-node-07,0,75.14,336.8,74.8,0,0,0,0,0,0,11.71,0,train-job-001
t0096,gpu-node-07,1,73.05,320.37,69.16,0,0,0,0,0,0,15.03,0,train-job-001
t0096,gpu-node-07,2,72.22,344.77,80.84,0,0,0,0,0,0,11.94,0,train-job-001
t0096,gpu-node-07,3,76.44,320.22,64.33,0,0,0,0,0,0,13.91,0,train-job-001
t0096,gpu-node-08,0,78.17,378.19,82.83,0,0,0,0,0,0,12.12,0,train-job-001
t0096,gpu-node-08,1,73.06,313.88,69.7,0,0,0,0,0,0,10.27,0,train-job-001
t0096,gpu-node-08,2,75.58,329.78,73.13,0,0,0,0,0,0,10.02,0,train-job-001
t0096,gpu-node-08,3,76.44,349.81,79.58,0,0,0,0,0,0,10.16,0,train-job-001
t0096,gpu-node-09,0,75.51,379.43,75.79,0,0,0,0,0,0,11.57,0,train-job-001
t0096,gpu-node-09,1,72.82,332.72,69.05,0,0,0,0,0,0,7.43,0,train-job-001
t0096,gpu-node-09,2,70.86,304.35,68.64,0,0,0,0,0,0,9.98,0,train-job-001
t0096,gpu-node-09,3,77.11,330.53,69.02,0,0,0,0,0,0,9.72,0,train-job-001
t0096,gpu-node-10,0,76.07,370.03,84.33,0,0,0,0,0,0,14.93,0,train-job-001
t0096,gpu-node-10,1,78.92,317.3,50.05,0,0,0,0,0,0,10.84,0,train-job-001
t0096,gpu-node-10,2,74.97,333.15,66.83,0,0,0,0,0,0,12.84,0,train-job-001
t0096,gpu-node-10,3,77.57,333.65,71.5,0,0,0,0,0,0,12.34,0,train-job-001
t0096,gpu-node-11,0,72.27,327.74,72.41,0,0,0,0,0,0,17.31,0,train-job-001
t0096,gpu-node-11,1,74.24,328.34,67.19,0,0,0,0,0,0,13.33,0,train-job-001
t0096,gpu-node-11,2,73.02,337.21,68.29,0,0,0,0,0,0,12.3,0,train-job-001
t0096,gpu-node-11,3,80.54,328.15,76.14,0,0,0,0,0,0,10.86,0,train-job-001
t0097,gpu-node-00,0,76.33,373.01,75.34,0,0,0,0,0,0,12.99,0,train-job-001
t0097,gpu-node-00,1,77.08,317.64,56.25,0,0,0,0,0,0,11.58,0,train-job-001
t0097,gpu-node-00,2,73.85,326.13,73.14,0,0,0,0,0,0,11.5,0,train-job-001
t0097,gpu-node-00,3,71.03,303.56,58.7,0,0,0,0,0,0,9.97,0,train-job-001
t0097,gpu-node-01,0,77.21,376.13,83.48,0,0,0,0,0,0,9.74,0,train-job-001
t0097,gpu-node-01,1,72.94,318.87,76.86,0,0,0,0,0,0,11.89,0,train-job-001
t0097,gpu-node-01,2,75.77,355.13,74.52,0,0,0,0,0,0,12.73,0,train-job-001
t0097,gpu-node-01,3,76.82,336.82,90.67,0,0,0,0,0,0,13.01,0,train-job-001
t0097,gpu-node-02,0,73.13,311.65,68.13,0,0,0,0,0,0,10.11,0,train-job-001
t0097,gpu-node-02,1,73.4,317.78,69.31,0,0,0,0,0,0,7.98,0,train-job-001
t0097,gpu-node-02,2,76.19,340.12,75.88,0,0,0,0,0,0,14.95,0,train-job-001
t0097,gpu-node-02,3,75.86,371.54,83.12,0,0,0,0,0,0,11.92,0,train-job-001
t0097,gpu-node-03,0,75.26,300.65,71.42,0,0,0,0,0,0,11.82,0,train-job-001
t0097,gpu-node-03,1,79.23,368.13,76.48,0,0,0,0,0,0,11.32,0,train-job-001
t0097,gpu-node-03,2,75.38,336.5,68.07,0,0,0,0,0,0,13.55,0,train-job-001
t0097,gpu-node-03,3,76.2,327.8,68.42,0,0,0,0,0,0,11.85,0,train-job-001
t0097,gpu-node-04,0,75.13,330.64,81.36,0,0,0,0,0,0,11.87,0,train-job-001
t0097,gpu-node-04,1,76.74,312.87,69.36,0,0,0,0,0,0,12.73,0,train-job-001
t0097,gpu-node-04,2,74.29,319.98,68.8,0,0,0,0,0,0,11.97,0,train-job-001
t0097,gpu-node-04,3,76.01,339.34,81.64,0,0,0,0,0,0,11.06,0,train-job-001
t0097,gpu-node-05,0,73.71,307.07,72.44,0,0,0,0,0,0,14.46,0,train-job-001
t0097,gpu-node-05,1,74.92,312.88,71.1,0,0,0,0,0,0,14.81,0,train-job-001
t0097,gpu-node-05,2,79.99,368.72,76.7,0,0,0,0,0,0,10.57,0,train-job-001
t0097,gpu-node-05,3,76.07,344.61,77.81,0,0,0,0,0,0,11.03,0,train-job-001
t0097,gpu-node-06,0,75.19,338.4,83.01,0,0,0,0,0,0,11.23,0,train-job-001
t0097,gpu-node-06,1,75.02,364.92,92.87,0,0,0,0,0,0,11.82,0,train-job-001
t0097,gpu-node-06,2,70.73,319.29,80.52,0,0,0,0,0,0,11.91,0,train-job-001
t0097,gpu-node-06,3,73.64,307.82,71.7,0,0,0,0,0,0,9.05,0,train-job-001
t0097,gpu-node-07,0,80.78,308.67,69.66,0,0,0,0,0,0,17.35,0,train-job-001
t0097,gpu-node-07,1,79.9,345.06,71.4,0,0,0,0,0,0,13.17,0,train-job-001
t0097,gpu-node-07,2,76.76,351.87,82.22,0,0,0,0,0,0,9.86,0,train-job-001
t0097,gpu-node-07,3,77.02,383.11,74.77,0,0,0,0,0,0,8.67,0,train-job-001
t0097,gpu-node-08,0,69.17,341.02,78.85,0,0,0,0,0,0,12.96,0,train-job-001
t0097,gpu-node-08,1,73.14,377.1,70.91,0,0,0,0,0,0,13.53,0,train-job-001
t0097,gpu-node-08,2,77.44,344.61,69.55,0,0,0,0,0,0,14.46,0,train-job-001
t0097,gpu-node-08,3,78.07,347.07,73.07,0,0,0,0,0,0,11.36,0,train-job-001
t0097,gpu-node-09,0,76.22,311.14,73.23,0,0,0,0,0,0,11.83,0,train-job-001
t0097,gpu-node-09,1,70.99,342.08,79.59,0,0,0,0,0,0,8.84,0,train-job-001
t0097,gpu-node-09,2,68.45,287.84,70.28,0,0,0,0,0,0,10.66,0,train-job-001
t0097,gpu-node-09,3,77.22,357.55,60.06,0,0,0,0,0,0,11.85,0,train-job-001
t0097,gpu-node-10,0,73.32,357.41,70.42,0,0,0,0,0,0,11.89,0,train-job-001
t0097,gpu-node-10,1,79.6,366.28,84.89,0,0,0,0,0,0,13.3,0,train-job-001
t0097,gpu-node-10,2,76.98,315.29,72.66,0,0,0,0,0,0,9.65,0,train-job-001
t0097,gpu-node-10,3,79.25,368.6,99.44,0,0,0,0,0,0,13.41,0,train-job-001
t0097,gpu-node-11,0,79.55,324.15,58.94,0,0,0,0,0,0,14.38,0,train-job-001
t0097,gpu-node-11,1,74.7,309.26,64.7,0,0,0,0,0,0,13.57,0,train-job-001
t0097,gpu-node-11,2,72.91,320.51,73.18,0,0,0,0,0,0,11.94,0,train-job-001
t0097,gpu-node-11,3,67.8,304.82,72.69,0,0,0,0,0,0,11.38,0,train-job-001
t0098,gpu-node-00,0,75.06,338.98,70.22,0,0,0,0,0,0,13.07,0,train-job-001
t0098,gpu-node-00,1,75.8,344.01,78.43,0,0,0,0,0,0,15.17,0,train-job-001
t0098,gpu-node-00,2,77.55,353.77,70.22,0,0,0,0,0,0,10.59,0,train-job-001
t0098,gpu-node-00,3,72.52,337.94,84.08,0,0,0,0,0,0,12.56,0,train-job-001
t0098,gpu-node-01,0,77.16,333.82,72.52,0,0,0,0,0,0,11.35,0,train-job-001
t0098,gpu-node-01,1,75.53,364.79,66.66,0,0,0,0,0,0,14.72,0,train-job-001
t0098,gpu-node-01,2,73.95,336.97,81.74,0,0,0,0,0,0,14.77,0,train-job-001
t0098,gpu-node-01,3,74.86,338.84,79.42,0,0,0,0,0,0,12.7,0,train-job-001
t0098,gpu-node-02,0,69.36,296.53,48.56,0,0,0,0,0,0,11.18,0,train-job-001
t0098,gpu-node-02,1,75.33,328.6,67.64,0,0,0,0,0,0,16.05,0,train-job-001
t0098,gpu-node-02,2,76.64,339.36,65.23,0,0,0,0,0,0,12.91,0,train-job-001
t0098,gpu-node-02,3,76.06,316.47,60.72,0,0,0,0,0,0,13.01,0,train-job-001
t0098,gpu-node-03,0,78.71,374.43,75.3,0,0,0,0,0,0,9.72,0,train-job-001
t0098,gpu-node-03,1,77.83,354.84,78.45,0,0,0,0,0,0,12.98,0,train-job-001
t0098,gpu-node-03,2,77.31,306.4,61.55,0,0,0,0,0,0,14.22,0,train-job-001
t0098,gpu-node-03,3,78.56,347.28,83.72,0,0,0,0,0,0,12.66,0,train-job-001
t0098,gpu-node-04,0,79.79,367.02,74.8,0,0,0,0,0,0,10.96,0,train-job-001
t0098,gpu-node-04,1,75.41,303.1,74.65,0,0,0,0,0,0,10.98,0,train-job-001
t0098,gpu-node-04,2,75.7,329.37,72.19,0,0,0,0,0,0,11.42,0,train-job-001
t0098,gpu-node-04,3,75.09,293.2,52.19,0,0,0,0,0,0,10.91,0,train-job-001
t0098,gpu-node-05,0,71.37,301.87,66.58,0,0,0,0,0,0,12.38,0,train-job-001
t0098,gpu-node-05,1,79.6,356.5,71.12,0,0,0,0,0,0,8.18,0,train-job-001
t0098,gpu-node-05,2,78.19,298.69,64.26,0,0,0,0,0,0,13.26,0,train-job-001
t0098,gpu-node-05,3,70.63,329.21,75.6,0,0,0,0,0,0,14.39,0,train-job-001
t0098,gpu-node-06,0,75.64,347.86,72.94,0,0,0,0,0,0,10.44,0,train-job-001
t0098,gpu-node-06,1,72.54,364.87,82.19,0,0,0,0,0,0,13.63,0,train-job-001
t0098,gpu-node-06,2,75.94,358.14,71.33,0,0,0,0,0,0,8.48,0,train-job-001
t0098,gpu-node-06,3,73.6,338.07,89.18,0,0,0,0,0,0,11.74,0,train-job-001
t0098,gpu-node-07,0,76.96,308.61,78.7,0,0,0,0,0,0,10.04,0,train-job-001
t0098,gpu-node-07,1,68.83,350.24,66.17,0,0,0,0,0,0,13.92,0,train-job-001
t0098,gpu-node-07,2,77.71,361.18,80.8,0,0,0,0,0,0,13.25,0,train-job-001
t0098,gpu-node-07,3,77.02,343.69,80.51,0,0,0,0,0,0,13.72,0,train-job-001
t0098,gpu-node-08,0,74.86,356.94,73.95,0,0,0,0,0,0,10.66,0,train-job-001
t0098,gpu-node-08,1,73.68,306.45,73.27,0,0,0,0,0,0,14.67,0,train-job-001
t0098,gpu-node-08,2,74.18,364.0,73.95,0,0,0,0,0,0,12.22,0,train-job-001
t0098,gpu-node-08,3,73.69,340.41,66.96,0,0,0,0,0,0,14.83,0,train-job-001
t0098,gpu-node-09,0,74.04,349.45,93.67,0,0,0,0,0,0,10.58,0,train-job-001
t0098,gpu-node-09,1,80.59,331.62,68.8,0,0,0,0,0,0,11.99,0,train-job-001
t0098,gpu-node-09,2,75.75,336.47,86.3,0,0,0,0,0,0,11.8,0,train-job-001
t0098,gpu-node-09,3,77.02,315.02,77.39,0,0,0,0,0,0,12.53,0,train-job-001
t0098,gpu-node-10,0,72.1,346.94,78.35,0,0,0,0,0,0,8.63,0,train-job-001
t0098,gpu-node-10,1,74.64,362.61,79.78,0,0,0,0,0,0,8.94,0,train-job-001
t0098,gpu-node-10,2,75.91,350.32,75.77,0,0,0,0,0,0,14.66,0,train-job-001
t0098,gpu-node-10,3,76.78,311.59,64.74,0,0,0,0,0,0,9.36,0,train-job-001
t0098,gpu-node-11,0,74.44,354.13,73.89,0,0,0,0,0,0,16.26,0,train-job-001
t0098,gpu-node-11,1,72.07,325.17,79.57,0,0,0,0,0,0,14.41,0,train-job-001
t0098,gpu-node-11,2,74.46,357.38,73.22,0,0,0,0,0,0,13.84,0,train-job-001
t0098,gpu-node-11,3,78.12,328.41,75.93,0,0,0,0,0,0,10.22,0,train-job-001
t0099,gpu-node-00,0,79.68,339.22,72.45,0,0,0,0,0,0,11.25,0,train-job-001
t0099,gpu-node-00,1,79.02,344.77,83.2,0,0,0,0,0,0,12.69,0,train-job-001
t0099,gpu-node-00,2,74.31,327.21,83.18,0,0,0,0,0,0,9.76,0,train-job-001
t0099,gpu-node-00,3,76.37,366.13,77.65,0,0,0,0,0,0,10.59,0,train-job-001
t0099,gpu-node-01,0,72.81,289.46,62.4,0,0,0,0,0,0,9.89,0,train-job-001
t0099,gpu-node-01,1,69.54,314.58,73.44,0,0,0,0,0,0,11.87,0,train-job-001
t0099,gpu-node-01,2,76.94,387.43,82.89,0,0,0,0,0,0,11.56,0,train-job-001
t0099,gpu-node-01,3,70.73,320.36,81.73,0,0,0,0,0,0,11.9,0,train-job-001
t0099,gpu-node-02,0,78.31,337.79,68.87,0,0,0,0,0,0,12.36,0,train-job-001
t0099,gpu-node-02,1,75.97,359.11,84.18,0,0,0,0,0,0,9.71,0,train-job-001
t0099,gpu-node-02,2,75.29,325.06,69.01,0,0,0,0,0,0,11.81,0,train-job-001
t0099,gpu-node-02,3,75.81,327.72,83.46,0,0,0,0,0,0,13.24,0,train-job-001
t0099,gpu-node-03,0,73.94,372.98,81.34,0,0,0,0,0,0,11.07,0,train-job-001
t0099,gpu-node-03,1,76.36,336.97,63.81,0,0,0,0,0,0,12.08,0,train-job-001
t0099,gpu-node-03,2,76.49,335.11,95.31,0,0,0,0,0,0,13.65,0,train-job-001
t0099,gpu-node-03,3,80.8,369.72,72.84,0,0,0,0,0,0,8.17,0,train-job-001
t0099,gpu-node-04,0,75.69,349.98,65.21,0,0,0,0,0,0,9.75,0,train-job-001
t0099,gpu-node-04,1,74.34,366.52,81.48,0,0,0,0,0,0,12.0,0,train-job-001
t0099,gpu-node-04,2,74.66,333.68,76.93,0,0,0,0,0,0,12.52,0,train-job-001
t0099,gpu-node-04,3,76.3,290.2,58.41,0,0,0,0,0,0,8.92,0,train-job-001
t0099,gpu-node-05,0,76.35,351.65,74.66,0,0,0,0,0,0,13.01,0,train-job-001
t0099,gpu-node-05,1,72.5,317.52,71.34,0,0,0,0,0,0,9.03,0,train-job-001
t0099,gpu-node-05,2,78.87,347.56,76.34,0,0,0,0,0,0,14.95,0,train-job-001
t0099,gpu-node-05,3,73.97,321.78,76.72,0,0,0,0,0,0,12.76,0,train-job-001
t0099,gpu-node-06,0,76.02,324.88,75.31,0,0,0,0,0,0,10.83,0,train-job-001
t0099,gpu-node-06,1,76.35,350.5,63.32,0,0,0,0,0,0,10.09,0,train-job-001
t0099,gpu-node-06,2,71.29,301.28,57.07,0,0,0,0,0,0,10.31,0,train-job-001
t0099,gpu-node-06,3,74.31,375.05,79.54,0,0,0,0,0,0,11.01,0,train-job-001
t0099,gpu-node-07,0,71.58,322.64,71.8,0,0,0,0,0,0,11.46,0,train-job-001
t0099,gpu-node-07,1,75.22,320.3,74.62,0,0,0,0,0,0,10.02,0,train-job-001
t0099,gpu-node-07,2,77.46,330.84,72.12,0,0,0,0,0,0,11.8,0,train-job-001
t0099,gpu-node-07,3,77.77,332.38,66.04,0,0,0,0,0,0,12.9,0,train-job-001
t0099,gpu-node-08,0,79.45,360.03,77.12,0,0,0,0,0,0,13.84,0,train-job-001
t0099,gpu-node-08,1,72.64,294.5,72.58,0,0,0,0,0,0,14.55,0,train-job-001
t0099,gpu-node-08,2,74.75,301.25,59.84,0,0,0,0,0,0,13.65,0,train-job-001
t0099,gpu-node-08,3,74.74,349.03,75.79,0,0,0,0,0,0,11.4,0,train-job-001
t0099,gpu-node-09,0,73.96,349.83,65.64,0,0,0,0,0,0,13.08,0,train-job-001
t0099,gpu-node-09,1,77.23,377.0,96.98,0,0,0,0,0,0,8.05,0,train-job-001
t0099,gpu-node-09,2,71.23,348.67,87.76,0,0,0,0,0,0,10.69,0,train-job-001
t0099,gpu-node-09,3,77.57,331.99,70.61,0,0,0,0,0,0,10.31,0,train-job-001
t0099,gpu-node-10,0,75.75,327.14,75.04,0,0,0,0,0,0,12.69,0,train-job-001
t0099,gpu-node-10,1,71.16,303.51,70.96,0,0,0,0,0,0,10.48,0,train-job-001
t0099,gpu-node-10,2,70.96,348.9,69.03,0,0,0,0,0,0,13.59,0,train-job-001
t0099,gpu-node-10,3,76.15,350.66,77.63,0,0,0,0,0,0,6.86,0,train-job-001
t0099,gpu-node-11,0,75.65,354.94,73.47,0,0,0,0,0,0,12.66,0,train-job-001
t0099,gpu-node-11,1,76.7,355.4,80.94,0,0,0,0,0,0,10.23,0,train-job-001
t0099,gpu-node-11,2,76.47,347.54,65.17,0,0,0,0,0,0,13.86,0,train-job-001
t0099,gpu-node-11,3,77.31,389.31,82.4,0,0,0,0,0,0,10.53,0,train-job-001
t0100,gpu-node-00,0,75.14,324.99,60.76,0,0,0,0,0,0,8.82,0,train-job-001
t0100,gpu-node-00,1,76.98,316.84,70.35,0,0,0,0,0,0,13.72,0,train-job-001
t0100,gpu-node-00,2,76.44,347.96,69.88,0,0,0,0,0,0,12.47,0,train-job-001
t0100,gpu-node-00,3,75.15,338.53,76.93,0,0,0,0,0,0,11.13,0,train-job-001
t0100,gpu-node-01,0,75.73,356.78,88.34,0,0,0,0,0,0,10.78,0,train-job-001
t0100,gpu-node-01,1,74.5,315.85,62.42,0,0,0,0,0,0,13.3,0,train-job-001
t0100,gpu-node-01,2,75.23,342.29,82.39,0,0,0,0,0,0,13.65,0,train-job-001
t0100,gpu-node-01,3,74.71,367.39,79.26,0,0,0,0,0,0,8.96,0,train-job-001
t0100,gpu-node-02,0,74.75,335.0,67.54,0,0,0,0,0,0,11.58,0,train-job-001
t0100,gpu-node-02,1,74.17,361.55,86.28,0,0,0,0,0,0,12.16,0,train-job-001
t0100,gpu-node-02,2,80.79,353.02,75.8,0,0,0,0,0,0,10.95,0,train-job-001
t0100,gpu-node-02,3,69.77,347.73,68.76,0,0,0,0,0,0,12.91,0,train-job-001
t0100,gpu-node-03,0,70.76,330.54,63.27,0,0,0,0,0,0,11.97,0,train-job-001
t0100,gpu-node-03,1,79.56,345.34,77.98,0,0,0,0,0,0,10.8,0,train-job-001
t0100,gpu-node-03,2,81.06,378.79,82.2,0,0,0,0,0,0,12.63,0,train-job-001
t0100,gpu-node-03,3,75.32,356.56,87.31,0,0,0,0,0,0,8.89,0,train-job-001
t0100,gpu-node-04,0,80.38,385.34,78.1,0,0,0,0,0,0,10.89,0,train-job-001
t0100,gpu-node-04,1,73.19,383.44,71.87,0,0,0,0,0,0,13.17,0,train-job-001
t0100,gpu-node-04,2,72.98,318.23,59.84,0,0,0,0,0,0,11.83,0,train-job-001
t0100,gpu-node-04,3,70.41,312.83,62.15,0,0,0,0,0,0,11.21,0,train-job-001
t0100,gpu-node-05,0,76.12,323.41,66.96,0,0,0,0,0,0,15.06,0,train-job-001
t0100,gpu-node-05,1,74.09,337.4,83.9,0,0,0,0,0,0,14.19,0,train-job-001
t0100,gpu-node-05,2,76.09,356.54,80.9,0,0,0,0,0,0,10.39,0,train-job-001
t0100,gpu-node-05,3,73.35,334.59,84.19,0,0,0,0,0,0,9.3,0,train-job-001
t0100,gpu-node-06,0,69.94,320.21,79.4,0,0,0,0,0,0,13.84,0,train-job-001
t0100,gpu-node-06,1,79.4,335.43,73.96,0,0,0,0,0,0,10.85,0,train-job-001
t0100,gpu-node-06,2,75.08,329.52,63.62,0,0,0,0,0,0,14.65,0,train-job-001
t0100,gpu-node-06,3,75.46,320.1,68.95,0,0,0,0,0,0,11.06,0,train-job-001
t0100,gpu-node-07,0,80.98,357.31,73.86,0,0,0,0,0,0,11.0,0,train-job-001
t0100,gpu-node-07,1,75.25,329.53,73.55,0,0,0,0,0,0,13.07,0,train-job-001
t0100,gpu-node-07,2,79.53,305.49,79.73,0,0,0,0,0,0,12.46,0,train-job-001
t0100,gpu-node-07,3,78.83,333.93,69.81,0,0,0,0,0,0,6.61,0,train-job-001
t0100,gpu-node-08,0,77.12,330.28,66.91,0,0,0,0,0,0,9.91,0,train-job-001
t0100,gpu-node-08,1,74.03,365.15,90.43,0,0,0,0,0,0,12.15,0,train-job-001
t0100,gpu-node-08,2,73.53,311.2,65.87,0,0,0,0,0,0,11.35,0,train-job-001
t0100,gpu-node-08,3,74.68,345.73,80.0,0,0,0,0,0,0,13.24,0,train-job-001
t0100,gpu-node-09,0,71.78,339.18,62.61,0,0,0,0,0,0,14.89,0,train-job-001
t0100,gpu-node-09,1,71.78,337.68,74.8,0,0,0,0,0,0,11.65,0,train-job-001
t0100,gpu-node-09,2,73.78,340.2,72.41,0,0,0,0,0,0,10.57,0,train-job-001
t0100,gpu-node-09,3,76.12,339.06,70.83,0,0,0,0,0,0,9.93,0,train-job-001
t0100,gpu-node-10,0,84.69,380.97,88.52,0,0,0,0,0,0,11.61,0,train-job-001
t0100,gpu-node-10,1,70.37,331.0,73.34,0,0,0,0,0,0,9.43,0,train-job-001
t0100,gpu-node-10,2,72.06,340.75,68.22,0,0,0,0,0,0,12.42,0,train-job-001
t0100,gpu-node-10,3,76.31,316.03,64.11,0,0,0,0,0,0,10.68,0,train-job-001
t0100,gpu-node-11,0,73.4,356.68,67.2,0,0,0,0,0,0,11.49,0,train-job-001
t0100,gpu-node-11,1,75.62,350.1,80.53,0,0,0,0,0,0,12.83,0,train-job-001
t0100,gpu-node-11,2,75.33,328.58,68.6,0,0,0,0,0,0,11.54,0,train-job-001
t0100,gpu-node-11,3,75.35,345.13,76.69,0,0,0,0,0,0,14.64,0,train-job-001
t0101,gpu-node-00,0,73.86,366.0,91.8,0,0,0,0,0,0,9.19,0,train-job-001
t0101,gpu-node-00,1,79.16,365.42,68.06,0,0,0,0,0,0,14.56,0,train-job-001
t0101,gpu-node-00,2,71.71,326.57,70.55,0,0,0,0,0,0,8.27,0,train-job-001
t0101,gpu-node-00,3,80.8,357.06,72.73,0,0,0,0,0,0,12.58,0,train-job-001
t0101,gpu-node-01,0,75.79,318.06,66.6,0,0,0,0,0,0,11.82,0,train-job-001
t0101,gpu-node-01,1,76.06,320.66,68.67,0,0,0,0,0,0,13.59,0,train-job-001
t0101,gpu-node-01,2,74.76,351.02,79.13,0,0,0,0,0,0,10.25,0,train-job-001
t0101,gpu-node-01,3,72.57,321.93,63.71,0,0,0,0,0,0,10.13,0,train-job-001
t0101,gpu-node-02,0,74.01,333.88,67.94,0,0,0,0,0,0,10.56,0,train-job-001
t0101,gpu-node-02,1,73.9,313.41,71.8,0,0,0,0,0,0,10.9,0,train-job-001
t0101,gpu-node-02,2,73.44,332.49,68.28,0,0,0,0,0,0,13.57,0,train-job-001
t0101,gpu-node-02,3,79.43,340.29,65.75,0,0,0,0,0,0,10.43,0,train-job-001
t0101,gpu-node-03,0,71.28,376.14,76.28,0,0,0,0,0,0,10.74,0,train-job-001
t0101,gpu-node-03,1,73.12,312.8,79.31,0,0,0,0,0,0,12.17,0,train-job-001
t0101,gpu-node-03,2,69.64,289.74,51.66,0,0,0,0,0,0,10.71,0,train-job-001
t0101,gpu-node-03,3,78.66,319.79,68.4,0,0,0,0,0,0,11.15,0,train-job-001
t0101,gpu-node-04,0,77.91,307.48,64.09,0,0,0,0,0,0,6.84,0,train-job-001
t0101,gpu-node-04,1,78.44,317.4,66.22,0,0,0,0,0,0,6.53,0,train-job-001
t0101,gpu-node-04,2,80.39,376.09,75.05,0,0,0,0,0,0,13.05,0,train-job-001
t0101,gpu-node-04,3,77.04,357.15,74.36,0,0,0,0,0,0,10.64,0,train-job-001
t0101,gpu-node-05,0,82.05,381.76,78.07,0,0,0,0,0,0,10.62,0,train-job-001
t0101,gpu-node-05,1,71.52,327.75,65.44,0,0,0,0,0,0,10.65,0,train-job-001
t0101,gpu-node-05,2,74.92,313.31,70.71,0,0,0,0,0,0,12.12,0,train-job-001
t0101,gpu-node-05,3,75.48,357.0,69.42,0,0,0,0,0,0,15.84,0,train-job-001
t0101,gpu-node-06,0,78.5,344.76,87.49,0,0,0,0,0,0,13.29,0,train-job-001
t0101,gpu-node-06,1,73.83,345.05,77.46,0,0,0,0,0,0,12.49,0,train-job-001
t0101,gpu-node-06,2,72.9,311.31,75.48,0,0,0,0,0,0,13.44,0,train-job-001
t0101,gpu-node-06,3,76.94,346.76,77.85,0,0,0,0,0,0,15.41,0,train-job-001
t0101,gpu-node-07,0,71.86,329.79,80.01,0,0,0,0,0,0,15.66,0,train-job-001
t0101,gpu-node-07,1,78.59,340.72,76.44,0,0,0,0,0,0,8.83,0,train-job-001
t0101,gpu-node-07,2,71.14,309.88,50.23,0,0,0,0,0,0,17.59,0,train-job-001
t0101,gpu-node-07,3,77.18,302.8,64.06,0,0,0,0,0,0,12.24,0,train-job-001
t0101,gpu-node-08,0,73.92,361.07,97.57,0,0,0,0,0,0,9.81,0,train-job-001
t0101,gpu-node-08,1,75.36,334.53,71.18,0,0,0,0,0,0,15.12,0,train-job-001
t0101,gpu-node-08,2,76.4,366.05,72.61,0,0,0,0,0,0,11.46,0,train-job-001
t0101,gpu-node-08,3,77.82,325.05,75.5,0,0,0,0,0,0,11.17,0,train-job-001
t0101,gpu-node-09,0,74.49,341.2,77.47,0,0,0,0,0,0,13.88,0,train-job-001
t0101,gpu-node-09,1,77.56,342.41,81.44,0,0,0,0,0,0,9.67,0,train-job-001
t0101,gpu-node-09,2,76.55,357.88,73.46,0,0,0,0,0,0,13.23,0,train-job-001
t0101,gpu-node-09,3,65.78,308.39,52.57,0,0,0,0,0,0,9.95,0,train-job-001
t0101,gpu-node-10,0,75.86,337.11,59.95,0,0,0,0,0,0,13.93,0,train-job-001
t0101,gpu-node-10,1,71.48,330.53,79.29,0,0,0,0,0,0,12.55,0,train-job-001
t0101,gpu-node-10,2,74.61,322.46,70.02,0,0,0,0,0,0,11.49,0,train-job-001
t0101,gpu-node-10,3,74.64,348.75,73.87,0,0,0,0,0,0,7.59,0,train-job-001
t0101,gpu-node-11,0,77.46,377.27,79.66,0,0,0,0,0,0,16.72,0,train-job-001
t0101,gpu-node-11,1,78.12,364.45,89.98,0,0,0,0,0,0,12.45,0,train-job-001
t0101,gpu-node-11,2,74.46,359.17,100.0,0,0,0,0,0,0,13.18,0,train-job-001
t0101,gpu-node-11,3,75.49,342.18,73.51,0,0,0,0,0,0,10.69,0,train-job-001
t0102,gpu-node-00,0,79.08,326.85,76.44,0,0,0,0,0,0,11.83,0,train-job-001
t0102,gpu-node-00,1,69.38,299.82,58.32,0,0,0,0,0,0,10.62,0,train-job-001
t0102,gpu-node-00,2,78.63,347.83,71.19,0,0,0,0,0,0,15.12,0,train-job-001
t0102,gpu-node-00,3,73.47,339.34,75.39,0,0,0,0,0,0,10.89,0,train-job-001
t0102,gpu-node-01,0,73.99,347.16,65.6,0,0,0,0,0,0,10.5,0,train-job-001
t0102,gpu-node-01,1,72.94,349.19,66.36,0,0,0,0,0,0,10.14,0,train-job-001
t0102,gpu-node-01,2,75.25,297.39,70.67,0,0,0,0,0,0,12.39,0,train-job-001
t0102,gpu-node-01,3,76.15,363.06,69.68,0,0,0,0,0,0,12.19,0,train-job-001
t0102,gpu-node-02,0,70.68,287.49,61.94,0,0,0,0,0,0,12.62,0,train-job-001
t0102,gpu-node-02,1,76.68,341.51,70.2,0,0,0,0,0,0,8.22,0,train-job-001
t0102,gpu-node-02,2,73.23,322.82,73.1,0,0,0,0,0,0,10.46,0,train-job-001
t0102,gpu-node-02,3,80.38,351.7,85.87,0,0,0,0,0,0,12.57,0,train-job-001
t0102,gpu-node-03,0,75.38,295.36,76.88,0,0,0,0,0,0,9.5,0,train-job-001
t0102,gpu-node-03,1,73.88,340.78,67.51,0,0,0,0,0,0,10.48,0,train-job-001
t0102,gpu-node-03,2,76.11,339.17,73.09,0,0,0,0,0,0,13.4,0,train-job-001
t0102,gpu-node-03,3,75.19,328.77,72.16,0,0,0,0,0,0,12.36,0,train-job-001
t0102,gpu-node-04,0,76.48,336.9,65.8,0,0,0,0,0,0,11.47,0,train-job-001
t0102,gpu-node-04,1,78.86,328.64,70.36,0,0,0,0,0,0,6.44,0,train-job-001
t0102,gpu-node-04,2,72.71,355.26,79.86,0,0,0,0,0,0,9.58,0,train-job-001
t0102,gpu-node-04,3,75.07,331.03,65.4,0,0,0,0,0,0,14.33,0,train-job-001
t0102,gpu-node-05,0,75.16,333.93,77.15,0,0,0,0,0,0,10.23,0,train-job-001
t0102,gpu-node-05,1,75.39,364.69,84.26,0,0,0,0,0,0,11.8,0,train-job-001
t0102,gpu-node-05,2,73.62,346.35,81.44,0,0,0,0,0,0,13.32,0,train-job-001
t0102,gpu-node-05,3,73.61,324.93,66.25,0,0,0,0,0,0,11.94,0,train-job-001
t0102,gpu-node-06,0,73.59,329.46,82.72,0,0,0,0,0,0,13.37,0,train-job-001
t0102,gpu-node-06,1,71.69,329.57,73.94,0,0,0,0,0,0,12.68,0,train-job-001
t0102,gpu-node-06,2,74.02,321.67,60.48,0,0,0,0,0,0,12.89,0,train-job-001
t0102,gpu-node-06,3,74.75,324.47,60.58,0,0,0,0,0,0,16.47,0,train-job-001
t0102,gpu-node-07,0,73.73,315.84,79.31,0,0,0,0,0,0,14.91,0,train-job-001
t0102,gpu-node-07,1,74.7,338.91,71.36,0,0,0,0,0,0,12.14,0,train-job-001
t0102,gpu-node-07,2,72.11,313.62,62.74,0,0,0,0,0,0,11.62,0,train-job-001
t0102,gpu-node-07,3,76.96,315.07,64.36,0,0,0,0,0,0,8.79,0,train-job-001
t0102,gpu-node-08,0,74.51,335.28,67.22,0,0,0,0,0,0,12.88,0,train-job-001
t0102,gpu-node-08,1,77.26,374.77,72.68,0,0,0,0,0,0,11.3,0,train-job-001
t0102,gpu-node-08,2,76.62,325.82,77.79,0,0,0,0,0,0,9.73,0,train-job-001
t0102,gpu-node-08,3,75.87,344.99,66.64,0,0,0,0,0,0,11.79,0,train-job-001
t0102,gpu-node-09,0,74.6,312.53,74.68,0,0,0,0,0,0,13.1,0,train-job-001
t0102,gpu-node-09,1,75.28,334.88,59.69,0,0,0,0,0,0,8.59,0,train-job-001
t0102,gpu-node-09,2,78.9,345.11,75.75,0,0,0,0,0,0,12.43,0,train-job-001
t0102,gpu-node-09,3,69.53,319.53,67.27,0,0,0,0,0,0,14.62,0,train-job-001
t0102,gpu-node-10,0,74.05,318.18,77.63,0,0,0,0,0,0,12.82,0,train-job-001
t0102,gpu-node-10,1,79.74,358.57,76.96,0,0,0,0,0,0,10.49,0,train-job-001
t0102,gpu-node-10,2,76.71,340.09,67.98,0,0,0,0,0,0,13.48,0,train-job-001
t0102,gpu-node-10,3,75.15,352.54,67.43,0,0,0,0,0,0,11.51,0,train-job-001
t0102,gpu-node-11,0,73.92,326.77,70.95,0,0,0,0,0,0,8.2,0,train-job-001
t0102,gpu-node-11,1,76.17,308.97,56.13,0,0,0,0,0,0,13.78,0,train-job-001
t0102,gpu-node-11,2,74.52,381.53,79.65,0,0,0,0,0,0,8.32,0,train-job-001
t0102,gpu-node-11,3,76.88,316.32,86.08,0,0,0,0,0,0,13.36,0,train-job-001
t0103,gpu-node-00,0,78.6,342.43,81.75,0,0,0,0,0,0,8.83,0,train-job-001
t0103,gpu-node-00,1,69.72,296.14,72.42,0,0,0,0,0,0,12.62,0,train-job-001
t0103,gpu-node-00,2,75.08,321.52,74.75,0,0,0,0,0,0,11.77,0,train-job-001
t0103,gpu-node-00,3,75.29,355.05,85.99,0,0,0,0,0,0,14.38,0,train-job-001
t0103,gpu-node-01,0,75.69,351.73,66.55,0,0,0,0,0,0,10.3,0,train-job-001
t0103,gpu-node-01,1,72.5,341.93,69.34,0,0,0,0,0,0,11.99,0,train-job-001
t0103,gpu-node-01,2,73.62,334.8,64.38,0,0,0,0,0,0,11.15,0,train-job-001
t0103,gpu-node-01,3,75.12,343.18,84.09,0,0,0,0,0,0,11.96,0,train-job-001
t0103,gpu-node-02,0,76.12,357.99,79.37,0,0,0,0,0,0,13.11,0,train-job-001
t0103,gpu-node-02,1,73.38,334.51,62.39,0,0,0,0,0,0,11.61,0,train-job-001
t0103,gpu-node-02,2,81.14,345.35,78.58,0,0,0,0,0,0,11.59,0,train-job-001
t0103,gpu-node-02,3,74.28,313.3,69.57,0,0,0,0,0,0,11.91,0,train-job-001
t0103,gpu-node-03,0,78.23,354.83,69.61,0,0,0,0,0,0,13.44,0,train-job-001
t0103,gpu-node-03,1,72.44,304.25,80.24,0,0,0,0,0,0,12.52,0,train-job-001
t0103,gpu-node-03,2,73.98,303.59,67.25,0,0,0,0,0,0,9.26,0,train-job-001
t0103,gpu-node-03,3,77.83,367.17,81.23,0,0,0,0,0,0,14.11,0,train-job-001
t0103,gpu-node-04,0,77.33,372.87,83.06,0,0,0,0,0,0,13.98,0,train-job-001
t0103,gpu-node-04,1,72.89,294.04,54.79,0,0,0,0,0,0,13.76,0,train-job-001
t0103,gpu-node-04,2,76.77,342.01,78.25,0,0,0,0,0,0,9.51,0,train-job-001
t0103,gpu-node-04,3,77.14,383.76,92.17,0,0,0,0,0,0,12.24,0,train-job-001
t0103,gpu-node-05,0,76.88,328.44,65.03,0,0,0,0,0,0,13.6,0,train-job-001
t0103,gpu-node-05,1,73.21,340.58,81.95,0,0,0,0,0,0,9.18,0,train-job-001
t0103,gpu-node-05,2,76.55,346.51,75.73,0,0,0,0,0,0,9.86,0,train-job-001
t0103,gpu-node-05,3,76.79,319.86,58.8,0,0,0,0,0,0,15.23,0,train-job-001
t0103,gpu-node-06,0,75.05,324.43,70.54,0,0,0,0,0,0,12.53,0,train-job-001
t0103,gpu-node-06,1,76.98,326.52,62.22,0,0,0,0,0,0,11.11,0,train-job-001
t0103,gpu-node-06,2,74.22,317.24,67.36,0,0,0,0,0,0,14.31,0,train-job-001
t0103,gpu-node-06,3,77.98,345.51,68.71,0,0,0,0,0,0,8.8,0,train-job-001
t0103,gpu-node-07,0,74.08,337.03,82.54,0,0,0,0,0,0,12.86,0,train-job-001
t0103,gpu-node-07,1,74.09,355.93,76.54,0,0,0,0,0,0,10.06,0,train-job-001
t0103,gpu-node-07,2,76.21,332.94,70.47,0,0,0,0,0,0,13.02,0,train-job-001
t0103,gpu-node-07,3,78.17,343.83,66.69,0,0,0,0,0,0,14.93,0,train-job-001
t0103,gpu-node-08,0,74.77,312.57,76.52,0,0,0,0,0,0,8.75,0,train-job-001
t0103,gpu-node-08,1,74.56,334.6,75.73,0,0,0,0,0,0,12.75,0,train-job-001
t0103,gpu-node-08,2,73.76,326.27,63.92,0,0,0,0,0,0,12.01,0,train-job-001
t0103,gpu-node-08,3,76.71,324.41,68.77,0,0,0,0,0,0,15.51,0,train-job-001
t0103,gpu-node-09,0,75.94,345.33,80.31,0,0,0,0,0,0,11.37,0,train-job-001
t0103,gpu-node-09,1,75.92,342.4,67.51,0,0,0,0,0,0,10.86,0,train-job-001
t0103,gpu-node-09,2,75.75,350.88,73.08,0,0,0,0,0,0,10.71,0,train-job-001
t0103,gpu-node-09,3,76.87,358.64,76.73,0,0,0,0,0,0,11.29,0,train-job-001
t0103,gpu-node-10,0,77.28,331.0,64.98,0,0,0,0,0,0,10.93,0,train-job-001
t0103,gpu-node-10,1,75.61,358.29,67.91,0,0,0,0,0,0,11.76,0,train-job-001
t0103,gpu-node-10,2,74.58,317.93,58.8,0,0,0,0,0,0,13.23,0,train-job-001
t0103,gpu-node-10,3,74.39,376.21,77.21,0,0,0,0,0,0,11.43,0,train-job-001
t0103,gpu-node-11,0,73.61,317.63,92.34,0,0,0,0,0,0,11.02,0,train-job-001
t0103,gpu-node-11,1,76.42,310.02,78.7,0,0,0,0,0,0,13.31,0,train-job-001
t0103,gpu-node-11,2,73.23,347.18,83.99,0,0,0,0,0,0,13.54,0,train-job-001
t0103,gpu-node-11,3,77.82,395.64,76.69,0,0,0,0,0,0,9.52,0,train-job-001
t0104,gpu-node-00,0,75.8,335.91,61.6,0,0,0,0,0,0,11.68,0,train-job-001
t0104,gpu-node-00,1,74.51,341.57,73.19,0,0,0,0,0,0,11.62,0,train-job-001
t0104,gpu-node-00,2,76.55,325.74,67.06,0,0,0,0,0,0,16.22,0,train-job-001
t0104,gpu-node-00,3,73.39,283.32,62.39,0,0,0,0,0,0,10.87,0,train-job-001
t0104,gpu-node-01,0,76.53,332.41,68.93,0,0,0,0,0,0,12.79,0,train-job-001
t0104,gpu-node-01,1,77.99,348.42,69.15,0,0,0,0,0,0,15.76,0,train-job-001
t0104,gpu-node-01,2,76.64,359.62,73.77,0,0,0,0,0,0,11.42,0,train-job-001
t0104,gpu-node-01,3,78.39,339.49,67.56,0,0,0,0,0,0,13.32,0,train-job-001
t0104,gpu-node-02,0,78.48,339.48,71.92,0,0,0,0,0,0,9.79,0,train-job-001
t0104,gpu-node-02,1,79.84,350.98,78.29,0,0,0,0,0,0,15.95,0,train-job-001
t0104,gpu-node-02,2,77.99,331.78,71.92,0,0,0,0,0,0,15.72,0,train-job-001
t0104,gpu-node-02,3,76.37,346.35,58.99,0,0,0,0,0,0,14.21,0,train-job-001
t0104,gpu-node-03,0,69.88,299.29,64.08,0,0,0,0,0,0,14.47,0,train-job-001
t0104,gpu-node-03,1,76.34,331.02,59.68,0,0,0,0,0,0,17.18,0,train-job-001
t0104,gpu-node-03,2,77.32,332.84,64.32,0,0,0,0,0,0,12.32,0,train-job-001
t0104,gpu-node-03,3,78.3,350.85,89.81,0,0,0,0,0,0,10.99,0,train-job-001
t0104,gpu-node-04,0,72.76,318.52,60.29,0,0,0,0,0,0,10.63,0,train-job-001
t0104,gpu-node-04,1,77.87,353.58,81.73,0,0,0,0,0,0,13.75,0,train-job-001
t0104,gpu-node-04,2,80.03,358.95,70.7,0,0,0,0,0,0,15.04,0,train-job-001
t0104,gpu-node-04,3,75.25,326.26,72.37,0,0,0,0,0,0,11.95,0,train-job-001
t0104,gpu-node-05,0,74.05,365.29,78.09,0,0,0,0,0,0,15.82,0,train-job-001
t0104,gpu-node-05,1,78.77,348.79,79.27,0,0,0,0,0,0,11.47,0,train-job-001
t0104,gpu-node-05,2,72.78,322.3,75.44,0,0,0,0,0,0,11.64,0,train-job-001
t0104,gpu-node-05,3,71.55,325.19,66.77,0,0,0,0,0,0,13.32,0,train-job-001
t0104,gpu-node-06,0,74.52,363.72,79.18,0,0,0,0,0,0,10.44,0,train-job-001
t0104,gpu-node-06,1,79.86,355.57,57.19,0,0,0,0,0,0,13.06,0,train-job-001
t0104,gpu-node-06,2,72.41,353.87,82.84,0,0,0,0,0,0,8.43,0,train-job-001
t0104,gpu-node-06,3,75.02,349.27,80.95,0,0,0,0,0,0,8.82,0,train-job-001
t0104,gpu-node-07,0,76.23,306.73,61.41,0,0,0,0,0,0,9.35,0,train-job-001
t0104,gpu-node-07,1,77.49,362.63,72.87,0,0,0,0,0,0,12.52,0,train-job-001
t0104,gpu-node-07,2,77.77,342.54,59.32,0,0,0,0,0,0,10.59,0,train-job-001
t0104,gpu-node-07,3,74.81,323.42,55.56,0,0,0,0,0,0,10.97,0,train-job-001
t0104,gpu-node-08,0,77.03,346.88,82.5,0,0,0,0,0,0,12.13,0,train-job-001
t0104,gpu-node-08,1,72.61,339.68,71.83,0,0,0,0,0,0,10.53,0,train-job-001
t0104,gpu-node-08,2,74.04,311.42,63.95,0,0,0,0,0,0,15.63,0,train-job-001
t0104,gpu-node-08,3,75.51,322.71,68.11,0,0,0,0,0,0,13.94,0,train-job-001
t0104,gpu-node-09,0,74.41,345.57,61.8,0,0,0,0,0,0,10.38,0,train-job-001
t0104,gpu-node-09,1,73.26,329.83,87.29,0,0,0,0,0,0,13.76,0,train-job-001
t0104,gpu-node-09,2,72.78,387.55,80.57,0,0,0,0,0,0,11.85,0,train-job-001
t0104,gpu-node-09,3,75.61,326.97,71.9,0,0,0,0,0,0,11.58,0,train-job-001
t0104,gpu-node-10,0,78.77,352.83,78.97,0,0,0,0,0,0,12.39,0,train-job-001
t0104,gpu-node-10,1,78.84,322.25,73.31,0,0,0,0,0,0,11.68,0,train-job-001
t0104,gpu-node-10,2,74.88,321.95,75.92,0,0,0,0,0,0,13.96,0,train-job-001
t0104,gpu-node-10,3,73.44,339.15,77.06,0,0,0,0,0,0,10.9,0,train-job-001
t0104,gpu-node-11,0,77.39,335.87,56.76,0,0,0,0,0,0,14.26,0,train-job-001
t0104,gpu-node-11,1,79.39,348.54,82.37,0,0,0,0,0,0,11.38,0,train-job-001
t0104,gpu-node-11,2,74.58,310.17,63.89,0,0,0,0,0,0,10.84,0,train-job-001
t0104,gpu-node-11,3,75.54,346.79,61.92,0,0,0,0,0,0,13.88,0,train-job-001
t0105,gpu-node-00,0,76.4,320.29,68.28,0,0,0,0,0,0,11.36,0,train-job-001
t0105,gpu-node-00,1,76.26,349.81,70.58,0,0,0,0,0,0,10.71,0,train-job-001
t0105,gpu-node-00,2,74.96,362.52,82.2,0,0,0,0,0,0,11.13,0,train-job-001
t0105,gpu-node-00,3,76.05,337.84,59.89,0,0,0,0,0,0,8.52,0,train-job-001
t0105,gpu-node-01,0,81.24,375.28,88.03,0,0,0,0,0,0,10.72,0,train-job-001
t0105,gpu-node-01,1,74.53,349.15,77.96,0,0,0,0,0,0,10.03,0,train-job-001
t0105,gpu-node-01,2,75.07,309.93,69.24,0,0,0,0,0,0,10.7,0,train-job-001
t0105,gpu-node-01,3,77.05,341.98,66.19,0,0,0,0,0,0,12.59,0,train-job-001
t0105,gpu-node-02,0,72.99,331.09,77.38,0,0,0,0,0,0,12.83,0,train-job-001
t0105,gpu-node-02,1,72.38,339.81,75.13,0,0,0,0,0,0,12.28,0,train-job-001
t0105,gpu-node-02,2,76.25,339.92,71.47,0,0,0,0,0,0,11.88,0,train-job-001
t0105,gpu-node-02,3,73.27,369.07,79.93,0,0,0,0,0,0,12.69,0,train-job-001
t0105,gpu-node-03,0,76.24,331.74,68.11,0,0,0,0,0,0,11.58,0,train-job-001
t0105,gpu-node-03,1,73.46,325.4,77.12,0,0,0,0,0,0,14.39,0,train-job-001
t0105,gpu-node-03,2,76.1,337.14,65.95,0,0,0,0,0,0,14.93,0,train-job-001
t0105,gpu-node-03,3,74.03,317.99,63.33,0,0,0,0,0,0,14.61,0,train-job-001
t0105,gpu-node-04,0,75.62,360.98,77.31,0,0,0,0,0,0,11.27,0,train-job-001
t0105,gpu-node-04,1,76.88,358.22,72.6,0,0,0,0,0,0,11.31,0,train-job-001
t0105,gpu-node-04,2,76.46,368.76,87.01,0,0,0,0,0,0,11.23,0,train-job-001
t0105,gpu-node-04,3,72.73,300.19,74.6,0,0,0,0,0,0,12.13,0,train-job-001
t0105,gpu-node-05,0,79.07,343.76,69.44,0,0,0,0,0,0,14.77,0,train-job-001
t0105,gpu-node-05,1,78.44,342.66,72.03,0,0,0,0,0,0,11.91,0,train-job-001
t0105,gpu-node-05,2,73.64,320.06,73.78,0,0,0,0,0,0,12.87,0,train-job-001
t0105,gpu-node-05,3,71.74,281.41,49.4,0,0,0,0,0,0,11.8,0,train-job-001
t0105,gpu-node-06,0,76.93,357.64,73.11,0,0,0,0,0,0,9.58,0,train-job-001
t0105,gpu-node-06,1,70.29,335.97,76.37,0,0,0,0,0,0,14.1,0,train-job-001
t0105,gpu-node-06,2,76.36,357.84,72.15,0,0,0,0,0,0,8.88,0,train-job-001
t0105,gpu-node-06,3,74.16,309.23,73.64,0,0,0,0,0,0,9.5,0,train-job-001
t0105,gpu-node-07,0,78.24,299.61,60.76,0,0,0,0,0,0,10.87,0,train-job-001
t0105,gpu-node-07,1,77.48,348.22,58.25,0,0,0,0,0,0,15.75,0,train-job-001
t0105,gpu-node-07,2,73.38,325.05,62.34,0,0,0,0,0,0,15.41,0,train-job-001
t0105,gpu-node-07,3,79.28,355.53,74.75,0,0,0,0,0,0,12.46,0,train-job-001
t0105,gpu-node-08,0,76.42,305.85,57.28,0,0,0,0,0,0,12.63,0,train-job-001
t0105,gpu-node-08,1,76.41,370.29,76.97,0,0,0,0,0,0,10.74,0,train-job-001
t0105,gpu-node-08,2,76.43,335.09,66.3,0,0,0,0,0,0,10.32,0,train-job-001
t0105,gpu-node-08,3,77.35,328.8,72.12,0,0,0,0,0,0,15.93,0,train-job-001
t0105,gpu-node-09,0,72.27,336.18,67.43,0,0,0,0,0,0,9.26,0,train-job-001
t0105,gpu-node-09,1,76.51,317.44,76.56,0,0,0,0,0,0,9.88,0,train-job-001
t0105,gpu-node-09,2,78.29,332.87,74.0,0,0,0,0,0,0,11.83,0,train-job-001
t0105,gpu-node-09,3,76.87,343.3,81.92,0,0,0,0,0,0,10.95,0,train-job-001
t0105,gpu-node-10,0,76.74,297.61,62.25,0,0,0,0,0,0,12.26,0,train-job-001
t0105,gpu-node-10,1,78.48,347.43,67.55,0,0,0,0,0,0,10.44,0,train-job-001
t0105,gpu-node-10,2,74.14,351.3,81.82,0,0,0,0,0,0,12.58,0,train-job-001
t0105,gpu-node-10,3,73.69,308.67,73.17,0,0,0,0,0,0,10.42,0,train-job-001
t0105,gpu-node-11,0,69.29,303.36,77.18,0,0,0,0,0,0,9.83,0,train-job-001
t0105,gpu-node-11,1,77.15,340.87,80.57,0,0,0,0,0,0,9.99,0,train-job-001
t0105,gpu-node-11,2,68.67,346.09,69.15,0,0,0,0,0,0,15.15,0,train-job-001
t0105,gpu-node-11,3,71.91,322.88,73.01,0,0,0,0,0,0,10.93,0,train-job-001
t0106,gpu-node-00,0,78.68,356.86,83.62,0,0,0,0,0,0,13.31,0,train-job-001
t0106,gpu-node-00,1,75.87,325.91,67.58,0,0,0,0,0,0,8.33,0,train-job-001
t0106,gpu-node-00,2,72.79,316.34,61.66,0,0,0,0,0,0,11.35,0,train-job-001
t0106,gpu-node-00,3,72.21,345.84,73.69,0,0,0,0,0,0,14.37,0,train-job-001
t0106,gpu-node-01,0,73.73,341.14,85.47,0,0,0,0,0,0,12.17,0,train-job-001
t0106,gpu-node-01,1,77.64,332.92,74.14,0,0,0,0,0,0,9.56,0,train-job-001
t0106,gpu-node-01,2,78.37,327.55,73.67,0,0,0,0,0,0,11.89,0,train-job-001
t0106,gpu-node-01,3,75.46,345.12,69.42,0,0,0,0,0,0,11.37,0,train-job-001
t0106,gpu-node-02,0,75.89,334.35,70.07,0,0,0,0,0,0,12.29,0,train-job-001
t0106,gpu-node-02,1,71.29,302.15,67.37,0,0,0,0,0,0,12.74,0,train-job-001
t0106,gpu-node-02,2,76.4,319.07,73.48,0,0,0,0,0,0,12.11,0,train-job-001
t0106,gpu-node-02,3,79.35,349.31,74.53,0,0,0,0,0,0,11.08,0,train-job-001
t0106,gpu-node-03,0,71.2,327.74,74.51,0,0,0,0,0,0,12.1,0,train-job-001
t0106,gpu-node-03,1,75.71,298.32,58.59,0,0,0,0,0,0,11.95,0,train-job-001
t0106,gpu-node-03,2,71.14,321.62,64.94,0,0,0,0,0,0,12.53,0,train-job-001
t0106,gpu-node-03,3,76.08,319.18,82.48,0,0,0,0,0,0,13.71,0,train-job-001
t0106,gpu-node-04,0,75.97,363.24,82.61,0,0,0,0,0,0,11.0,0,train-job-001
t0106,gpu-node-04,1,75.98,294.34,71.19,0,0,0,0,0,0,8.46,0,train-job-001
t0106,gpu-node-04,2,71.76,329.48,78.96,0,0,0,0,0,0,11.91,0,train-job-001
t0106,gpu-node-04,3,76.88,361.49,70.41,0,0,0,0,0,0,13.62,0,train-job-001
t0106,gpu-node-05,0,75.76,342.06,69.81,0,0,0,0,0,0,11.9,0,train-job-001
t0106,gpu-node-05,1,76.58,349.4,79.2,0,0,0,0,0,0,9.53,0,train-job-001
t0106,gpu-node-05,2,79.8,372.7,71.58,0,0,0,0,0,0,11.53,0,train-job-001
t0106,gpu-node-05,3,84.42,308.4,60.69,0,0,0,0,0,0,12.92,0,train-job-001
t0106,gpu-node-06,0,78.44,341.68,66.36,0,0,0,0,0,0,11.02,0,train-job-001
t0106,gpu-node-06,1,74.59,324.18,74.28,0,0,0,0,0,0,10.73,0,train-job-001
t0106,gpu-node-06,2,76.99,322.14,65.07,0,0,0,0,0,0,12.04,0,train-job-001
t0106,gpu-node-06,3,75.37,322.92,85.14,0,0,0,0,0,0,13.4,0,train-job-001
t0106,gpu-node-07,0,75.65,334.77,73.09,0,0,0,0,0,0,11.52,0,train-job-001
t0106,gpu-node-07,1,75.14,346.64,79.78,0,0,0,0,0,0,12.43,0,train-job-001
t0106,gpu-node-07,2,75.57,315.59,70.84,0,0,0,0,0,0,12.41,0,train-job-001
t0106,gpu-node-07,3,74.35,326.51,76.07,0,0,0,0,0,0,10.21,0,train-job-001
t0106,gpu-node-08,0,72.55,320.9,69.3,0,0,0,0,0,0,10.55,0,train-job-001
t0106,gpu-node-08,1,72.86,339.36,84.66,0,0,0,0,0,0,9.45,0,train-job-001
t0106,gpu-node-08,2,73.24,341.19,71.87,0,0,0,0,0,0,9.33,0,train-job-001
t0106,gpu-node-08,3,72.16,326.24,66.28,0,0,0,0,0,0,11.13,0,train-job-001
t0106,gpu-node-09,0,74.36,326.74,71.38,0,0,0,0,0,0,15.67,0,train-job-001
t0106,gpu-node-09,1,76.29,376.83,85.17,0,0,0,0,0,0,11.15,0,train-job-001
t0106,gpu-node-09,2,76.9,361.96,69.85,0,0,0,0,0,0,11.58,0,train-job-001
t0106,gpu-node-09,3,76.11,315.46,63.47,0,0,0,0,0,0,8.84,0,train-job-001
t0106,gpu-node-10,0,72.82,332.11,87.57,0,0,0,0,0,0,8.86,0,train-job-001
t0106,gpu-node-10,1,77.04,349.5,76.57,0,0,0,0,0,0,11.87,0,train-job-001
t0106,gpu-node-10,2,75.38,332.62,71.34,0,0,0,0,0,0,12.59,0,train-job-001
t0106,gpu-node-10,3,71.98,340.9,70.72,0,0,0,0,0,0,13.88,0,train-job-001
t0106,gpu-node-11,0,73.6,327.19,77.7,0,0,0,0,0,0,14.51,0,train-job-001
t0106,gpu-node-11,1,75.02,344.9,76.08,0,0,0,0,0,0,14.63,0,train-job-001
t0106,gpu-node-11,2,72.51,347.66,79.97,0,0,0,0,0,0,13.37,0,train-job-001
t0106,gpu-node-11,3,75.63,318.84,70.88,0,0,0,0,0,0,12.84,0,train-job-001
t0107,gpu-node-00,0,75.07,330.33,65.27,0,0,0,0,0,0,12.4,0,train-job-001
t0107,gpu-node-00,1,76.17,338.03,59.9,0,0,0,0,0,0,13.19,0,train-job-001
t0107,gpu-node-00,2,75.75,321.18,62.32,0,0,0,0,0,0,11.45,0,train-job-001
t0107,gpu-node-00,3,78.45,311.63,55.46,0,0,0,0,0,0,10.49,0,train-job-001
t0107,gpu-node-01,0,78.57,336.89,61.01,0,0,0,0,0,0,12.31,0,train-job-001
t0107,gpu-node-01,1,82.1,371.55,71.69,0,0,0,0,0,0,13.06,0,train-job-001
t0107,gpu-node-01,2,75.38,340.54,79.6,0,0,0,0,0,0,9.55,0,train-job-001
t0107,gpu-node-01,3,78.7,344.11,63.38,0,0,0,0,0,0,13.48,0,train-job-001
t0107,gpu-node-02,0,73.88,343.87,75.09,0,0,0,0,0,0,11.83,0,train-job-001
t0107,gpu-node-02,1,75.18,330.43,71.2,0,0,0,0,0,0,10.49,0,train-job-001
t0107,gpu-node-02,2,77.57,341.19,68.09,0,0,0,0,0,0,13.63,0,train-job-001
t0107,gpu-node-02,3,72.33,336.5,68.68,0,0,0,0,0,0,9.9,0,train-job-001
t0107,gpu-node-03,0,75.59,309.64,73.64,0,0,0,0,0,0,16.66,0,train-job-001
t0107,gpu-node-03,1,74.83,335.5,75.65,0,0,0,0,0,0,11.05,0,train-job-001
t0107,gpu-node-03,2,74.13,329.66,70.73,0,0,0,0,0,0,13.68,0,train-job-001
t0107,gpu-node-03,3,79.32,373.23,77.65,0,0,0,0,0,0,11.96,0,train-job-001
t0107,gpu-node-04,0,79.18,347.58,80.09,0,0,0,0,0,0,8.95,0,train-job-001
t0107,gpu-node-04,1,74.26,333.37,70.55,0,0,0,0,0,0,8.9,0,train-job-001
t0107,gpu-node-04,2,71.97,355.59,72.88,0,0,0,0,0,0,13.9,0,train-job-001
t0107,gpu-node-04,3,75.83,337.21,73.99,0,0,0,0,0,0,11.89,0,train-job-001
t0107,gpu-node-05,0,72.93,345.24,74.16,0,0,0,0,0,0,8.3,0,train-job-001
t0107,gpu-node-05,1,75.24,316.35,65.51,0,0,0,0,0,0,14.92,0,train-job-001
t0107,gpu-node-05,2,70.33,334.33,76.2,0,0,0,0,0,0,11.84,0,train-job-001
t0107,gpu-node-05,3,67.65,327.25,61.56,0,0,0,0,0,0,13.37,0,train-job-001
t0107,gpu-node-06,0,72.94,317.43,61.67,0,0,0,0,0,0,11.16,0,train-job-001
t0107,gpu-node-06,1,72.3,326.7,62.45,0,0,0,0,0,0,12.79,0,train-job-001
t0107,gpu-node-06,2,71.45,324.39,54.78,0,0,0,0,0,0,12.67,0,train-job-001
t0107,gpu-node-06,3,73.91,326.62,66.76,0,0,0,0,0,0,13.29,0,train-job-001
t0107,gpu-node-07,0,72.23,314.44,54.46,0,0,0,0,0,0,10.33,0,train-job-001
t0107,gpu-node-07,1,74.66,339.96,81.58,0,0,0,0,0,0,11.11,0,train-job-001
t0107,gpu-node-07,2,77.28,361.31,65.08,0,0,0,0,0,0,8.13,0,train-job-001
t0107,gpu-node-07,3,78.24,359.61,83.16,0,0,0,0,0,0,12.33,0,train-job-001
t0107,gpu-node-08,0,76.42,367.12,70.31,0,0,0,0,0,0,10.87,0,train-job-001
t0107,gpu-node-08,1,73.47,318.69,55.98,0,0,0,0,0,0,14.16,0,train-job-001
t0107,gpu-node-08,2,73.97,348.73,65.46,0,0,0,0,0,0,12.18,0,train-job-001
t0107,gpu-node-08,3,71.87,332.3,69.82,0,0,0,0,0,0,13.39,0,train-job-001
t0107,gpu-node-09,0,78.35,366.72,70.16,0,0,0,0,0,0,10.77,0,train-job-001
t0107,gpu-node-09,1,70.95,316.18,70.16,0,0,0,0,0,0,10.29,0,train-job-001
t0107,gpu-node-09,2,79.11,358.71,78.03,0,0,0,0,0,0,10.93,0,train-job-001
t0107,gpu-node-09,3,76.35,359.91,67.08,0,0,0,0,0,0,11.48,0,train-job-001
t0107,gpu-node-10,0,73.64,355.73,74.73,0,0,0,0,0,0,12.96,0,train-job-001
t0107,gpu-node-10,1,73.47,306.73,68.1,0,0,0,0,0,0,8.91,0,train-job-001
t0107,gpu-node-10,2,74.85,362.2,78.35,0,0,0,0,0,0,12.33,0,train-job-001
t0107,gpu-node-10,3,73.97,308.35,58.1,0,0,0,0,0,0,11.31,0,train-job-001
t0107,gpu-node-11,0,77.24,354.63,80.61,0,0,0,0,0,0,7.26,0,train-job-001
t0107,gpu-node-11,1,77.57,298.64,72.78,0,0,0,0,0,0,9.3,0,train-job-001
t0107,gpu-node-11,2,72.3,293.62,61.56,0,0,0,0,0,0,16.01,0,train-job-001
t0107,gpu-node-11,3,74.24,361.65,63.93,0,0,0,0,0,0,9.3,0,train-job-001
t0108,gpu-node-00,0,76.43,348.35,66.61,0,0,0,0,0,0,10.45,0,train-job-001
t0108,gpu-node-00,1,76.15,378.58,73.14,0,0,0,0,0,0,13.81,0,train-job-001
t0108,gpu-node-00,2,72.33,287.99,67.69,0,0,0,0,0,0,10.64,0,train-job-001
t0108,gpu-node-00,3,79.36,331.77,79.06,0,0,0,0,0,0,8.57,0,train-job-001
t0108,gpu-node-01,0,71.86,334.36,73.33,0,0,0,0,0,0,11.78,0,train-job-001
t0108,gpu-node-01,1,74.46,352.46,74.77,0,0,0,0,0,0,9.71,0,train-job-001
t0108,gpu-node-01,2,73.37,368.57,72.67,0,0,0,0,0,0,9.92,0,train-job-001
t0108,gpu-node-01,3,77.14,329.61,83.92,0,0,0,0,0,0,9.75,0,train-job-001
t0108,gpu-node-02,0,73.47,345.62,72.98,0,0,0,0,0,0,14.54,0,train-job-001
t0108,gpu-node-02,1,76.21,352.5,85.08,0,0,0,0,0,0,11.62,0,train-job-001
t0108,gpu-node-02,2,76.45,337.57,69.16,0,0,0,0,0,0,15.66,0,train-job-001
t0108,gpu-node-02,3,72.77,322.97,67.75,0,0,0,0,0,0,13.19,0,train-job-001
t0108,gpu-node-03,0,72.67,303.34,77.83,0,0,0,0,0,0,11.26,0,train-job-001
t0108,gpu-node-03,1,75.36,316.46,58.72,0,0,0,0,0,0,10.64,0,train-job-001
t0108,gpu-node-03,2,74.1,312.75,75.33,0,0,0,0,0,0,13.54,0,train-job-001
t0108,gpu-node-03,3,70.84,301.41,68.28,0,0,0,0,0,0,11.62,0,train-job-001
t0108,gpu-node-04,0,74.05,366.29,68.06,0,0,0,0,0,0,9.74,0,train-job-001
t0108,gpu-node-04,1,71.77,340.11,73.81,0,0,0,0,0,0,17.19,0,train-job-001
t0108,gpu-node-04,2,75.13,329.79,69.68,0,0,0,0,0,0,8.28,0,train-job-001
t0108,gpu-node-04,3,75.46,312.87,58.76,0,0,0,0,0,0,11.37,0,train-job-001
t0108,gpu-node-05,0,77.14,346.56,57.7,0,0,0,0,0,0,14.09,0,train-job-001
t0108,gpu-node-05,1,76.9,340.62,72.18,0,0,0,0,0,0,11.02,0,train-job-001
t0108,gpu-node-05,2,77.17,319.77,72.7,0,0,0,0,0,0,12.07,0,train-job-001
t0108,gpu-node-05,3,79.65,370.03,100.0,0,0,0,0,0,0,13.11,0,train-job-001
t0108,gpu-node-06,0,71.95,322.47,64.25,0,0,0,0,0,0,12.57,0,train-job-001
t0108,gpu-node-06,1,72.23,325.17,72.1,0,0,0,0,0,0,12.72,0,train-job-001
t0108,gpu-node-06,2,75.53,351.71,76.14,0,0,0,0,0,0,10.44,0,train-job-001
t0108,gpu-node-06,3,74.79,330.17,78.97,0,0,0,0,0,0,5.11,0,train-job-001
t0108,gpu-node-07,0,74.78,346.15,75.75,0,0,0,0,0,0,9.05,0,train-job-001
t0108,gpu-node-07,1,77.52,330.24,64.82,0,0,0,0,0,0,14.05,0,train-job-001
t0108,gpu-node-07,2,73.95,327.16,63.08,0,0,0,0,0,0,14.5,0,train-job-001
t0108,gpu-node-07,3,72.48,342.13,66.3,0,0,0,0,0,0,13.39,0,train-job-001
t0108,gpu-node-08,0,77.83,342.44,82.93,0,0,0,0,0,0,13.71,0,train-job-001
t0108,gpu-node-08,1,75.86,339.69,87.11,0,0,0,0,0,0,13.4,0,train-job-001
t0108,gpu-node-08,2,76.15,323.44,68.44,0,0,0,0,0,0,9.77,0,train-job-001
t0108,gpu-node-08,3,80.85,352.36,92.02,0,0,0,0,0,0,8.87,0,train-job-001
t0108,gpu-node-09,0,72.45,325.87,70.96,0,0,0,0,0,0,14.32,0,train-job-001
t0108,gpu-node-09,1,77.34,343.14,78.72,0,0,0,0,0,0,8.58,0,train-job-001
t0108,gpu-node-09,2,73.97,356.81,61.9,0,0,0,0,0,0,14.74,0,train-job-001
t0108,gpu-node-09,3,72.8,322.26,72.03,0,0,0,0,0,0,9.34,0,train-job-001
t0108,gpu-node-10,0,80.95,350.1,60.37,0,0,0,0,0,0,11.95,0,train-job-001
t0108,gpu-node-10,1,76.22,349.11,73.87,0,0,0,0,0,0,13.08,0,train-job-001
t0108,gpu-node-10,2,75.47,383.0,87.06,0,0,0,0,0,0,10.9,0,train-job-001
t0108,gpu-node-10,3,75.67,337.72,77.96,0,0,0,0,0,0,10.13,0,train-job-001
t0108,gpu-node-11,0,73.76,329.59,75.09,0,0,0,0,0,0,11.06,0,train-job-001
t0108,gpu-node-11,1,75.54,327.91,63.31,0,0,0,0,0,0,10.25,0,train-job-001
t0108,gpu-node-11,2,74.04,359.93,72.91,0,0,0,0,0,0,17.46,0,train-job-001
t0108,gpu-node-11,3,75.99,340.85,64.4,0,0,0,0,0,0,14.92,0,train-job-001
t0109,gpu-node-00,0,75.14,327.88,56.79,0,0,0,0,0,0,8.76,0,train-job-001
t0109,gpu-node-00,1,76.4,347.96,88.24,0,0,0,0,0,0,13.46,0,train-job-001
t0109,gpu-node-00,2,76.5,345.18,72.74,0,0,0,0,0,0,15.43,0,train-job-001
t0109,gpu-node-00,3,74.77,314.44,67.77,0,0,0,0,0,0,14.74,0,train-job-001
t0109,gpu-node-01,0,75.08,328.69,77.17,0,0,0,0,0,0,13.14,0,train-job-001
t0109,gpu-node-01,1,77.29,375.66,85.92,0,0,0,0,0,0,12.77,0,train-job-001
t0109,gpu-node-01,2,75.64,353.49,79.03,0,0,0,0,0,0,12.28,0,train-job-001
t0109,gpu-node-01,3,73.12,326.4,70.05,0,0,0,0,0,0,12.62,0,train-job-001
t0109,gpu-node-02,0,72.87,333.99,65.0,0,0,0,0,0,0,8.58,0,train-job-001
t0109,gpu-node-02,1,72.45,336.66,69.75,0,0,0,0,0,0,7.97,0,train-job-001
t0109,gpu-node-02,2,74.19,312.31,67.64,0,0,0,0,0,0,7.72,0,train-job-001
t0109,gpu-node-02,3,70.57,335.91,63.66,0,0,0,0,0,0,12.97,0,train-job-001
t0109,gpu-node-03,0,74.3,329.39,79.49,0,0,0,0,0,0,10.65,0,train-job-001
t0109,gpu-node-03,1,72.5,356.97,68.89,0,0,0,0,0,0,15.4,0,train-job-001
t0109,gpu-node-03,2,76.63,376.11,80.99,0,0,0,0,0,0,15.69,0,train-job-001
t0109,gpu-node-03,3,76.66,334.53,78.68,0,0,0,0,0,0,10.31,0,train-job-001
t0109,gpu-node-04,0,72.92,362.64,82.63,0,0,0,0,0,0,13.54,0,train-job-001
t0109,gpu-node-04,1,72.62,361.98,75.01,0,0,0,0,0,0,12.42,0,train-job-001
t0109,gpu-node-04,2,72.79,312.46,65.59,0,0,0,0,0,0,12.17,0,train-job-001
t0109,gpu-node-04,3,76.32,332.62,67.54,0,0,0,0,0,0,11.82,0,train-job-001
t0109,gpu-node-05,0,72.37,313.02,67.83,0,0,0,0,0,0,11.03,0,train-job-001
t0109,gpu-node-05,1,74.3,334.81,75.56,0,0,0,0,0,0,14.62,0,train-job-001
t0109,gpu-node-05,2,76.9,321.0,70.55,0,0,0,0,0,0,15.48,0,train-job-001
t0109,gpu-node-05,3,78.13,324.32,66.52,0,0,0,0,0,0,10.94,0,train-job-001
t0109,gpu-node-06,0,78.62,360.81,83.36,0,0,0,0,0,0,11.59,0,train-job-001
t0109,gpu-node-06,1,75.2,350.71,64.17,0,0,0,0,0,0,11.16,0,train-job-001
t0109,gpu-node-06,2,80.83,339.74,66.4,0,0,0,0,0,0,12.46,0,train-job-001
t0109,gpu-node-06,3,77.79,362.0,67.99,0,0,0,0,0,0,9.35,0,train-job-001
t0109,gpu-node-07,0,74.72,348.94,72.83,0,0,0,0,0,0,14.14,0,train-job-001
t0109,gpu-node-07,1,78.55,338.97,71.83,0,0,0,0,0,0,11.62,0,train-job-001
t0109,gpu-node-07,2,77.03,327.19,68.26,0,0,0,0,0,0,13.43,0,train-job-001
t0109,gpu-node-07,3,75.43,308.17,69.79,0,0,0,0,0,0,10.25,0,train-job-001
t0109,gpu-node-08,0,77.06,368.77,72.92,0,0,0,0,0,0,11.71,0,train-job-001
t0109,gpu-node-08,1,74.31,334.24,74.03,0,0,0,0,0,0,13.02,0,train-job-001
t0109,gpu-node-08,2,75.81,340.56,73.14,0,0,0,0,0,0,9.75,0,train-job-001
t0109,gpu-node-08,3,78.28,316.73,70.63,0,0,0,0,0,0,10.33,0,train-job-001
t0109,gpu-node-09,0,73.37,337.56,70.34,0,0,0,0,0,0,12.82,0,train-job-001
t0109,gpu-node-09,1,76.92,317.28,63.41,0,0,0,0,0,0,12.33,0,train-job-001
t0109,gpu-node-09,2,76.47,330.85,76.44,0,0,0,0,0,0,11.71,0,train-job-001
t0109,gpu-node-09,3,77.14,363.33,82.31,0,0,0,0,0,0,9.89,0,train-job-001
t0109,gpu-node-10,0,75.06,334.44,67.95,0,0,0,0,0,0,12.26,0,train-job-001
t0109,gpu-node-10,1,71.14,313.76,78.48,0,0,0,0,0,0,11.75,0,train-job-001
t0109,gpu-node-10,2,73.25,390.97,83.62,0,0,0,0,0,0,10.71,0,train-job-001
t0109,gpu-node-10,3,71.56,290.23,61.86,0,0,0,0,0,0,11.21,0,train-job-001
t0109,gpu-node-11,0,74.16,346.49,76.96,0,0,0,0,0,0,10.52,0,train-job-001
t0109,gpu-node-11,1,72.83,343.96,69.95,0,0,0,0,0,0,8.27,0,train-job-001
t0109,gpu-node-11,2,78.13,359.95,61.81,0,0,0,0,0,0,15.32,0,train-job-001
t0109,gpu-node-11,3,79.53,334.42,69.2,0,0,0,0,0,0,12.4,0,train-job-001
t0110,gpu-node-00,0,72.83,344.71,71.77,0,0,0,0,0,0,7.47,0,train-job-001
t0110,gpu-node-00,1,75.88,345.32,59.32,0,0,0,0,0,0,13.36,0,train-job-001
t0110,gpu-node-00,2,76.37,355.43,75.43,0,0,0,0,0,0,9.02,0,train-job-001
t0110,gpu-node-00,3,76.85,396.4,81.57,0,0,0,0,0,0,12.0,0,train-job-001
t0110,gpu-node-01,0,75.6,310.14,76.98,0,0,0,0,0,0,12.35,0,train-job-001
t0110,gpu-node-01,1,74.07,327.35,64.66,0,0,0,0,0,0,12.68,0,train-job-001
t0110,gpu-node-01,2,75.15,331.26,69.83,0,0,0,0,0,0,9.82,0,train-job-001
t0110,gpu-node-01,3,76.55,359.97,73.25,0,0,0,0,0,0,11.87,0,train-job-001
t0110,gpu-node-02,0,79.21,321.42,67.97,0,0,0,0,0,0,12.09,0,train-job-001
t0110,gpu-node-02,1,75.91,311.91,75.08,0,0,0,0,0,0,11.92,0,train-job-001
t0110,gpu-node-02,2,79.54,345.03,69.0,0,0,0,0,0,0,11.33,0,train-job-001
t0110,gpu-node-02,3,78.97,340.57,75.72,0,0,0,0,0,0,11.68,0,train-job-001
t0110,gpu-node-03,0,75.15,364.74,78.16,0,0,0,0,0,0,10.93,0,train-job-001
t0110,gpu-node-03,1,77.23,304.52,73.73,0,0,0,0,0,0,9.72,0,train-job-001
t0110,gpu-node-03,2,73.93,351.08,68.41,0,0,0,0,0,0,15.24,0,train-job-001
t0110,gpu-node-03,3,75.0,335.44,66.08,0,0,0,0,0,0,14.44,0,train-job-001
t0110,gpu-node-04,0,72.65,312.2,66.74,0,0,0,0,0,0,14.71,0,train-job-001
t0110,gpu-node-04,1,73.5,320.36,67.99,0,0,0,0,0,0,13.06,0,train-job-001
t0110,gpu-node-04,2,71.28,343.35,64.74,0,0,0,0,0,0,12.16,0,train-job-001
t0110,gpu-node-04,3,74.74,342.58,77.68,0,0,0,0,0,0,7.51,0,train-job-001
t0110,gpu-node-05,0,72.21,341.29,63.97,0,0,0,0,0,0,13.63,0,train-job-001
t0110,gpu-node-05,1,79.44,329.84,71.77,0,0,0,0,0,0,11.88,0,train-job-001
t0110,gpu-node-05,2,77.31,336.06,75.19,0,0,0,0,0,0,12.72,0,train-job-001
t0110,gpu-node-05,3,77.13,317.98,72.74,0,0,0,0,0,0,10.34,0,train-job-001
t0110,gpu-node-06,0,73.99,316.62,64.44,0,0,0,0,0,0,11.12,0,train-job-001
t0110,gpu-node-06,1,70.67,345.6,73.98,0,0,0,0,0,0,12.97,0,train-job-001
t0110,gpu-node-06,2,77.17,354.92,75.24,0,0,0,0,0,0,9.8,0,train-job-001
t0110,gpu-node-06,3,75.35,339.42,79.17,0,0,0,0,0,0,11.6,0,train-job-001
t0110,gpu-node-07,0,75.1,386.87,72.19,0,0,0,0,0,0,14.37,0,train-job-001
t0110,gpu-node-07,1,75.25,351.78,77.81,0,0,0,0,0,0,13.2,0,train-job-001
t0110,gpu-node-07,2,78.01,351.87,79.39,0,0,0,0,0,0,13.82,0,train-job-001
t0110,gpu-node-07,3,76.49,329.28,65.53,0,0,0,0,0,0,12.1,0,train-job-001
t0110,gpu-node-08,0,73.33,343.15,74.73,0,0,0,0,0,0,12.64,0,train-job-001
t0110,gpu-node-08,1,79.33,326.81,78.35,0,0,0,0,0,0,11.16,0,train-job-001
t0110,gpu-node-08,2,76.05,321.51,66.26,0,0,0,0,0,0,11.06,0,train-job-001
t0110,gpu-node-08,3,73.84,378.96,96.25,0,0,0,0,0,0,11.21,0,train-job-001
t0110,gpu-node-09,0,71.94,295.93,58.96,0,0,0,0,0,0,10.72,0,train-job-001
t0110,gpu-node-09,1,79.99,324.14,57.02,0,0,0,0,0,0,9.18,0,train-job-001
t0110,gpu-node-09,2,74.21,335.82,56.76,0,0,0,0,0,0,16.81,0,train-job-001
t0110,gpu-node-09,3,76.76,342.14,83.04,0,0,0,0,0,0,10.39,0,train-job-001
t0110,gpu-node-10,0,74.32,319.59,56.47,0,0,0,0,0,0,10.71,0,train-job-001
t0110,gpu-node-10,1,73.52,332.24,68.04,0,0,0,0,0,0,10.07,0,train-job-001
t0110,gpu-node-10,2,77.37,311.81,60.62,0,0,0,0,0,0,14.3,0,train-job-001
t0110,gpu-node-10,3,75.6,330.65,63.91,0,0,0,0,0,0,10.07,0,train-job-001
t0110,gpu-node-11,0,77.77,296.15,61.77,0,0,0,0,0,0,9.62,0,train-job-001
t0110,gpu-node-11,1,78.17,352.08,82.58,0,0,0,0,0,0,10.03,0,train-job-001
t0110,gpu-node-11,2,74.01,331.23,79.91,0,0,0,0,0,0,8.6,0,train-job-001
t0110,gpu-node-11,3,76.29,365.45,94.13,0,0,0,0,0,0,14.15,0,train-job-001
t0111,gpu-node-00,0,75.48,349.08,73.37,0,0,0,0,0,0,16.2,0,train-job-001
t0111,gpu-node-00,1,74.58,317.79,79.99,0,0,0,0,0,0,9.38,0,train-job-001
t0111,gpu-node-00,2,76.67,334.8,78.49,0,0,0,0,0,0,15.97,0,train-job-001
t0111,gpu-node-00,3,78.47,358.38,91.25,0,0,0,0,0,0,12.75,0,train-job-001
t0111,gpu-node-01,0,77.1,336.8,70.97,0,0,0,0,0,0,12.54,0,train-job-001
t0111,gpu-node-01,1,76.66,332.37,79.42,0,0,0,0,0,0,12.91,0,train-job-001
t0111,gpu-node-01,2,74.29,343.25,73.59,0,0,0,0,0,0,15.09,0,train-job-001
t0111,gpu-node-01,3,74.73,352.87,77.73,0,0,0,0,0,0,13.64,0,train-job-001
t0111,gpu-node-02,0,74.94,320.65,69.5,0,0,0,0,0,0,13.23,0,train-job-001
t0111,gpu-node-02,1,75.22,344.3,76.71,0,0,0,0,0,0,12.28,0,train-job-001
t0111,gpu-node-02,2,74.31,335.5,58.5,0,0,0,0,0,0,10.97,0,train-job-001
t0111,gpu-node-02,3,81.17,369.88,77.87,0,0,0,0,0,0,15.74,0,train-job-001
t0111,gpu-node-03,0,76.74,340.69,82.19,0,0,0,0,0,0,13.71,0,train-job-001
t0111,gpu-node-03,1,72.65,314.93,61.2,0,0,0,0,0,0,13.99,0,train-job-001
t0111,gpu-node-03,2,77.32,356.11,72.44,0,0,0,0,0,0,11.9,0,train-job-001
t0111,gpu-node-03,3,75.78,326.21,60.93,0,0,0,0,0,0,13.58,0,train-job-001
t0111,gpu-node-04,0,74.58,355.19,76.01,0,0,0,0,0,0,11.76,0,train-job-001
t0111,gpu-node-04,1,77.1,347.14,72.98,0,0,0,0,0,0,10.3,0,train-job-001
t0111,gpu-node-04,2,73.01,341.68,66.01,0,0,0,0,0,0,14.21,0,train-job-001
t0111,gpu-node-04,3,71.42,320.93,74.64,0,0,0,0,0,0,11.3,0,train-job-001
t0111,gpu-node-05,0,68.13,305.51,65.54,0,0,0,0,0,0,11.58,0,train-job-001
t0111,gpu-node-05,1,75.5,327.84,77.49,0,0,0,0,0,0,9.43,0,train-job-001
t0111,gpu-node-05,2,74.64,314.44,63.25,0,0,0,0,0,0,13.81,0,train-job-001
t0111,gpu-node-05,3,77.63,359.85,66.88,0,0,0,0,0,0,9.88,0,train-job-001
t0111,gpu-node-06,0,69.66,308.17,67.1,0,0,0,0,0,0,12.77,0,train-job-001
t0111,gpu-node-06,1,73.7,332.85,65.7,0,0,0,0,0,0,9.7,0,train-job-001
t0111,gpu-node-06,2,76.1,328.2,85.64,0,0,0,0,0,0,8.2,0,train-job-001
t0111,gpu-node-06,3,74.78,321.95,64.32,0,0,0,0,0,0,10.12,0,train-job-001
t0111,gpu-node-07,0,78.29,367.95,73.81,0,0,0,0,0,0,15.08,0,train-job-001
t0111,gpu-node-07,1,75.19,348.5,61.15,0,0,0,0,0,0,12.44,0,train-job-001
t0111,gpu-node-07,2,76.11,283.21,75.35,0,0,0,0,0,0,11.16,0,train-job-001
t0111,gpu-node-07,3,74.84,367.44,91.7,0,0,0,0,0,0,12.91,0,train-job-001
t0111,gpu-node-08,0,73.12,325.91,65.96,0,0,0,0,0,0,19.25,0,train-job-001
t0111,gpu-node-08,1,74.76,337.5,69.59,0,0,0,0,0,0,12.03,0,train-job-001
t0111,gpu-node-08,2,73.83,303.85,60.78,0,0,0,0,0,0,11.08,0,train-job-001
t0111,gpu-node-08,3,73.94,319.84,66.77,0,0,0,0,0,0,7.99,0,train-job-001
t0111,gpu-node-09,0,75.37,319.96,65.0,0,0,0,0,0,0,10.74,0,train-job-001
t0111,gpu-node-09,1,73.77,326.06,75.78,0,0,0,0,0,0,11.23,0,train-job-001
t0111,gpu-node-09,2,76.17,345.96,76.74,0,0,0,0,0,0,12.5,0,train-job-001
t0111,gpu-node-09,3,76.78,342.95,74.35,0,0,0,0,0,0,7.54,0,train-job-001
t0111,gpu-node-10,0,75.55,349.32,64.73,0,0,0,0,0,0,9.31,0,train-job-001
t0111,gpu-node-10,1,74.82,304.32,61.02,0,0,0,0,0,0,13.32,0,train-job-001
t0111,gpu-node-10,2,78.61,335.88,66.73,0,0,0,0,0,0,9.39,0,train-job-001
t0111,gpu-node-10,3,69.17,341.33,69.87,0,0,0,0,0,0,10.88,0,train-job-001
t0111,gpu-node-11,0,76.55,365.43,80.49,0,0,0,0,0,0,11.1,0,train-job-001
t0111,gpu-node-11,1,79.13,365.91,82.61,0,0,0,0,0,0,11.88,0,train-job-001
t0111,gpu-node-11,2,71.53,323.35,72.44,0,0,0,0,0,0,14.49,0,train-job-001
t0111,gpu-node-11,3,74.25,327.26,62.96,0,0,0,0,0,0,15.67,0,train-job-001
t0112,gpu-node-00,0,75.63,336.57,53.73,0,0,0,0,0,0,15.2,0,train-job-001
t0112,gpu-node-00,1,74.82,323.08,63.28,0,0,0,0,0,0,15.78,0,train-job-001
t0112,gpu-node-00,2,80.03,391.36,80.6,0,0,0,0,0,0,12.53,0,train-job-001
t0112,gpu-node-00,3,75.36,339.13,68.43,0,0,0,0,0,0,14.04,0,train-job-001
t0112,gpu-node-01,0,75.95,338.39,72.16,0,0,0,0,0,0,14.7,0,train-job-001
t0112,gpu-node-01,1,77.65,326.98,79.3,0,0,0,0,0,0,14.02,0,train-job-001
t0112,gpu-node-01,2,77.76,369.34,74.44,0,0,0,0,0,0,10.49,0,train-job-001
t0112,gpu-node-01,3,74.69,318.41,80.7,0,0,0,0,0,0,11.23,0,train-job-001
t0112,gpu-node-02,0,74.42,346.71,75.9,0,0,0,0,0,0,9.73,0,train-job-001
t0112,gpu-node-02,1,76.04,356.57,70.92,0,0,0,0,0,0,15.79,0,train-job-001
t0112,gpu-node-02,2,75.53,358.52,89.54,0,0,0,0,0,0,10.76,0,train-job-001
t0112,gpu-node-02,3,76.59,307.61,70.34,0,0,0,0,0,0,15.8,0,train-job-001
t0112,gpu-node-03,0,76.96,348.27,78.8,0,0,0,0,0,0,7.5,0,train-job-001
t0112,gpu-node-03,1,74.04,330.3,69.95,0,0,0,0,0,0,16.45,0,train-job-001
t0112,gpu-node-03,2,74.44,358.81,77.85,0,0,0,0,0,0,16.14,0,train-job-001
t0112,gpu-node-03,3,71.85,341.04,51.84,0,0,0,0,0,0,14.51,0,train-job-001
t0112,gpu-node-04,0,74.82,353.07,80.12,0,0,0,0,0,0,12.8,0,train-job-001
t0112,gpu-node-04,1,76.09,334.05,49.21,0,0,0,0,0,0,10.45,0,train-job-001
t0112,gpu-node-04,2,70.95,324.09,73.06,0,0,0,0,0,0,11.54,0,train-job-001
t0112,gpu-node-04,3,76.57,315.09,60.09,0,0,0,0,0,0,8.8,0,train-job-001
t0112,gpu-node-05,0,73.82,314.77,63.66,0,0,0,0,0,0,12.2,0,train-job-001
t0112,gpu-node-05,1,76.48,366.57,88.86,0,0,0,0,0,0,7.89,0,train-job-001
t0112,gpu-node-05,2,74.59,337.67,62.02,0,0,0,0,0,0,14.16,0,train-job-001
t0112,gpu-node-05,3,72.75,328.35,74.09,0,0,0,0,0,0,9.81,0,train-job-001
t0112,gpu-node-06,0,71.51,320.99,67.67,0,0,0,0,0,0,13.76,0,train-job-001
t0112,gpu-node-06,1,75.77,366.99,73.79,0,0,0,0,0,0,15.8,0,train-job-001
t0112,gpu-node-06,2,74.23,340.11,73.55,0,0,0,0,0,0,9.21,0,train-job-001
t0112,gpu-node-06,3,76.07,358.48,73.44,0,0,0,0,0,0,11.23,0,train-job-001
t0112,gpu-node-07,0,71.03,365.47,84.89,0,0,0,0,0,0,18.3,0,train-job-001
t0112,gpu-node-07,1,78.43,342.74,66.72,0,0,0,0,0,0,13.33,0,train-job-001
t0112,gpu-node-07,2,81.66,344.1,79.41,0,0,0,0,0,0,9.95,0,train-job-001
t0112,gpu-node-07,3,73.46,334.89,57.25,0,0,0,0,0,0,13.19,0,train-job-001
t0112,gpu-node-08,0,81.66,351.56,60.28,0,0,0,0,0,0,10.03,0,train-job-001
t0112,gpu-node-08,1,78.59,324.03,57.33,0,0,0,0,0,0,9.28,0,train-job-001
t0112,gpu-node-08,2,74.95,344.5,74.69,0,0,0,0,0,0,12.82,0,train-job-001
t0112,gpu-node-08,3,73.82,328.91,74.78,0,0,0,0,0,0,10.58,0,train-job-001
t0112,gpu-node-09,0,74.54,335.9,75.36,0,0,0,0,0,0,12.17,0,train-job-001
t0112,gpu-node-09,1,74.27,333.57,75.84,0,0,0,0,0,0,15.69,0,train-job-001
t0112,gpu-node-09,2,82.08,347.61,75.69,0,0,0,0,0,0,9.32,0,train-job-001
t0112,gpu-node-09,3,77.58,363.73,74.58,0,0,0,0,0,0,15.37,0,train-job-001
t0112,gpu-node-10,0,73.87,338.78,67.54,0,0,0,0,0,0,11.08,0,train-job-001
t0112,gpu-node-10,1,79.81,362.18,76.72,0,0,0,0,0,0,13.16,0,train-job-001
t0112,gpu-node-10,2,77.92,355.72,72.52,0,0,0,0,0,0,10.11,0,train-job-001
t0112,gpu-node-10,3,75.78,356.39,79.37,0,0,0,0,0,0,11.63,0,train-job-001
t0112,gpu-node-11,0,77.32,376.18,73.88,0,0,0,0,0,0,12.48,0,train-job-001
t0112,gpu-node-11,1,80.5,360.9,81.23,0,0,0,0,0,0,14.32,0,train-job-001
t0112,gpu-node-11,2,77.74,361.29,72.29,0,0,0,0,0,0,11.59,0,train-job-001
t0112,gpu-node-11,3,74.84,308.35,72.45,0,0,0,0,0,0,11.9,0,train-job-001
t0113,gpu-node-00,0,78.78,327.1,72.42,0,0,0,0,0,0,9.04,0,train-job-001
t0113,gpu-node-00,1,74.7,345.86,77.91,0,0,0,0,0,0,12.69,0,train-job-001
t0113,gpu-node-00,2,76.18,334.09,68.24,0,0,0,0,0,0,11.81,0,train-job-001
t0113,gpu-node-00,3,72.25,296.68,67.83,0,0,0,0,0,0,12.0,0,train-job-001
t0113,gpu-node-01,0,77.48,361.42,76.41,0,0,0,0,0,0,12.9,0,train-job-001
t0113,gpu-node-01,1,70.78,348.25,79.09,0,0,0,0,0,0,11.31,0,train-job-001
t0113,gpu-node-01,2,72.2,318.46,74.54,0,0,0,0,0,0,10.2,0,train-job-001
t0113,gpu-node-01,3,74.36,355.03,60.84,0,0,0,0,0,0,10.84,0,train-job-001
t0113,gpu-node-02,0,78.01,347.98,73.34,0,0,0,0,0,0,13.76,0,train-job-001
t0113,gpu-node-02,1,75.82,350.61,72.91,0,0,0,0,0,0,12.47,0,train-job-001
t0113,gpu-node-02,2,74.1,297.66,49.81,0,0,0,0,0,0,13.03,0,train-job-001
t0113,gpu-node-02,3,72.81,319.66,65.41,0,0,0,0,0,0,12.44,0,train-job-001
t0113,gpu-node-03,0,73.5,359.24,81.99,0,0,0,0,0,0,9.38,0,train-job-001
t0113,gpu-node-03,1,78.16,350.83,82.33,0,0,0,0,0,0,13.84,0,train-job-001
t0113,gpu-node-03,2,70.4,319.93,58.79,0,0,0,0,0,0,13.75,0,train-job-001
t0113,gpu-node-03,3,78.46,343.13,76.73,0,0,0,0,0,0,13.93,0,train-job-001
t0113,gpu-node-04,0,78.22,363.66,72.4,0,0,0,0,0,0,15.49,0,train-job-001
t0113,gpu-node-04,1,77.22,337.47,67.79,0,0,0,0,0,0,13.03,0,train-job-001
t0113,gpu-node-04,2,78.31,311.55,67.45,0,0,0,0,0,0,12.47,0,train-job-001
t0113,gpu-node-04,3,77.19,356.46,69.03,0,0,0,0,0,0,9.86,0,train-job-001
t0113,gpu-node-05,0,74.0,330.78,59.07,0,0,0,0,0,0,10.77,0,train-job-001
t0113,gpu-node-05,1,76.0,280.34,56.67,0,0,0,0,0,0,11.97,0,train-job-001
t0113,gpu-node-05,2,74.35,312.99,58.63,0,0,0,0,0,0,15.98,0,train-job-001
t0113,gpu-node-05,3,71.16,323.73,61.4,0,0,0,0,0,0,11.61,0,train-job-001
t0113,gpu-node-06,0,74.83,334.71,69.58,0,0,0,0,0,0,12.38,0,train-job-001
t0113,gpu-node-06,1,77.2,333.2,77.05,0,0,0,0,0,0,12.53,0,train-job-001
t0113,gpu-node-06,2,76.2,319.08,68.66,0,0,0,0,0,0,13.51,0,train-job-001
t0113,gpu-node-06,3,74.62,368.77,79.15,0,0,0,0,0,0,7.45,0,train-job-001
t0113,gpu-node-07,0,79.21,380.59,77.56,0,0,0,0,0,0,11.48,0,train-job-001
t0113,gpu-node-07,1,76.72,345.42,85.37,0,0,0,0,0,0,13.25,0,train-job-001
t0113,gpu-node-07,2,75.48,340.27,63.68,0,0,0,0,0,0,11.28,0,train-job-001
t0113,gpu-node-07,3,71.98,333.95,70.31,0,0,0,0,0,0,14.17,0,train-job-001
t0113,gpu-node-08,0,74.18,317.49,59.37,0,0,0,0,0,0,10.6,0,train-job-001
t0113,gpu-node-08,1,77.84,373.93,71.34,0,0,0,0,0,0,10.35,0,train-job-001
t0113,gpu-node-08,2,75.92,353.75,74.43,0,0,0,0,0,0,12.17,0,train-job-001
t0113,gpu-node-08,3,78.18,354.71,76.26,0,0,0,0,0,0,11.01,0,train-job-001
t0113,gpu-node-09,0,74.05,349.86,74.2,0,0,0,0,0,0,10.77,0,train-job-001
t0113,gpu-node-09,1,70.99,329.89,67.02,0,0,0,0,0,0,13.92,0,train-job-001
t0113,gpu-node-09,2,77.41,316.87,68.82,0,0,0,0,0,0,11.63,0,train-job-001
t0113,gpu-node-09,3,77.04,332.66,62.71,0,0,0,0,0,0,10.98,0,train-job-001
t0113,gpu-node-10,0,71.75,328.9,69.18,0,0,0,0,0,0,12.34,0,train-job-001
t0113,gpu-node-10,1,77.05,327.81,70.59,0,0,0,0,0,0,10.14,0,train-job-001
t0113,gpu-node-10,2,75.28,324.87,71.71,0,0,0,0,0,0,11.29,0,train-job-001
t0113,gpu-node-10,3,73.85,332.1,74.33,0,0,0,0,0,0,10.94,0,train-job-001
t0113,gpu-node-11,0,73.31,329.42,67.91,0,0,0,0,0,0,13.91,0,train-job-001
t0113,gpu-node-11,1,79.0,336.1,74.8,0,0,0,0,0,0,15.19,0,train-job-001
t0113,gpu-node-11,2,80.39,349.81,74.14,0,0,0,0,0,0,11.06,0,train-job-001
t0113,gpu-node-11,3,76.48,334.67,76.04,0,0,0,0,0,0,14.8,0,train-job-001
t0114,gpu-node-00,0,70.35,297.86,73.14,0,0,0,0,0,0,13.17,0,train-job-001
t0114,gpu-node-00,1,76.07,322.92,69.43,0,0,0,0,0,0,8.06,0,train-job-001
t0114,gpu-node-00,2,76.78,308.57,64.42,0,0,0,0,0,0,12.65,0,train-job-001
t0114,gpu-node-00,3,76.28,367.8,65.48,0,0,0,0,0,0,12.78,0,train-job-001
t0114,gpu-node-01,0,76.77,320.03,77.61,0,0,0,0,0,0,9.41,0,train-job-001
t0114,gpu-node-01,1,75.43,335.51,76.15,0,0,0,0,0,0,10.69,0,train-job-001
t0114,gpu-node-01,2,74.78,332.1,82.66,0,0,0,0,0,0,13.76,0,train-job-001
t0114,gpu-node-01,3,78.43,333.67,67.54,0,0,0,0,0,0,12.05,0,train-job-001
t0114,gpu-node-02,0,73.89,327.74,77.28,0,0,0,0,0,0,11.82,0,train-job-001
t0114,gpu-node-02,1,72.73,299.65,55.06,0,0,0,0,0,0,7.59,0,train-job-001
t0114,gpu-node-02,2,76.04,326.13,68.89,0,0,0,0,0,0,11.83,0,train-job-001
t0114,gpu-node-02,3,74.53,358.91,83.35,0,0,0,0,0,0,8.17,0,train-job-001
t0114,gpu-node-03,0,75.65,321.7,77.34,0,0,0,0,0,0,11.93,0,train-job-001
t0114,gpu-node-03,1,77.17,330.92,75.92,0,0,0,0,0,0,12.43,0,train-job-001
t0114,gpu-node-03,2,73.25,337.58,67.39,0,0,0,0,0,0,8.33,0,train-job-001
t0114,gpu-node-03,3,71.71,349.34,72.21,0,0,0,0,0,0,13.95,0,train-job-001
t0114,gpu-node-04,0,78.09,344.42,62.98,0,0,0,0,0,0,10.08,0,train-job-001
t0114,gpu-node-04,1,74.52,316.72,67.97,0,0,0,0,0,0,12.99,0,train-job-001
t0114,gpu-node-04,2,80.43,381.57,82.36,0,0,0,0,0,0,12.04,0,train-job-001
t0114,gpu-node-04,3,75.35,341.77,73.18,0,0,0,0,0,0,14.48,0,train-job-001
t0114,gpu-node-05,0,75.71,317.95,69.36,0,0,0,0,0,0,14.06,0,train-job-001
t0114,gpu-node-05,1,76.67,331.2,79.49,0,0,0,0,0,0,11.77,0,train-job-001
t0114,gpu-node-05,2,79.66,345.04,79.14,0,0,1,0,0,0,13.09,0,train-job-001
t0114,gpu-node-05,3,79.73,346.28,70.57,0,0,0,0,0,0,10.75,0,train-job-001
t0114,gpu-node-06,0,73.95,320.79,74.87,0,0,0,0,0,0,14.38,0,train-job-001
t0114,gpu-node-06,1,76.51,307.38,58.71,0,0,0,0,0,0,11.52,0,train-job-001
t0114,gpu-node-06,2,75.78,334.84,65.61,0,0,0,0,0,0,14.24,0,train-job-001
t0114,gpu-node-06,3,72.11,323.77,72.29,0,0,0,0,0,0,12.85,0,train-job-001
t0114,gpu-node-07,0,77.03,360.76,72.01,0,0,0,0,0,0,11.23,0,train-job-001
t0114,gpu-node-07,1,74.99,353.93,76.59,0,0,0,0,0,0,12.6,0,train-job-001
t0114,gpu-node-07,2,78.18,367.9,79.53,0,0,0,0,0,0,14.31,0,train-job-001
t0114,gpu-node-07,3,78.9,349.62,63.28,0,0,0,0,0,0,9.12,0,train-job-001
t0114,gpu-node-08,0,77.8,331.18,70.81,0,0,0,0,0,0,11.48,0,train-job-001
t0114,gpu-node-08,1,76.75,349.0,73.61,0,0,0,0,0,0,11.45,0,train-job-001
t0114,gpu-node-08,2,82.35,365.78,73.56,0,0,0,0,0,0,11.91,0,train-job-001
t0114,gpu-node-08,3,78.34,352.09,75.58,0,0,0,0,0,0,10.8,0,train-job-001
t0114,gpu-node-09,0,76.54,369.95,84.97,0,0,0,0,0,0,14.57,0,train-job-001
t0114,gpu-node-09,1,70.51,304.98,66.07,0,0,0,0,0,0,11.19,0,train-job-001
t0114,gpu-node-09,2,71.6,326.55,72.94,0,0,0,0,0,0,11.04,0,train-job-001
t0114,gpu-node-09,3,75.58,330.71,83.28,0,0,0,0,0,0,11.49,0,train-job-001
t0114,gpu-node-10,0,76.62,329.25,61.64,0,0,0,0,0,0,14.18,0,train-job-001
t0114,gpu-node-10,1,74.26,367.66,98.27,0,0,0,0,0,0,12.81,0,train-job-001
t0114,gpu-node-10,2,78.64,324.48,73.38,0,0,0,0,0,0,13.88,0,train-job-001
t0114,gpu-node-10,3,71.79,336.18,69.79,0,0,0,0,0,0,11.03,0,train-job-001
t0114,gpu-node-11,0,75.42,342.09,73.26,0,0,0,0,0,0,13.66,0,train-job-001
t0114,gpu-node-11,1,77.71,338.95,60.49,0,0,0,0,0,0,9.57,0,train-job-001
t0114,gpu-node-11,2,77.66,344.53,73.42,0,0,0,0,0,0,11.48,0,train-job-001
t0114,gpu-node-11,3,73.26,331.99,90.13,0,0,0,0,0,0,11.88,0,train-job-001
t0115,gpu-node-00,0,75.91,335.31,66.62,0,0,0,0,0,0,11.11,0,train-job-001
t0115,gpu-node-00,1,74.88,309.78,71.97,0,0,0,0,0,0,11.66,0,train-job-001
t0115,gpu-node-00,2,76.87,363.2,77.6,0,0,0,0,0,0,12.76,0,train-job-001
t0115,gpu-node-00,3,75.16,322.68,55.2,0,0,0,0,0,0,10.33,0,train-job-001
t0115,gpu-node-01,0,71.08,294.49,78.12,0,0,0,0,0,0,9.73,0,train-job-001
t0115,gpu-node-01,1,76.36,343.75,79.17,0,0,0,0,0,0,9.66,0,train-job-001
t0115,gpu-node-01,2,75.0,344.03,83.62,0,0,0,0,0,0,9.75,0,train-job-001
t0115,gpu-node-01,3,76.64,312.01,62.62,0,0,0,0,0,0,15.83,0,train-job-001
t0115,gpu-node-02,0,73.59,334.36,73.85,0,0,0,0,0,0,11.76,0,train-job-001
t0115,gpu-node-02,1,75.12,297.75,66.38,0,0,0,0,0,0,13.22,0,train-job-001
t0115,gpu-node-02,2,81.11,329.91,74.05,0,0,0,0,0,0,14.03,0,train-job-001
t0115,gpu-node-02,3,75.77,330.36,70.89,0,0,0,0,0,0,8.16,0,train-job-001
t0115,gpu-node-03,0,77.91,352.27,71.98,0,0,0,0,0,0,14.28,0,train-job-001
t0115,gpu-node-03,1,75.44,334.59,67.35,0,0,0,0,0,0,12.48,0,train-job-001
t0115,gpu-node-03,2,71.21,324.6,62.67,0,0,0,0,0,0,10.24,0,train-job-001
t0115,gpu-node-03,3,76.76,320.75,69.39,0,0,0,0,0,0,12.49,0,train-job-001
t0115,gpu-node-04,0,73.43,386.83,76.91,0,0,0,0,0,0,9.39,0,train-job-001
t0115,gpu-node-04,1,78.87,376.02,79.88,0,0,0,0,0,0,12.02,0,train-job-001
t0115,gpu-node-04,2,73.15,328.79,67.32,0,0,0,0,0,0,14.47,0,train-job-001
t0115,gpu-node-04,3,75.97,355.9,72.35,0,0,0,0,0,0,11.35,0,train-job-001
t0115,gpu-node-05,0,72.82,336.37,71.77,0,0,0,0,0,0,14.62,0,train-job-001
t0115,gpu-node-05,1,73.76,366.05,77.38,0,0,0,0,0,0,14.37,0,train-job-001
t0115,gpu-node-05,2,80.57,363.64,85.18,0,0,1,0,0,0,10.03,0,train-job-001
t0115,gpu-node-05,3,76.67,320.18,70.56,0,0,0,0,0,0,11.85,0,train-job-001
t0115,gpu-node-06,0,76.73,336.69,74.99,0,0,0,0,0,0,10.55,0,train-job-001
t0115,gpu-node-06,1,78.93,327.04,70.85,0,0,0,0,0,0,9.09,0,train-job-001
t0115,gpu-node-06,2,76.33,333.5,70.97,0,0,0,0,0,0,12.79,0,train-job-001
t0115,gpu-node-06,3,75.32,346.13,65.52,0,0,0,0,0,0,11.79,0,train-job-001
t0115,gpu-node-07,0,72.13,370.64,73.06,0,0,0,0,0,0,9.81,0,train-job-001
t0115,gpu-node-07,1,72.02,335.34,71.05,0,0,0,0,0,0,9.65,0,train-job-001
t0115,gpu-node-07,2,74.13,307.36,68.24,0,0,0,0,0,0,13.69,0,train-job-001
t0115,gpu-node-07,3,79.51,311.06,63.74,0,0,0,0,0,0,10.59,0,train-job-001
t0115,gpu-node-08,0,75.1,343.23,86.67,0,0,0,0,0,0,11.94,0,train-job-001
t0115,gpu-node-08,1,77.94,374.55,76.07,0,0,0,0,0,0,11.52,0,train-job-001
t0115,gpu-node-08,2,76.85,323.66,69.18,0,0,0,0,0,0,14.66,0,train-job-001
t0115,gpu-node-08,3,70.97,335.35,68.91,0,0,0,0,0,0,13.23,0,train-job-001
t0115,gpu-node-09,0,79.61,344.13,54.23,0,0,0,0,0,0,16.95,0,train-job-001
t0115,gpu-node-09,1,73.32,331.44,66.2,0,0,0,0,0,0,13.92,0,train-job-001
t0115,gpu-node-09,2,73.27,325.47,65.93,0,0,0,0,0,0,10.51,0,train-job-001
t0115,gpu-node-09,3,77.2,362.55,87.17,0,0,0,0,0,0,11.81,0,train-job-001
t0115,gpu-node-10,0,80.45,358.83,74.29,0,0,0,0,0,0,13.36,0,train-job-001
t0115,gpu-node-10,1,72.08,334.3,79.25,0,0,0,0,0,0,11.09,0,train-job-001
t0115,gpu-node-10,2,75.77,325.18,81.1,0,0,0,0,0,0,10.8,0,train-job-001
t0115,gpu-node-10,3,76.74,311.83,56.09,0,0,0,0,0,0,10.84,0,train-job-001
t0115,gpu-node-11,0,76.39,386.81,86.62,0,0,0,0,0,0,7.67,0,train-job-001
t0115,gpu-node-11,1,77.06,351.73,76.17,0,0,0,0,0,0,13.56,0,train-job-001
t0115,gpu-node-11,2,77.18,328.84,66.5,0,0,0,0,0,0,13.36,0,train-job-001
t0115,gpu-node-11,3,74.84,311.62,75.84,0,0,0,0,0,0,12.72,0,train-job-001
t0116,gpu-node-00,0,71.86,330.21,67.66,0,0,0,0,0,0,12.37,0,train-job-001
t0116,gpu-node-00,1,73.63,326.53,73.35,0,0,0,0,0,0,12.93,0,train-job-001
t0116,gpu-node-00,2,75.93,346.28,79.97,0,0,0,0,0,0,11.79,0,train-job-001
t0116,gpu-node-00,3,74.37,347.92,72.6,0,0,0,0,0,0,13.79,0,train-job-001
t0116,gpu-node-01,0,75.41,294.81,78.71,0,0,0,0,0,0,13.67,0,train-job-001
t0116,gpu-node-01,1,74.63,317.19,59.63,0,0,0,0,0,0,12.32,0,train-job-001
t0116,gpu-node-01,2,73.84,324.13,69.46,0,0,0,0,0,0,13.18,0,train-job-001
t0116,gpu-node-01,3,76.28,330.35,68.69,0,0,0,0,0,0,11.82,0,train-job-001
t0116,gpu-node-02,0,72.76,307.65,66.29,0,0,0,0,0,0,14.98,0,train-job-001
t0116,gpu-node-02,1,77.7,352.61,77.98,0,0,0,0,0,0,15.21,0,train-job-001
t0116,gpu-node-02,2,75.93,335.33,66.41,0,0,0,0,0,0,10.61,0,train-job-001
t0116,gpu-node-02,3,70.2,329.93,69.85,0,0,0,0,0,0,13.47,0,train-job-001
t0116,gpu-node-03,0,76.98,324.7,66.16,0,0,0,0,0,0,11.09,0,train-job-001
t0116,gpu-node-03,1,73.62,316.32,71.9,0,0,0,0,0,0,11.46,0,train-job-001
t0116,gpu-node-03,2,77.87,321.95,59.29,0,0,0,0,0,0,10.87,0,train-job-001
t0116,gpu-node-03,3,76.73,334.75,82.81,0,0,0,0,0,0,8.39,0,train-job-001
t0116,gpu-node-04,0,72.98,354.37,82.94,0,0,0,0,0,0,12.19,0,train-job-001
t0116,gpu-node-04,1,73.03,294.93,58.94,0,0,0,0,0,0,10.66,0,train-job-001
t0116,gpu-node-04,2,75.17,310.31,63.7,0,0,0,0,0,0,9.38,0,train-job-001
t0116,gpu-node-04,3,75.19,327.24,76.78,0,0,0,0,0,0,13.52,0,train-job-001
t0116,gpu-node-05,0,77.0,338.81,83.06,0,0,0,0,0,0,14.18,0,train-job-001
t0116,gpu-node-05,1,76.41,313.78,64.24,0,0,0,0,0,0,11.74,0,train-job-001
t0116,gpu-node-05,2,76.3,320.94,69.38,0,0,2,0,0,0,12.63,0,train-job-001
t0116,gpu-node-05,3,75.56,335.63,78.71,0,0,0,0,0,0,10.83,0,train-job-001
t0116,gpu-node-06,0,78.05,331.64,61.29,0,0,0,0,0,0,9.57,0,train-job-001
t0116,gpu-node-06,1,69.84,316.27,63.27,0,0,0,0,0,0,12.75,0,train-job-001
t0116,gpu-node-06,2,78.42,319.54,79.37,0,0,0,0,0,0,11.32,0,train-job-001
t0116,gpu-node-06,3,76.38,336.38,68.76,0,0,0,0,0,0,13.21,0,train-job-001
t0116,gpu-node-07,0,72.05,350.07,63.28,0,0,0,0,0,0,9.11,0,train-job-001
t0116,gpu-node-07,1,76.17,302.89,77.98,0,0,0,0,0,0,12.43,0,train-job-001
t0116,gpu-node-07,2,80.08,359.32,82.23,0,0,0,0,0,0,10.76,0,train-job-001
t0116,gpu-node-07,3,71.52,319.43,49.03,0,0,0,0,0,0,10.56,0,train-job-001
t0116,gpu-node-08,0,74.76,326.77,65.7,0,0,0,0,0,0,11.35,0,train-job-001
t0116,gpu-node-08,1,77.74,329.72,70.87,0,0,0,0,0,0,12.64,0,train-job-001
t0116,gpu-node-08,2,74.45,334.92,71.15,0,0,0,0,0,0,12.69,0,train-job-001
t0116,gpu-node-08,3,72.76,353.77,76.66,0,0,0,0,0,0,12.84,0,train-job-001
t0116,gpu-node-09,0,76.26,333.33,83.13,0,0,0,0,0,0,14.1,0,train-job-001
t0116,gpu-node-09,1,72.67,317.1,67.59,0,0,0,0,0,0,11.75,0,train-job-001
t0116,gpu-node-09,2,77.39,328.39,63.43,0,0,0,0,0,0,10.9,0,train-job-001
t0116,gpu-node-09,3,76.34,323.17,71.14,0,0,0,0,0,0,14.33,0,train-job-001
t0116,gpu-node-10,0,69.76,323.36,73.98,0,0,0,0,0,0,10.3,0,train-job-001
t0116,gpu-node-10,1,73.34,354.04,79.2,0,0,0,0,0,0,12.89,0,train-job-001
t0116,gpu-node-10,2,77.06,333.05,83.16,0,0,0,0,0,0,11.35,0,train-job-001
t0116,gpu-node-10,3,70.95,357.1,71.79,0,0,0,0,0,0,10.75,0,train-job-001
t0116,gpu-node-11,0,73.62,350.94,77.01,0,0,0,0,0,0,7.7,0,train-job-001
t0116,gpu-node-11,1,76.29,347.11,66.04,0,0,0,0,0,0,10.78,0,train-job-001
t0116,gpu-node-11,2,67.19,315.74,77.29,0,0,0,0,0,0,15.19,0,train-job-001
t0116,gpu-node-11,3,75.69,365.75,75.36,0,0,0,0,0,0,14.28,0,train-job-001
t0117,gpu-node-00,0,73.3,345.52,77.75,0,0,0,0,0,0,10.83,0,train-job-001
t0117,gpu-node-00,1,75.34,302.27,67.36,0,0,0,0,0,0,14.13,0,train-job-001
t0117,gpu-node-00,2,76.19,343.33,70.5,0,0,0,0,0,0,14.99,0,train-job-001
t0117,gpu-node-00,3,75.46,337.46,78.85,0,0,0,0,0,0,10.08,0,train-job-001
t0117,gpu-node-01,0,74.91,350.28,68.11,0,0,0,0,0,0,14.12,0,train-job-001
t0117,gpu-node-01,1,73.77,356.65,84.88,0,0,0,0,0,0,12.08,0,train-job-001
t0117,gpu-node-01,2,74.47,334.62,75.36,0,0,0,0,0,0,13.01,0,train-job-001
t0117,gpu-node-01,3,75.01,299.58,58.1,0,0,0,0,0,0,13.68,0,train-job-001
t0117,gpu-node-02,0,67.73,305.27,59.49,0,0,0,0,0,0,12.96,0,train-job-001
t0117,gpu-node-02,1,82.24,380.78,84.36,0,0,0,0,0,0,12.7,0,train-job-001
t0117,gpu-node-02,2,72.09,317.14,68.6,0,0,0,0,0,0,12.62,0,train-job-001
t0117,gpu-node-02,3,79.5,368.66,67.63,0,0,0,0,0,0,10.31,0,train-job-001
t0117,gpu-node-03,0,76.27,342.24,65.85,0,0,0,0,0,0,8.52,0,train-job-001
t0117,gpu-node-03,1,74.74,374.77,77.27,0,0,0,0,0,0,10.07,0,train-job-001
t0117,gpu-node-03,2,75.55,328.34,75.06,0,0,0,0,0,0,12.03,0,train-job-001
t0117,gpu-node-03,3,76.79,367.93,61.47,0,0,0,0,0,0,10.81,0,train-job-001
t0117,gpu-node-04,0,74.22,379.86,85.47,0,0,0,0,0,0,14.15,0,train-job-001
t0117,gpu-node-04,1,72.75,329.49,66.65,0,0,0,0,0,0,14.05,0,train-job-001
t0117,gpu-node-04,2,73.49,325.31,74.18,0,0,0,0,0,0,10.48,0,train-job-001
t0117,gpu-node-04,3,75.22,283.96,69.74,0,0,0,0,0,0,14.69,0,train-job-001
t0117,gpu-node-05,0,74.37,344.25,81.9,0,0,0,0,0,0,14.75,0,train-job-001
t0117,gpu-node-05,1,75.29,368.03,73.9,0,0,0,0,0,0,13.17,0,train-job-001
t0117,gpu-node-05,2,70.79,291.74,52.61,0,0,2,0,0,0,15.76,0,train-job-001
t0117,gpu-node-05,3,75.57,334.89,76.57,0,0,0,0,0,0,11.93,0,train-job-001
t0117,gpu-node-06,0,70.47,331.01,71.11,0,0,0,0,0,0,10.57,0,train-job-001
t0117,gpu-node-06,1,73.27,345.41,66.93,0,0,0,0,0,0,12.1,0,train-job-001
t0117,gpu-node-06,2,78.51,355.27,76.29,0,0,0,0,0,0,10.73,0,train-job-001
t0117,gpu-node-06,3,74.28,328.29,71.45,0,0,0,0,0,0,13.71,0,train-job-001
t0117,gpu-node-07,0,73.45,346.39,66.54,0,0,0,0,0,0,14.73,0,train-job-001
t0117,gpu-node-07,1,75.13,362.64,79.67,0,0,0,0,0,0,14.2,0,train-job-001
t0117,gpu-node-07,2,73.7,341.38,72.8,0,0,0,0,0,0,10.41,0,train-job-001
t0117,gpu-node-07,3,75.33,314.43,70.69,0,0,0,0,0,0,12.55,0,train-job-001
t0117,gpu-node-08,0,76.65,330.4,65.41,0,0,0,0,0,0,12.79,0,train-job-001
t0117,gpu-node-08,1,74.61,341.05,54.02,0,0,0,0,0,0,9.64,0,train-job-001
t0117,gpu-node-08,2,72.46,383.65,85.83,0,0,0,0,0,0,12.28,0,train-job-001
t0117,gpu-node-08,3,72.61,323.28,81.34,0,0,0,0,0,0,14.78,0,train-job-001
t0117,gpu-node-09,0,75.12,330.97,76.45,0,0,0,0,0,0,13.24,0,train-job-001
t0117,gpu-node-09,1,78.14,338.66,72.37,0,0,0,0,0,0,12.21,0,train-job-001
t0117,gpu-node-09,2,71.95,304.98,72.23,0,0,0,0,0,0,9.84,0,train-job-001
t0117,gpu-node-09,3,72.82,327.18,74.31,0,0,0,0,0,0,10.34,0,train-job-001
t0117,gpu-node-10,0,74.8,296.76,67.91,0,0,0,0,0,0,11.97,0,train-job-001
t0117,gpu-node-10,1,75.57,364.63,83.91,0,0,0,0,0,0,13.45,0,train-job-001
t0117,gpu-node-10,2,73.45,323.56,68.87,0,0,0,0,0,0,11.06,0,train-job-001
t0117,gpu-node-10,3,71.57,315.0,68.99,0,0,0,0,0,0,10.85,0,train-job-001
t0117,gpu-node-11,0,74.28,347.59,81.64,0,0,0,0,0,0,12.58,0,train-job-001
t0117,gpu-node-11,1,72.94,300.27,55.01,0,0,0,0,0,0,11.5,0,train-job-001
t0117,gpu-node-11,2,74.9,315.35,79.74,0,0,0,0,0,0,11.65,0,train-job-001
t0117,gpu-node-11,3,77.95,340.58,74.94,0,0,0,0,0,0,10.0,0,train-job-001
t0118,gpu-node-00,0,74.12,307.06,59.21,0,0,0,0,0,0,11.98,0,train-job-001
t0118,gpu-node-00,1,74.89,293.54,59.95,0,0,0,0,0,0,10.03,0,train-job-001
t0118,gpu-node-00,2,73.52,317.92,48.53,0,0,0,0,0,0,12.15,0,train-job-001
t0118,gpu-node-00,3,79.25,339.81,66.81,0,0,0,0,0,0,12.78,0,train-job-001
t0118,gpu-node-01,0,74.21,315.08,57.58,0,0,0,0,0,0,11.19,0,train-job-001
t0118,gpu-node-01,1,78.21,340.64,63.34,0,0,0,0,0,0,10.89,0,train-job-001
t0118,gpu-node-01,2,73.3,327.84,68.35,0,0,0,0,0,0,11.21,0,train-job-001
t0118,gpu-node-01,3,76.81,327.03,81.89,0,0,0,0,0,0,12.46,0,train-job-001
t0118,gpu-node-02,0,76.08,350.64,80.27,0,0,0,0,0,0,10.34,0,train-job-001
t0118,gpu-node-02,1,75.15,336.29,81.35,0,0,0,0,0,0,11.31,0,train-job-001
t0118,gpu-node-02,2,77.5,400.81,76.17,0,0,0,0,0,0,13.19,0,train-job-001
t0118,gpu-node-02,3,75.15,357.38,72.04,0,0,0,0,0,0,9.25,0,train-job-001
t0118,gpu-node-03,0,77.65,331.36,79.27,0,0,0,0,0,0,11.66,0,train-job-001
t0118,gpu-node-03,1,76.3,339.92,66.87,0,0,0,0,0,0,10.44,0,train-job-001
t0118,gpu-node-03,2,73.43,350.36,74.31,0,0,0,0,0,0,11.74,0,train-job-001
t0118,gpu-node-03,3,75.82,307.51,66.84,0,0,0,0,0,0,13.15,0,train-job-001
t0118,gpu-node-04,0,73.47,327.1,71.27,0,0,0,0,0,0,10.07,0,train-job-001
t0118,gpu-node-04,1,73.48,324.84,85.32,0,0,0,0,0,0,8.8,0,train-job-001
t0118,gpu-node-04,2,76.78,368.41,83.02,0,0,0,0,0,0,9.96,0,train-job-001
t0118,gpu-node-04,3,73.33,346.46,60.8,0,0,0,0,0,0,9.92,0,train-job-001
t0118,gpu-node-05,0,77.55,346.5,73.33,0,0,0,0,0,0,15.13,0,train-job-001
t0118,gpu-node-05,1,73.03,319.61,66.81,0,0,0,0,0,0,13.5,0,train-job-001
t0118,gpu-node-05,2,68.38,327.87,68.05,0,0,3,0,0,0,13.6,0,train-job-001
t0118,gpu-node-05,3,79.69,351.0,81.74,0,0,0,0,0,0,15.21,0,train-job-001
t0118,gpu-node-06,0,73.85,343.68,77.48,0,0,0,0,0,0,13.39,0,train-job-001
t0118,gpu-node-06,1,75.96,351.35,68.96,0,0,0,0,0,0,10.61,0,train-job-001
t0118,gpu-node-06,2,74.35,327.41,69.93,0,0,0,0,0,0,12.38,0,train-job-001
t0118,gpu-node-06,3,76.08,319.41,67.62,0,0,0,0,0,0,16.43,0,train-job-001
t0118,gpu-node-07,0,77.59,333.8,74.79,0,0,0,0,0,0,11.69,0,train-job-001
t0118,gpu-node-07,1,74.11,304.11,68.06,0,0,0,0,0,0,11.99,0,train-job-001
t0118,gpu-node-07,2,74.22,321.56,73.49,0,0,0,0,0,0,10.15,0,train-job-001
t0118,gpu-node-07,3,75.61,343.94,61.9,0,0,0,0,0,0,15.2,0,train-job-001
t0118,gpu-node-08,0,77.19,321.17,79.64,0,0,0,0,0,0,9.49,0,train-job-001
t0118,gpu-node-08,1,74.11,371.83,78.79,0,0,0,0,0,0,9.91,0,train-job-001
t0118,gpu-node-08,2,73.67,344.52,64.97,0,0,0,0,0,0,14.6,0,train-job-001
t0118,gpu-node-08,3,78.16,364.94,77.51,0,0,0,0,0,0,12.66,0,train-job-001
t0118,gpu-node-09,0,79.14,382.88,87.66,0,0,0,0,0,0,12.84,0,train-job-001
t0118,gpu-node-09,1,77.38,352.77,65.3,0,0,0,0,0,0,10.27,0,train-job-001
t0118,gpu-node-09,2,79.02,359.75,69.31,0,0,0,0,0,0,13.57,0,train-job-001
t0118,gpu-node-09,3,74.19,311.35,71.26,0,0,0,0,0,0,17.1,0,train-job-001
t0118,gpu-node-10,0,79.72,308.48,66.87,0,0,0,0,0,0,11.38,0,train-job-001
t0118,gpu-node-10,1,71.98,355.55,66.66,0,0,0,0,0,0,12.38,0,train-job-001
t0118,gpu-node-10,2,73.67,314.18,68.89,0,0,0,0,0,0,10.88,0,train-job-001
t0118,gpu-node-10,3,72.87,329.47,65.88,0,0,0,0,0,0,12.73,0,train-job-001
t0118,gpu-node-11,0,78.59,315.88,62.68,0,0,0,0,0,0,11.39,0,train-job-001
t0118,gpu-node-11,1,75.2,300.03,77.23,0,0,0,0,0,0,15.03,0,train-job-001
t0118,gpu-node-11,2,70.69,350.77,65.02,0,0,0,0,0,0,9.72,0,train-job-001
t0118,gpu-node-11,3,78.57,344.2,69.29,0,0,0,0,0,0,14.42,0,train-job-001
t0119,gpu-node-00,0,77.25,317.99,72.47,0,0,0,0,0,0,11.93,0,train-job-001
t0119,gpu-node-00,1,75.0,370.41,78.92,0,0,0,0,0,0,11.79,0,train-job-001
t0119,gpu-node-00,2,76.63,349.83,71.32,0,0,0,0,0,0,8.99,0,train-job-001
t0119,gpu-node-00,3,70.94,323.54,63.88,0,0,0,0,0,0,15.11,0,train-job-001
t0119,gpu-node-01,0,77.03,344.75,74.54,0,0,0,0,0,0,13.2,0,train-job-001
t0119,gpu-node-01,1,75.27,320.4,72.09,0,0,0,0,0,0,8.06,0,train-job-001
t0119,gpu-node-01,2,74.51,375.06,80.15,0,0,0,0,0,0,11.81,0,train-job-001
t0119,gpu-node-01,3,79.55,362.85,73.03,0,0,0,0,0,0,8.19,0,train-job-001
t0119,gpu-node-02,0,75.21,354.24,79.73,0,0,0,0,0,0,14.13,0,train-job-001
t0119,gpu-node-02,1,75.16,322.91,69.75,0,0,0,0,0,0,10.56,0,train-job-001
t0119,gpu-node-02,2,74.56,357.81,68.47,0,0,0,0,0,0,11.23,0,train-job-001
t0119,gpu-node-02,3,76.22,317.67,72.64,0,0,0,0,0,0,12.63,0,train-job-001
t0119,gpu-node-03,0,80.64,352.79,81.48,0,0,0,0,0,0,11.82,0,train-job-001
t0119,gpu-node-03,1,79.36,364.93,71.37,0,0,0,0,0,0,12.84,0,train-job-001
t0119,gpu-node-03,2,79.62,349.61,65.34,0,0,0,0,0,0,8.37,0,train-job-001
t0119,gpu-node-03,3,75.09,348.59,63.18,0,0,0,0,0,0,9.78,0,train-job-001
t0119,gpu-node-04,0,76.85,318.66,65.43,0,0,0,0,0,0,12.62,0,train-job-001
t0119,gpu-node-04,1,79.84,369.28,85.07,0,0,0,0,0,0,11.72,0,train-job-001
t0119,gpu-node-04,2,76.28,311.16,70.53,0,0,0,0,0,0,11.46,0,train-job-001
t0119,gpu-node-04,3,74.52,324.84,77.64,0,0,0,0,0,0,13.12,0,train-job-001
t0119,gpu-node-05,0,73.94,341.4,81.08,0,0,0,0,0,0,12.73,0,train-job-001
t0119,gpu-node-05,1,75.4,328.91,74.3,0,0,0,0,0,0,11.99,0,train-job-001
t0119,gpu-node-05,2,77.77,364.11,67.96,0,0,3,0,0,0,13.47,0,train-job-001
t0119,gpu-node-05,3,71.91,329.45,63.06,0,0,0,0,0,0,11.47,0,train-job-001
t0119,gpu-node-06,0,73.84,322.75,68.31,0,0,0,0,0,0,11.98,0,train-job-001
t0119,gpu-node-06,1,71.85,296.24,62.96,0,0,0,0,0,0,11.4,0,train-job-001
t0119,gpu-node-06,2,77.07,328.77,76.11,0,0,0,0,0,0,13.58,0,train-job-001
t0119,gpu-node-06,3,76.92,350.99,70.76,0,0,0,0,0,0,9.04,0,train-job-001
t0119,gpu-node-07,0,76.92,340.61,68.47,0,0,0,0,0,0,11.35,0,train-job-001
t0119,gpu-node-07,1,77.55,324.59,68.1,0,0,0,0,0,0,12.82,0,train-job-001
t0119,gpu-node-07,2,77.94,362.42,70.18,0,0,0,0,0,0,12.75,0,train-job-001
t0119,gpu-node-07,3,77.52,355.46,80.04,0,0,0,0,0,0,13.4,0,train-job-001
t0119,gpu-node-08,0,75.98,336.95,56.64,0,0,0,0,0,0,11.16,0,train-job-001
t0119,gpu-node-08,1,73.24,326.34,73.19,0,0,0,0,0,0,13.61,0,train-job-001
t0119,gpu-node-08,2,77.73,346.42,75.6,0,0,0,0,0,0,10.35,0,train-job-001
t0119,gpu-node-08,3,73.68,338.99,64.54,0,0,0,0,0,0,13.44,0,train-job-001
t0119,gpu-node-09,0,77.83,349.76,77.04,0,0,0,0,0,0,12.43,0,train-job-001
t0119,gpu-node-09,1,70.71,316.32,65.01,0,0,0,0,0,0,12.96,0,train-job-001
t0119,gpu-node-09,2,73.12,316.24,66.53,0,0,0,0,0,0,12.13,0,train-job-001
t0119,gpu-node-09,3,73.43,347.51,77.24,0,0,0,0,0,0,15.81,0,train-job-001
t0119,gpu-node-10,0,79.15,347.76,74.76,0,0,0,0,0,0,13.59,0,train-job-001
t0119,gpu-node-10,1,73.87,347.1,70.52,0,0,0,0,0,0,14.12,0,train-job-001
t0119,gpu-node-10,2,76.93,328.84,64.84,0,0,0,0,0,0,13.77,0,train-job-001
t0119,gpu-node-10,3,75.26,316.49,63.88,0,0,0,0,0,0,13.54,0,train-job-001
t0119,gpu-node-11,0,74.75,356.77,92.2,0,0,0,0,0,0,11.61,0,train-job-001
t0119,gpu-node-11,1,74.5,317.17,68.49,0,0,0,0,0,0,11.29,0,train-job-001
t0119,gpu-node-11,2,74.23,343.88,68.87,0,0,0,0,0,0,14.09,0,train-job-001
t0119,gpu-node-11,3,79.83,335.05,70.68,0,0,0,0,0,0,12.36,0,train-job-001
t0120,gpu-node-00,0,73.91,345.33,68.43,0,0,0,0,0,0,13.09,0,train-job-001
t0120,gpu-node-00,1,73.78,315.8,58.49,0,0,0,0,0,0,10.78,0,train-job-001
t0120,gpu-node-00,2,73.69,296.68,64.92,0,0,0,0,0,0,9.71,0,train-job-001
t0120,gpu-node-00,3,74.85,348.91,80.15,0,0,0,0,0,0,12.67,0,train-job-001
t0120,gpu-node-01,0,74.54,357.71,80.03,0,0,0,0,0,0,13.85,0,train-job-001
t0120,gpu-node-01,1,72.25,327.59,74.1,0,0,0,0,0,0,10.76,0,train-job-001
t0120,gpu-node-01,2,76.57,305.51,71.22,0,0,0,0,0,0,15.24,0,train-job-001
t0120,gpu-node-01,3,74.87,344.6,68.88,0,0,0,0,0,0,10.19,0,train-job-001
t0120,gpu-node-02,0,75.37,330.31,80.45,0,0,0,0,0,0,12.34,0,train-job-001
t0120,gpu-node-02,1,78.69,329.24,79.99,0,0,0,0,0,0,13.26,0,train-job-001
t0120,gpu-node-02,2,79.89,345.38,88.59,0,0,0,0,0,0,11.02,0,train-job-001
t0120,gpu-node-02,3,76.52,329.41,73.34,0,0,0,0,0,0,11.45,0,train-job-001
t0120,gpu-node-03,0,71.22,344.75,81.37,0,0,0,0,0,0,14.57,0,train-job-001
t0120,gpu-node-03,1,73.49,342.98,73.11,0,0,0,0,0,0,13.41,0,train-job-001
t0120,gpu-node-03,2,75.67,323.17,59.58,0,0,0,0,0,0,10.99,0,train-job-001
t0120,gpu-node-03,3,72.68,319.5,68.36,0,0,0,0,0,0,11.27,0,train-job-001
t0120,gpu-node-04,0,79.04,329.35,61.54,0,0,0,0,0,0,13.98,0,train-job-001
t0120,gpu-node-04,1,76.97,325.62,77.1,0,0,0,0,0,0,11.47,0,train-job-001
t0120,gpu-node-04,2,79.1,336.94,77.65,0,0,0,0,0,0,10.94,0,train-job-001
t0120,gpu-node-04,3,79.74,357.11,82.79,0,0,0,0,0,0,8.87,0,train-job-001
t0120,gpu-node-05,0,74.6,376.96,83.61,0,0,0,0,0,0,11.46,0,train-job-001
t0120,gpu-node-05,1,73.75,319.96,61.68,0,0,0,0,0,0,12.18,0,train-job-001
t0120,gpu-node-05,2,73.44,352.8,88.84,0,0,4,0,0,0,12.14,0,train-job-001
t0120,gpu-node-05,3,79.39,332.55,70.2,0,0,0,0,0,0,10.09,0,train-job-001
t0120,gpu-node-06,0,74.0,350.35,64.42,0,0,0,0,0,0,13.17,0,train-job-001
t0120,gpu-node-06,1,74.65,305.7,73.12,0,0,0,0,0,0,9.89,0,train-job-001
t0120,gpu-node-06,2,70.71,326.19,83.73,0,0,0,0,0,0,11.85,0,train-job-001
t0120,gpu-node-06,3,77.6,363.49,88.88,0,0,0,0,0,0,12.28,0,train-job-001
t0120,gpu-node-07,0,74.6,325.71,78.98,0,0,0,0,0,0,9.57,0,train-job-001
t0120,gpu-node-07,1,75.08,341.87,75.17,0,0,0,0,0,0,14.29,0,train-job-001
t0120,gpu-node-07,2,75.65,346.8,73.72,0,0,0,0,0,0,12.47,0,train-job-001
t0120,gpu-node-07,3,76.04,273.14,49.83,0,0,0,0,0,0,13.44,0,train-job-001
t0120,gpu-node-08,0,75.43,327.72,66.3,0,0,0,0,0,0,10.87,0,train-job-001
t0120,gpu-node-08,1,75.3,312.16,75.19,0,0,0,0,0,0,14.68,0,train-job-001
t0120,gpu-node-08,2,71.59,366.15,81.32,0,0,0,0,0,0,11.31,0,train-job-001
t0120,gpu-node-08,3,69.2,301.68,75.18,0,0,0,0,0,0,9.44,0,train-job-001
t0120,gpu-node-09,0,78.06,349.27,74.3,0,0,0,0,0,0,9.84,0,train-job-001
t0120,gpu-node-09,1,79.65,377.97,60.49,0,0,0,0,0,0,14.17,0,train-job-001
t0120,gpu-node-09,2,79.1,363.05,89.4,0,0,0,0,0,0,9.47,0,train-job-001
t0120,gpu-node-09,3,70.92,323.66,77.49,0,0,0,0,0,0,10.94,0,train-job-001
t0120,gpu-node-10,0,71.47,357.66,65.2,0,0,0,0,0,0,14.92,0,train-job-001
t0120,gpu-node-10,1,74.14,317.17,71.01,0,0,0,0,0,0,11.98,0,train-job-001
t0120,gpu-node-10,2,78.67,352.15,85.84,0,0,0,0,0,0,16.32,0,train-job-001
t0120,gpu-node-10,3,76.2,349.96,85.2,0,0,0,0,0,0,13.0,0,train-job-001
t0120,gpu-node-11,0,75.81,320.5,68.62,0,0,0,0,0,0,9.97,0,train-job-001
t0120,gpu-node-11,1,77.54,335.22,67.3,0,0,0,0,0,0,8.11,0,train-job-001
t0120,gpu-node-11,2,74.01,353.72,83.29,0,0,0,0,0,0,7.66,0,train-job-001
t0120,gpu-node-11,3,75.09,321.9,78.95,0,0,0,0,0,0,10.71,0,train-job-001
t0121,gpu-node-00,0,74.6,325.03,66.11,0,0,0,0,0,0,12.27,0,train-job-001
t0121,gpu-node-00,1,80.45,375.5,88.21,0,0,0,0,0,0,17.29,0,train-job-001
t0121,gpu-node-00,2,72.03,318.05,69.54,0,0,0,0,0,0,10.08,0,train-job-001
t0121,gpu-node-00,3,73.35,379.53,91.88,0,0,0,0,0,0,9.9,0,train-job-001
t0121,gpu-node-01,0,75.67,313.57,62.64,0,0,0,0,0,0,16.05,0,train-job-001
t0121,gpu-node-01,1,75.13,357.12,84.82,0,0,0,0,0,0,10.27,0,train-job-001
t0121,gpu-node-01,2,78.29,338.88,61.47,0,0,0,0,0,0,12.06,0,train-job-001
t0121,gpu-node-01,3,71.0,343.69,70.61,0,0,0,0,0,0,11.61,0,train-job-001
t0121,gpu-node-02,0,77.91,363.69,70.91,0,0,0,0,0,0,11.8,0,train-job-001
t0121,gpu-node-02,1,73.34,333.78,76.83,0,0,0,0,0,0,14.79,0,train-job-001
t0121,gpu-node-02,2,76.54,338.35,78.0,0,0,0,0,0,0,5.81,0,train-job-001
t0121,gpu-node-02,3,76.96,344.58,79.61,0,0,0,0,0,0,9.16,0,train-job-001
t0121,gpu-node-03,0,68.16,333.97,72.59,0,0,0,0,0,0,13.78,0,train-job-001
t0121,gpu-node-03,1,78.31,368.13,74.12,0,0,0,0,0,0,12.89,0,train-job-001
t0121,gpu-node-03,2,75.1,337.7,66.71,0,0,0,0,0,0,12.29,0,train-job-001
t0121,gpu-node-03,3,76.4,295.37,63.93,0,0,0,0,0,0,13.07,0,train-job-001
t0121,gpu-node-04,0,75.83,343.4,82.25,0,0,0,0,0,0,9.94,0,train-job-001
t0121,gpu-node-04,1,75.64,298.51,71.33,0,0,0,0,0,0,13.7,0,train-job-001
t0121,gpu-node-04,2,73.13,336.76,59.96,0,0,0,0,0,0,11.94,0,train-job-001
t0121,gpu-node-04,3,74.39,312.47,75.55,0,0,0,0,0,0,9.72,0,train-job-001
t0121,gpu-node-05,0,76.64,360.08,74.22,0,0,0,0,0,0,10.43,0,train-job-001
t0121,gpu-node-05,1,73.63,325.41,59.41,0,0,0,0,0,0,13.49,0,train-job-001
t0121,gpu-node-05,2,74.98,336.6,77.62,0,0,4,0,0,0,12.75,0,train-job-001
t0121,gpu-node-05,3,79.68,342.38,79.17,0,0,0,0,0,0,13.53,0,train-job-001
t0121,gpu-node-06,0,80.63,337.04,67.7,0,0,0,0,0,0,10.78,0,train-job-001
t0121,gpu-node-06,1,73.46,356.49,78.28,0,0,0,0,0,0,13.42,0,train-job-001
t0121,gpu-node-06,2,73.88,340.71,80.0,0,0,0,0,0,0,13.57,0,train-job-001
t0121,gpu-node-06,3,78.86,350.93,71.37,0,0,0,0,0,0,13.72,0,train-job-001
t0121,gpu-node-07,0,73.37,328.43,72.82,0,0,0,0,0,0,12.75,0,train-job-001
t0121,gpu-node-07,1,78.43,365.48,71.2,0,0,0,0,0,0,13.02,0,train-job-001
t0121,gpu-node-07,2,71.96,361.58,78.25,0,0,0,0,0,0,13.24,0,train-job-001
t0121,gpu-node-07,3,69.89,349.01,69.37,0,0,0,0,0,0,12.48,0,train-job-001
t0121,gpu-node-08,0,76.89,315.35,75.4,0,0,0,0,0,0,14.03,0,train-job-001
t0121,gpu-node-08,1,76.34,321.03,66.52,0,0,0,0,0,0,10.79,0,train-job-001
t0121,gpu-node-08,2,79.26,336.3,68.74,0,0,0,0,0,0,15.6,0,train-job-001
t0121,gpu-node-08,3,77.06,335.83,72.17,0,0,0,0,0,0,12.42,0,train-job-001
t0121,gpu-node-09,0,76.21,341.94,82.2,0,0,0,0,0,0,11.49,0,train-job-001
t0121,gpu-node-09,1,72.59,300.51,73.41,0,0,0,0,0,0,12.01,0,train-job-001
t0121,gpu-node-09,2,77.58,318.74,70.35,0,0,0,0,0,0,11.47,0,train-job-001
t0121,gpu-node-09,3,75.3,346.65,73.03,0,0,0,0,0,0,12.95,0,train-job-001
t0121,gpu-node-10,0,75.16,353.24,77.85,0,0,0,0,0,0,15.67,0,train-job-001
t0121,gpu-node-10,1,72.93,304.79,61.89,0,0,0,0,0,0,9.58,0,train-job-001
t0121,gpu-node-10,2,76.0,342.06,74.41,0,0,0,0,0,0,9.83,0,train-job-001
t0121,gpu-node-10,3,75.31,349.44,73.05,0,0,0,0,0,0,11.24,0,train-job-001
t0121,gpu-node-11,0,74.53,329.41,71.68,0,0,0,0,0,0,11.88,0,train-job-001
t0121,gpu-node-11,1,73.76,310.58,71.47,0,0,0,0,0,0,11.16,0,train-job-001
t0121,gpu-node-11,2,73.16,315.75,65.58,0,0,0,0,0,0,11.96,0,train-job-001
t0121,gpu-node-11,3,76.06,323.76,66.73,0,0,0,0,0,0,10.69,0,train-job-001
t0122,gpu-node-00,0,75.56,327.83,73.94,0,0,0,0,0,0,15.7,0,train-job-001
t0122,gpu-node-00,1,80.1,336.65,68.44,0,0,0,0,0,0,14.78,0,train-job-001
t0122,gpu-node-00,2,77.86,361.03,77.1,0,0,0,0,0,0,12.98,0,train-job-001
t0122,gpu-node-00,3,74.21,338.2,83.24,0,0,0,0,0,0,11.42,0,train-job-001
t0122,gpu-node-01,0,71.91,320.53,73.68,0,0,0,0,0,0,10.2,0,train-job-001
t0122,gpu-node-01,1,69.61,303.76,67.47,0,0,0,0,0,0,16.37,0,train-job-001
t0122,gpu-node-01,2,78.39,382.92,77.11,0,0,0,0,0,0,13.15,0,train-job-001
t0122,gpu-node-01,3,74.31,298.92,68.36,0,0,0,0,0,0,11.02,0,train-job-001
t0122,gpu-node-02,0,72.49,313.82,55.71,0,0,0,0,0,0,12.04,0,train-job-001
t0122,gpu-node-02,1,79.78,334.93,87.61,0,0,0,0,0,0,11.7,0,train-job-001
t0122,gpu-node-02,2,74.71,334.27,70.7,0,0,0,0,0,0,8.98,0,train-job-001
t0122,gpu-node-02,3,74.76,299.87,54.72,0,0,0,0,0,0,8.68,0,train-job-001
t0122,gpu-node-03,0,69.62,343.56,63.15,0,0,0,0,0,0,12.26,0,train-job-001
t0122,gpu-node-03,1,73.24,332.29,80.69,0,0,0,0,0,0,9.82,0,train-job-001
t0122,gpu-node-03,2,78.2,374.55,91.34,0,0,0,0,0,0,11.13,0,train-job-001
t0122,gpu-node-03,3,76.61,324.79,77.89,0,0,0,0,0,0,15.06,0,train-job-001
t0122,gpu-node-04,0,78.5,323.26,69.55,0,0,0,0,0,0,14.18,0,train-job-001
t0122,gpu-node-04,1,75.8,321.29,63.75,0,0,0,0,0,0,12.01,0,train-job-001
t0122,gpu-node-04,2,83.6,338.58,57.33,0,0,0,0,0,0,13.79,0,train-job-001
t0122,gpu-node-04,3,71.46,329.37,66.43,0,0,0,0,0,0,8.61,0,train-job-001
t0122,gpu-node-05,0,72.09,364.86,66.94,0,0,0,0,0,0,12.53,0,train-job-001
t0122,gpu-node-05,1,73.92,328.57,63.95,0,0,0,0,0,0,12.78,0,train-job-001
t0122,gpu-node-05,2,73.65,304.79,65.67,0,0,5,0,0,0,11.7,0,train-job-001
t0122,gpu-node-05,3,79.02,333.83,67.05,0,0,0,0,0,0,11.33,0,train-job-001
t0122,gpu-node-06,0,74.71,323.62,78.98,0,0,0,0,0,0,12.18,0,train-job-001
t0122,gpu-node-06,1,76.15,362.28,71.06,0,0,0,0,0,0,11.79,0,train-job-001
t0122,gpu-node-06,2,74.1,362.8,63.56,0,0,0,0,0,0,10.41,0,train-job-001
t0122,gpu-node-06,3,74.67,333.17,69.02,0,0,0,0,0,0,12.26,0,train-job-001
t0122,gpu-node-07,0,78.05,318.34,65.07,0,0,0,0,0,0,9.23,0,train-job-001
t0122,gpu-node-07,1,70.88,303.91,66.94,0,0,0,0,0,0,9.78,0,train-job-001
t0122,gpu-node-07,2,76.11,363.98,69.09,0,0,0,0,0,0,11.71,0,train-job-001
t0122,gpu-node-07,3,76.32,322.96,67.71,0,0,0,0,0,0,14.91,0,train-job-001
t0122,gpu-node-08,0,72.77,304.89,70.51,0,0,0,0,0,0,14.93,0,train-job-001
t0122,gpu-node-08,1,72.17,346.23,67.35,0,0,0,0,0,0,13.22,0,train-job-001
t0122,gpu-node-08,2,79.24,349.55,75.5,0,0,0,0,0,0,10.68,0,train-job-001
t0122,gpu-node-08,3,70.69,331.98,69.92,0,0,0,0,0,0,9.93,0,train-job-001
t0122,gpu-node-09,0,74.27,327.53,61.72,0,0,0,0,0,0,10.04,0,train-job-001
t0122,gpu-node-09,1,74.02,360.37,60.51,0,0,0,0,0,0,13.43,0,train-job-001
t0122,gpu-node-09,2,79.28,345.69,81.23,0,0,0,0,0,0,8.57,0,train-job-001
t0122,gpu-node-09,3,73.79,332.5,69.29,0,0,0,0,0,0,6.6,0,train-job-001
t0122,gpu-node-10,0,76.32,347.61,69.93,0,0,0,0,0,0,13.2,0,train-job-001
t0122,gpu-node-10,1,70.31,298.38,67.78,0,0,0,0,0,0,11.98,0,train-job-001
t0122,gpu-node-10,2,74.4,310.23,64.42,0,0,0,0,0,0,13.69,0,train-job-001
t0122,gpu-node-10,3,75.06,334.76,63.59,0,0,0,0,0,0,12.27,0,train-job-001
t0122,gpu-node-11,0,81.03,376.22,77.74,0,0,0,0,0,0,11.23,0,train-job-001
t0122,gpu-node-11,1,75.11,336.69,78.36,0,0,0,0,0,0,13.0,0,train-job-001
t0122,gpu-node-11,2,72.56,354.13,81.31,0,0,0,0,0,0,13.0,0,train-job-001
t0122,gpu-node-11,3,75.62,344.45,77.91,0,0,0,0,0,0,12.51,0,train-job-001
t0123,gpu-node-00,0,77.77,335.85,59.73,0,0,0,0,0,0,9.94,0,train-job-001
t0123,gpu-node-00,1,74.1,342.04,65.84,0,0,0,0,0,0,11.2,0,train-job-001
t0123,gpu-node-00,2,73.32,330.54,64.19,0,0,0,0,0,0,12.19,0,train-job-001
t0123,gpu-node-00,3,76.02,377.78,81.38,0,0,0,0,0,0,9.38,0,train-job-001
t0123,gpu-node-01,0,74.76,333.06,64.3,0,0,0,0,0,0,13.41,0,train-job-001
t0123,gpu-node-01,1,76.76,305.4,67.03,0,0,0,0,0,0,10.53,0,train-job-001
t0123,gpu-node-01,2,76.23,337.72,73.61,0,0,0,0,0,0,15.07,0,train-job-001
t0123,gpu-node-01,3,71.77,368.25,73.34,0,0,0,0,0,0,13.37,0,train-job-001
t0123,gpu-node-02,0,76.01,317.9,64.14,0,0,0,0,0,0,13.09,0,train-job-001
t0123,gpu-node-02,1,74.9,364.83,75.49,0,0,0,0,0,0,10.86,0,train-job-001
t0123,gpu-node-02,2,77.57,330.31,76.17,0,0,0,0,0,0,16.76,0,train-job-001
t0123,gpu-node-02,3,77.98,381.89,87.15,0,0,0,0,0,0,10.36,0,train-job-001
t0123,gpu-node-03,0,73.67,318.85,64.76,0,0,0,0,0,0,10.67,0,train-job-001
t0123,gpu-node-03,1,75.55,324.38,70.24,0,0,0,0,0,0,11.11,0,train-job-001
t0123,gpu-node-03,2,74.63,374.59,71.1,0,0,0,0,0,0,7.17,0,train-job-001
t0123,gpu-node-03,3,81.5,360.0,80.67,0,0,0,0,0,0,10.99,0,train-job-001
t0123,gpu-node-04,0,80.32,349.7,68.63,0,0,0,0,0,0,10.54,0,train-job-001
t0123,gpu-node-04,1,76.81,335.23,71.54,0,0,0,0,0,0,10.53,0,train-job-001
t0123,gpu-node-04,2,75.26,321.55,59.52,0,0,0,0,0,0,10.59,0,train-job-001
t0123,gpu-node-04,3,74.09,317.07,77.3,0,0,0,0,0,0,9.31,0,train-job-001
t0123,gpu-node-05,0,77.62,363.71,71.43,0,0,0,0,0,0,11.54,0,train-job-001
t0123,gpu-node-05,1,70.27,330.51,61.01,0,0,0,0,0,0,9.75,0,train-job-001
t0123,gpu-node-05,2,77.15,355.56,84.21,0,0,5,0,0,0,13.93,0,train-job-001
t0123,gpu-node-05,3,75.43,358.92,76.43,0,0,0,0,0,0,11.47,0,train-job-001
t0123,gpu-node-06,0,71.44,309.68,68.5,0,0,0,0,0,0,13.51,0,train-job-001
t0123,gpu-node-06,1,76.29,323.82,65.55,0,0,0,0,0,0,11.28,0,train-job-001
t0123,gpu-node-06,2,78.59,359.41,87.33,0,0,0,0,0,0,11.58,0,train-job-001
t0123,gpu-node-06,3,72.01,343.89,71.98,0,0,0,0,0,0,11.8,0,train-job-001
t0123,gpu-node-07,0,76.02,311.85,63.14,0,0,0,0,0,0,12.27,0,train-job-001
t0123,gpu-node-07,1,77.07,321.43,74.17,0,0,0,0,0,0,9.03,0,train-job-001
t0123,gpu-node-07,2,72.41,328.01,70.14,0,0,0,0,0,0,14.91,0,train-job-001
t0123,gpu-node-07,3,76.53,340.41,72.66,0,0,0,0,0,0,9.24,0,train-job-001
t0123,gpu-node-08,0,79.49,388.79,72.97,0,0,0,0,0,0,12.13,0,train-job-001
t0123,gpu-node-08,1,72.42,323.02,71.64,0,0,0,0,0,0,13.54,0,train-job-001
t0123,gpu-node-08,2,75.18,305.57,58.94,0,0,0,0,0,0,11.86,0,train-job-001
t0123,gpu-node-08,3,73.78,310.05,75.9,0,0,0,0,0,0,9.31,0,train-job-001
t0123,gpu-node-09,0,73.92,320.6,55.88,0,0,0,0,0,0,12.84,0,train-job-001
t0123,gpu-node-09,1,75.9,312.08,82.53,0,0,0,0,0,0,12.17,0,train-job-001
t0123,gpu-node-09,2,72.62,317.46,62.03,0,0,0,0,0,0,12.96,0,train-job-001
t0123,gpu-node-09,3,72.95,347.74,76.99,0,0,0,0,0,0,7.79,0,train-job-001
t0123,gpu-node-10,0,73.73,319.75,67.12,0,0,0,0,0,0,13.3,0,train-job-001
t0123,gpu-node-10,1,75.87,337.7,81.99,0,0,0,0,0,0,10.9,0,train-job-001
t0123,gpu-node-10,2,74.21,327.08,53.63,0,0,0,0,0,0,11.03,0,train-job-001
t0123,gpu-node-10,3,74.39,338.7,62.28,0,0,0,0,0,0,12.41,0,train-job-001
t0123,gpu-node-11,0,76.48,349.44,76.0,0,0,0,0,0,0,12.11,0,train-job-001
t0123,gpu-node-11,1,76.14,371.3,76.07,0,0,0,0,0,0,13.06,0,train-job-001
t0123,gpu-node-11,2,73.0,333.83,56.77,0,0,0,0,0,0,11.96,0,train-job-001
t0123,gpu-node-11,3,75.04,346.19,61.17,0,0,0,0,0,0,14.14,0,train-job-001
t0124,gpu-node-00,0,78.89,311.99,62.04,0,0,0,0,0,0,12.07,0,train-job-001
t0124,gpu-node-00,1,74.51,311.92,74.23,0,0,0,0,0,0,8.24,0,train-job-001
t0124,gpu-node-00,2,76.26,324.61,73.68,0,0,0,0,0,0,12.16,0,train-job-001
t0124,gpu-node-00,3,78.46,340.37,76.11,0,0,0,0,0,0,11.5,0,train-job-001
t0124,gpu-node-01,0,78.65,340.25,86.55,0,0,0,0,0,0,10.56,0,train-job-001
t0124,gpu-node-01,1,74.47,342.5,61.74,0,0,0,0,0,0,11.3,0,train-job-001
t0124,gpu-node-01,2,68.59,334.33,79.38,0,0,0,0,0,0,12.85,0,train-job-001
t0124,gpu-node-01,3,73.94,329.27,68.58,0,0,0,0,0,0,15.74,0,train-job-001
t0124,gpu-node-02,0,70.73,298.42,66.21,0,0,0,0,0,0,8.86,0,train-job-001
t0124,gpu-node-02,1,76.42,340.63,82.63,0,0,0,0,0,0,11.53,0,train-job-001
t0124,gpu-node-02,2,71.26,315.56,62.5,0,0,0,0,0,0,9.92,0,train-job-001
t0124,gpu-node-02,3,78.48,315.12,60.56,0,0,0,0,0,0,9.39,0,train-job-001
t0124,gpu-node-03,0,76.99,323.0,74.16,0,0,0,0,0,0,9.16,0,train-job-001
t0124,gpu-node-03,1,76.3,328.5,78.86,0,0,0,0,0,0,10.24,0,train-job-001
t0124,gpu-node-03,2,75.58,366.11,93.53,0,0,0,0,0,0,10.4,0,train-job-001
t0124,gpu-node-03,3,76.68,333.49,73.23,0,0,0,0,0,0,13.51,0,train-job-001
t0124,gpu-node-04,0,71.75,310.05,54.69,0,0,0,0,0,0,10.82,0,train-job-001
t0124,gpu-node-04,1,78.49,333.52,65.19,0,0,0,0,0,0,11.46,0,train-job-001
t0124,gpu-node-04,2,74.64,347.52,71.86,0,0,0,0,0,0,14.51,0,train-job-001
t0124,gpu-node-04,3,77.11,324.9,68.99,0,0,0,0,0,0,12.16,0,train-job-001
t0124,gpu-node-05,0,73.68,307.27,62.79,0,0,0,0,0,0,11.29,0,train-job-001
t0124,gpu-node-05,1,76.2,315.49,75.51,0,0,0,0,0,0,12.05,0,train-job-001
t0124,gpu-node-05,2,75.11,345.97,73.05,0,0,6,0,0,0,13.63,0,train-job-001
t0124,gpu-node-05,3,76.81,367.47,86.34,0,0,0,0,0,0,9.9,0,train-job-001
t0124,gpu-node-06,0,70.18,348.24,76.87,0,0,0,0,0,0,12.54,0,train-job-001
t0124,gpu-node-06,1,72.79,336.98,78.16,0,0,0,0,0,0,9.1,0,train-job-001
t0124,gpu-node-06,2,74.25,311.6,69.51,0,0,0,0,0,0,9.59,0,train-job-001
t0124,gpu-node-06,3,76.85,361.72,81.74,0,0,0,0,0,0,12.81,0,train-job-001
t0124,gpu-node-07,0,75.1,316.44,70.61,0,0,0,0,0,0,13.25,0,train-job-001
t0124,gpu-node-07,1,73.8,312.43,60.46,0,0,0,0,0,0,11.53,0,train-job-001
t0124,gpu-node-07,2,78.38,317.44,69.59,0,0,0,0,0,0,11.68,0,train-job-001
t0124,gpu-node-07,3,73.76,324.72,52.68,0,0,0,0,0,0,16.38,0,train-job-001
t0124,gpu-node-08,0,72.85,346.57,74.14,0,0,0,0,0,0,11.28,0,train-job-001
t0124,gpu-node-08,1,73.76,320.22,77.78,0,0,0,0,0,0,15.02,0,train-job-001
t0124,gpu-node-08,2,73.96,315.89,64.97,0,0,0,0,0,0,16.06,0,train-job-001
t0124,gpu-node-08,3,78.04,361.85,80.71,0,0,0,0,0,0,12.68,0,train-job-001
t0124,gpu-node-09,0,76.72,312.98,71.11,0,0,0,0,0,0,15.83,0,train-job-001
t0124,gpu-node-09,1,78.57,334.59,74.85,0,0,0,0,0,0,10.48,0,train-job-001
t0124,gpu-node-09,2,75.97,344.47,87.79,0,0,0,0,0,0,13.45,0,train-job-001
t0124,gpu-node-09,3,74.08,342.28,66.04,0,0,0,0,0,0,9.67,0,train-job-001
t0124,gpu-node-10,0,75.24,336.74,82.73,0,0,0,0,0,0,12.77,0,train-job-001
t0124,gpu-node-10,1,76.82,344.48,78.13,0,0,0,0,0,0,13.28,0,train-job-001
t0124,gpu-node-10,2,72.94,338.64,65.27,0,0,0,0,0,0,9.5,0,train-job-001
t0124,gpu-node-10,3,75.91,334.85,72.22,0,0,0,0,0,0,12.71,0,train-job-001
t0124,gpu-node-11,0,77.04,336.1,65.28,0,0,0,0,0,0,9.34,0,train-job-001
t0124,gpu-node-11,1,78.5,345.65,64.53,0,0,0,0,0,0,12.01,0,train-job-001
t0124,gpu-node-11,2,73.73,336.54,64.7,0,0,0,0,0,0,12.76,0,train-job-001
t0124,gpu-node-11,3,75.91,363.36,65.08,0,0,0,0,0,0,15.67,0,train-job-001
t0125,gpu-node-00,0,78.83,356.82,73.44,0,0,0,0,0,0,13.5,0,train-job-001
t0125,gpu-node-00,1,75.63,361.69,65.94,0,0,0,0,0,0,12.26,0,train-job-001
t0125,gpu-node-00,2,73.63,347.19,80.63,0,0,0,0,0,0,13.55,0,train-job-001
t0125,gpu-node-00,3,77.44,384.96,76.09,0,0,0,0,0,0,12.58,0,train-job-001
t0125,gpu-node-01,0,74.79,325.73,71.5,0,0,0,0,0,0,12.0,0,train-job-001
t0125,gpu-node-01,1,72.8,345.46,79.16,0,0,0,0,0,0,6.76,0,train-job-001
t0125,gpu-node-01,2,76.33,339.88,67.79,0,0,0,0,0,0,11.77,0,train-job-001
t0125,gpu-node-01,3,74.65,321.77,83.19,0,0,0,0,0,0,11.74,0,train-job-001
t0125,gpu-node-02,0,73.95,336.53,64.1,0,0,0,0,0,0,11.3,0,train-job-001
t0125,gpu-node-02,1,78.14,348.52,82.17,0,0,0,0,0,0,7.62,0,train-job-001
t0125,gpu-node-02,2,75.82,318.29,67.69,0,0,0,0,0,0,9.7,0,train-job-001
t0125,gpu-node-02,3,75.49,371.4,73.98,0,0,0,0,0,0,13.2,0,train-job-001
t0125,gpu-node-03,0,75.68,342.51,71.54,0,0,0,0,0,0,9.88,0,train-job-001
t0125,gpu-node-03,1,75.28,338.52,66.17,0,0,0,0,0,0,11.07,0,train-job-001
t0125,gpu-node-03,2,77.17,350.39,77.42,0,0,0,0,0,0,11.49,0,train-job-001
t0125,gpu-node-03,3,78.84,325.72,67.84,0,0,0,0,0,0,10.16,0,train-job-001
t0125,gpu-node-04,0,75.84,327.01,63.21,0,0,0,0,0,0,13.61,0,train-job-001
t0125,gpu-node-04,1,74.28,338.66,72.77,0,0,0,0,0,0,14.13,0,train-job-001
t0125,gpu-node-04,2,77.99,382.11,68.54,0,0,0,0,0,0,10.16,0,train-job-001
t0125,gpu-node-04,3,76.27,361.08,75.91,0,0,0,0,0,0,9.5,0,train-job-001
t0125,gpu-node-05,0,75.34,340.2,75.19,0,0,0,0,0,0,14.07,0,train-job-001
t0125,gpu-node-05,1,75.19,341.83,73.17,0,0,0,0,0,0,12.28,0,train-job-001
t0125,gpu-node-05,2,75.05,284.46,53.69,0,0,6,0,0,0,12.01,0,train-job-001
t0125,gpu-node-05,3,76.51,329.01,62.79,0,0,0,0,0,0,11.34,0,train-job-001
t0125,gpu-node-06,0,75.98,300.19,67.87,0,0,0,0,0,0,14.47,0,train-job-001
t0125,gpu-node-06,1,71.45,316.25,70.54,0,0,0,0,0,0,8.87,0,train-job-001
t0125,gpu-node-06,2,78.62,330.51,77.72,0,0,0,0,0,0,11.49,0,train-job-001
t0125,gpu-node-06,3,74.85,315.12,69.64,0,0,0,0,0,0,9.39,0,train-job-001
t0125,gpu-node-07,0,71.69,311.13,67.07,0,0,0,0,0,0,9.04,0,train-job-001
t0125,gpu-node-07,1,74.56,332.4,77.38,0,0,0,0,0,0,13.29,0,train-job-001
t0125,gpu-node-07,2,73.71,343.23,69.17,0,0,0,0,0,0,8.56,0,train-job-001
t0125,gpu-node-07,3,76.29,341.1,71.62,0,0,0,0,0,0,13.26,0,train-job-001
t0125,gpu-node-08,0,74.68,368.81,77.83,0,0,0,0,0,0,14.17,0,train-job-001
t0125,gpu-node-08,1,75.65,372.68,83.04,0,0,0,0,0,0,12.43,0,train-job-001
t0125,gpu-node-08,2,77.47,353.86,73.28,0,0,0,0,0,0,10.56,0,train-job-001
t0125,gpu-node-08,3,73.89,339.76,73.9,0,0,0,0,0,0,10.43,0,train-job-001
t0125,gpu-node-09,0,76.31,333.39,63.8,0,0,0,0,0,0,11.72,0,train-job-001
t0125,gpu-node-09,1,75.18,361.44,65.46,0,0,0,0,0,0,10.35,0,train-job-001
t0125,gpu-node-09,2,72.41,354.77,72.37,0,0,0,0,0,0,11.19,0,train-job-001
t0125,gpu-node-09,3,71.31,302.41,66.95,0,0,0,0,0,0,14.59,0,train-job-001
t0125,gpu-node-10,0,80.22,390.46,84.03,0,0,0,0,0,0,11.67,0,train-job-001
t0125,gpu-node-10,1,75.73,337.84,72.27,0,0,0,0,0,0,13.03,0,train-job-001
t0125,gpu-node-10,2,74.44,328.98,70.89,0,0,0,0,0,0,11.79,0,train-job-001
t0125,gpu-node-10,3,81.61,367.61,87.38,0,0,0,0,0,0,9.59,0,train-job-001
t0125,gpu-node-11,0,75.67,332.9,62.06,0,0,0,0,0,0,9.82,0,train-job-001
t0125,gpu-node-11,1,77.5,327.37,61.49,0,0,0,0,0,0,12.82,0,train-job-001
t0125,gpu-node-11,2,75.97,302.99,63.81,0,0,0,0,0,0,12.06,0,train-job-001
t0125,gpu-node-11,3,75.93,332.49,63.0,0,0,0,0,0,0,14.87,0,train-job-001
t0126,gpu-node-00,0,72.25,306.93,69.29,0,0,0,0,0,0,8.3,0,train-job-001
t0126,gpu-node-00,1,74.23,365.37,72.72,0,0,0,0,0,0,12.18,0,train-job-001
t0126,gpu-node-00,2,69.2,326.37,57.07,0,0,0,0,0,0,12.56,0,train-job-001
t0126,gpu-node-00,3,77.16,349.55,82.37,0,0,0,0,0,0,9.24,0,train-job-001
t0126,gpu-node-01,0,72.55,325.31,74.19,0,0,0,0,0,0,11.16,0,train-job-001
t0126,gpu-node-01,1,79.4,361.01,72.32,0,0,0,0,0,0,9.81,0,train-job-001
t0126,gpu-node-01,2,74.2,328.73,64.43,0,0,0,0,0,0,13.36,0,train-job-001
t0126,gpu-node-01,3,76.47,349.99,74.72,0,0,0,0,0,0,10.36,0,train-job-001
t0126,gpu-node-02,0,73.46,353.61,66.91,0,0,0,0,0,0,10.45,0,train-job-001
t0126,gpu-node-02,1,78.62,330.6,69.26,0,0,0,0,0,0,10.86,0,train-job-001
t0126,gpu-node-02,2,76.05,312.01,75.56,0,0,0,0,0,0,14.93,0,train-job-001
t0126,gpu-node-02,3,77.9,332.26,61.94,0,0,0,0,0,0,15.8,0,train-job-001
t0126,gpu-node-03,0,71.01,281.55,56.45,0,0,0,0,0,0,12.58,0,train-job-001
t0126,gpu-node-03,1,73.56,350.56,64.43,0,0,0,0,0,0,13.81,0,train-job-001
t0126,gpu-node-03,2,71.79,308.4,59.89,0,0,0,0,0,0,12.41,0,train-job-001
t0126,gpu-node-03,3,74.69,326.8,61.93,0,0,0,0,0,0,11.72,0,train-job-001
t0126,gpu-node-04,0,79.24,355.42,70.42,0,0,0,0,0,0,11.86,0,train-job-001
t0126,gpu-node-04,1,78.99,353.8,82.19,0,0,0,0,0,0,9.41,0,train-job-001
t0126,gpu-node-04,2,75.72,357.54,67.37,0,0,0,0,0,0,14.12,0,train-job-001
t0126,gpu-node-04,3,75.19,329.14,72.37,0,0,0,0,0,0,13.61,0,train-job-001
t0126,gpu-node-05,0,75.34,345.65,65.68,0,0,0,0,0,0,11.44,0,train-job-001
t0126,gpu-node-05,1,74.99,311.11,63.72,0,0,0,0,0,0,14.76,0,train-job-001
t0126,gpu-node-05,2,71.36,331.07,67.0,0,0,7,0,0,0,11.5,0,train-job-001
t0126,gpu-node-05,3,78.57,369.62,77.46,0,0,0,0,0,0,10.64,0,train-job-001
t0126,gpu-node-06,0,79.11,343.6,83.16,0,0,0,0,0,0,11.61,0,train-job-001
t0126,gpu-node-06,1,75.21,365.55,81.04,0,0,0,0,0,0,12.33,0,train-job-001
t0126,gpu-node-06,2,72.71,332.61,75.69,0,0,0,0,0,0,14.88,0,train-job-001
t0126,gpu-node-06,3,80.4,309.24,71.79,0,0,0,0,0,0,12.82,0,train-job-001
t0126,gpu-node-07,0,73.61,329.24,75.31,0,0,0,0,0,0,11.91,0,train-job-001
t0126,gpu-node-07,1,77.86,323.85,72.41,0,0,0,0,0,0,10.94,0,train-job-001
t0126,gpu-node-07,2,72.85,299.12,55.17,0,0,0,0,0,0,12.12,0,train-job-001
t0126,gpu-node-07,3,80.57,315.51,63.87,0,0,0,0,0,0,13.43,0,train-job-001
t0126,gpu-node-08,0,78.04,334.95,70.03,0,0,0,0,0,0,12.98,0,train-job-001
t0126,gpu-node-08,1,72.71,346.35,66.64,0,0,0,0,0,0,12.13,0,train-job-001
t0126,gpu-node-08,2,78.38,347.38,67.49,0,0,0,0,0,0,13.11,0,train-job-001
t0126,gpu-node-08,3,75.59,361.02,73.73,0,0,0,0,0,0,10.13,0,train-job-001
t0126,gpu-node-09,0,80.97,375.01,72.13,0,0,0,0,0,0,14.43,0,train-job-001
t0126,gpu-node-09,1,77.74,362.58,66.7,0,0,0,0,0,0,14.24,0,train-job-001
t0126,gpu-node-09,2,76.36,355.27,68.49,0,0,0,0,0,0,14.45,0,train-job-001
t0126,gpu-node-09,3,77.02,362.85,81.95,0,0,0,0,0,0,12.69,0,train-job-001
t0126,gpu-node-10,0,74.57,351.82,73.93,0,0,0,0,0,0,11.03,0,train-job-001
t0126,gpu-node-10,1,76.88,376.89,79.6,0,0,0,0,0,0,13.38,0,train-job-001
t0126,gpu-node-10,2,73.23,337.2,74.04,0,0,0,0,0,0,10.2,0,train-job-001
t0126,gpu-node-10,3,80.31,361.5,71.25,0,0,0,0,0,0,7.93,0,train-job-001
t0126,gpu-node-11,0,71.85,296.41,61.29,0,0,0,0,0,0,10.84,0,train-job-001
t0126,gpu-node-11,1,72.43,328.09,66.39,0,0,0,0,0,0,14.42,0,train-job-001
t0126,gpu-node-11,2,74.65,321.26,59.79,0,0,0,0,0,0,11.66,0,train-job-001
t0126,gpu-node-11,3,74.95,294.22,78.39,0,0,0,0,0,0,14.39,0,train-job-001
t0127,gpu-node-00,0,79.33,361.63,79.85,0,0,0,0,0,0,13.62,0,train-job-001
t0127,gpu-node-00,1,75.91,345.57,75.24,0,0,0,0,0,0,12.49,0,train-job-001
t0127,gpu-node-00,2,79.99,332.09,76.4,0,0,0,0,0,0,10.32,0,train-job-001
t0127,gpu-node-00,3,75.27,324.67,70.24,0,0,0,0,0,0,15.51,0,train-job-001
t0127,gpu-node-01,0,75.25,358.65,72.97,0,0,0,0,0,0,9.54,0,train-job-001
t0127,gpu-node-01,1,77.03,316.11,78.13,0,0,0,0,0,0,13.47,0,train-job-001
t0127,gpu-node-01,2,74.47,322.78,73.16,0,0,0,0,0,0,8.67,0,train-job-001
t0127,gpu-node-01,3,73.64,333.43,67.95,0,0,0,0,0,0,10.78,0,train-job-001
t0127,gpu-node-02,0,75.45,316.85,68.03,0,0,0,0,0,0,14.61,0,train-job-001
t0127,gpu-node-02,1,73.32,366.85,88.44,0,0,0,0,0,0,10.03,0,train-job-001
t0127,gpu-node-02,2,71.43,317.73,64.81,0,0,0,0,0,0,12.95,0,train-job-001
t0127,gpu-node-02,3,75.62,401.55,85.7,0,0,0,0,0,0,15.46,0,train-job-001
t0127,gpu-node-03,0,77.47,326.34,74.54,0,0,0,0,0,0,13.76,0,train-job-001
t0127,gpu-node-03,1,71.42,333.71,67.23,0,0,0,0,0,0,13.48,0,train-job-001
t0127,gpu-node-03,2,75.07,380.48,78.5,0,0,0,0,0,0,13.58,0,train-job-001
t0127,gpu-node-03,3,72.91,343.12,60.25,0,0,0,0,0,0,12.4,0,train-job-001
t0127,gpu-node-04,0,71.49,345.86,62.41,0,0,0,0,0,0,12.4,0,train-job-001
t0127,gpu-node-04,1,73.09,346.61,76.96,0,0,0,0,0,0,10.72,0,train-job-001
t0127,gpu-node-04,2,79.14,349.99,81.97,0,0,0,0,0,0,13.1,0,train-job-001
t0127,gpu-node-04,3,73.16,360.97,70.47,0,0,0,0,0,0,9.78,0,train-job-001
t0127,gpu-node-05,0,76.06,346.26,72.81,0,0,0,0,0,0,14.79,0,train-job-001
t0127,gpu-node-05,1,75.22,378.27,79.46,0,0,0,0,0,0,10.55,0,train-job-001
t0127,gpu-node-05,2,73.97,308.74,62.96,0,0,7,0,0,0,14.99,0,train-job-001
t0127,gpu-node-05,3,76.84,368.26,71.33,0,0,0,0,0,0,12.7,0,train-job-001
t0127,gpu-node-06,0,74.96,310.15,67.51,0,0,0,0,0,0,17.24,0,train-job-001
t0127,gpu-node-06,1,79.33,344.25,64.27,0,0,0,0,0,0,9.87,0,train-job-001
t0127,gpu-node-06,2,75.17,358.09,86.68,0,0,0,0,0,0,15.12,0,train-job-001
t0127,gpu-node-06,3,77.57,335.31,78.07,0,0,0,0,0,0,13.07,0,train-job-001
t0127,gpu-node-07,0,74.69,339.92,74.96,0,0,0,0,0,0,13.05,0,train-job-001
t0127,gpu-node-07,1,76.24,317.62,74.24,0,0,0,0,0,0,12.79,0,train-job-001
t0127,gpu-node-07,2,79.29,333.37,65.38,0,0,0,0,0,0,11.67,0,train-job-001
t0127,gpu-node-07,3,79.45,316.56,73.67,0,0,0,0,0,0,11.01,0,train-job-001
t0127,gpu-node-08,0,71.8,330.11,62.23,0,0,0,0,0,0,10.75,0,train-job-001
t0127,gpu-node-08,1,76.79,335.8,80.93,0,0,0,0,0,0,13.59,0,train-job-001
t0127,gpu-node-08,2,72.6,341.15,67.75,0,0,0,0,0,0,14.96,0,train-job-001
t0127,gpu-node-08,3,81.66,373.61,81.5,0,0,0,0,0,0,11.53,0,train-job-001
t0127,gpu-node-09,0,73.19,360.13,81.15,0,0,0,0,0,0,13.99,0,train-job-001
t0127,gpu-node-09,1,69.97,321.85,56.52,0,0,0,0,0,0,10.2,0,train-job-001
t0127,gpu-node-09,2,76.83,328.05,62.59,0,0,0,0,0,0,10.43,0,train-job-001
t0127,gpu-node-09,3,76.33,315.02,74.61,0,0,0,0,0,0,11.82,0,train-job-001
t0127,gpu-node-10,0,78.56,349.59,69.47,0,0,0,0,0,0,12.08,0,train-job-001
t0127,gpu-node-10,1,77.2,323.31,82.44,0,0,0,0,0,0,10.91,0,train-job-001
t0127,gpu-node-10,2,73.87,291.16,66.64,0,0,0,0,0,0,10.18,0,train-job-001
t0127,gpu-node-10,3,76.69,367.66,83.1,0,0,0,0,0,0,8.64,0,train-job-001
t0127,gpu-node-11,0,72.83,321.64,70.52,0,0,0,0,0,0,11.91,0,train-job-001
t0127,gpu-node-11,1,71.71,322.98,67.52,0,0,0,0,0,0,13.44,0,train-job-001
t0127,gpu-node-11,2,72.54,339.34,71.1,0,0,0,0,0,0,11.69,0,train-job-001
t0127,gpu-node-11,3,74.55,358.07,59.84,0,0,0,0,0,0,13.31,0,train-job-001
t0128,gpu-node-00,0,72.66,332.28,62.79,0,0,0,0,0,0,8.21,0,train-job-001
t0128,gpu-node-00,1,79.34,336.97,67.65,0,0,0,0,0,0,13.32,0,train-job-001
t0128,gpu-node-00,2,75.79,362.55,69.12,0,0,0,0,0,0,11.93,0,train-job-001
t0128,gpu-node-00,3,78.63,347.53,83.28,0,0,0,0,0,0,13.98,0,train-job-001
t0128,gpu-node-01,0,73.21,324.85,69.84,0,0,0,0,0,0,9.16,0,train-job-001
t0128,gpu-node-01,1,77.12,339.55,61.17,0,0,0,0,0,0,12.44,0,train-job-001
t0128,gpu-node-01,2,71.74,337.57,84.43,0,0,0,0,0,0,10.36,0,train-job-001
t0128,gpu-node-01,3,77.77,333.96,75.75,0,0,0,0,0,0,12.07,0,train-job-001
t0128,gpu-node-02,0,76.95,326.35,76.56,0,0,0,0,0,0,11.93,0,train-job-001
t0128,gpu-node-02,1,72.0,287.44,69.15,0,0,0,0,0,0,10.74,0,train-job-001
t0128,gpu-node-02,2,79.03,354.94,70.1,0,0,0,0,0,0,13.31,0,train-job-001
t0128,gpu-node-02,3,72.04,332.55,66.05,0,0,0,0,0,0,12.71,0,train-job-001
t0128,gpu-node-03,0,74.45,328.92,56.98,0,0,0,0,0,0,8.1,0,train-job-001
t0128,gpu-node-03,1,77.29,333.44,72.91,0,0,0,0,0,0,13.4,0,train-job-001
t0128,gpu-node-03,2,73.21,342.66,53.77,0,0,0,0,0,0,9.43,0,train-job-001
t0128,gpu-node-03,3,77.02,329.65,60.46,0,0,0,0,0,0,12.09,0,train-job-001
t0128,gpu-node-04,0,78.61,365.66,70.76,0,0,0,0,0,0,11.46,0,train-job-001
t0128,gpu-node-04,1,76.47,333.92,64.85,0,0,0,0,0,0,11.63,0,train-job-001
t0128,gpu-node-04,2,73.78,310.49,63.07,0,0,0,0,0,0,12.5,0,train-job-001
t0128,gpu-node-04,3,71.2,341.38,79.41,0,0,0,0,0,0,13.74,0,train-job-001
t0128,gpu-node-05,0,76.37,343.33,66.17,0,0,0,0,0,0,10.63,0,train-job-001
t0128,gpu-node-05,1,78.28,325.77,68.62,0,0,0,0,0,0,9.73,0,train-job-001
t0128,gpu-node-05,2,76.87,345.38,81.36,0,0,8,0,0,0,10.32,0,train-job-001
t0128,gpu-node-05,3,75.71,333.92,74.31,0,0,0,0,0,0,12.02,0,train-job-001
t0128,gpu-node-06,0,75.63,319.83,60.99,0,0,0,0,0,0,8.07,0,train-job-001
t0128,gpu-node-06,1,76.61,411.33,81.53,0,0,0,0,0,0,12.96,0,train-job-001
t0128,gpu-node-06,2,78.65,342.24,75.4,0,0,0,0,0,0,8.85,0,train-job-001
t0128,gpu-node-06,3,78.47,328.72,77.98,0,0,0,0,0,0,12.77,0,train-job-001
t0128,gpu-node-07,0,72.47,329.14,70.68,0,0,0,0,0,0,13.7,0,train-job-001
t0128,gpu-node-07,1,75.21,360.42,70.5,0,0,0,0,0,0,12.17,0,train-job-001
t0128,gpu-node-07,2,76.11,313.27,70.62,0,0,0,0,0,0,10.59,0,train-job-001
t0128,gpu-node-07,3,77.1,347.79,75.58,0,0,0,0,0,0,17.36,0,train-job-001
t0128,gpu-node-08,0,76.08,315.63,66.57,0,0,0,0,0,0,9.5,0,train-job-001
t0128,gpu-node-08,1,74.29,343.82,72.01,0,0,0,0,0,0,12.84,0,train-job-001
t0128,gpu-node-08,2,79.45,370.9,93.82,0,0,0,0,0,0,14.35,0,train-job-001
t0128,gpu-node-08,3,75.5,296.24,68.33,0,0,0,0,0,0,14.56,0,train-job-001
t0128,gpu-node-09,0,74.31,358.36,75.33,0,0,0,0,0,0,13.02,0,train-job-001
t0128,gpu-node-09,1,75.49,308.58,64.55,0,0,0,0,0,0,13.26,0,train-job-001
t0128,gpu-node-09,2,76.02,331.4,77.94,0,0,0,0,0,0,13.1,0,train-job-001
t0128,gpu-node-09,3,74.95,366.59,69.47,0,0,0,0,0,0,16.88,0,train-job-001
t0128,gpu-node-10,0,74.77,310.92,68.97,0,0,0,0,0,0,13.95,0,train-job-001
t0128,gpu-node-10,1,73.6,340.25,74.45,0,0,0,0,0,0,11.24,0,train-job-001
t0128,gpu-node-10,2,78.06,377.8,69.75,0,0,0,0,0,0,12.83,0,train-job-001
t0128,gpu-node-10,3,74.91,343.64,72.76,0,0,0,0,0,0,12.01,0,train-job-001
t0128,gpu-node-11,0,75.92,302.21,70.04,0,0,0,0,0,0,13.68,0,train-job-001
t0128,gpu-node-11,1,72.02,345.99,85.2,0,0,0,0,0,0,10.73,0,train-job-001
t0128,gpu-node-11,2,75.69,337.65,77.47,0,0,0,0,0,0,12.97,0,train-job-001
t0128,gpu-node-11,3,76.26,353.46,72.06,0,0,0,0,0,0,12.31,0,train-job-001
t0129,gpu-node-00,0,71.92,320.54,65.32,0,0,0,0,0,0,14.48,0,train-job-001
t0129,gpu-node-00,1,77.23,370.97,61.48,0,0,0,0,0,0,9.26,0,train-job-001
t0129,gpu-node-00,2,75.28,323.08,68.0,0,0,0,0,0,0,13.6,0,train-job-001
t0129,gpu-node-00,3,79.05,348.43,70.42,0,0,0,0,0,0,14.44,0,train-job-001
t0129,gpu-node-01,0,76.76,311.8,81.38,0,0,0,0,0,0,11.69,0,train-job-001
t0129,gpu-node-01,1,79.14,337.38,66.76,0,0,0,0,0,0,13.56,0,train-job-001
t0129,gpu-node-01,2,77.52,332.57,64.79,0,0,0,0,0,0,11.8,0,train-job-001
t0129,gpu-node-01,3,74.62,347.96,74.27,0,0,0,0,0,0,11.79,0,train-job-001
t0129,gpu-node-02,0,74.81,350.94,81.51,0,0,0,0,0,0,10.57,0,train-job-001
t0129,gpu-node-02,1,76.23,366.04,85.8,0,0,0,0,0,0,13.12,0,train-job-001
t0129,gpu-node-02,2,75.9,357.21,71.72,0,0,0,0,0,0,12.01,0,train-job-001
t0129,gpu-node-02,3,67.97,297.9,66.13,0,0,0,0,0,0,13.71,0,train-job-001
t0129,gpu-node-03,0,79.57,344.11,72.02,0,0,0,0,0,0,11.12,0,train-job-001
t0129,gpu-node-03,1,70.51,342.79,79.96,0,0,0,0,0,0,11.37,0,train-job-001
t0129,gpu-node-03,2,75.04,351.5,67.07,0,0,0,0,0,0,9.12,0,train-job-001
t0129,gpu-node-03,3,74.91,361.45,77.64,0,0,0,0,0,0,12.37,0,train-job-001
t0129,gpu-node-04,0,73.44,350.16,58.84,0,0,0,0,0,0,11.98,0,train-job-001
t0129,gpu-node-04,1,78.23,293.37,68.38,0,0,0,0,0,0,12.55,0,train-job-001
t0129,gpu-node-04,2,77.79,334.01,66.03,0,0,0,0,0,0,10.98,0,train-job-001
t0129,gpu-node-04,3,74.57,349.06,59.86,0,0,0,0,0,0,9.42,0,train-job-001
t0129,gpu-node-05,0,74.42,353.05,78.5,0,0,0,0,0,0,13.54,0,train-job-001
t0129,gpu-node-05,1,81.23,351.95,73.41,0,0,0,0,0,0,14.39,0,train-job-001
t0129,gpu-node-05,2,76.4,328.81,65.72,0,0,8,0,0,0,13.24,0,train-job-001
t0129,gpu-node-05,3,75.14,404.74,96.35,0,0,0,0,0,0,12.58,0,train-job-001
t0129,gpu-node-06,0,77.67,300.67,61.28,0,0,0,0,0,0,6.77,0,train-job-001
t0129,gpu-node-06,1,76.41,320.3,83.2,0,0,0,0,0,0,9.69,0,train-job-001
t0129,gpu-node-06,2,76.12,367.68,86.81,0,0,0,0,0,0,13.75,0,train-job-001
t0129,gpu-node-06,3,79.52,377.17,78.36,0,0,0,0,0,0,14.82,0,train-job-001
t0129,gpu-node-07,0,76.86,336.42,65.47,0,0,0,0,0,0,14.2,0,train-job-001
t0129,gpu-node-07,1,73.41,318.74,63.07,0,0,0,0,0,0,12.79,0,train-job-001
t0129,gpu-node-07,2,79.89,366.99,77.87,0,0,0,0,0,0,12.49,0,train-job-001
t0129,gpu-node-07,3,80.94,362.88,89.41,0,0,0,0,0,0,11.03,0,train-job-001
t0129,gpu-node-08,0,74.18,353.9,64.86,0,0,0,0,0,0,10.79,0,train-job-001
t0129,gpu-node-08,1,76.9,320.96,66.18,0,0,0,0,0,0,6.95,0,train-job-001
t0129,gpu-node-08,2,78.14,332.14,58.62,0,0,0,0,0,0,13.87,0,train-job-001
t0129,gpu-node-08,3,72.74,343.42,85.22,0,0,0,0,0,0,14.74,0,train-job-001
t0129,gpu-node-09,0,76.91,320.0,74.97,0,0,0,0,0,0,13.18,0,train-job-001
t0129,gpu-node-09,1,78.12,338.56,67.24,0,0,0,0,0,0,12.99,0,train-job-001
t0129,gpu-node-09,2,75.7,324.01,74.58,0,0,0,0,0,0,14.04,0,train-job-001
t0129,gpu-node-09,3,77.44,339.79,71.03,0,0,0,0,0,0,11.5,0,train-job-001
t0129,gpu-node-10,0,75.92,312.42,72.58,0,0,0,0,0,0,11.88,0,train-job-001
t0129,gpu-node-10,1,75.75,354.96,82.06,0,0,0,0,0,0,10.88,0,train-job-001
t0129,gpu-node-10,2,75.19,279.68,62.12,0,0,0,0,0,0,15.85,0,train-job-001
t0129,gpu-node-10,3,74.77,338.14,75.07,0,0,0,0,0,0,10.85,0,train-job-001
t0129,gpu-node-11,0,73.14,315.08,67.41,0,0,0,0,0,0,15.01,0,train-job-001
t0129,gpu-node-11,1,73.64,303.9,64.5,0,0,0,0,0,0,13.3,0,train-job-001
t0129,gpu-node-11,2,74.12,354.4,76.53,0,0,0,0,0,0,11.86,0,train-job-001
t0129,gpu-node-11,3,72.78,330.07,74.17,0,0,0,0,0,0,14.62,0,train-job-001
t0130,gpu-node-00,0,80.8,358.7,74.33,0,0,0,0,0,0,8.93,0,train-job-001
t0130,gpu-node-00,1,74.62,339.73,74.6,0,0,0,0,0,0,11.45,0,train-job-001
t0130,gpu-node-00,2,69.82,333.11,60.09,0,0,0,0,0,0,14.42,0,train-job-001
t0130,gpu-node-00,3,72.29,321.96,70.19,0,0,0,0,0,0,12.64,0,train-job-001
t0130,gpu-node-01,0,77.35,328.12,75.97,0,0,0,0,0,0,11.26,0,train-job-001
t0130,gpu-node-01,1,77.0,326.58,78.34,0,0,0,0,0,0,17.4,0,train-job-001
t0130,gpu-node-01,2,77.54,328.52,58.99,0,0,0,0,0,0,10.21,0,train-job-001
t0130,gpu-node-01,3,77.22,316.82,68.69,0,0,0,0,0,0,13.34,0,train-job-001
t0130,gpu-node-02,0,73.13,326.83,71.24,0,0,0,0,0,0,14.27,0,train-job-001
t0130,gpu-node-02,1,76.08,340.28,70.76,0,0,0,0,0,0,13.0,0,train-job-001
t0130,gpu-node-02,2,75.61,357.6,85.88,0,0,0,0,0,0,13.54,0,train-job-001
t0130,gpu-node-02,3,80.81,363.32,67.94,0,0,0,0,0,0,10.73,0,train-job-001
t0130,gpu-node-03,0,77.07,357.09,61.46,0,0,0,0,0,0,14.32,0,train-job-001
t0130,gpu-node-03,1,80.01,339.87,61.46,0,0,0,0,0,0,10.76,0,train-job-001
t0130,gpu-node-03,2,77.36,317.4,65.92,0,0,0,0,0,0,13.13,0,train-job-001
t0130,gpu-node-03,3,71.42,286.17,61.58,0,0,0,0,0,0,12.15,0,train-job-001
t0130,gpu-node-04,0,82.3,342.74,64.89,0,0,0,0,0,0,14.43,0,train-job-001
t0130,gpu-node-04,1,72.39,350.53,81.88,0,0,0,0,0,0,12.85,0,train-job-001
t0130,gpu-node-04,2,73.61,302.86,67.04,0,0,0,0,0,0,12.89,0,train-job-001
t0130,gpu-node-04,3,74.26,352.23,74.99,0,0,0,0,0,0,12.46,0,train-job-001
t0130,gpu-node-05,0,83.98,346.26,65.07,0,0,0,0,0,0,11.05,0,train-job-001
t0130,gpu-node-05,1,73.68,354.9,75.97,0,0,0,0,0,0,11.63,0,train-job-001
t0130,gpu-node-05,2,74.22,309.98,70.18,0,0,9,0,0,0,13.87,0,train-job-001
t0130,gpu-node-05,3,73.21,361.84,71.72,0,0,0,0,0,0,13.98,0,train-job-001
t0130,gpu-node-06,0,75.08,348.76,66.66,0,0,0,0,0,0,14.31,0,train-job-001
t0130,gpu-node-06,1,78.22,360.46,75.49,0,0,0,0,0,0,12.1,0,train-job-001
t0130,gpu-node-06,2,74.1,318.23,75.26,0,0,0,0,0,0,12.89,0,train-job-001
t0130,gpu-node-06,3,74.72,333.08,86.24,0,0,0,0,0,0,15.41,0,train-job-001
t0130,gpu-node-07,0,78.75,362.26,64.22,0,0,0,0,0,0,7.97,0,train-job-001
t0130,gpu-node-07,1,74.08,321.0,56.57,0,0,0,0,0,0,11.57,0,train-job-001
t0130,gpu-node-07,2,75.67,353.16,78.15,0,0,0,0,0,0,13.85,0,train-job-001
t0130,gpu-node-07,3,76.58,326.63,76.59,0,0,0,0,0,0,11.61,0,train-job-001
t0130,gpu-node-08,0,75.77,352.39,65.64,0,0,0,0,0,0,10.36,0,train-job-001
t0130,gpu-node-08,1,78.11,352.99,87.67,0,0,0,0,0,0,14.54,0,train-job-001
t0130,gpu-node-08,2,75.66,357.32,83.84,0,0,0,0,0,0,12.93,0,train-job-001
t0130,gpu-node-08,3,75.13,331.53,62.73,0,0,0,0,0,0,11.12,0,train-job-001
t0130,gpu-node-09,0,78.98,362.74,68.22,0,0,0,0,0,0,11.88,0,train-job-001
t0130,gpu-node-09,1,73.85,334.55,63.29,0,0,0,0,0,0,10.32,0,train-job-001
t0130,gpu-node-09,2,70.29,309.88,73.16,0,0,0,0,0,0,11.94,0,train-job-001
t0130,gpu-node-09,3,74.53,306.56,67.85,0,0,0,0,0,0,11.51,0,train-job-001
t0130,gpu-node-10,0,73.91,300.38,68.3,0,0,0,0,0,0,11.92,0,train-job-001
t0130,gpu-node-10,1,74.51,352.77,80.62,0,0,0,0,0,0,12.21,0,train-job-001
t0130,gpu-node-10,2,74.57,326.34,68.0,0,0,0,0,0,0,9.28,0,train-job-001
t0130,gpu-node-10,3,73.89,356.91,73.62,0,0,0,0,0,0,8.45,0,train-job-001
t0130,gpu-node-11,0,77.79,322.49,67.33,0,0,0,0,0,0,8.06,0,train-job-001
t0130,gpu-node-11,1,81.15,314.92,68.01,0,0,0,0,0,0,11.59,0,train-job-001
t0130,gpu-node-11,2,72.85,317.04,63.01,0,0,0,0,0,0,12.71,0,train-job-001
t0130,gpu-node-11,3,72.42,318.17,56.15,0,0,0,0,0,0,10.53,0,train-job-001
t0131,gpu-node-00,0,71.28,325.12,67.91,0,0,0,0,0,0,8.01,0,train-job-001
t0131,gpu-node-00,1,74.75,296.56,74.68,0,0,0,0,0,0,12.09,0,train-job-001
t0131,gpu-node-00,2,76.19,365.79,83.71,0,0,0,0,0,0,12.12,0,train-job-001
t0131,gpu-node-00,3,75.56,366.89,65.96,0,0,0,0,0,0,11.82,0,train-job-001
t0131,gpu-node-01,0,76.07,342.27,75.76,0,0,0,0,0,0,10.06,0,train-job-001
t0131,gpu-node-01,1,71.63,296.23,59.25,0,0,0,0,0,0,16.09,0,train-job-001
t0131,gpu-node-01,2,73.82,338.99,64.25,0,0,0,0,0,0,11.37,0,train-job-001
t0131,gpu-node-01,3,78.01,352.41,69.09,0,0,0,0,0,0,11.98,0,train-job-001
t0131,gpu-node-02,0,75.7,336.51,72.57,0,0,0,0,0,0,10.47,0,train-job-001
t0131,gpu-node-02,1,70.51,334.25,69.68,0,0,0,0,0,0,12.43,0,train-job-001
t0131,gpu-node-02,2,78.14,308.19,70.57,0,0,0,0,0,0,12.48,0,train-job-001
t0131,gpu-node-02,3,71.63,322.6,67.08,0,0,0,0,0,0,10.64,0,train-job-001
t0131,gpu-node-03,0,74.45,315.15,64.93,0,0,0,0,0,0,13.88,0,train-job-001
t0131,gpu-node-03,1,77.01,337.86,75.6,0,0,0,0,0,0,13.44,0,train-job-001
t0131,gpu-node-03,2,77.02,323.68,71.1,0,0,0,0,0,0,10.82,0,train-job-001
t0131,gpu-node-03,3,79.48,351.41,74.15,0,0,0,0,0,0,11.66,0,train-job-001
t0131,gpu-node-04,0,80.78,362.27,81.88,0,0,0,0,0,0,12.48,0,train-job-001
t0131,gpu-node-04,1,75.33,322.45,73.09,0,0,0,0,0,0,14.06,0,train-job-001
t0131,gpu-node-04,2,74.79,297.25,62.35,0,0,0,0,0,0,12.35,0,train-job-001
t0131,gpu-node-04,3,75.66,373.69,78.5,0,0,0,0,0,0,13.08,0,train-job-001
t0131,gpu-node-05,0,80.23,315.61,76.39,0,0,0,0,0,0,14.35,0,train-job-001
t0131,gpu-node-05,1,75.64,335.24,77.18,0,0,0,0,0,0,17.55,0,train-job-001
t0131,gpu-node-05,2,78.34,351.31,67.11,0,0,9,0,0,0,9.66,0,train-job-001
t0131,gpu-node-05,3,73.41,321.65,61.55,0,0,0,0,0,0,8.97,0,train-job-001
t0131,gpu-node-06,0,73.71,315.79,59.01,0,0,0,0,0,0,14.54,0,train-job-001
t0131,gpu-node-06,1,71.47,313.11,65.13,0,0,0,0,0,0,16.06,0,train-job-001
t0131,gpu-node-06,2,76.89,333.61,73.9,0,0,0,0,0,0,13.57,0,train-job-001
t0131,gpu-node-06,3,76.21,386.11,95.31,0,0,0,0,0,0,14.39,0,train-job-001
t0131,gpu-node-07,0,76.79,363.67,72.65,0,0,0,0,0,0,9.77,0,train-job-001
t0131,gpu-node-07,1,77.15,363.03,73.39,0,0,0,0,0,0,16.11,0,train-job-001
t0131,gpu-node-07,2,75.42,328.65,66.47,0,0,0,0,0,0,16.75,0,train-job-001
t0131,gpu-node-07,3,73.97,322.91,76.07,0,0,0,0,0,0,10.49,0,train-job-001
t0131,gpu-node-08,0,74.62,336.17,83.59,0,0,0,0,0,0,9.18,0,train-job-001
t0131,gpu-node-08,1,74.58,346.19,65.93,0,0,0,0,0,0,11.27,0,train-job-001
t0131,gpu-node-08,2,72.08,317.07,61.62,0,0,0,0,0,0,13.04,0,train-job-001
t0131,gpu-node-08,3,69.69,337.47,79.89,0,0,0,0,0,0,16.51,0,train-job-001
t0131,gpu-node-09,0,75.75,328.4,67.03,0,0,0,0,0,0,11.63,0,train-job-001
t0131,gpu-node-09,1,77.97,372.09,84.71,0,0,0,0,0,0,12.4,0,train-job-001
t0131,gpu-node-09,2,79.64,354.24,76.28,0,0,0,0,0,0,12.7,0,train-job-001
t0131,gpu-node-09,3,75.59,339.08,78.81,0,0,0,0,0,0,8.85,0,train-job-001
t0131,gpu-node-10,0,78.01,416.56,94.41,0,0,0,0,0,0,9.42,0,train-job-001
t0131,gpu-node-10,1,73.96,292.74,58.91,0,0,0,0,0,0,9.12,0,train-job-001
t0131,gpu-node-10,2,73.96,358.87,68.12,0,0,0,0,0,0,12.56,0,train-job-001
t0131,gpu-node-10,3,80.25,337.42,68.72,0,0,0,0,0,0,12.87,0,train-job-001
t0131,gpu-node-11,0,75.75,379.68,82.64,0,0,0,0,0,0,12.06,0,train-job-001
t0131,gpu-node-11,1,74.5,332.66,61.44,0,0,0,0,0,0,11.73,0,train-job-001
t0131,gpu-node-11,2,75.77,301.14,70.25,0,0,0,0,0,0,14.62,0,train-job-001
t0131,gpu-node-11,3,75.61,337.7,72.16,0,0,0,0,0,0,7.27,0,train-job-001
t0132,gpu-node-00,0,75.51,340.28,74.45,0,0,0,0,0,0,9.73,0,train-job-001
t0132,gpu-node-00,1,80.56,356.91,85.43,0,0,0,0,0,0,11.94,0,train-job-001
t0132,gpu-node-00,2,75.37,325.84,67.64,0,0,0,0,0,0,9.0,0,train-job-001
t0132,gpu-node-00,3,73.82,337.16,74.36,0,0,0,0,0,0,13.43,0,train-job-001
t0132,gpu-node-01,0,79.18,319.42,76.54,0,0,0,0,0,0,12.41,0,train-job-001
t0132,gpu-node-01,1,75.76,349.87,80.81,0,0,0,0,0,0,13.26,0,train-job-001
t0132,gpu-node-01,2,75.81,349.66,77.1,0,0,0,0,0,0,14.08,0,train-job-001
t0132,gpu-node-01,3,76.34,349.26,70.91,0,0,0,0,0,0,7.37,0,train-job-001
t0132,gpu-node-02,0,76.53,343.68,70.0,0,0,0,0,0,0,9.53,0,train-job-001
t0132,gpu-node-02,1,72.9,296.68,77.96,0,0,0,0,0,0,10.99,0,train-job-001
t0132,gpu-node-02,2,78.15,308.13,69.65,0,0,0,0,0,0,12.8,0,train-job-001
t0132,gpu-node-02,3,75.03,336.77,65.91,0,0,0,0,0,0,11.8,0,train-job-001
t0132,gpu-node-03,0,75.67,333.98,66.58,0,0,0,0,0,0,14.58,0,train-job-001
t0132,gpu-node-03,1,74.55,332.54,70.72,0,0,0,0,0,0,10.62,0,train-job-001
t0132,gpu-node-03,2,74.74,326.24,69.69,0,0,0,0,0,0,15.52,0,train-job-001
t0132,gpu-node-03,3,76.54,325.36,73.33,0,0,0,0,0,0,16.06,0,train-job-001
t0132,gpu-node-04,0,75.72,328.56,80.61,0,0,0,0,0,0,11.9,0,train-job-001
t0132,gpu-node-04,1,76.59,352.66,75.26,0,0,0,0,0,0,12.83,0,train-job-001
t0132,gpu-node-04,2,73.1,313.84,72.91,0,0,0,0,0,0,13.43,0,train-job-001
t0132,gpu-node-04,3,76.72,377.28,81.92,0,0,0,0,0,0,13.17,0,train-job-001
t0132,gpu-node-05,0,78.8,347.95,82.81,0,0,0,0,0,0,11.75,0,train-job-001
t0132,gpu-node-05,1,76.69,371.7,88.44,0,0,0,0,0,0,14.58,0,train-job-001
t0132,gpu-node-05,2,73.7,289.93,63.94,0,0,10,0,0,0,11.67,0,train-job-001
t0132,gpu-node-05,3,76.76,343.57,75.24,0,0,0,0,0,0,12.33,0,train-job-001
t0132,gpu-node-06,0,73.25,336.89,68.44,0,0,0,0,0,0,13.28,0,train-job-001
t0132,gpu-node-06,1,75.86,337.89,52.74,0,0,0,0,0,0,7.15,0,train-job-001
t0132,gpu-node-06,2,76.69,376.93,82.78,0,0,0,0,0,0,14.67,0,train-job-001
t0132,gpu-node-06,3,74.91,363.0,82.92,0,0,0,0,0,0,14.43,0,train-job-001
t0132,gpu-node-07,0,75.33,322.37,74.02,0,0,0,0,0,0,10.38,0,train-job-001
t0132,gpu-node-07,1,75.85,338.93,71.33,0,0,0,0,0,0,13.99,0,train-job-001
t0132,gpu-node-07,2,76.1,314.43,73.88,0,0,0,0,0,0,9.82,0,train-job-001
t0132,gpu-node-07,3,75.68,335.18,64.03,0,0,0,0,0,0,12.07,0,train-job-001
t0132,gpu-node-08,0,73.43,332.22,62.13,0,0,0,0,0,0,13.29,0,train-job-001
t0132,gpu-node-08,1,73.12,323.85,79.4,0,0,0,0,0,0,11.47,0,train-job-001
t0132,gpu-node-08,2,76.21,340.9,63.05,0,0,0,0,0,0,9.56,0,train-job-001
t0132,gpu-node-08,3,79.83,339.5,70.04,0,0,0,0,0,0,11.91,0,train-job-001
t0132,gpu-node-09,0,75.27,300.16,65.55,0,0,0,0,0,0,12.22,0,train-job-001
t0132,gpu-node-09,1,79.16,344.35,66.99,0,0,0,0,0,0,12.59,0,train-job-001
t0132,gpu-node-09,2,73.37,357.67,79.38,0,0,0,0,0,0,12.35,0,train-job-001
t0132,gpu-node-09,3,75.99,339.11,73.7,0,0,0,0,0,0,9.21,0,train-job-001
t0132,gpu-node-10,0,75.8,318.26,72.85,0,0,0,0,0,0,11.33,0,train-job-001
t0132,gpu-node-10,1,76.98,344.83,77.52,0,0,0,0,0,0,9.86,0,train-job-001
t0132,gpu-node-10,2,72.24,360.41,84.8,0,0,0,0,0,0,10.82,0,train-job-001
t0132,gpu-node-10,3,70.47,321.37,66.48,0,0,0,0,0,0,14.2,0,train-job-001
t0132,gpu-node-11,0,74.36,328.12,56.22,0,0,0,0,0,0,7.58,0,train-job-001
t0132,gpu-node-11,1,73.96,343.54,73.0,0,0,0,0,0,0,11.85,0,train-job-001
t0132,gpu-node-11,2,74.79,332.74,65.41,0,0,0,0,0,0,7.84,0,train-job-001
t0132,gpu-node-11,3,75.3,323.56,72.2,0,0,0,0,0,0,12.8,0,train-job-001
t0133,gpu-node-00,0,74.18,366.99,68.41,0,0,0,0,0,0,14.87,0,train-job-001
t0133,gpu-node-00,1,77.22,364.05,74.32,0,0,0,0,0,0,11.65,0,train-job-001
t0133,gpu-node-00,2,73.91,330.75,74.52,0,0,0,0,0,0,10.86,0,train-job-001
t0133,gpu-node-00,3,71.49,319.15,67.56,0,0,0,0,0,0,7.83,0,train-job-001
t0133,gpu-node-01,0,80.9,330.88,82.3,0,0,0,0,0,0,13.19,0,train-job-001
t0133,gpu-node-01,1,74.73,319.25,68.82,0,0,0,0,0,0,10.75,0,train-job-001
t0133,gpu-node-01,2,71.88,288.72,65.51,0,0,0,0,0,0,11.07,0,train-job-001
t0133,gpu-node-01,3,73.96,335.65,64.62,0,0,0,0,0,0,13.1,0,train-job-001
t0133,gpu-node-02,0,73.05,332.45,83.65,0,0,0,0,0,0,8.59,0,train-job-001
t0133,gpu-node-02,1,75.88,358.33,68.12,0,0,0,0,0,0,14.08,0,train-job-001
t0133,gpu-node-02,2,76.99,385.41,100.0,0,0,0,0,0,0,10.4,0,train-job-001
t0133,gpu-node-02,3,77.11,329.22,64.24,0,0,0,0,0,0,10.44,0,train-job-001
t0133,gpu-node-03,0,75.12,350.62,68.61,0,0,0,0,0,0,10.35,0,train-job-001
t0133,gpu-node-03,1,76.29,298.63,65.68,0,0,0,0,0,0,11.97,0,train-job-001
t0133,gpu-node-03,2,76.94,355.85,73.92,0,0,0,0,0,0,12.49,0,train-job-001
t0133,gpu-node-03,3,79.03,353.21,85.9,0,0,0,0,0,0,12.32,0,train-job-001
t0133,gpu-node-04,0,74.69,318.93,70.36,0,0,0,0,0,0,13.83,0,train-job-001
t0133,gpu-node-04,1,74.52,325.72,74.32,0,0,0,0,0,0,14.46,0,train-job-001
t0133,gpu-node-04,2,79.14,349.55,77.65,0,0,0,0,0,0,11.92,0,train-job-001
t0133,gpu-node-04,3,75.47,329.34,70.64,0,0,0,0,0,0,13.03,0,train-job-001
t0133,gpu-node-05,0,76.11,326.16,66.54,0,0,0,0,0,0,13.42,0,train-job-001
t0133,gpu-node-05,1,74.32,315.66,77.21,0,0,0,0,0,0,10.51,0,train-job-001
t0133,gpu-node-05,2,73.85,318.02,63.06,0,0,10,0,0,0,11.03,0,train-job-001
t0133,gpu-node-05,3,76.39,335.21,62.42,0,0,0,0,0,0,10.53,0,train-job-001
t0133,gpu-node-06,0,79.38,334.0,74.37,0,0,0,0,0,0,13.04,0,train-job-001
t0133,gpu-node-06,1,74.49,355.38,69.49,0,0,0,0,0,0,9.83,0,train-job-001
t0133,gpu-node-06,2,79.46,341.08,78.8,0,0,0,0,0,0,12.2,0,train-job-001
t0133,gpu-node-06,3,70.24,330.6,74.92,0,0,0,0,0,0,13.7,0,train-job-001
t0133,gpu-node-07,0,76.48,334.43,63.29,0,0,0,0,0,0,13.56,0,train-job-001
t0133,gpu-node-07,1,78.9,357.44,73.48,0,0,0,0,0,0,12.61,0,train-job-001
t0133,gpu-node-07,2,73.21,338.04,79.91,0,0,0,0,0,0,10.59,0,train-job-001
t0133,gpu-node-07,3,73.7,332.23,53.35,0,0,0,0,0,0,10.76,0,train-job-001
t0133,gpu-node-08,0,75.55,348.27,74.08,0,0,0,0,0,0,6.85,0,train-job-001
t0133,gpu-node-08,1,76.82,342.83,61.81,0,0,0,0,0,0,13.43,0,train-job-001
t0133,gpu-node-08,2,75.87,313.3,56.73,0,0,0,0,0,0,8.26,0,train-job-001
t0133,gpu-node-08,3,73.53,342.49,68.17,0,0,0,0,0,0,12.22,0,train-job-001
t0133,gpu-node-09,0,76.6,338.73,70.18,0,0,0,0,0,0,14.96,0,train-job-001
t0133,gpu-node-09,1,74.06,327.8,68.71,0,0,0,0,0,0,12.5,0,train-job-001
t0133,gpu-node-09,2,76.03,347.9,70.67,0,0,0,0,0,0,9.61,0,train-job-001
t0133,gpu-node-09,3,74.51,338.04,81.43,0,0,0,0,0,0,8.6,0,train-job-001
t0133,gpu-node-10,0,73.33,325.04,66.5,0,0,0,0,0,0,15.49,0,train-job-001
t0133,gpu-node-10,1,71.5,315.44,67.88,0,0,0,0,0,0,9.7,0,train-job-001
t0133,gpu-node-10,2,77.35,330.47,69.77,0,0,0,0,0,0,14.72,0,train-job-001
t0133,gpu-node-10,3,73.11,338.15,71.53,0,0,0,0,0,0,15.65,0,train-job-001
t0133,gpu-node-11,0,76.75,325.83,69.69,0,0,0,0,0,0,13.0,0,train-job-001
t0133,gpu-node-11,1,75.32,356.19,78.02,0,0,0,0,0,0,12.95,0,train-job-001
t0133,gpu-node-11,2,76.64,362.18,62.1,0,0,0,0,0,0,12.61,0,train-job-001
t0133,gpu-node-11,3,77.34,361.54,79.98,0,0,0,0,0,0,7.77,0,train-job-001
t0134,gpu-node-00,0,73.87,338.38,63.96,0,0,0,0,0,0,11.6,0,train-job-001
t0134,gpu-node-00,1,75.26,342.05,81.85,0,0,0,0,0,0,11.74,0,train-job-001
t0134,gpu-node-00,2,75.14,323.64,62.26,0,0,0,0,0,0,13.31,0,train-job-001
t0134,gpu-node-00,3,79.68,346.0,69.48,0,0,0,0,0,0,11.28,0,train-job-001
t0134,gpu-node-01,0,75.14,310.92,66.61,0,0,0,0,0,0,9.33,0,train-job-001
t0134,gpu-node-01,1,76.82,314.65,67.67,0,0,0,0,0,0,12.31,0,train-job-001
t0134,gpu-node-01,2,77.52,325.02,63.61,0,0,0,0,0,0,11.55,0,train-job-001
t0134,gpu-node-01,3,72.17,336.05,73.17,0,0,0,0,0,0,9.39,0,train-job-001
t0134,gpu-node-02,0,77.69,335.22,61.14,0,0,0,0,0,0,12.02,0,train-job-001
t0134,gpu-node-02,1,72.73,288.68,66.9,0,0,0,0,0,0,10.87,0,train-job-001
t0134,gpu-node-02,2,74.46,322.74,70.21,0,0,0,0,0,0,15.76,0,train-job-001
t0134,gpu-node-02,3,72.99,339.73,72.52,0,0,0,0,0,0,12.62,0,train-job-001
t0134,gpu-node-03,0,78.85,354.53,84.21,0,0,0,0,0,0,11.76,0,train-job-001
t0134,gpu-node-03,1,78.74,352.79,77.55,0,0,0,0,0,0,12.44,0,train-job-001
t0134,gpu-node-03,2,71.73,304.42,63.23,0,0,0,0,0,0,12.04,0,train-job-001
t0134,gpu-node-03,3,77.83,354.57,77.39,0,0,0,0,0,0,10.81,0,train-job-001
t0134,gpu-node-04,0,74.89,319.04,61.84,0,0,0,0,0,0,14.12,0,train-job-001
t0134,gpu-node-04,1,79.33,342.67,83.88,0,0,0,0,0,0,12.59,0,train-job-001
t0134,gpu-node-04,2,74.82,322.6,66.54,0,0,0,0,0,0,7.3,0,train-job-001
t0134,gpu-node-04,3,72.85,325.32,73.0,0,0,0,0,0,0,9.05,0,train-job-001
t0134,gpu-node-05,0,73.47,323.35,72.7,0,0,0,0,0,0,11.84,0,train-job-001
t0134,gpu-node-05,1,74.46,307.22,58.97,0,0,0,0,0,0,13.97,0,train-job-001
t0134,gpu-node-05,2,75.25,355.55,73.43,0,0,11,0,0,0,10.06,0,train-job-001
t0134,gpu-node-05,3,72.73,327.5,68.18,0,0,0,0,0,0,11.34,0,train-job-001
t0134,gpu-node-06,0,82.36,359.19,80.77,0,0,0,0,0,0,11.95,0,train-job-001
t0134,gpu-node-06,1,75.48,328.88,66.12,0,0,0,0,0,0,10.08,0,train-job-001
t0134,gpu-node-06,2,76.59,330.97,70.03,0,0,0,0,0,0,12.85,0,train-job-001
t0134,gpu-node-06,3,74.8,327.0,69.82,0,0,0,0,0,0,10.91,0,train-job-001
t0134,gpu-node-07,0,78.03,366.27,77.25,0,0,0,0,0,0,13.61,0,train-job-001
t0134,gpu-node-07,1,78.93,349.33,70.19,0,0,0,0,0,0,9.05,0,train-job-001
t0134,gpu-node-07,2,74.06,333.42,67.23,0,0,0,0,0,0,13.61,0,train-job-001
t0134,gpu-node-07,3,74.52,340.58,68.9,0,0,0,0,0,0,11.29,0,train-job-001
t0134,gpu-node-08,0,76.87,337.35,64.58,0,0,0,0,0,0,6.76,0,train-job-001
t0134,gpu-node-08,1,76.96,362.16,73.52,0,0,0,0,0,0,12.82,0,train-job-001
t0134,gpu-node-08,2,76.13,317.37,75.49,0,0,0,0,0,0,12.38,0,train-job-001
t0134,gpu-node-08,3,78.18,372.62,67.55,0,0,0,0,0,0,10.19,0,train-job-001
t0134,gpu-node-09,0,81.64,321.43,69.62,0,0,0,0,0,0,9.55,0,train-job-001
t0134,gpu-node-09,1,79.39,332.62,75.3,0,0,0,0,0,0,10.58,0,train-job-001
t0134,gpu-node-09,2,75.52,344.56,65.04,0,0,0,0,0,0,12.88,0,train-job-001
t0134,gpu-node-09,3,73.52,317.34,71.2,0,0,0,0,0,0,16.41,0,train-job-001
t0134,gpu-node-10,0,76.88,346.57,75.35,0,0,0,0,0,0,13.54,0,train-job-001
t0134,gpu-node-10,1,73.56,314.8,81.65,0,0,0,0,0,0,13.51,0,train-job-001
t0134,gpu-node-10,2,77.5,328.29,64.4,0,0,0,0,0,0,12.53,0,train-job-001
t0134,gpu-node-10,3,76.51,309.66,54.51,0,0,0,0,0,0,11.37,0,train-job-001
t0134,gpu-node-11,0,74.89,335.87,88.42,0,0,0,0,0,0,12.54,0,train-job-001
t0134,gpu-node-11,1,77.25,345.75,72.64,0,0,0,0,0,0,15.92,0,train-job-001
t0134,gpu-node-11,2,73.44,320.38,81.46,0,0,0,0,0,0,13.48,0,train-job-001
t0134,gpu-node-11,3,73.8,349.46,72.91,0,0,0,0,0,0,11.82,0,train-job-001
t0135,gpu-node-00,0,79.29,294.23,57.18,0,0,0,0,0,0,9.48,0,train-job-001
t0135,gpu-node-00,1,74.35,332.72,61.79,0,0,0,0,0,0,14.49,0,train-job-001
t0135,gpu-node-00,2,80.61,360.74,69.88,0,0,0,0,0,0,11.73,0,train-job-001
t0135,gpu-node-00,3,72.29,338.07,55.75,0,0,0,0,0,0,11.04,0,train-job-001
t0135,gpu-node-01,0,76.28,305.25,69.27,0,0,0,0,0,0,12.89,0,train-job-001
t0135,gpu-node-01,1,75.17,293.3,59.51,0,0,0,0,0,0,10.26,0,train-job-001
t0135,gpu-node-01,2,74.88,353.69,82.52,0,0,0,0,0,0,10.05,0,train-job-001
t0135,gpu-node-01,3,73.65,315.61,58.5,0,0,0,0,0,0,11.44,0,train-job-001
t0135,gpu-node-02,0,74.98,315.81,56.02,0,0,0,0,0,0,10.69,0,train-job-001
t0135,gpu-node-02,1,76.37,364.96,73.53,0,0,0,0,0,0,10.76,0,train-job-001
t0135,gpu-node-02,2,76.04,316.06,70.82,0,0,0,0,0,0,7.81,0,train-job-001
t0135,gpu-node-02,3,73.52,320.23,78.77,0,0,0,0,0,0,14.13,0,train-job-001
t0135,gpu-node-03,0,75.03,343.58,83.99,0,0,0,0,0,0,12.02,0,train-job-001
t0135,gpu-node-03,1,76.69,318.5,71.72,0,0,0,0,0,0,17.21,0,train-job-001
t0135,gpu-node-03,2,75.0,308.41,61.18,0,0,0,0,0,0,9.24,0,train-job-001
t0135,gpu-node-03,3,71.61,313.16,73.56,0,0,0,0,0,0,12.83,0,train-job-001
t0135,gpu-node-04,0,71.89,325.85,56.45,0,0,0,0,0,0,10.54,0,train-job-001
t0135,gpu-node-04,1,81.03,353.81,61.24,0,0,0,0,0,0,9.25,0,train-job-001
t0135,gpu-node-04,2,74.96,318.37,66.81,0,0,0,0,0,0,14.67,0,train-job-001
t0135,gpu-node-04,3,69.29,297.91,67.68,0,0,0,0,0,0,15.0,0,train-job-001
t0135,gpu-node-05,0,77.63,332.98,63.76,0,0,0,0,0,0,14.55,0,train-job-001
t0135,gpu-node-05,1,77.83,327.11,67.03,0,0,0,0,0,0,9.7,0,train-job-001
t0135,gpu-node-05,2,73.99,335.99,73.92,0,0,11,0,0,0,10.41,0,train-job-001
t0135,gpu-node-05,3,75.77,335.13,63.71,0,0,0,0,0,0,9.37,0,train-job-001
t0135,gpu-node-06,0,70.59,334.72,58.64,0,0,0,0,0,0,11.96,0,train-job-001
t0135,gpu-node-06,1,79.84,343.87,63.94,0,0,0,0,0,0,10.07,0,train-job-001
t0135,gpu-node-06,2,78.23,386.51,88.82,0,0,0,0,0,0,10.19,0,train-job-001
t0135,gpu-node-06,3,74.74,341.0,73.27,0,0,0,0,0,0,12.83,0,train-job-001
t0135,gpu-node-07,0,73.41,333.48,70.02,0,0,0,0,0,0,12.87,0,train-job-001
t0135,gpu-node-07,1,77.66,377.86,88.5,0,0,0,0,0,0,9.66,0,train-job-001
t0135,gpu-node-07,2,75.36,368.54,72.05,0,0,0,0,0,0,11.51,0,train-job-001
t0135,gpu-node-07,3,75.95,318.13,69.79,0,0,0,0,0,0,8.16,0,train-job-001
t0135,gpu-node-08,0,77.95,365.64,75.52,0,0,0,0,0,0,10.76,0,train-job-001
t0135,gpu-node-08,1,76.81,346.51,81.92,0,0,0,0,0,0,11.19,0,train-job-001
t0135,gpu-node-08,2,78.4,348.15,78.02,0,0,0,0,0,0,12.53,0,train-job-001
t0135,gpu-node-08,3,73.59,329.37,64.32,0,0,0,0,0,0,8.92,0,train-job-001
t0135,gpu-node-09,0,75.35,307.15,76.3,0,0,0,0,0,0,16.16,0,train-job-001
t0135,gpu-node-09,1,74.22,343.48,78.78,0,0,0,0,0,0,10.66,0,train-job-001
t0135,gpu-node-09,2,76.32,376.15,88.8,0,0,0,0,0,0,13.95,0,train-job-001
t0135,gpu-node-09,3,75.25,355.12,74.89,0,0,0,0,0,0,13.65,0,train-job-001
t0135,gpu-node-10,0,74.02,359.99,69.68,0,0,0,0,0,0,13.29,0,train-job-001
t0135,gpu-node-10,1,74.95,329.83,78.23,0,0,0,0,0,0,13.23,0,train-job-001
t0135,gpu-node-10,2,76.33,338.52,69.13,0,0,0,0,0,0,11.69,0,train-job-001
t0135,gpu-node-10,3,73.36,334.75,83.99,0,0,0,0,0,0,14.01,0,train-job-001
t0135,gpu-node-11,0,76.96,334.33,52.96,0,0,0,0,0,0,13.08,0,train-job-001
t0135,gpu-node-11,1,79.57,386.78,88.01,0,0,0,0,0,0,10.68,0,train-job-001
t0135,gpu-node-11,2,77.81,341.39,65.77,0,0,0,0,0,0,10.68,0,train-job-001
t0135,gpu-node-11,3,76.57,377.8,74.34,0,0,0,0,0,0,9.91,0,train-job-001
t0136,gpu-node-00,0,71.74,341.07,78.59,0,0,0,0,0,0,10.02,0,train-job-001
t0136,gpu-node-00,1,73.78,307.5,68.37,0,0,0,0,0,0,15.09,0,train-job-001
t0136,gpu-node-00,2,73.07,344.56,78.29,0,0,0,0,0,0,15.48,0,train-job-001
t0136,gpu-node-00,3,77.13,349.76,73.62,0,0,0,0,0,0,12.63,0,train-job-001
t0136,gpu-node-01,0,70.26,340.34,78.81,0,0,0,0,0,0,12.83,0,train-job-001
t0136,gpu-node-01,1,74.81,330.97,78.08,0,0,0,0,0,0,10.97,0,train-job-001
t0136,gpu-node-01,2,75.54,352.97,66.93,0,0,0,0,0,0,9.82,0,train-job-001
t0136,gpu-node-01,3,74.77,297.18,75.22,0,0,0,0,0,0,8.91,0,train-job-001
t0136,gpu-node-02,0,79.8,365.81,71.2,0,0,0,0,0,0,11.04,0,train-job-001
t0136,gpu-node-02,1,73.74,315.0,59.01,0,0,0,0,0,0,11.42,0,train-job-001
t0136,gpu-node-02,2,80.35,365.77,76.18,0,0,0,0,0,0,12.75,0,train-job-001
t0136,gpu-node-02,3,75.73,334.56,73.22,0,0,0,0,0,0,11.17,0,train-job-001
t0136,gpu-node-03,0,73.49,321.36,70.68,0,0,0,0,0,0,12.98,0,train-job-001
t0136,gpu-node-03,1,78.32,354.04,78.88,0,0,0,0,0,0,12.33,0,train-job-001
t0136,gpu-node-03,2,78.56,351.92,81.53,0,0,0,0,0,0,14.38,0,train-job-001
t0136,gpu-node-03,3,74.23,318.58,68.25,0,0,0,0,0,0,11.86,0,train-job-001
t0136,gpu-node-04,0,72.79,332.92,73.18,0,0,0,0,0,0,10.24,0,train-job-001
t0136,gpu-node-04,1,77.26,364.25,81.17,0,0,0,0,0,0,9.81,0,train-job-001
t0136,gpu-node-04,2,74.48,344.97,63.17,0,0,0,0,0,0,13.9,0,train-job-001
t0136,gpu-node-04,3,77.11,346.9,75.64,0,0,0,0,0,0,12.6,0,train-job-001
t0136,gpu-node-05,0,75.18,360.57,84.44,0,0,0,0,0,0,14.38,0,train-job-001
t0136,gpu-node-05,1,72.28,371.65,80.39,0,0,0,0,0,0,12.14,0,train-job-001
t0136,gpu-node-05,2,74.12,319.29,65.53,0,0,12,0,0,0,8.36,0,train-job-001
t0136,gpu-node-05,3,72.87,320.35,67.85,0,0,0,0,0,0,12.35,0,train-job-001
t0136,gpu-node-06,0,72.96,308.87,62.91,0,0,0,0,0,0,16.08,0,train-job-001
t0136,gpu-node-06,1,77.66,319.18,79.89,0,0,0,0,0,0,12.83,0,train-job-001
t0136,gpu-node-06,2,74.8,315.02,72.36,0,0,0,0,0,0,10.58,0,train-job-001
t0136,gpu-node-06,3,73.79,357.19,64.21,0,0,0,0,0,0,8.9,0,train-job-001
t0136,gpu-node-07,0,76.75,333.44,74.09,0,0,0,0,0,0,9.45,0,train-job-001
t0136,gpu-node-07,1,71.11,327.37,68.3,0,0,0,0,0,0,10.09,0,train-job-001
t0136,gpu-node-07,2,73.82,306.75,72.58,0,0,0,0,0,0,12.5,0,train-job-001
t0136,gpu-node-07,3,71.12,322.66,82.62,0,0,0,0,0,0,12.68,0,train-job-001
t0136,gpu-node-08,0,74.32,325.21,62.66,0,0,0,0,0,0,13.94,0,train-job-001
t0136,gpu-node-08,1,74.34,366.67,80.8,0,0,0,0,0,0,11.9,0,train-job-001
t0136,gpu-node-08,2,73.44,346.09,66.61,0,0,0,0,0,0,13.81,0,train-job-001
t0136,gpu-node-08,3,77.42,323.89,71.58,0,0,0,0,0,0,12.03,0,train-job-001
t0136,gpu-node-09,0,77.81,359.11,64.97,0,0,0,0,0,0,11.71,0,train-job-001
t0136,gpu-node-09,1,77.77,336.87,66.9,0,0,0,0,0,0,11.88,0,train-job-001
t0136,gpu-node-09,2,80.97,347.95,68.29,0,0,0,0,0,0,11.51,0,train-job-001
t0136,gpu-node-09,3,73.69,385.45,80.53,0,0,0,0,0,0,10.72,0,train-job-001
t0136,gpu-node-10,0,77.78,328.23,75.61,0,0,0,0,0,0,12.27,0,train-job-001
t0136,gpu-node-10,1,69.59,326.38,68.65,0,0,0,0,0,0,10.88,0,train-job-001
t0136,gpu-node-10,2,74.95,353.26,68.41,0,0,0,0,0,0,10.73,0,train-job-001
t0136,gpu-node-10,3,75.73,348.65,74.59,0,0,0,0,0,0,12.43,0,train-job-001
t0136,gpu-node-11,0,75.15,311.85,82.46,0,0,0,0,0,0,10.17,0,train-job-001
t0136,gpu-node-11,1,76.65,336.46,82.31,0,0,0,0,0,0,16.33,0,train-job-001
t0136,gpu-node-11,2,76.2,350.9,74.91,0,0,0,0,0,0,11.8,0,train-job-001
t0136,gpu-node-11,3,77.38,338.72,65.44,0,0,0,0,0,0,12.21,0,train-job-001
t0137,gpu-node-00,0,75.28,339.65,84.84,0,0,0,0,0,0,14.43,0,train-job-001
t0137,gpu-node-00,1,75.89,342.68,80.34,0,0,0,0,0,0,13.45,0,train-job-001
t0137,gpu-node-00,2,73.27,327.17,75.21,0,0,0,0,0,0,10.4,0,train-job-001
t0137,gpu-node-00,3,79.69,348.52,69.06,0,0,0,0,0,0,12.5,0,train-job-001
t0137,gpu-node-01,0,77.7,322.75,74.48,0,0,0,0,0,0,8.46,0,train-job-001
t0137,gpu-node-01,1,76.03,334.98,82.94,0,0,0,0,0,0,13.91,0,train-job-001
t0137,gpu-node-01,2,73.54,324.01,59.81,0,0,0,0,0,0,11.19,0,train-job-001
t0137,gpu-node-01,3,71.04,313.39,68.17,0,0,0,0,0,0,12.72,0,train-job-001
t0137,gpu-node-02,0,79.71,327.13,67.5,0,0,0,0,0,0,9.95,0,train-job-001
t0137,gpu-node-02,1,76.53,353.22,69.44,0,0,0,0,0,0,17.53,0,train-job-001
t0137,gpu-node-02,2,77.07,334.52,71.91,0,0,0,0,0,0,11.59,0,train-job-001
t0137,gpu-node-02,3,74.8,321.86,60.53,0,0,0,0,0,0,10.86,0,train-job-001
t0137,gpu-node-03,0,75.59,324.94,67.45,0,0,0,0,0,0,9.69,0,train-job-001
t0137,gpu-node-03,1,75.48,338.56,87.77,0,0,0,0,0,0,14.94,0,train-job-001
t0137,gpu-node-03,2,72.83,332.1,75.84,0,0,0,0,0,0,9.94,0,train-job-001
t0137,gpu-node-03,3,75.39,356.6,75.32,0,0,0,0,0,0,11.36,0,train-job-001
t0137,gpu-node-04,0,74.1,319.59,77.94,0,0,0,0,0,0,14.84,0,train-job-001
t0137,gpu-node-04,1,73.32,367.69,87.06,0,0,0,0,0,0,13.07,0,train-job-001
t0137,gpu-node-04,2,80.18,332.34,64.81,0,0,0,0,0,0,12.63,0,train-job-001
t0137,gpu-node-04,3,78.25,319.07,56.69,0,0,0,0,0,0,13.17,0,train-job-001
t0137,gpu-node-05,0,74.16,316.76,71.9,0,0,0,0,0,0,13.98,0,train-job-001
t0137,gpu-node-05,1,75.74,331.75,75.47,0,0,0,0,0,0,12.24,0,train-job-001
t0137,gpu-node-05,2,70.2,354.13,75.57,0,0,12,0,0,0,11.79,0,train-job-001
t0137,gpu-node-05,3,85.46,334.37,68.11,0,0,0,0,0,0,13.26,0,train-job-001
t0137,gpu-node-06,0,73.15,352.58,81.84,0,0,0,0,0,0,11.14,0,train-job-001
t0137,gpu-node-06,1,75.04,339.1,77.41,0,0,0,0,0,0,12.23,0,train-job-001
t0137,gpu-node-06,2,73.49,324.52,56.63,0,0,0,0,0,0,11.59,0,train-job-001
t0137,gpu-node-06,3,78.44,300.94,57.34,0,0,0,0,0,0,12.01,0,train-job-001
t0137,gpu-node-07,0,73.63,337.46,84.64,0,0,0,0,0,0,15.19,0,train-job-001
t0137,gpu-node-07,1,72.2,307.27,72.54,0,0,0,0,0,0,11.34,0,train-job-001
t0137,gpu-node-07,2,74.97,354.79,81.37,0,0,0,0,0,0,11.31,0,train-job-001
t0137,gpu-node-07,3,73.56,368.69,77.84,0,0,0,0,0,0,12.37,0,train-job-001
t0137,gpu-node-08,0,76.49,338.27,64.16,0,0,0,0,0,0,11.71,0,train-job-001
t0137,gpu-node-08,1,73.73,336.61,72.16,0,0,0,0,0,0,13.43,0,train-job-001
t0137,gpu-node-08,2,76.15,368.48,89.99,0,0,0,0,0,0,12.04,0,train-job-001
t0137,gpu-node-08,3,78.65,293.02,72.08,0,0,0,0,0,0,10.01,0,train-job-001
t0137,gpu-node-09,0,73.29,346.63,69.91,0,0,0,0,0,0,12.04,0,train-job-001
t0137,gpu-node-09,1,75.36,346.43,85.47,0,0,0,0,0,0,11.66,0,train-job-001
t0137,gpu-node-09,2,73.51,363.7,72.28,0,0,0,0,0,0,10.54,0,train-job-001
t0137,gpu-node-09,3,78.17,298.98,61.0,0,0,0,0,0,0,12.15,0,train-job-001
t0137,gpu-node-10,0,69.6,334.17,68.77,0,0,0,0,0,0,9.93,0,train-job-001
t0137,gpu-node-10,1,75.57,327.55,72.37,0,0,0,0,0,0,10.36,0,train-job-001
t0137,gpu-node-10,2,76.7,321.0,76.58,0,0,0,0,0,0,12.17,0,train-job-001
t0137,gpu-node-10,3,71.94,341.55,72.18,0,0,0,0,0,0,12.12,0,train-job-001
t0137,gpu-node-11,0,80.91,371.02,77.3,0,0,0,0,0,0,11.35,0,train-job-001
t0137,gpu-node-11,1,73.39,349.15,73.37,0,0,0,0,0,0,12.57,0,train-job-001
t0137,gpu-node-11,2,71.7,283.76,52.21,0,0,0,0,0,0,11.21,0,train-job-001
t0137,gpu-node-11,3,77.63,340.76,80.75,0,0,0,0,0,0,11.81,0,train-job-001
t0138,gpu-node-00,0,73.83,330.47,66.23,0,0,0,0,0,0,15.47,0,train-job-001
t0138,gpu-node-00,1,74.53,332.14,73.78,0,0,0,0,0,0,12.83,0,train-job-001
t0138,gpu-node-00,2,76.31,349.19,79.88,0,0,0,0,0,0,13.24,0,train-job-001
t0138,gpu-node-00,3,72.94,324.5,67.05,0,0,0,0,0,0,13.97,0,train-job-001
t0138,gpu-node-01,0,75.22,335.85,73.15,0,0,0,0,0,0,11.73,0,train-job-001
t0138,gpu-node-01,1,78.2,304.46,52.44,0,0,0,0,0,0,12.15,0,train-job-001
t0138,gpu-node-01,2,78.77,349.96,71.48,0,0,0,0,0,0,10.25,0,train-job-001
t0138,gpu-node-01,3,75.31,339.44,76.94,0,0,0,0,0,0,10.33,0,train-job-001
t0138,gpu-node-02,0,74.38,302.87,75.59,0,0,0,0,0,0,13.42,0,train-job-001
t0138,gpu-node-02,1,73.96,350.47,67.13,0,0,0,0,0,0,10.49,0,train-job-001
t0138,gpu-node-02,2,73.33,347.16,85.11,0,0,0,0,0,0,10.75,0,train-job-001
t0138,gpu-node-02,3,72.56,282.68,58.41,0,0,0,0,0,0,12.22,0,train-job-001
t0138,gpu-node-03,0,76.44,357.07,73.79,0,0,0,0,0,0,9.95,0,train-job-001
t0138,gpu-node-03,1,80.38,322.76,66.73,0,0,0,0,0,0,16.68,0,train-job-001
t0138,gpu-node-03,2,75.34,330.53,72.34,0,0,0,0,0,0,11.7,0,train-job-001
t0138,gpu-node-03,3,76.03,314.41,69.37,0,0,0,0,0,0,7.39,0,train-job-001
t0138,gpu-node-04,0,70.65,315.83,79.57,0,0,0,0,0,0,8.76,0,train-job-001
t0138,gpu-node-04,1,74.08,331.52,79.7,0,0,0,0,0,0,11.04,0,train-job-001
t0138,gpu-node-04,2,77.36,364.12,78.44,0,0,0,0,0,0,10.16,0,train-job-001
t0138,gpu-node-04,3,72.58,320.43,74.66,0,0,0,0,0,0,13.98,0,train-job-001
t0138,gpu-node-05,0,74.09,325.82,70.09,0,0,0,0,0,0,14.43,0,train-job-001
t0138,gpu-node-05,1,72.94,316.58,78.38,0,0,0,0,0,0,9.95,0,train-job-001
t0138,gpu-node-05,2,75.36,331.43,84.36,0,0,13,0,0,0,14.05,0,train-job-001
t0138,gpu-node-05,3,75.2,324.32,61.5,0,0,0,0,0,0,8.69,0,train-job-001
t0138,gpu-node-06,0,77.08,348.22,77.03,0,0,0,0,0,0,10.57,0,train-job-001
t0138,gpu-node-06,1,73.76,305.48,63.27,0,0,0,0,0,0,11.91,0,train-job-001
t0138,gpu-node-06,2,79.48,361.44,67.69,0,0,0,0,0,0,12.15,0,train-job-001
t0138,gpu-node-06,3,79.52,352.88,75.36,0,0,0,0,0,0,13.49,0,train-job-001
t0138,gpu-node-07,0,77.71,345.4,73.37,0,0,0,0,0,0,9.99,0,train-job-001
t0138,gpu-node-07,1,70.56,344.53,80.19,0,0,0,0,0,0,14.16,0,train-job-001
t0138,gpu-node-07,2,75.84,323.22,64.13,0,0,0,0,0,0,12.77,0,train-job-001
t0138,gpu-node-07,3,74.87,330.3,87.28,0,0,0,0,0,0,10.94,0,train-job-001
t0138,gpu-node-08,0,77.36,332.84,66.28,0,0,0,0,0,0,13.67,0,train-job-001
t0138,gpu-node-08,1,76.26,322.08,87.6,0,0,0,0,0,0,13.16,0,train-job-001
t0138,gpu-node-08,2,74.99,285.08,60.8,0,0,0,0,0,0,15.43,0,train-job-001
t0138,gpu-node-08,3,72.33,274.5,63.63,0,0,0,0,0,0,13.62,0,train-job-001
t0138,gpu-node-09,0,73.87,331.71,61.05,0,0,0,0,0,0,12.41,0,train-job-001
t0138,gpu-node-09,1,77.23,363.07,78.7,0,0,0,0,0,0,8.56,0,train-job-001
t0138,gpu-node-09,2,73.54,337.87,58.91,0,0,0,0,0,0,11.45,0,train-job-001
t0138,gpu-node-09,3,80.67,368.03,74.16,0,0,0,0,0,0,10.95,0,train-job-001
t0138,gpu-node-10,0,78.62,343.18,74.22,0,0,0,0,0,0,13.66,0,train-job-001
t0138,gpu-node-10,1,77.03,357.0,79.66,0,0,0,0,0,0,13.38,0,train-job-001
t0138,gpu-node-10,2,69.6,287.92,65.59,0,0,0,0,0,0,13.23,0,train-job-001
t0138,gpu-node-10,3,74.12,325.38,69.93,0,0,0,0,0,0,10.05,0,train-job-001
t0138,gpu-node-11,0,74.76,317.62,62.06,0,0,0,0,0,0,10.55,0,train-job-001
t0138,gpu-node-11,1,74.02,311.06,62.28,0,0,0,0,0,0,13.72,0,train-job-001
t0138,gpu-node-11,2,74.84,370.45,82.97,0,0,0,0,0,0,14.91,0,train-job-001
t0138,gpu-node-11,3,78.01,326.29,71.86,0,0,0,0,0,0,11.15,0,train-job-001
t0139,gpu-node-00,0,76.26,325.74,67.21,0,0,0,0,0,0,11.57,0,train-job-001
t0139,gpu-node-00,1,76.31,319.1,64.73,0,0,0,0,0,0,12.24,0,train-job-001
t0139,gpu-node-00,2,77.36,336.43,67.73,0,0,0,0,0,0,9.17,0,train-job-001
t0139,gpu-node-00,3,75.44,335.42,69.6,0,0,0,0,0,0,12.61,0,train-job-001
t0139,gpu-node-01,0,76.61,332.58,61.0,0,0,0,0,0,0,13.77,0,train-job-001
t0139,gpu-node-01,1,75.8,373.57,84.35,0,0,0,0,0,0,15.14,0,train-job-001
t0139,gpu-node-01,2,71.24,325.48,60.71,0,0,0,0,0,0,13.07,0,train-job-001
t0139,gpu-node-01,3,74.49,352.41,62.08,0,0,0,0,0,0,11.32,0,train-job-001
t0139,gpu-node-02,0,74.88,344.82,74.42,0,0,0,0,0,0,13.76,0,train-job-001
t0139,gpu-node-02,1,78.68,358.88,71.55,0,0,0,0,0,0,12.25,0,train-job-001
t0139,gpu-node-02,2,72.54,335.15,77.62,0,0,0,0,0,0,14.15,0,train-job-001
t0139,gpu-node-02,3,70.98,329.11,67.38,0,0,0,0,0,0,9.92,0,train-job-001
t0139,gpu-node-03,0,74.63,345.86,72.3,0,0,0,0,0,0,13.2,0,train-job-001
t0139,gpu-node-03,1,76.04,336.78,71.86,0,0,0,0,0,0,14.55,0,train-job-001
t0139,gpu-node-03,2,77.19,377.11,84.95,0,0,0,0,0,0,12.94,0,train-job-001
t0139,gpu-node-03,3,78.32,334.6,75.16,0,0,0,0,0,0,11.36,0,train-job-001
t0139,gpu-node-04,0,73.07,341.59,65.46,0,0,0,0,0,0,13.27,0,train-job-001
t0139,gpu-node-04,1,72.71,298.42,70.64,0,0,0,0,0,0,11.68,0,train-job-001
t0139,gpu-node-04,2,77.22,332.74,63.0,0,0,0,0,0,0,12.45,0,train-job-001
t0139,gpu-node-04,3,73.27,322.4,64.99,0,0,0,0,0,0,12.15,0,train-job-001
t0139,gpu-node-05,0,77.22,293.88,66.05,0,0,0,0,0,0,10.37,0,train-job-001
t0139,gpu-node-05,1,74.46,335.02,70.89,0,0,0,0,0,0,9.1,0,train-job-001
t0139,gpu-node-05,2,72.24,376.67,78.17,0,0,13,0,0,0,11.11,0,train-job-001
t0139,gpu-node-05,3,72.76,352.94,55.84,0,0,0,0,0,0,10.64,0,train-job-001
t0139,gpu-node-06,0,80.44,324.25,71.21,0,0,0,0,0,0,11.07,0,train-job-001
t0139,gpu-node-06,1,72.31,314.09,64.8,0,0,0,0,0,0,8.75,0,train-job-001
t0139,gpu-node-06,2,77.25,289.04,70.42,0,0,0,0,0,0,12.99,0,train-job-001
t0139,gpu-node-06,3,77.71,333.08,76.1,0,0,0,0,0,0,10.99,0,train-job-001
t0139,gpu-node-07,0,77.61,363.32,77.95,0,0,0,0,0,0,11.46,0,train-job-001
t0139,gpu-node-07,1,78.16,338.27,76.36,0,0,0,0,0,0,14.27,0,train-job-001
t0139,gpu-node-07,2,68.95,311.11,73.9,0,0,0,0,0,0,9.21,0,train-job-001
t0139,gpu-node-07,3,77.58,313.1,76.0,0,0,0,0,0,0,13.07,0,train-job-001
t0139,gpu-node-08,0,72.38,370.6,73.89,0,0,0,0,0,0,10.44,0,train-job-001
t0139,gpu-node-08,1,78.2,327.86,63.68,0,0,0,0,0,0,8.63,0,train-job-001
t0139,gpu-node-08,2,71.98,299.27,70.26,0,0,0,0,0,0,11.44,0,train-job-001
t0139,gpu-node-08,3,71.36,348.4,71.85,0,0,0,0,0,0,13.36,0,train-job-001
t0139,gpu-node-09,0,75.2,316.02,91.66,0,0,0,0,0,0,13.37,0,train-job-001
t0139,gpu-node-09,1,72.46,365.97,78.09,0,0,0,0,0,0,13.73,0,train-job-001
t0139,gpu-node-09,2,72.9,363.85,72.88,0,0,0,0,0,0,10.78,0,train-job-001
t0139,gpu-node-09,3,72.32,309.95,56.57,0,0,0,0,0,0,8.93,0,train-job-001
t0139,gpu-node-10,0,72.17,342.09,76.36,0,0,0,0,0,0,11.4,0,train-job-001
t0139,gpu-node-10,1,75.98,360.78,80.29,0,0,0,0,0,0,13.64,0,train-job-001
t0139,gpu-node-10,2,75.43,332.7,67.43,0,0,0,0,0,0,10.32,0,train-job-001
t0139,gpu-node-10,3,71.7,361.56,84.18,0,0,0,0,0,0,11.73,0,train-job-001
t0139,gpu-node-11,0,71.06,344.32,60.31,0,0,0,0,0,0,11.38,0,train-job-001
t0139,gpu-node-11,1,77.62,346.26,62.82,0,0,0,0,0,0,14.58,0,train-job-001
t0139,gpu-node-11,2,84.43,341.29,86.14,0,0,0,0,0,0,9.4,0,train-job-001
t0139,gpu-node-11,3,76.04,362.04,75.25,0,0,0,0,0,0,13.71,0,train-job-001
t0140,gpu-node-00,0,72.86,368.71,88.79,0,0,0,0,0,0,13.79,0,train-job-001
t0140,gpu-node-00,1,75.3,324.45,57.9,0,0,0,0,0,0,11.91,0,train-job-001
t0140,gpu-node-00,2,77.2,344.37,81.88,0,0,0,0,0,0,8.83,0,train-job-001
t0140,gpu-node-00,3,77.2,336.81,69.37,0,0,0,0,0,0,13.12,0,train-job-001
t0140,gpu-node-01,0,74.47,312.72,59.23,0,0,0,0,0,0,11.44,0,train-job-001
t0140,gpu-node-01,1,69.35,318.01,59.54,0,0,0,0,0,0,15.34,0,train-job-001
t0140,gpu-node-01,2,73.95,338.22,84.17,0,0,0,0,0,0,8.3,0,train-job-001
t0140,gpu-node-01,3,76.89,338.12,67.86,0,0,0,0,0,0,10.95,0,train-job-001
t0140,gpu-node-02,0,77.23,354.34,82.69,0,0,0,0,0,0,8.75,0,train-job-001
t0140,gpu-node-02,1,79.45,335.88,70.51,0,0,0,0,0,0,12.91,0,train-job-001
t0140,gpu-node-02,2,70.98,346.49,73.43,0,0,0,0,0,0,11.26,0,train-job-001
t0140,gpu-node-02,3,77.35,351.72,80.85,0,0,0,0,0,0,12.88,0,train-job-001
t0140,gpu-node-03,0,77.44,353.71,83.04,0,0,0,0,0,0,9.33,0,train-job-001
t0140,gpu-node-03,1,75.01,365.24,82.69,0,0,0,0,0,0,11.63,0,train-job-001
t0140,gpu-node-03,2,77.23,368.55,80.27,0,0,0,0,0,0,11.44,0,train-job-001
t0140,gpu-node-03,3,78.03,335.41,65.67,0,0,0,0,0,0,11.27,0,train-job-001
t0140,gpu-node-04,0,74.57,341.05,62.0,0,0,0,0,0,0,7.53,0,train-job-001
t0140,gpu-node-04,1,72.72,338.15,77.69,0,0,0,0,0,0,11.47,0,train-job-001
t0140,gpu-node-04,2,76.65,335.75,78.38,0,0,0,0,0,0,12.32,0,train-job-001
t0140,gpu-node-04,3,74.04,330.57,70.31,0,0,0,0,0,0,11.42,0,train-job-001
t0140,gpu-node-05,0,77.96,347.02,80.69,0,0,0,0,0,0,10.17,0,train-job-001
t0140,gpu-node-05,1,78.32,356.67,62.85,0,0,0,0,0,0,10.04,0,train-job-001
t0140,gpu-node-05,2,78.65,344.75,76.02,0,0,14,0,0,0,11.65,0,train-job-001
t0140,gpu-node-05,3,77.46,373.18,78.92,0,0,0,0,0,0,5.68,0,train-job-001
t0140,gpu-node-06,0,74.76,335.28,68.09,0,0,0,0,0,0,11.5,0,train-job-001
t0140,gpu-node-06,1,76.97,336.23,66.17,0,0,0,0,0,0,11.96,0,train-job-001
t0140,gpu-node-06,2,80.04,343.71,70.32,0,0,0,0,0,0,10.13,0,train-job-001
t0140,gpu-node-06,3,78.57,371.71,77.71,0,0,0,0,0,0,13.82,0,train-job-001
t0140,gpu-node-07,0,75.83,331.73,67.94,0,0,0,0,0,0,9.91,0,train-job-001
t0140,gpu-node-07,1,72.98,347.62,85.76,0,0,0,0,0,0,11.23,0,train-job-001
t0140,gpu-node-07,2,75.19,289.9,50.96,0,0,0,0,0,0,14.89,0,train-job-001
t0140,gpu-node-07,3,76.59,350.09,59.74,0,0,0,0,0,0,14.84,0,train-job-001
t0140,gpu-node-08,0,79.37,348.98,78.5,0,0,0,0,0,0,9.35,0,train-job-001
t0140,gpu-node-08,1,68.87,332.74,57.61,0,0,0,0,0,0,12.49,0,train-job-001
t0140,gpu-node-08,2,74.31,358.25,65.45,0,0,0,0,0,0,12.16,0,train-job-001
t0140,gpu-node-08,3,73.65,304.42,67.57,0,0,0,0,0,0,11.69,0,train-job-001
t0140,gpu-node-09,0,75.81,332.0,72.33,0,0,0,0,0,0,10.3,0,train-job-001
t0140,gpu-node-09,1,77.88,365.19,74.74,0,0,0,0,0,0,12.33,0,train-job-001
t0140,gpu-node-09,2,73.51,334.34,80.73,0,0,0,0,0,0,6.4,0,train-job-001
t0140,gpu-node-09,3,77.06,286.67,68.42,0,0,0,0,0,0,10.66,0,train-job-001
t0140,gpu-node-10,0,73.87,297.28,83.5,0,0,0,0,0,0,10.96,0,train-job-001
t0140,gpu-node-10,1,73.79,357.21,70.98,0,0,0,0,0,0,13.15,0,train-job-001
t0140,gpu-node-10,2,75.22,308.66,73.2,0,0,0,0,0,0,15.13,0,train-job-001
t0140,gpu-node-10,3,80.27,352.35,70.6,0,0,0,0,0,0,9.39,0,train-job-001
t0140,gpu-node-11,0,75.17,327.61,44.93,0,0,0,0,0,0,12.38,0,train-job-001
t0140,gpu-node-11,1,72.72,315.58,54.43,0,0,0,0,0,0,8.76,0,train-job-001
t0140,gpu-node-11,2,75.05,356.68,72.98,0,0,0,0,0,0,12.62,0,train-job-001
t0140,gpu-node-11,3,78.65,350.9,66.72,0,0,0,0,0,0,13.88,0,train-job-001
t0141,gpu-node-00,0,72.6,331.85,69.59,0,0,0,0,0,0,12.17,0,train-job-001
t0141,gpu-node-00,1,78.22,309.9,68.42,0,0,0,0,0,0,13.44,0,train-job-001
t0141,gpu-node-00,2,74.29,330.8,79.96,0,0,0,0,0,0,15.31,0,train-job-001
t0141,gpu-node-00,3,74.98,328.9,75.76,0,0,0,0,0,0,13.54,0,train-job-001
t0141,gpu-node-01,0,73.4,365.84,86.25,0,0,0,0,0,0,14.56,0,train-job-001
t0141,gpu-node-01,1,75.23,327.96,76.39,0,0,0,0,0,0,11.78,0,train-job-001
t0141,gpu-node-01,2,79.03,359.7,74.12,0,0,0,0,0,0,13.88,0,train-job-001
t0141,gpu-node-01,3,75.8,339.59,69.91,0,0,0,0,0,0,12.38,0,train-job-001
t0141,gpu-node-02,0,73.33,357.24,83.55,0,0,0,0,0,0,11.55,0,train-job-001
t0141,gpu-node-02,1,73.33,288.17,65.02,0,0,0,0,0,0,12.84,0,train-job-001
t0141,gpu-node-02,2,75.45,335.98,70.65,0,0,0,0,0,0,11.23,0,train-job-001
t0141,gpu-node-02,3,74.98,358.55,77.78,0,0,0,0,0,0,9.29,0,train-job-001
t0141,gpu-node-03,0,78.44,365.86,84.74,0,0,0,0,0,0,11.38,0,train-job-001
t0141,gpu-node-03,1,72.01,305.93,63.0,0,0,0,0,0,0,10.76,0,train-job-001
t0141,gpu-node-03,2,75.59,350.73,67.06,0,0,0,0,0,0,10.69,0,train-job-001
t0141,gpu-node-03,3,69.77,308.59,73.83,0,0,0,0,0,0,11.17,0,train-job-001
t0141,gpu-node-04,0,78.24,384.11,77.52,0,0,0,0,0,0,12.04,0,train-job-001
t0141,gpu-node-04,1,73.41,362.01,81.3,0,0,0,0,0,0,10.95,0,train-job-001
t0141,gpu-node-04,2,71.54,320.45,58.76,0,0,0,0,0,0,12.48,0,train-job-001
t0141,gpu-node-04,3,73.95,321.7,68.77,0,0,0,0,0,0,12.76,0,train-job-001
t0141,gpu-node-05,0,76.06,303.44,62.98,0,0,0,0,0,0,8.53,0,train-job-001
t0141,gpu-node-05,1,73.25,349.6,76.93,0,0,0,0,0,0,15.44,0,train-job-001
t0141,gpu-node-05,2,75.26,337.77,68.4,0,0,14,0,0,0,9.72,0,train-job-001
t0141,gpu-node-05,3,75.01,346.74,67.8,0,0,0,0,0,0,12.0,0,train-job-001
t0141,gpu-node-06,0,73.84,331.44,70.22,0,0,0,0,0,0,12.67,0,train-job-001
t0141,gpu-node-06,1,74.64,333.59,77.79,0,0,0,0,0,0,11.74,0,train-job-001
t0141,gpu-node-06,2,71.53,309.06,70.31,0,0,0,0,0,0,13.69,0,train-job-001
t0141,gpu-node-06,3,70.42,321.56,56.65,0,0,0,0,0,0,10.65,0,train-job-001
t0141,gpu-node-07,0,74.37,344.5,77.08,0,0,0,0,0,0,8.53,0,train-job-001
t0141,gpu-node-07,1,72.92,342.49,78.56,0,0,0,0,0,0,10.29,0,train-job-001
t0141,gpu-node-07,2,75.81,327.24,73.25,0,0,0,0,0,0,11.96,0,train-job-001
t0141,gpu-node-07,3,73.71,338.97,78.36,0,0,0,0,0,0,13.08,0,train-job-001
t0141,gpu-node-08,0,79.26,350.84,73.36,0,0,0,0,0,0,13.8,0,train-job-001
t0141,gpu-node-08,1,76.9,304.55,61.65,0,0,0,0,0,0,13.62,0,train-job-001
t0141,gpu-node-08,2,73.88,337.71,62.06,0,0,0,0,0,0,11.09,0,train-job-001
t0141,gpu-node-08,3,77.43,339.11,79.23,0,0,0,0,0,0,9.76,0,train-job-001
t0141,gpu-node-09,0,74.02,345.59,82.78,0,0,0,0,0,0,13.14,0,train-job-001
t0141,gpu-node-09,1,76.27,349.41,76.27,0,0,0,0,0,0,15.09,0,train-job-001
t0141,gpu-node-09,2,72.58,326.24,72.09,0,0,0,0,0,0,9.8,0,train-job-001
t0141,gpu-node-09,3,73.03,363.9,61.93,0,0,0,0,0,0,12.83,0,train-job-001
t0141,gpu-node-10,0,76.28,335.94,90.63,0,0,0,0,0,0,11.88,0,train-job-001
t0141,gpu-node-10,1,74.12,333.82,62.9,0,0,0,0,0,0,13.85,0,train-job-001
t0141,gpu-node-10,2,76.38,349.01,75.18,0,0,0,0,0,0,9.09,0,train-job-001
t0141,gpu-node-10,3,70.24,316.62,68.45,0,0,0,0,0,0,13.76,0,train-job-001
t0141,gpu-node-11,0,80.25,368.54,81.94,0,0,0,0,0,0,14.26,0,train-job-001
t0141,gpu-node-11,1,75.38,372.74,92.55,0,0,0,0,0,0,8.71,0,train-job-001
t0141,gpu-node-11,2,71.5,337.24,67.51,0,0,0,0,0,0,12.8,0,train-job-001
t0141,gpu-node-11,3,75.83,316.39,72.5,0,0,0,0,0,0,8.75,0,train-job-001
t0142,gpu-node-00,0,71.68,337.87,79.57,0,0,0,0,0,0,10.93,0,train-job-001
t0142,gpu-node-00,1,75.86,352.48,76.82,0,0,0,0,0,0,11.43,0,train-job-001
t0142,gpu-node-00,2,76.91,361.55,79.9,0,0,0,0,0,0,15.86,0,train-job-001
t0142,gpu-node-00,3,74.17,375.5,79.77,0,0,0,0,0,0,12.4,0,train-job-001
t0142,gpu-node-01,0,73.41,331.0,65.12,0,0,0,0,0,0,13.1,0,train-job-001
t0142,gpu-node-01,1,73.65,320.38,57.45,0,0,0,0,0,0,11.96,0,train-job-001
t0142,gpu-node-01,2,75.68,332.92,78.94,0,0,0,0,0,0,12.53,0,train-job-001
t0142,gpu-node-01,3,73.37,304.33,65.69,0,0,0,0,0,0,9.86,0,train-job-001
t0142,gpu-node-02,0,75.69,318.84,65.44,0,0,0,0,0,0,9.46,0,train-job-001
t0142,gpu-node-02,1,70.81,347.83,84.89,0,0,0,0,0,0,14.6,0,train-job-001
t0142,gpu-node-02,2,76.5,316.5,67.19,0,0,0,0,0,0,11.2,0,train-job-001
t0142,gpu-node-02,3,75.12,370.18,75.87,0,0,0,0,0,0,10.95,0,train-job-001
t0142,gpu-node-03,0,81.17,363.23,80.01,0,0,0,0,0,0,9.4,0,train-job-001
t0142,gpu-node-03,1,72.99,327.38,83.61,0,0,0,0,0,0,9.08,0,train-job-001
t0142,gpu-node-03,2,74.99,336.0,71.28,0,0,0,0,0,0,12.5,0,train-job-001
t0142,gpu-node-03,3,75.21,308.98,70.34,0,0,0,0,0,0,10.61,0,train-job-001
t0142,gpu-node-04,0,77.45,358.14,80.48,0,0,0,0,0,0,12.17,0,train-job-001
t0142,gpu-node-04,1,76.81,358.82,75.84,0,0,0,0,0,0,11.9,0,train-job-001
t0142,gpu-node-04,2,76.13,322.78,65.53,0,0,0,0,0,0,12.09,0,train-job-001
t0142,gpu-node-04,3,75.72,333.42,67.96,0,0,0,0,0,0,13.68,0,train-job-001
t0142,gpu-node-05,0,70.98,344.67,70.11,0,0,0,0,0,0,13.92,0,train-job-001
t0142,gpu-node-05,1,77.81,378.23,77.85,0,0,0,0,0,0,11.24,0,train-job-001
t0142,gpu-node-05,2,81.24,367.42,84.92,0,0,15,0,0,0,10.74,0,train-job-001
t0142,gpu-node-05,3,75.9,347.12,64.74,0,0,0,0,0,0,13.18,0,train-job-001
t0142,gpu-node-06,0,75.57,349.63,69.05,0,0,0,0,0,0,9.04,0,train-job-001
t0142,gpu-node-06,1,75.74,340.21,66.03,0,0,0,0,0,0,12.97,0,train-job-001
t0142,gpu-node-06,2,80.29,335.22,79.24,0,0,0,0,0,0,15.51,0,train-job-001
t0142,gpu-node-06,3,74.75,326.37,74.86,0,0,0,0,0,0,11.41,0,train-job-001
t0142,gpu-node-07,0,71.37,337.97,80.58,0,0,0,0,0,0,12.2,0,train-job-001
t0142,gpu-node-07,1,76.32,350.14,58.24,0,0,0,0,0,0,15.82,0,train-job-001
t0142,gpu-node-07,2,76.9,311.35,66.72,0,0,0,0,0,0,13.74,0,train-job-001
t0142,gpu-node-07,3,74.51,347.1,78.13,0,0,0,0,0,0,12.06,0,train-job-001
t0142,gpu-node-08,0,71.74,317.53,75.12,0,0,0,0,0,0,13.65,0,train-job-001
t0142,gpu-node-08,1,78.16,311.75,70.01,0,0,0,0,0,0,9.0,0,train-job-001
t0142,gpu-node-08,2,76.1,332.29,74.1,0,0,0,0,0,0,11.14,0,train-job-001
t0142,gpu-node-08,3,74.36,350.85,70.87,0,0,0,0,0,0,11.59,0,train-job-001
t0142,gpu-node-09,0,76.48,344.77,67.81,0,0,0,0,0,0,11.59,0,train-job-001
t0142,gpu-node-09,1,75.33,328.21,76.62,0,0,0,0,0,0,8.81,0,train-job-001
t0142,gpu-node-09,2,75.12,347.99,79.29,0,0,0,0,0,0,11.62,0,train-job-001
t0142,gpu-node-09,3,77.05,295.64,63.42,0,0,0,0,0,0,12.27,0,train-job-001
t0142,gpu-node-10,0,80.38,346.96,78.61,0,0,0,0,0,0,7.25,0,train-job-001
t0142,gpu-node-10,1,74.52,333.93,65.09,0,0,0,0,0,0,11.81,0,train-job-001
t0142,gpu-node-10,2,75.95,339.11,75.87,0,0,0,0,0,0,11.12,0,train-job-001
t0142,gpu-node-10,3,77.33,320.6,60.53,0,0,0,0,0,0,11.53,0,train-job-001
t0142,gpu-node-11,0,76.84,315.88,68.56,0,0,0,0,0,0,12.48,0,train-job-001
t0142,gpu-node-11,1,76.73,318.65,77.79,0,0,0,0,0,0,7.76,0,train-job-001
t0142,gpu-node-11,2,76.2,313.19,70.1,0,0,0,0,0,0,17.08,0,train-job-001
t0142,gpu-node-11,3,74.27,316.71,62.46,0,0,0,0,0,0,12.36,0,train-job-001
t0143,gpu-node-00,0,74.77,320.29,56.41,0,0,0,0,0,0,12.06,0,train-job-001
t0143,gpu-node-00,1,72.51,335.12,63.71,0,0,0,0,0,0,10.78,0,train-job-001
t0143,gpu-node-00,2,76.06,265.96,51.11,0,0,0,0,0,0,14.24,0,train-job-001
t0143,gpu-node-00,3,74.14,330.78,73.25,0,0,0,0,0,0,7.32,0,train-job-001
t0143,gpu-node-01,0,76.26,363.33,75.37,0,0,0,0,0,0,11.7,0,train-job-001
t0143,gpu-node-01,1,71.81,342.13,79.81,0,0,0,0,0,0,12.8,0,train-job-001
t0143,gpu-node-01,2,75.82,337.74,83.54,0,0,0,0,0,0,12.29,0,train-job-001
t0143,gpu-node-01,3,74.76,330.97,65.67,0,0,0,0,0,0,16.24,0,train-job-001
t0143,gpu-node-02,0,79.83,366.18,67.68,0,0,0,0,0,0,14.61,0,train-job-001
t0143,gpu-node-02,1,76.65,370.22,71.81,0,0,0,0,0,0,9.36,0,train-job-001
t0143,gpu-node-02,2,73.28,313.1,72.32,0,0,0,0,0,0,10.74,0,train-job-001
t0143,gpu-node-02,3,77.66,325.64,66.57,0,0,0,0,0,0,13.85,0,train-job-001
t0143,gpu-node-03,0,69.99,331.97,72.5,0,0,0,0,0,0,12.38,0,train-job-001
t0143,gpu-node-03,1,72.07,336.44,79.43,0,0,0,0,0,0,12.37,0,train-job-001
t0143,gpu-node-03,2,77.88,356.8,81.73,0,0,0,0,0,0,12.46,0,train-job-001
t0143,gpu-node-03,3,69.91,326.35,76.68,0,0,0,0,0,0,12.34,0,train-job-001
t0143,gpu-node-04,0,81.17,369.09,81.53,0,0,0,0,0,0,7.69,0,train-job-001
t0143,gpu-node-04,1,75.89,370.87,76.35,0,0,0,0,0,0,12.51,0,train-job-001
t0143,gpu-node-04,2,74.86,331.63,66.71,0,0,0,0,0,0,8.74,0,train-job-001
t0143,gpu-node-04,3,77.12,346.26,68.63,0,0,0,0,0,0,12.8,0,train-job-001
t0143,gpu-node-05,0,75.75,312.05,71.54,0,0,0,0,0,0,10.64,0,train-job-001
t0143,gpu-node-05,1,71.75,350.86,87.34,0,0,0,0,0,0,14.16,0,train-job-001
t0143,gpu-node-05,2,71.13,340.92,83.51,0,0,15,0,0,0,11.73,0,train-job-001
t0143,gpu-node-05,3,73.16,346.91,63.53,0,0,0,0,0,0,14.02,0,train-job-001
t0143,gpu-node-06,0,73.73,338.63,71.46,0,0,0,0,0,0,11.1,0,train-job-001
t0143,gpu-node-06,1,73.78,329.51,65.67,0,0,0,0,0,0,9.19,0,train-job-001
t0143,gpu-node-06,2,76.98,339.44,77.27,0,0,0,0,0,0,11.5,0,train-job-001
t0143,gpu-node-06,3,72.18,332.09,72.17,0,0,0,0,0,0,12.89,0,train-job-001
t0143,gpu-node-07,0,72.51,357.2,79.5,0,0,0,0,0,0,12.91,0,train-job-001
t0143,gpu-node-07,1,69.64,337.43,71.35,0,0,0,0,0,0,13.48,0,train-job-001
t0143,gpu-node-07,2,77.44,326.73,65.17,0,0,0,0,0,0,10.77,0,train-job-001
t0143,gpu-node-07,3,77.89,355.83,70.37,0,0,0,0,0,0,11.94,0,train-job-001
t0143,gpu-node-08,0,72.13,346.37,61.8,0,0,0,0,0,0,10.16,0,train-job-001
t0143,gpu-node-08,1,78.47,337.42,61.16,0,0,0,0,0,0,14.25,0,train-job-001
t0143,gpu-node-08,2,73.27,316.05,70.2,0,0,0,0,0,0,8.3,0,train-job-001
t0143,gpu-node-08,3,70.6,323.13,81.56,0,0,0,0,0,0,9.66,0,train-job-001
t0143,gpu-node-09,0,74.1,361.65,71.38,0,0,0,0,0,0,11.85,0,train-job-001
t0143,gpu-node-09,1,71.58,314.21,66.33,0,0,0,0,0,0,10.23,0,train-job-001
t0143,gpu-node-09,2,73.63,324.4,61.65,0,0,0,0,0,0,11.59,0,train-job-001
t0143,gpu-node-09,3,74.17,321.44,68.85,0,0,0,0,0,0,9.04,0,train-job-001
t0143,gpu-node-10,0,77.81,351.52,72.92,0,0,0,0,0,0,12.18,0,train-job-001
t0143,gpu-node-10,1,75.11,337.82,72.78,0,0,0,0,0,0,15.88,0,train-job-001
t0143,gpu-node-10,2,75.22,378.17,78.59,0,0,0,0,0,0,13.62,0,train-job-001
t0143,gpu-node-10,3,76.25,362.01,93.86,0,0,0,0,0,0,10.32,0,train-job-001
t0143,gpu-node-11,0,72.69,347.23,79.15,0,0,0,0,0,0,12.86,0,train-job-001
t0143,gpu-node-11,1,78.32,346.96,77.35,0,0,0,0,0,0,14.51,0,train-job-001
t0143,gpu-node-11,2,77.34,322.58,78.27,0,0,0,0,0,0,11.86,0,train-job-001
t0143,gpu-node-11,3,77.05,322.32,67.11,0,0,0,0,0,0,13.32,0,train-job-001
t0144,gpu-node-00,0,75.52,360.48,67.97,0,0,0,0,0,0,11.38,0,train-job-001
t0144,gpu-node-00,1,76.16,352.65,77.12,0,0,0,0,0,0,11.76,0,train-job-001
t0144,gpu-node-00,2,72.79,328.09,68.8,0,0,0,0,0,0,11.77,0,train-job-001
t0144,gpu-node-00,3,77.61,336.12,76.26,0,0,0,0,0,0,7.75,0,train-job-001
t0144,gpu-node-01,0,77.98,318.75,78.91,0,0,0,0,0,0,11.74,0,train-job-001
t0144,gpu-node-01,1,74.88,308.94,68.74,0,0,0,0,0,0,8.91,0,train-job-001
t0144,gpu-node-01,2,79.27,326.42,78.73,0,0,0,0,0,0,10.66,0,train-job-001
t0144,gpu-node-01,3,81.29,392.89,97.41,0,0,0,0,0,0,10.1,0,train-job-001
t0144,gpu-node-02,0,72.85,362.99,75.15,0,0,0,0,0,0,14.58,0,train-job-001
t0144,gpu-node-02,1,74.71,311.19,57.7,0,0,0,0,0,0,11.25,0,train-job-001
t0144,gpu-node-02,2,74.48,336.63,70.88,0,0,0,0,0,0,11.19,0,train-job-001
t0144,gpu-node-02,3,78.21,345.93,65.15,0,0,0,0,0,0,7.88,0,train-job-001
t0144,gpu-node-03,0,75.06,297.74,63.85,0,0,0,0,0,0,15.02,0,train-job-001
t0144,gpu-node-03,1,74.52,352.73,65.06,0,0,0,0,0,0,15.07,0,train-job-001
t0144,gpu-node-03,2,76.22,329.7,68.24,0,0,0,0,0,0,9.28,0,train-job-001
t0144,gpu-node-03,3,81.39,336.13,78.52,0,0,0,0,0,0,8.46,0,train-job-001
t0144,gpu-node-04,0,73.73,353.89,74.47,0,0,0,0,0,0,10.93,0,train-job-001
t0144,gpu-node-04,1,75.31,324.86,57.6,0,0,0,0,0,0,10.54,0,train-job-001
t0144,gpu-node-04,2,72.69,301.43,52.08,0,0,0,0,0,0,14.46,0,train-job-001
t0144,gpu-node-04,3,76.25,341.13,77.98,0,0,0,0,0,0,11.13,0,train-job-001
t0144,gpu-node-05,0,74.91,307.54,60.98,0,0,0,0,0,0,10.68,0,train-job-001
t0144,gpu-node-05,1,75.89,342.77,72.91,0,0,0,0,0,0,12.72,0,train-job-001
t0144,gpu-node-05,2,72.56,328.69,77.58,0,0,16,0,0,0,10.83,0,train-job-001
t0144,gpu-node-05,3,70.83,333.68,64.89,0,0,0,0,0,0,10.05,0,train-job-001
t0144,gpu-node-06,0,77.62,341.56,79.56,0,0,0,0,0,0,8.7,0,train-job-001
t0144,gpu-node-06,1,76.8,334.81,73.44,0,0,0,0,0,0,13.06,0,train-job-001
t0144,gpu-node-06,2,70.12,339.63,74.47,0,0,0,0,0,0,12.67,0,train-job-001
t0144,gpu-node-06,3,77.29,331.96,64.23,0,0,0,0,0,0,12.01,0,train-job-001
t0144,gpu-node-07,0,73.85,326.79,60.09,0,0,0,0,0,0,15.68,0,train-job-001
t0144,gpu-node-07,1,74.41,334.47,59.4,0,0,0,0,0,0,14.37,0,train-job-001
t0144,gpu-node-07,2,78.86,378.47,86.01,0,0,0,0,0,0,13.23,0,train-job-001
t0144,gpu-node-07,3,75.88,348.7,76.96,0,0,0,0,0,0,14.5,0,train-job-001
t0144,gpu-node-08,0,79.0,372.19,72.24,0,0,0,0,0,0,9.64,0,train-job-001
t0144,gpu-node-08,1,77.93,301.25,66.37,0,0,0,0,0,0,11.46,0,train-job-001
t0144,gpu-node-08,2,74.71,311.57,68.95,0,0,0,0,0,0,10.82,0,train-job-001
t0144,gpu-node-08,3,74.69,323.55,74.79,0,0,0,0,0,0,12.18,0,train-job-001
t0144,gpu-node-09,0,75.14,310.05,70.07,0,0,0,0,0,0,12.75,0,train-job-001
t0144,gpu-node-09,1,78.53,353.11,68.08,0,0,0,0,0,0,9.68,0,train-job-001
t0144,gpu-node-09,2,78.16,345.47,69.94,0,0,0,0,0,0,10.29,0,train-job-001
t0144,gpu-node-09,3,78.45,347.46,86.93,0,0,0,0,0,0,11.38,0,train-job-001
t0144,gpu-node-10,0,78.29,314.85,60.3,0,0,0,0,0,0,11.49,0,train-job-001
t0144,gpu-node-10,1,72.43,356.56,81.41,0,0,0,0,0,0,14.42,0,train-job-001
t0144,gpu-node-10,2,77.34,344.07,83.5,0,0,0,0,0,0,8.58,0,train-job-001
t0144,gpu-node-10,3,75.82,337.9,73.32,0,0,0,0,0,0,9.87,0,train-job-001
t0144,gpu-node-11,0,73.41,324.0,73.44,0,0,0,0,0,0,14.12,0,train-job-001
t0144,gpu-node-11,1,80.82,352.74,78.15,0,0,0,0,0,0,14.16,0,train-job-001
t0144,gpu-node-11,2,74.27,320.08,66.37,0,0,0,0,0,0,11.56,0,train-job-001
t0144,gpu-node-11,3,74.01,350.21,73.12,0,0,0,0,0,0,11.3,0,train-job-001
t0145,gpu-node-00,0,75.48,365.48,86.49,0,0,0,0,0,0,10.59,0,train-job-001
t0145,gpu-node-00,1,72.39,365.04,87.63,0,0,0,0,0,0,11.32,0,train-job-001
t0145,gpu-node-00,2,75.78,358.94,78.28,0,0,0,0,0,0,11.89,0,train-job-001
t0145,gpu-node-00,3,78.49,311.82,73.53,0,0,0,0,0,0,12.54,0,train-job-001
t0145,gpu-node-01,0,75.76,349.48,89.6,0,0,0,0,0,0,9.27,0,train-job-001
t0145,gpu-node-01,1,78.5,350.39,71.84,0,0,0,0,0,0,9.93,0,train-job-001
t0145,gpu-node-01,2,73.11,342.35,67.56,0,0,0,0,0,0,11.78,0,train-job-001
t0145,gpu-node-01,3,74.91,315.13,63.46,0,0,0,0,0,0,11.46,0,train-job-001
t0145,gpu-node-02,0,75.9,343.48,62.12,0,0,0,0,0,0,12.12,0,train-job-001
t0145,gpu-node-02,1,77.1,343.9,72.23,0,0,0,0,0,0,14.9,0,train-job-001
t0145,gpu-node-02,2,74.82,337.34,74.24,0,0,0,0,0,0,10.68,0,train-job-001
t0145,gpu-node-02,3,71.56,325.05,68.57,0,0,0,0,0,0,13.66,0,train-job-001
t0145,gpu-node-03,0,78.95,366.66,78.45,0,0,0,0,0,0,14.12,0,train-job-001
t0145,gpu-node-03,1,80.1,389.05,91.72,0,0,0,0,0,0,8.57,0,train-job-001
t0145,gpu-node-03,2,75.54,323.64,71.45,0,0,0,0,0,0,12.62,0,train-job-001
t0145,gpu-node-03,3,75.43,314.56,62.73,0,0,0,0,0,0,11.21,0,train-job-001
t0145,gpu-node-04,0,74.25,324.5,64.24,0,0,0,0,0,0,12.62,0,train-job-001
t0145,gpu-node-04,1,74.67,340.71,75.87,0,0,0,0,0,0,12.63,0,train-job-001
t0145,gpu-node-04,2,73.77,309.17,76.87,0,0,0,0,0,0,13.13,0,train-job-001
t0145,gpu-node-04,3,73.54,342.34,78.5,0,0,0,0,0,0,9.09,0,train-job-001
t0145,gpu-node-05,0,73.41,337.76,72.69,0,0,0,0,0,0,17.61,0,train-job-001
t0145,gpu-node-05,1,71.37,322.83,73.08,0,0,0,0,0,0,8.65,0,train-job-001
t0145,gpu-node-05,2,72.85,322.83,78.78,0,0,16,0,0,0,9.34,0,train-job-001
t0145,gpu-node-05,3,75.94,337.3,74.23,0,0,0,0,0,0,11.37,0,train-job-001
t0145,gpu-node-06,0,72.77,313.76,61.95,0,0,0,0,0,0,12.73,0,train-job-001
t0145,gpu-node-06,1,76.42,332.16,74.03,0,0,0,0,0,0,10.29,0,train-job-001
t0145,gpu-node-06,2,68.66,316.82,70.57,0,0,0,0,0,0,14.66,0,train-job-001
t0145,gpu-node-06,3,74.82,325.72,62.25,0,0,0,0,0,0,15.05,0,train-job-001
t0145,gpu-node-07,0,75.28,382.04,85.0,0,0,0,0,0,0,14.21,0,train-job-001
t0145,gpu-node-07,1,76.39,368.7,65.5,0,0,0,0,0,0,12.57,0,train-job-001
t0145,gpu-node-07,2,75.76,337.36,70.36,0,0,0,0,0,0,11.98,0,train-job-001
t0145,gpu-node-07,3,76.49,305.74,58.52,0,0,0,0,0,0,11.42,0,train-job-001
t0145,gpu-node-08,0,79.87,366.38,82.89,0,0,0,0,0,0,11.51,0,train-job-001
t0145,gpu-node-08,1,74.06,342.41,64.48,0,0,0,0,0,0,12.01,0,train-job-001
t0145,gpu-node-08,2,77.39,341.82,79.97,0,0,0,0,0,0,10.85,0,train-job-001
t0145,gpu-node-08,3,76.96,341.75,73.99,0,0,0,0,0,0,10.73,0,train-job-001
t0145,gpu-node-09,0,77.27,350.06,65.45,0,0,0,0,0,0,12.55,0,train-job-001
t0145,gpu-node-09,1,75.43,331.34,77.86,0,0,0,0,0,0,11.66,0,train-job-001
t0145,gpu-node-09,2,76.88,351.88,78.38,0,0,0,0,0,0,13.75,0,train-job-001
t0145,gpu-node-09,3,77.06,332.59,72.52,0,0,0,0,0,0,12.65,0,train-job-001
t0145,gpu-node-10,0,78.99,321.49,67.47,0,0,0,0,0,0,8.47,0,train-job-001
t0145,gpu-node-10,1,76.0,344.56,64.8,0,0,0,0,0,0,13.04,0,train-job-001
t0145,gpu-node-10,2,73.28,340.45,67.85,0,0,0,0,0,0,9.07,0,train-job-001
t0145,gpu-node-10,3,77.9,385.67,84.97,0,0,0,0,0,0,13.45,0,train-job-001
t0145,gpu-node-11,0,75.71,321.56,56.73,0,0,0,0,0,0,10.16,0,train-job-001
t0145,gpu-node-11,1,74.79,315.65,65.68,0,0,0,0,0,0,11.01,0,train-job-001
t0145,gpu-node-11,2,74.09,338.11,61.02,0,0,0,0,0,0,9.89,0,train-job-001
t0145,gpu-node-11,3,75.78,329.84,77.89,0,0,0,0,0,0,11.55,0,train-job-001
t0146,gpu-node-00,0,73.53,334.72,82.64,0,0,0,0,0,0,11.33,0,train-job-001
t0146,gpu-node-00,1,73.31,314.53,70.97,0,0,0,0,0,0,8.97,0,train-job-001
t0146,gpu-node-00,2,71.75,324.8,64.91,0,0,0,0,0,0,9.41,0,train-job-001
t0146,gpu-node-00,3,77.86,346.13,63.7,0,0,0,0,0,0,9.12,0,train-job-001
t0146,gpu-node-01,0,73.65,334.69,86.53,0,0,0,0,0,0,11.21,0,train-job-001
t0146,gpu-node-01,1,75.49,324.05,67.48,0,0,0,0,0,0,11.8,0,train-job-001
t0146,gpu-node-01,2,76.22,344.29,77.19,0,0,0,0,0,0,12.94,0,train-job-001
t0146,gpu-node-01,3,71.87,340.25,77.13,0,0,0,0,0,0,14.54,0,train-job-001
t0146,gpu-node-02,0,73.25,331.15,70.0,0,0,0,0,0,0,13.99,0,train-job-001
t0146,gpu-node-02,1,76.12,324.42,85.76,0,0,0,0,0,0,11.72,0,train-job-001
t0146,gpu-node-02,2,74.12,335.33,73.76,0,0,0,0,0,0,12.85,0,train-job-001
t0146,gpu-node-02,3,75.71,346.27,74.14,0,0,0,0,0,0,10.91,0,train-job-001
t0146,gpu-node-03,0,71.7,323.25,76.55,0,0,0,0,0,0,11.25,0,train-job-001
t0146,gpu-node-03,1,71.44,347.66,59.47,0,0,0,0,0,0,8.48,0,train-job-001
t0146,gpu-node-03,2,80.21,372.98,80.3,0,0,0,0,0,0,14.77,0,train-job-001
t0146,gpu-node-03,3,75.87,325.39,66.17,0,0,0,0,0,0,10.28,0,train-job-001
t0146,gpu-node-04,0,70.28,361.41,65.46,0,0,0,0,0,0,9.16,0,train-job-001
t0146,gpu-node-04,1,76.15,349.78,70.25,0,0,0,0,0,0,13.12,0,train-job-001
t0146,gpu-node-04,2,76.38,339.99,83.5,0,0,0,0,0,0,15.04,0,train-job-001
t0146,gpu-node-04,3,78.12,299.08,64.15,0,0,0,0,0,0,16.14,0,train-job-001
t0146,gpu-node-05,0,72.17,299.5,63.8,0,0,0,0,0,0,14.73,0,train-job-001
t0146,gpu-node-05,1,75.35,319.89,69.98,0,0,0,0,0,0,11.4,0,train-job-001
t0146,gpu-node-05,2,74.53,357.1,64.3,0,0,17,0,0,0,11.04,0,train-job-001
t0146,gpu-node-05,3,77.36,333.61,80.21,0,0,0,0,0,0,11.15,0,train-job-001
t0146,gpu-node-06,0,78.31,336.11,78.66,0,0,0,0,0,0,12.73,0,train-job-001
t0146,gpu-node-06,1,73.3,341.77,64.19,0,0,0,0,0,0,12.71,0,train-job-001
t0146,gpu-node-06,2,76.62,312.25,79.32,0,0,0,0,0,0,10.18,0,train-job-001
t0146,gpu-node-06,3,78.58,356.12,81.5,0,0,0,0,0,0,9.89,0,train-job-001
t0146,gpu-node-07,0,83.89,341.38,76.18,0,0,0,0,0,0,10.67,0,train-job-001
t0146,gpu-node-07,1,70.02,276.95,76.3,0,0,0,0,0,0,12.72,0,train-job-001
t0146,gpu-node-07,2,76.57,331.45,77.49,0,0,0,0,0,0,13.73,0,train-job-001
t0146,gpu-node-07,3,74.67,349.08,74.44,0,0,0,0,0,0,12.23,0,train-job-001
t0146,gpu-node-08,0,76.94,376.48,74.34,0,0,0,0,0,0,12.33,0,train-job-001
t0146,gpu-node-08,1,76.66,327.79,67.5,0,0,0,0,0,0,10.72,0,train-job-001
t0146,gpu-node-08,2,73.0,345.42,75.02,0,0,0,0,0,0,10.88,0,train-job-001
t0146,gpu-node-08,3,76.91,347.81,83.69,0,0,0,0,0,0,13.3,0,train-job-001
t0146,gpu-node-09,0,76.64,325.86,74.14,0,0,0,0,0,0,10.64,0,train-job-001
t0146,gpu-node-09,1,76.83,322.11,77.97,0,0,0,0,0,0,13.91,0,train-job-001
t0146,gpu-node-09,2,78.27,313.12,72.37,0,0,0,0,0,0,10.96,0,train-job-001
t0146,gpu-node-09,3,76.79,344.06,79.24,0,0,0,0,0,0,9.07,0,train-job-001
t0146,gpu-node-10,0,76.31,301.35,61.68,0,0,0,0,0,0,14.01,0,train-job-001
t0146,gpu-node-10,1,76.3,360.79,82.77,0,0,0,0,0,0,13.61,0,train-job-001
t0146,gpu-node-10,2,79.94,361.46,84.71,0,0,0,0,0,0,15.12,0,train-job-001
t0146,gpu-node-10,3,80.55,350.78,65.63,0,0,0,0,0,0,12.07,0,train-job-001
t0146,gpu-node-11,0,73.98,337.33,60.47,0,0,0,0,0,0,12.54,0,train-job-001
t0146,gpu-node-11,1,76.6,343.65,78.9,0,0,0,0,0,0,10.4,0,train-job-001
t0146,gpu-node-11,2,67.67,299.2,65.35,0,0,0,0,0,0,14.8,0,train-job-001
t0146,gpu-node-11,3,83.91,340.84,76.42,0,0,0,0,0,0,12.64,0,train-job-001
t0147,gpu-node-00,0,72.21,375.77,79.88,0,0,0,0,0,0,10.48,0,train-job-001
t0147,gpu-node-00,1,76.51,335.71,66.47,0,0,0,0,0,0,13.15,0,train-job-001
t0147,gpu-node-00,2,74.95,345.65,78.38,0,0,0,0,0,0,12.17,0,train-job-001
t0147,gpu-node-00,3,77.48,374.56,77.83,0,0,0,0,0,0,9.91,0,train-job-001
t0147,gpu-node-01,0,75.82,306.4,74.59,0,0,0,0,0,0,14.51,0,train-job-001
t0147,gpu-node-01,1,75.28,346.96,75.05,0,0,0,0,0,0,10.82,0,train-job-001
t0147,gpu-node-01,2,74.14,329.41,69.58,0,0,0,0,0,0,14.23,0,train-job-001
t0147,gpu-node-01,3,70.81,323.03,71.35,0,0,0,0,0,0,11.26,0,train-job-001
t0147,gpu-node-02,0,77.24,387.52,75.32,0,0,0,0,0,0,11.85,0,train-job-001
t0147,gpu-node-02,1,74.73,314.55,63.35,0,0,0,0,0,0,12.47,0,train-job-001
t0147,gpu-node-02,2,77.77,312.78,60.88,0,0,0,0,0,0,15.8,0,train-job-001
t0147,gpu-node-02,3,76.06,322.76,78.6,0,0,0,0,0,0,12.4,0,train-job-001
t0147,gpu-node-03,0,74.26,310.44,78.43,0,0,0,0,0,0,13.28,0,train-job-001
t0147,gpu-node-03,1,75.51,340.11,67.94,0,0,0,0,0,0,13.49,0,train-job-001
t0147,gpu-node-03,2,78.26,304.26,67.63,0,0,0,0,0,0,15.41,0,train-job-001
t0147,gpu-node-03,3,71.57,334.91,76.96,0,0,0,0,0,0,11.25,0,train-job-001
t0147,gpu-node-04,0,79.69,362.98,70.39,0,0,0,0,0,0,12.31,0,train-job-001
t0147,gpu-node-04,1,78.17,335.89,66.36,0,0,0,0,0,0,10.71,0,train-job-001
t0147,gpu-node-04,2,78.02,337.33,69.17,0,0,0,0,0,0,9.93,0,train-job-001
t0147,gpu-node-04,3,77.6,342.42,69.13,0,0,0,0,0,0,13.48,0,train-job-001
t0147,gpu-node-05,0,78.4,385.52,76.81,0,0,0,0,0,0,15.45,0,train-job-001
t0147,gpu-node-05,1,76.9,356.72,78.84,0,0,0,0,0,0,11.06,0,train-job-001
t0147,gpu-node-05,2,78.7,356.41,77.97,0,0,17,0,0,0,10.11,0,train-job-001
t0147,gpu-node-05,3,75.11,347.86,84.72,0,0,0,0,0,0,11.93,0,train-job-001
t0147,gpu-node-06,0,75.45,346.28,82.37,0,0,0,0,0,0,11.81,0,train-job-001
t0147,gpu-node-06,1,81.11,318.27,74.59,0,0,0,0,0,0,8.64,0,train-job-001
t0147,gpu-node-06,2,73.39,353.25,69.14,0,0,0,0,0,0,12.2,0,train-job-001
t0147,gpu-node-06,3,79.25,338.1,65.71,0,0,0,0,0,0,11.46,0,train-job-001
t0147,gpu-node-07,0,74.9,324.38,60.32,0,0,0,0,0,0,13.15,0,train-job-001
t0147,gpu-node-07,1,70.44,293.7,64.55,0,0,0,0,0,0,12.6,0,train-job-001
t0147,gpu-node-07,2,76.19,347.66,57.91,0,0,0,0,0,0,11.19,0,train-job-001
t0147,gpu-node-07,3,76.1,329.35,66.84,0,0,0,0,0,0,14.56,0,train-job-001
t0147,gpu-node-08,0,75.28,365.56,62.95,0,0,0,0,0,0,10.86,0,train-job-001
t0147,gpu-node-08,1,74.81,319.58,67.07,0,0,0,0,0,0,13.65,0,train-job-001
t0147,gpu-node-08,2,70.63,332.92,67.87,0,0,0,0,0,0,16.76,0,train-job-001
t0147,gpu-node-08,3,76.05,330.37,70.59,0,0,0,0,0,0,15.08,0,train-job-001
t0147,gpu-node-09,0,70.37,360.68,72.18,0,0,0,0,0,0,12.15,0,train-job-001
t0147,gpu-node-09,1,73.3,344.88,65.53,0,0,0,0,0,0,15.33,0,train-job-001
t0147,gpu-node-09,2,79.01,351.68,60.65,0,0,0,0,0,0,9.86,0,train-job-001
t0147,gpu-node-09,3,78.37,324.97,68.53,0,0,0,0,0,0,11.69,0,train-job-001
t0147,gpu-node-10,0,76.88,321.96,76.09,0,0,0,0,0,0,16.23,0,train-job-001
t0147,gpu-node-10,1,76.51,310.5,65.79,0,0,0,0,0,0,16.49,0,train-job-001
t0147,gpu-node-10,2,75.38,372.9,79.75,0,0,0,0,0,0,9.06,0,train-job-001
t0147,gpu-node-10,3,75.76,352.56,85.97,0,0,0,0,0,0,13.01,0,train-job-001
t0147,gpu-node-11,0,75.88,300.33,56.81,0,0,0,0,0,0,8.83,0,train-job-001
t0147,gpu-node-11,1,75.83,327.73,73.42,0,0,0,0,0,0,11.58,0,train-job-001
t0147,gpu-node-11,2,73.17,308.92,58.8,0,0,0,0,0,0,13.51,0,train-job-001
t0147,gpu-node-11,3,78.97,361.31,84.22,0,0,0,0,0,0,8.59,0,train-job-001
t0148,gpu-node-00,0,79.98,321.44,62.26,0,0,0,0,0,0,14.84,0,train-job-001
t0148,gpu-node-00,1,77.61,345.36,68.01,0,0,0,0,0,0,12.29,0,train-job-001
t0148,gpu-node-00,2,75.72,345.56,69.7,0,0,0,0,0,0,11.29,0,train-job-001
t0148,gpu-node-00,3,73.86,341.68,89.89,0,0,0,0,0,0,12.69,0,train-job-001
t0148,gpu-node-01,0,77.64,379.3,81.75,0,0,0,0,0,0,10.71,0,train-job-001
t0148,gpu-node-01,1,79.56,354.28,76.76,0,0,0,0,0,0,10.05,0,train-job-001
t0148,gpu-node-01,2,72.18,341.36,69.89,0,0,0,0,0,0,12.71,0,train-job-001
t0148,gpu-node-01,3,74.77,316.79,49.33,0,0,0,0,0,0,12.49,0,train-job-001
t0148,gpu-node-02,0,74.29,342.52,66.77,0,0,0,0,0,0,13.12,0,train-job-001
t0148,gpu-node-02,1,76.28,336.92,66.03,0,0,0,0,0,0,13.49,0,train-job-001
t0148,gpu-node-02,2,73.21,340.38,75.77,0,0,0,0,0,0,9.72,0,train-job-001
t0148,gpu-node-02,3,76.95,330.66,81.65,0,0,0,0,0,0,13.3,0,train-job-001
t0148,gpu-node-03,0,76.63,325.55,65.29,0,0,0,0,0,0,14.53,0,train-job-001
t0148,gpu-node-03,1,73.68,341.77,71.44,0,0,0,0,0,0,14.88,0,train-job-001
t0148,gpu-node-03,2,72.96,333.24,77.36,0,0,0,0,0,0,11.13,0,train-job-001
t0148,gpu-node-03,3,77.19,367.31,75.25,0,0,0,0,0,0,11.62,0,train-job-001
t0148,gpu-node-04,0,77.75,327.58,62.39,0,0,0,0,0,0,10.06,0,train-job-001
t0148,gpu-node-04,1,78.64,368.09,68.28,0,0,0,0,0,0,12.69,0,train-job-001
t0148,gpu-node-04,2,78.3,365.38,77.32,0,0,0,0,0,0,12.26,0,train-job-001
t0148,gpu-node-04,3,79.32,350.09,74.26,0,0,0,0,0,0,12.82,0,train-job-001
t0148,gpu-node-05,0,75.92,356.28,77.21,0,0,0,0,0,0,10.63,0,train-job-001
t0148,gpu-node-05,1,80.77,371.15,80.43,0,0,0,0,0,0,12.77,0,train-job-001
t0148,gpu-node-05,2,83.21,358.49,77.39,0,0,18,0,0,0,10.73,0,train-job-001
t0148,gpu-node-05,3,74.82,325.7,61.11,0,0,0,0,0,0,12.48,0,train-job-001
t0148,gpu-node-06,0,77.18,356.77,79.84,0,0,0,0,0,0,13.02,0,train-job-001
t0148,gpu-node-06,1,76.2,332.06,86.79,0,0,0,0,0,0,13.04,0,train-job-001
t0148,gpu-node-06,2,74.4,319.52,69.2,0,0,0,0,0,0,12.58,0,train-job-001
t0148,gpu-node-06,3,74.27,316.25,67.42,0,0,0,0,0,0,12.84,0,train-job-001
t0148,gpu-node-07,0,74.77,318.57,61.54,0,0,0,0,0,0,13.22,0,train-job-001
t0148,gpu-node-07,1,73.24,348.17,67.16,0,0,0,0,0,0,11.5,0,train-job-001
t0148,gpu-node-07,2,73.48,340.47,79.44,0,0,0,0,0,0,8.87,0,train-job-001
t0148,gpu-node-07,3,70.99,304.84,72.94,0,0,0,0,0,0,11.91,0,train-job-001
t0148,gpu-node-08,0,72.76,355.44,75.87,0,0,0,0,0,0,15.74,0,train-job-001
t0148,gpu-node-08,1,74.83,278.29,66.12,0,0,0,0,0,0,12.09,0,train-job-001
t0148,gpu-node-08,2,80.08,337.14,67.89,0,0,0,0,0,0,12.69,0,train-job-001
t0148,gpu-node-08,3,73.68,303.04,78.04,0,0,0,0,0,0,11.48,0,train-job-001
t0148,gpu-node-09,0,75.15,316.75,76.7,0,0,0,0,0,0,12.33,0,train-job-001
t0148,gpu-node-09,1,72.21,315.53,68.13,0,0,0,0,0,0,12.14,0,train-job-001
t0148,gpu-node-09,2,80.02,334.1,73.81,0,0,0,0,0,0,6.95,0,train-job-001
t0148,gpu-node-09,3,72.27,355.69,69.21,0,0,0,0,0,0,11.52,0,train-job-001
t0148,gpu-node-10,0,75.66,335.53,61.8,0,0,0,0,0,0,10.98,0,train-job-001
t0148,gpu-node-10,1,73.32,351.56,70.87,0,0,0,0,0,0,9.11,0,train-job-001
t0148,gpu-node-10,2,76.3,323.34,74.46,0,0,0,0,0,0,9.6,0,train-job-001
t0148,gpu-node-10,3,75.08,329.82,71.59,0,0,0,0,0,0,10.48,0,train-job-001
t0148,gpu-node-11,0,71.58,355.16,79.39,0,0,0,0,0,0,13.1,0,train-job-001
t0148,gpu-node-11,1,75.01,337.46,73.53,0,0,0,0,0,0,11.26,0,train-job-001
t0148,gpu-node-11,2,76.13,335.81,73.0,0,0,0,0,0,0,14.68,0,train-job-001
t0148,gpu-node-11,3,75.88,325.87,54.1,0,0,0,0,0,0,14.49,0,train-job-001
t0149,gpu-node-00,0,71.54,329.36,63.52,0,0,0,0,0,0,15.73,0,train-job-001
t0149,gpu-node-00,1,70.88,311.96,74.88,0,0,0,0,0,0,11.94,0,train-job-001
t0149,gpu-node-00,2,74.42,326.24,60.89,0,0,0,0,0,0,11.55,0,train-job-001
t0149,gpu-node-00,3,78.15,333.64,77.24,0,0,0,0,0,0,15.01,0,train-job-001
t0149,gpu-node-01,0,80.2,294.38,53.72,0,0,0,0,0,0,11.23,0,train-job-001
t0149,gpu-node-01,1,73.67,321.78,71.46,0,0,0,0,0,0,11.19,0,train-job-001
t0149,gpu-node-01,2,74.61,337.27,72.28,0,0,0,0,0,0,11.26,0,train-job-001
t0149,gpu-node-01,3,72.16,329.72,64.76,0,0,0,0,0,0,11.46,0,train-job-001
t0149,gpu-node-02,0,71.45,333.46,83.32,0,0,0,0,0,0,12.77,0,train-job-001
t0149,gpu-node-02,1,79.63,363.72,77.96,0,0,0,0,0,0,10.47,0,train-job-001
t0149,gpu-node-02,2,69.18,323.3,68.73,0,0,0,0,0,0,10.62,0,train-job-001
t0149,gpu-node-02,3,77.97,327.95,69.51,0,0,0,0,0,0,16.24,0,train-job-001
t0149,gpu-node-03,0,73.91,319.24,57.37,0,0,0,0,0,0,12.49,0,train-job-001
t0149,gpu-node-03,1,78.35,314.44,69.22,0,0,0,0,0,0,12.22,0,train-job-001
t0149,gpu-node-03,2,73.63,328.9,63.16,0,0,0,0,0,0,12.16,0,train-job-001
t0149,gpu-node-03,3,75.03,325.21,70.98,0,0,0,0,0,0,11.88,0,train-job-001
t0149,gpu-node-04,0,81.11,352.71,76.11,0,0,0,0,0,0,12.48,0,train-job-001
t0149,gpu-node-04,1,76.23,337.88,77.73,0,0,0,0,0,0,14.07,0,train-job-001
t0149,gpu-node-04,2,79.19,352.47,81.06,0,0,0,0,0,0,16.04,0,train-job-001
t0149,gpu-node-04,3,71.64,395.82,89.36,0,0,0,0,0,0,10.88,0,train-job-001
t0149,gpu-node-05,0,75.14,335.69,67.94,0,0,0,0,0,0,10.13,0,train-job-001
t0149,gpu-node-05,1,74.76,349.25,67.97,0,0,0,0,0,0,10.37,0,train-job-001
t0149,gpu-node-05,2,82.35,330.94,73.14,0,0,18,0,0,0,8.29,0,train-job-001
t0149,gpu-node-05,3,79.49,370.32,78.48,0,0,0,0,0,0,14.88,0,train-job-001
t0149,gpu-node-06,0,75.91,357.55,73.57,0,0,0,0,0,0,14.22,0,train-job-001
t0149,gpu-node-06,1,79.35,340.66,73.57,0,0,0,0,0,0,11.64,0,train-job-001
t0149,gpu-node-06,2,75.7,319.32,68.22,0,0,0,0,0,0,14.38,0,train-job-001
t0149,gpu-node-06,3,73.57,297.63,68.34,0,0,0,0,0,0,15.34,0,train-job-001
t0149,gpu-node-07,0,75.96,327.72,73.04,0,0,0,0,0,0,11.86,0,train-job-001
t0149,gpu-node-07,1,78.18,393.65,68.52,0,0,0,0,0,0,11.87,0,train-job-001
t0149,gpu-node-07,2,72.87,334.38,75.81,0,0,0,0,0,0,10.99,0,train-job-001
t0149,gpu-node-07,3,74.7,342.44,64.85,0,0,0,0,0,0,16.97,0,train-job-001
t0149,gpu-node-08,0,74.92,329.45,59.65,0,0,0,0,0,0,14.02,0,train-job-001
t0149,gpu-node-08,1,75.54,359.68,76.02,0,0,0,0,0,0,10.78,0,train-job-001
t0149,gpu-node-08,2,71.07,315.79,56.93,0,0,0,0,0,0,11.64,0,train-job-001
t0149,gpu-node-08,3,78.35,337.27,61.92,0,0,0,0,0,0,10.9,0,train-job-001
t0149,gpu-node-09,0,71.89,329.04,76.81,0,0,0,0,0,0,14.7,0,train-job-001
t0149,gpu-node-09,1,75.15,337.44,82.81,0,0,0,0,0,0,10.13,0,train-job-001
t0149,gpu-node-09,2,75.37,334.69,63.64,0,0,0,0,0,0,13.52,0,train-job-001
t0149,gpu-node-09,3,75.13,323.78,58.98,0,0,0,0,0,0,11.93,0,train-job-001
t0149,gpu-node-10,0,73.01,338.22,87.92,0,0,0,0,0,0,7.25,0,train-job-001
t0149,gpu-node-10,1,76.99,345.52,60.48,0,0,0,0,0,0,10.68,0,train-job-001
t0149,gpu-node-10,2,74.2,326.15,72.41,0,0,0,0,0,0,15.07,0,train-job-001
t0149,gpu-node-10,3,74.03,362.49,84.33,0,0,0,0,0,0,9.84,0,train-job-001
t0149,gpu-node-11,0,79.88,369.19,84.76,0,0,0,0,0,0,11.45,0,train-job-001
t0149,gpu-node-11,1,74.06,337.88,73.14,0,0,0,0,0,0,14.4,0,train-job-001
t0149,gpu-node-11,2,74.52,328.41,80.5,0,0,0,0,0,0,8.96,0,train-job-001
t0149,gpu-node-11,3,71.41,330.17,74.46,0,0,0,0,0,0,12.94,0,train-job-001
t0150,gpu-node-00,0,74.24,309.42,68.88,0,0,0,0,0,0,11.25,0,train-job-001
t0150,gpu-node-00,1,75.35,307.02,65.14,0,0,0,0,0,0,14.4,0,train-job-001
t0150,gpu-node-00,2,73.66,269.1,53.09,0,0,0,0,0,0,12.58,0,train-job-001
t0150,gpu-node-00,3,78.17,316.73,65.5,0,0,0,0,0,0,8.96,0,train-job-001
t0150,gpu-node-01,0,71.69,345.29,71.22,0,0,0,0,0,0,10.09,0,train-job-001
t0150,gpu-node-01,1,80.99,342.61,78.56,0,0,0,0,0,0,11.52,0,train-job-001
t0150,gpu-node-01,2,76.85,343.3,74.94,0,0,0,0,0,0,11.23,0,train-job-001
t0150,gpu-node-01,3,74.35,349.35,73.52,0,0,0,0,0,0,10.29,0,train-job-001
t0150,gpu-node-02,0,74.61,317.09,67.63,0,0,0,0,0,0,9.44,0,train-job-001
t0150,gpu-node-02,1,77.43,341.48,79.7,0,0,0,0,0,0,12.81,0,train-job-001
t0150,gpu-node-02,2,75.3,346.84,77.02,0,0,0,0,0,0,10.09,0,train-job-001
t0150,gpu-node-02,3,74.42,323.17,72.31,0,0,0,0,0,0,11.08,0,train-job-001
t0150,gpu-node-03,0,75.92,308.27,75.11,0,0,0,0,0,0,13.89,0,train-job-001
t0150,gpu-node-03,1,77.54,344.68,87.38,0,0,0,0,0,0,10.81,0,train-job-001
t0150,gpu-node-03,2,70.14,300.52,58.85,0,0,0,0,0,0,8.39,0,train-job-001
t0150,gpu-node-03,3,78.14,366.01,87.8,0,0,0,0,0,0,13.63,0,train-job-001
t0150,gpu-node-04,0,73.19,358.15,79.12,0,0,0,0,0,0,9.41,0,train-job-001
t0150,gpu-node-04,1,72.49,347.67,62.32,0,0,0,0,0,0,9.18,0,train-job-001
t0150,gpu-node-04,2,76.01,352.68,80.92,0,0,0,0,0,0,7.17,0,train-job-001
t0150,gpu-node-04,3,77.53,320.83,72.72,0,0,0,0,0,0,11.47,0,train-job-001
t0150,gpu-node-05,0,74.05,346.13,72.92,0,0,0,0,0,0,10.19,0,train-job-001
t0150,gpu-node-05,1,73.33,288.91,46.88,0,0,0,0,0,0,11.68,0,train-job-001
t0150,gpu-node-05,2,71.62,321.31,75.42,0,0,19,0,0,0,13.68,0,train-job-001
t0150,gpu-node-05,3,75.91,341.87,65.9,0,0,0,0,0,0,10.69,0,train-job-001
t0150,gpu-node-06,0,74.0,320.84,64.25,0,0,0,0,0,0,10.18,0,train-job-001
t0150,gpu-node-06,1,80.0,356.83,72.34,0,0,0,0,0,0,15.48,0,train-job-001
t0150,gpu-node-06,2,75.23,353.37,75.25,0,0,0,0,0,0,14.76,0,train-job-001
t0150,gpu-node-06,3,73.54,297.24,67.41,0,0,0,0,0,0,17.54,0,train-job-001
t0150,gpu-node-07,0,76.58,360.48,70.98,0,0,0,0,0,0,14.08,0,train-job-001
t0150,gpu-node-07,1,73.3,360.9,73.55,0,0,0,0,0,0,13.02,0,train-job-001
t0150,gpu-node-07,2,79.56,339.62,86.33,0,0,0,0,0,0,14.52,0,train-job-001
t0150,gpu-node-07,3,75.25,344.46,72.53,0,0,0,0,0,0,8.56,0,train-job-001
t0150,gpu-node-08,0,73.21,334.68,63.62,0,0,0,0,0,0,14.55,0,train-job-001
t0150,gpu-node-08,1,74.23,337.27,70.6,0,0,0,0,0,0,15.49,0,train-job-001
t0150,gpu-node-08,2,77.67,371.49,80.86,0,0,0,0,0,0,14.43,0,train-job-001
t0150,gpu-node-08,3,76.77,363.57,78.98,0,0,0,0,0,0,10.0,0,train-job-001
t0150,gpu-node-09,0,76.34,326.25,70.79,0,0,0,0,0,0,11.21,0,train-job-001
t0150,gpu-node-09,1,81.69,365.87,77.42,0,0,0,0,0,0,11.97,0,train-job-001
t0150,gpu-node-09,2,74.21,337.59,64.53,0,0,0,0,0,0,8.04,0,train-job-001
t0150,gpu-node-09,3,78.21,382.21,85.61,0,0,0,0,0,0,8.5,0,train-job-001
t0150,gpu-node-10,0,79.06,330.77,83.4,0,0,0,0,0,0,12.87,0,train-job-001
t0150,gpu-node-10,1,77.85,335.37,84.46,0,0,0,0,0,0,13.16,0,train-job-001
t0150,gpu-node-10,2,72.82,324.25,76.16,0,0,0,0,0,0,10.95,0,train-job-001
t0150,gpu-node-10,3,75.84,323.76,73.89,0,0,0,0,0,0,5.45,0,train-job-001
t0150,gpu-node-11,0,71.97,302.3,59.63,0,0,0,0,0,0,14.7,0,train-job-001
t0150,gpu-node-11,1,76.22,339.93,72.9,0,0,0,0,0,0,13.88,0,train-job-001
t0150,gpu-node-11,2,75.15,350.44,73.53,0,0,0,0,0,0,11.37,0,train-job-001
t0150,gpu-node-11,3,79.75,342.19,60.44,0,0,0,0,0,0,11.27,0,train-job-001
t0151,gpu-node-00,0,70.54,333.9,83.84,0,0,0,0,0,0,14.19,0,train-job-001
t0151,gpu-node-00,1,74.97,306.79,65.99,0,0,0,0,0,0,10.31,0,train-job-001
t0151,gpu-node-00,2,70.96,334.89,72.46,0,0,0,0,0,0,13.23,0,train-job-001
t0151,gpu-node-00,3,76.6,322.04,62.87,0,0,0,0,0,0,14.96,0,train-job-001
t0151,gpu-node-01,0,75.53,345.75,73.57,0,0,0,0,0,0,11.38,0,train-job-001
t0151,gpu-node-01,1,73.88,340.84,70.65,0,0,0,0,0,0,11.08,0,train-job-001
t0151,gpu-node-01,2,79.23,372.12,69.51,0,0,0,0,0,0,15.9,0,train-job-001
t0151,gpu-node-01,3,79.61,317.23,82.49,0,0,0,0,0,0,8.64,0,train-job-001
t0151,gpu-node-02,0,71.3,301.74,72.09,0,0,0,0,0,0,10.14,0,train-job-001
t0151,gpu-node-02,1,74.35,333.38,70.14,0,0,0,0,0,0,12.43,0,train-job-001
t0151,gpu-node-02,2,70.16,323.51,57.83,0,0,0,0,0,0,9.87,0,train-job-001
t0151,gpu-node-02,3,77.72,344.39,83.36,0,0,0,0,0,0,10.32,0,train-job-001
t0151,gpu-node-03,0,71.86,298.67,55.94,0,0,0,0,0,0,11.59,0,train-job-001
t0151,gpu-node-03,1,75.53,328.89,70.1,0,0,0,0,0,0,7.35,0,train-job-001
t0151,gpu-node-03,2,71.51,305.53,70.83,0,0,0,0,0,0,14.47,0,train-job-001
t0151,gpu-node-03,3,78.78,343.83,87.48,0,0,0,0,0,0,11.32,0,train-job-001
t0151,gpu-node-04,0,70.52,350.98,61.49,0,0,0,0,0,0,17.23,0,train-job-001
t0151,gpu-node-04,1,73.1,273.88,67.38,0,0,0,0,0,0,13.89,0,train-job-001
t0151,gpu-node-04,2,69.85,321.7,60.4,0,0,0,0,0,0,12.02,0,train-job-001
t0151,gpu-node-04,3,73.19,355.67,74.43,0,0,0,0,0,0,14.29,0,train-job-001
t0151,gpu-node-05,0,73.87,336.45,70.91,0,0,0,0,0,0,8.89,0,train-job-001
t0151,gpu-node-05,1,68.71,322.8,75.31,0,0,0,0,0,0,12.68,0,train-job-001
t0151,gpu-node-05,2,74.79,375.97,77.99,0,0,19,0,0,0,10.44,0,train-job-001
t0151,gpu-node-05,3,74.8,309.28,63.11,0,0,0,0,0,0,11.99,0,train-job-001
t0151,gpu-node-06,0,76.21,354.92,66.23,0,0,0,0,0,0,10.89,0,train-job-001
t0151,gpu-node-06,1,76.99,347.63,75.75,0,0,0,0,0,0,11.42,0,train-job-001
t0151,gpu-node-06,2,70.92,346.26,73.39,0,0,0,0,0,0,12.68,0,train-job-001
t0151,gpu-node-06,3,74.01,357.49,94.79,0,0,0,0,0,0,9.72,0,train-job-001
t0151,gpu-node-07,0,78.59,343.1,59.82,0,0,0,0,0,0,13.2,0,train-job-001
t0151,gpu-node-07,1,77.34,347.44,71.44,0,0,0,0,0,0,7.46,0,train-job-001
t0151,gpu-node-07,2,78.92,353.24,72.5,0,0,0,0,0,0,12.8,0,train-job-001
t0151,gpu-node-07,3,74.27,333.31,73.84,0,0,0,0,0,0,9.79,0,train-job-001
t0151,gpu-node-08,0,76.78,330.19,62.14,0,0,0,0,0,0,8.8,0,train-job-001
t0151,gpu-node-08,1,74.56,336.83,69.37,0,0,0,0,0,0,14.31,0,train-job-001
t0151,gpu-node-08,2,74.05,314.31,63.09,0,0,0,0,0,0,10.29,0,train-job-001
t0151,gpu-node-08,3,71.78,358.24,83.88,0,0,0,0,0,0,11.05,0,train-job-001
t0151,gpu-node-09,0,69.17,319.3,73.36,0,0,0,0,0,0,10.11,0,train-job-001
t0151,gpu-node-09,1,74.31,347.51,79.66,0,0,0,0,0,0,10.02,0,train-job-001
t0151,gpu-node-09,2,78.56,355.46,56.05,0,0,0,0,0,0,13.72,0,train-job-001
t0151,gpu-node-09,3,75.43,341.26,72.25,0,0,0,0,0,0,8.17,0,train-job-001
t0151,gpu-node-10,0,74.46,321.1,60.77,0,0,0,0,0,0,12.14,0,train-job-001
t0151,gpu-node-10,1,82.29,334.0,74.13,0,0,0,0,0,0,9.66,0,train-job-001
t0151,gpu-node-10,2,74.44,347.57,65.09,0,0,0,0,0,0,5.9,0,train-job-001
t0151,gpu-node-10,3,80.73,314.91,67.32,0,0,0,0,0,0,12.06,0,train-job-001
t0151,gpu-node-11,0,79.78,364.36,79.26,0,0,0,0,0,0,10.98,0,train-job-001
t0151,gpu-node-11,1,73.77,346.83,73.42,0,0,0,0,0,0,10.84,0,train-job-001
t0151,gpu-node-11,2,77.86,346.78,77.72,0,0,0,0,0,0,14.48,0,train-job-001
t0151,gpu-node-11,3,75.75,312.19,66.95,0,0,0,0,0,0,11.18,0,train-job-001
t0152,gpu-node-00,0,78.01,324.45,70.33,0,0,0,0,0,0,9.38,0,train-job-001
t0152,gpu-node-00,1,76.37,310.98,69.5,0,0,0,0,0,0,11.34,0,train-job-001
t0152,gpu-node-00,2,72.48,313.37,72.49,0,0,0,0,0,0,13.52,0,train-job-001
t0152,gpu-node-00,3,77.01,316.68,64.12,0,0,0,0,0,0,11.02,0,train-job-001
t0152,gpu-node-01,0,77.29,361.93,78.49,0,0,0,0,0,0,10.36,0,train-job-001
t0152,gpu-node-01,1,69.39,330.05,67.62,0,0,0,0,0,0,11.0,0,train-job-001
t0152,gpu-node-01,2,73.56,336.27,69.93,0,0,0,0,0,0,9.4,0,train-job-001
t0152,gpu-node-01,3,73.51,345.24,76.97,0,0,0,0,0,0,14.54,0,train-job-001
t0152,gpu-node-02,0,78.02,338.24,74.45,0,0,0,0,0,0,12.2,0,train-job-001
t0152,gpu-node-02,1,77.73,321.01,75.77,0,0,0,0,0,0,8.42,0,train-job-001
t0152,gpu-node-02,2,73.95,314.71,70.11,0,0,0,0,0,0,10.51,0,train-job-001
t0152,gpu-node-02,3,74.57,350.49,83.57,0,0,0,0,0,0,11.24,0,train-job-001
t0152,gpu-node-03,0,74.77,340.2,85.68,0,0,0,0,0,0,11.88,0,train-job-001
t0152,gpu-node-03,1,76.9,316.9,67.6,0,0,0,0,0,0,11.58,0,train-job-001
t0152,gpu-node-03,2,73.67,383.5,67.87,0,0,0,0,0,0,12.26,0,train-job-001
t0152,gpu-node-03,3,71.84,318.92,73.99,0,0,0,0,0,0,13.79,0,train-job-001
t0152,gpu-node-04,0,73.28,363.81,82.2,0,0,0,0,0,0,12.93,0,train-job-001
t0152,gpu-node-04,1,74.55,323.09,75.97,0,0,0,0,0,0,11.42,0,train-job-001
t0152,gpu-node-04,2,77.34,368.71,79.81,0,0,0,0,0,0,11.28,0,train-job-001
t0152,gpu-node-04,3,73.8,318.84,72.01,0,0,0,0,0,0,11.55,0,train-job-001
t0152,gpu-node-05,0,70.61,289.48,67.59,0,0,0,0,0,0,15.28,0,train-job-001
t0152,gpu-node-05,1,72.43,320.39,73.04,0,0,0,0,0,0,9.83,0,train-job-001
t0152,gpu-node-05,2,74.39,344.19,71.16,0,0,20,0,0,0,12.32,0,train-job-001
t0152,gpu-node-05,3,76.8,338.88,63.46,0,0,0,0,0,0,11.41,0,train-job-001
t0152,gpu-node-06,0,77.44,347.54,71.46,0,0,0,0,0,0,12.82,0,train-job-001
t0152,gpu-node-06,1,73.65,341.25,69.92,0,0,0,0,0,0,10.74,0,train-job-001
t0152,gpu-node-06,2,74.0,346.53,81.04,0,0,0,0,0,0,11.7,0,train-job-001
t0152,gpu-node-06,3,77.37,341.45,66.81,0,0,0,0,0,0,11.62,0,train-job-001
t0152,gpu-node-07,0,76.16,342.45,72.08,0,0,0,0,0,0,16.07,0,train-job-001
t0152,gpu-node-07,1,77.94,336.77,62.55,0,0,0,0,0,0,11.57,0,train-job-001
t0152,gpu-node-07,2,74.89,318.18,65.41,0,0,0,0,0,0,17.15,0,train-job-001
t0152,gpu-node-07,3,73.78,354.05,66.79,0,0,0,0,0,0,11.43,0,train-job-001
t0152,gpu-node-08,0,74.85,353.58,81.32,0,0,0,0,0,0,14.4,0,train-job-001
t0152,gpu-node-08,1,71.72,311.86,56.26,0,0,0,0,0,0,8.75,0,train-job-001
t0152,gpu-node-08,2,74.78,333.16,68.8,0,0,0,0,0,0,11.89,0,train-job-001
t0152,gpu-node-08,3,75.45,331.68,70.29,0,0,0,0,0,0,10.12,0,train-job-001
t0152,gpu-node-09,0,77.68,363.36,61.56,0,0,0,0,0,0,16.08,0,train-job-001
t0152,gpu-node-09,1,74.76,294.33,57.37,0,0,0,0,0,0,12.36,0,train-job-001
t0152,gpu-node-09,2,73.06,330.65,71.96,0,0,0,0,0,0,11.4,0,train-job-001
t0152,gpu-node-09,3,77.15,323.55,83.15,0,0,0,0,0,0,13.63,0,train-job-001
t0152,gpu-node-10,0,73.2,318.71,70.13,0,0,0,0,0,0,15.38,0,train-job-001
t0152,gpu-node-10,1,75.13,324.11,66.4,0,0,0,0,0,0,11.87,0,train-job-001
t0152,gpu-node-10,2,73.18,300.13,68.89,0,0,0,0,0,0,12.21,0,train-job-001
t0152,gpu-node-10,3,75.81,352.02,64.07,0,0,0,0,0,0,9.83,0,train-job-001
t0152,gpu-node-11,0,75.04,359.72,83.4,0,0,0,0,0,0,8.16,0,train-job-001
t0152,gpu-node-11,1,72.87,353.84,73.63,0,0,0,0,0,0,12.59,0,train-job-001
t0152,gpu-node-11,2,73.8,341.79,76.1,0,0,0,0,0,0,11.21,0,train-job-001
t0152,gpu-node-11,3,72.64,325.0,71.73,0,0,0,0,0,0,12.46,0,train-job-001
t0153,gpu-node-00,0,75.85,376.4,79.05,0,0,0,0,0,0,14.08,0,train-job-001
t0153,gpu-node-00,1,74.94,369.72,71.78,0,0,0,0,0,0,12.31,0,train-job-001
t0153,gpu-node-00,2,75.71,346.52,76.83,0,0,0,0,0,0,14.43,0,train-job-001
t0153,gpu-node-00,3,76.52,350.63,72.38,0,0,0,0,0,0,10.04,0,train-job-001
t0153,gpu-node-01,0,75.72,279.67,49.29,0,0,0,0,0,0,11.39,0,train-job-001
t0153,gpu-node-01,1,76.32,321.0,70.43,0,0,0,0,0,0,10.03,0,train-job-001
t0153,gpu-node-01,2,80.95,370.3,71.25,0,0,0,0,0,0,12.94,0,train-job-001
t0153,gpu-node-01,3,75.11,341.3,80.29,0,0,0,0,0,0,8.19,0,train-job-001
t0153,gpu-node-02,0,74.55,342.66,73.97,0,0,0,0,0,0,11.94,0,train-job-001
t0153,gpu-node-02,1,76.66,307.45,72.95,0,0,0,0,0,0,14.27,0,train-job-001
t0153,gpu-node-02,2,74.61,325.88,69.2,0,0,0,0,0,0,13.52,0,train-job-001
t0153,gpu-node-02,3,77.25,346.45,78.32,0,0,0,0,0,0,11.33,0,train-job-001
t0153,gpu-node-03,0,74.48,356.72,69.61,0,0,0,0,0,0,11.27,0,train-job-001
t0153,gpu-node-03,1,71.55,361.99,81.06,0,0,0,0,0,0,12.03,0,train-job-001
t0153,gpu-node-03,2,75.77,325.5,79.62,0,0,0,0,0,0,7.93,0,train-job-001
t0153,gpu-node-03,3,75.03,324.85,80.36,0,0,0,0,0,0,11.39,0,train-job-001
t0153,gpu-node-04,0,76.27,334.86,68.84,0,0,0,0,0,0,14.59,0,train-job-001
t0153,gpu-node-04,1,72.98,332.37,79.82,0,0,0,0,0,0,9.07,0,train-job-001
t0153,gpu-node-04,2,75.26,352.11,76.72,0,0,0,0,0,0,13.78,0,train-job-001
t0153,gpu-node-04,3,79.13,355.49,74.42,0,0,0,0,0,0,11.8,0,train-job-001
t0153,gpu-node-05,0,73.08,351.89,64.48,0,0,0,0,0,0,13.8,0,train-job-001
t0153,gpu-node-05,1,74.98,316.3,79.53,0,0,0,0,0,0,11.44,0,train-job-001
t0153,gpu-node-05,2,75.94,318.49,67.3,0,0,20,0,0,0,15.03,0,train-job-001
t0153,gpu-node-05,3,74.62,359.21,73.1,0,0,0,0,0,0,13.95,0,train-job-001
t0153,gpu-node-06,0,72.5,319.51,72.73,0,0,0,0,0,0,10.65,0,train-job-001
t0153,gpu-node-06,1,73.08,349.47,65.47,0,0,0,0,0,0,13.08,0,train-job-001
t0153,gpu-node-06,2,72.79,321.55,62.45,0,0,0,0,0,0,14.69,0,train-job-001
t0153,gpu-node-06,3,74.98,302.81,66.25,0,0,0,0,0,0,11.46,0,train-job-001
t0153,gpu-node-07,0,81.69,368.25,73.36,0,0,0,0,0,0,13.2,0,train-job-001
t0153,gpu-node-07,1,67.13,307.27,68.69,0,0,0,0,0,0,13.28,0,train-job-001
t0153,gpu-node-07,2,77.0,338.46,65.51,0,0,0,0,0,0,12.16,0,train-job-001
t0153,gpu-node-07,3,78.43,347.66,80.54,0,0,0,0,0,0,10.47,0,train-job-001
t0153,gpu-node-08,0,73.24,318.5,72.44,0,0,0,0,0,0,12.61,0,train-job-001
t0153,gpu-node-08,1,77.29,341.24,62.37,0,0,0,0,0,0,6.55,0,train-job-001
t0153,gpu-node-08,2,71.09,352.93,85.96,0,0,0,0,0,0,11.47,0,train-job-001
t0153,gpu-node-08,3,78.48,317.92,66.2,0,0,0,0,0,0,10.45,0,train-job-001
t0153,gpu-node-09,0,72.14,312.07,71.47,0,0,0,0,0,0,10.38,0,train-job-001
t0153,gpu-node-09,1,76.62,325.22,69.17,0,0,0,0,0,0,13.81,0,train-job-001
t0153,gpu-node-09,2,78.49,354.26,76.07,0,0,0,0,0,0,10.3,0,train-job-001
t0153,gpu-node-09,3,76.33,367.32,77.95,0,0,0,0,0,0,13.95,0,train-job-001
t0153,gpu-node-10,0,73.71,309.82,56.2,0,0,0,0,0,0,11.13,0,train-job-001
t0153,gpu-node-10,1,74.92,353.67,77.89,0,0,0,0,0,0,12.0,0,train-job-001
t0153,gpu-node-10,2,72.41,320.56,65.5,0,0,0,0,0,0,13.34,0,train-job-001
t0153,gpu-node-10,3,80.2,365.97,76.77,0,0,0,0,0,0,14.0,0,train-job-001
t0153,gpu-node-11,0,77.38,336.29,73.62,0,0,0,0,0,0,13.15,0,train-job-001
t0153,gpu-node-11,1,74.78,337.89,65.36,0,0,0,0,0,0,11.19,0,train-job-001
t0153,gpu-node-11,2,75.37,311.22,52.42,0,0,0,0,0,0,11.54,0,train-job-001
t0153,gpu-node-11,3,73.6,329.39,66.37,0,0,0,0,0,0,13.1,0,train-job-001
t0154,gpu-node-00,0,76.49,339.86,66.49,0,0,0,0,0,0,10.6,0,train-job-001
t0154,gpu-node-00,1,77.23,341.27,82.08,0,0,0,0,0,0,14.46,0,train-job-001
t0154,gpu-node-00,2,73.09,301.02,61.97,0,0,0,0,0,0,14.11,0,train-job-001
t0154,gpu-node-00,3,79.66,357.74,81.79,0,0,0,0,0,0,13.44,0,train-job-001
t0154,gpu-node-01,0,72.69,340.31,67.7,0,0,0,0,0,0,11.87,0,train-job-001
t0154,gpu-node-01,1,73.32,330.72,64.72,0,0,0,0,0,0,15.18,0,train-job-001
t0154,gpu-node-01,2,76.04,370.06,82.82,0,0,0,0,0,0,8.86,0,train-job-001
t0154,gpu-node-01,3,71.58,363.87,77.7,0,0,0,0,0,0,11.84,0,train-job-001
t0154,gpu-node-02,0,70.85,339.25,75.46,0,0,0,0,0,0,12.41,0,train-job-001
t0154,gpu-node-02,1,75.35,351.89,72.97,0,0,0,0,0,0,12.91,0,train-job-001
t0154,gpu-node-02,2,82.5,333.69,68.78,0,0,0,0,0,0,15.87,0,train-job-001
t0154,gpu-node-02,3,72.82,307.93,64.27,0,0,0,0,0,0,13.94,0,train-job-001
t0154,gpu-node-03,0,77.46,344.5,81.02,0,0,0,0,0,0,8.86,0,train-job-001
t0154,gpu-node-03,1,78.14,355.89,82.43,0,0,0,0,0,0,8.84,0,train-job-001
t0154,gpu-node-03,2,75.95,337.36,63.48,0,0,0,0,0,0,9.72,0,train-job-001
t0154,gpu-node-03,3,73.09,338.41,68.94,0,0,0,0,0,0,12.03,0,train-job-001
t0154,gpu-node-04,0,74.04,333.55,64.52,0,0,0,0,0,0,13.4,0,train-job-001
t0154,gpu-node-04,1,74.62,339.83,80.66,0,0,0,0,0,0,12.13,0,train-job-001
t0154,gpu-node-04,2,75.22,358.85,88.99,0,0,0,0,0,0,11.81,0,train-job-001
t0154,gpu-node-04,3,79.02,382.5,81.09,0,0,0,0,0,0,10.38,0,train-job-001
t0154,gpu-node-05,0,75.43,333.74,71.61,0,0,0,0,0,0,16.05,0,train-job-001
t0154,gpu-node-05,1,73.33,346.12,78.17,0,0,0,0,0,0,13.9,0,train-job-001
t0154,gpu-node-05,2,75.74,368.26,70.31,0,0,21,0,0,0,11.44,0,train-job-001
t0154,gpu-node-05,3,79.27,361.75,84.28,0,0,0,0,0,0,13.3,0,train-job-001
t0154,gpu-node-06,0,69.81,302.92,53.44,0,0,0,0,0,0,10.32,0,train-job-001
t0154,gpu-node-06,1,77.11,303.21,59.66,0,0,0,0,0,0,12.0,0,train-job-001
t0154,gpu-node-06,2,73.11,312.53,68.3,0,0,0,0,0,0,10.33,0,train-job-001
t0154,gpu-node-06,3,78.58,373.29,82.2,0,0,0,0,0,0,13.16,0,train-job-001
t0154,gpu-node-07,0,78.09,358.06,73.82,0,0,0,0,0,0,10.51,0,train-job-001
t0154,gpu-node-07,1,74.62,346.78,80.22,0,0,0,0,0,0,11.69,0,train-job-001
t0154,gpu-node-07,2,75.17,308.11,72.29,0,0,0,0,0,0,11.32,0,train-job-001
t0154,gpu-node-07,3,79.31,352.63,76.41,0,0,0,0,0,0,13.88,0,train-job-001
t0154,gpu-node-08,0,73.82,298.69,49.54,0,0,0,0,0,0,12.02,0,train-job-001
t0154,gpu-node-08,1,78.35,322.67,78.14,0,0,0,0,0,0,12.47,0,train-job-001
t0154,gpu-node-08,2,76.58,337.2,66.19,0,0,0,0,0,0,13.17,0,train-job-001
t0154,gpu-node-08,3,75.19,363.99,69.08,0,0,0,0,0,0,9.91,0,train-job-001
t0154,gpu-node-09,0,81.44,370.9,81.99,0,0,0,0,0,0,10.72,0,train-job-001
t0154,gpu-node-09,1,73.79,327.04,69.76,0,0,0,0,0,0,13.72,0,train-job-001
t0154,gpu-node-09,2,76.85,344.03,76.23,0,0,0,0,0,0,14.77,0,train-job-001
t0154,gpu-node-09,3,77.18,316.57,74.88,0,0,0,0,0,0,9.45,0,train-job-001
t0154,gpu-node-10,0,67.81,317.72,74.9,0,0,0,0,0,0,13.03,0,train-job-001
t0154,gpu-node-10,1,74.84,346.0,63.83,0,0,0,0,0,0,10.06,0,train-job-001
t0154,gpu-node-10,2,74.86,349.37,78.58,0,0,0,0,0,0,10.43,0,train-job-001
t0154,gpu-node-10,3,71.99,332.91,60.12,0,0,0,0,0,0,16.1,0,train-job-001
t0154,gpu-node-11,0,77.6,328.28,63.25,0,0,0,0,0,0,11.04,0,train-job-001
t0154,gpu-node-11,1,73.52,339.27,79.44,0,0,0,0,0,0,9.33,0,train-job-001
t0154,gpu-node-11,2,74.6,331.87,57.55,0,0,0,0,0,0,13.39,0,train-job-001
t0154,gpu-node-11,3,74.52,340.18,71.38,0,0,0,0,0,0,11.37,0,train-job-001
t0155,gpu-node-00,0,72.97,348.46,62.58,0,0,0,0,0,0,12.0,0,train-job-001
t0155,gpu-node-00,1,77.78,334.15,66.43,0,0,0,0,0,0,10.56,0,train-job-001
t0155,gpu-node-00,2,74.87,307.47,69.06,0,0,0,0,0,0,10.76,0,train-job-001
t0155,gpu-node-00,3,78.4,336.71,60.36,0,0,0,0,0,0,11.89,0,train-job-001
t0155,gpu-node-01,0,72.84,322.81,75.7,0,0,0,0,0,0,12.81,0,train-job-001
t0155,gpu-node-01,1,67.86,294.0,56.2,0,0,0,0,0,0,13.74,0,train-job-001
t0155,gpu-node-01,2,73.3,341.34,66.35,0,0,0,0,0,0,12.81,0,train-job-001
t0155,gpu-node-01,3,73.11,319.81,53.26,0,0,0,0,0,0,12.69,0,train-job-001
t0155,gpu-node-02,0,71.4,291.64,48.59,0,0,0,0,0,0,11.11,0,train-job-001
t0155,gpu-node-02,1,76.58,357.88,65.27,0,0,0,0,0,0,12.3,0,train-job-001
t0155,gpu-node-02,2,80.06,355.08,72.72,0,0,0,0,0,0,8.72,0,train-job-001
t0155,gpu-node-02,3,70.38,315.33,76.88,0,0,0,0,0,0,9.55,0,train-job-001
t0155,gpu-node-03,0,73.39,337.35,64.02,0,0,0,0,0,0,13.06,0,train-job-001
t0155,gpu-node-03,1,80.1,361.35,87.23,0,0,0,0,0,0,12.96,0,train-job-001
t0155,gpu-node-03,2,80.51,364.21,69.65,0,0,0,0,0,0,13.84,0,train-job-001
t0155,gpu-node-03,3,75.52,355.35,69.13,0,0,0,0,0,0,10.74,0,train-job-001
t0155,gpu-node-04,0,76.05,386.56,86.52,0,0,0,0,0,0,12.38,0,train-job-001
t0155,gpu-node-04,1,74.25,319.42,75.44,0,0,0,0,0,0,12.25,0,train-job-001
t0155,gpu-node-04,2,74.42,346.59,77.32,0,0,0,0,0,0,10.48,0,train-job-001
t0155,gpu-node-04,3,76.79,331.91,76.03,0,0,0,0,0,0,8.59,0,train-job-001
t0155,gpu-node-05,0,73.81,344.59,68.31,0,0,0,0,0,0,12.53,0,train-job-001
t0155,gpu-node-05,1,76.26,331.17,73.16,0,0,0,0,0,0,12.24,0,train-job-001
t0155,gpu-node-05,2,76.79,339.83,64.97,0,0,21,0,0,0,13.78,0,train-job-001
t0155,gpu-node-05,3,75.56,343.96,75.11,0,0,0,0,0,0,11.77,0,train-job-001
t0155,gpu-node-06,0,72.92,356.22,79.43,0,0,0,0,0,0,15.98,0,train-job-001
t0155,gpu-node-06,1,75.04,312.98,60.69,0,0,0,0,0,0,12.76,0,train-job-001
t0155,gpu-node-06,2,74.09,353.22,73.11,0,0,0,0,0,0,8.98,0,train-job-001
t0155,gpu-node-06,3,79.21,353.49,81.8,0,0,0,0,0,0,12.02,0,train-job-001
t0155,gpu-node-07,0,76.87,346.1,59.75,0,0,0,0,0,0,11.01,0,train-job-001
t0155,gpu-node-07,1,74.45,307.65,59.23,0,0,0,0,0,0,11.84,0,train-job-001
t0155,gpu-node-07,2,73.92,341.57,76.83,0,0,0,0,0,0,10.96,0,train-job-001
t0155,gpu-node-07,3,74.8,354.9,82.94,0,0,0,0,0,0,12.38,0,train-job-001
t0155,gpu-node-08,0,73.95,272.34,73.65,0,0,0,0,0,0,15.56,0,train-job-001
t0155,gpu-node-08,1,76.51,318.03,59.44,0,0,0,0,0,0,11.42,0,train-job-001
t0155,gpu-node-08,2,66.6,328.44,64.28,0,0,0,0,0,0,12.88,0,train-job-001
t0155,gpu-node-08,3,75.82,352.67,58.57,0,0,0,0,0,0,14.39,0,train-job-001
t0155,gpu-node-09,0,71.24,312.73,72.77,0,0,0,0,0,0,14.79,0,train-job-001
t0155,gpu-node-09,1,72.78,316.64,61.36,0,0,0,0,0,0,14.04,0,train-job-001
t0155,gpu-node-09,2,76.59,360.67,81.36,0,0,0,0,0,0,13.2,0,train-job-001
t0155,gpu-node-09,3,79.99,355.47,67.9,0,0,0,0,0,0,10.86,0,train-job-001
t0155,gpu-node-10,0,77.05,306.34,54.01,0,0,0,0,0,0,12.92,0,train-job-001
t0155,gpu-node-10,1,78.89,354.42,84.15,0,0,0,0,0,0,12.5,0,train-job-001
t0155,gpu-node-10,2,75.01,342.4,89.89,0,0,0,0,0,0,14.16,0,train-job-001
t0155,gpu-node-10,3,70.17,397.91,79.78,0,0,0,0,0,0,9.54,0,train-job-001
t0155,gpu-node-11,0,73.51,299.53,74.68,0,0,0,0,0,0,11.07,0,train-job-001
t0155,gpu-node-11,1,80.18,353.82,71.66,0,0,0,0,0,0,10.57,0,train-job-001
t0155,gpu-node-11,2,75.59,329.53,72.95,0,0,0,0,0,0,11.84,0,train-job-001
t0155,gpu-node-11,3,76.76,318.85,62.52,0,0,0,0,0,0,10.16,0,train-job-001
t0156,gpu-node-00,0,77.18,352.26,70.96,0,0,0,0,0,0,14.45,0,train-job-001
t0156,gpu-node-00,1,76.09,337.67,60.7,0,0,0,0,0,0,10.86,0,train-job-001
t0156,gpu-node-00,2,69.44,303.58,64.08,0,0,0,0,0,0,13.81,0,train-job-001
t0156,gpu-node-00,3,77.58,331.43,80.71,0,0,0,0,0,0,10.02,0,train-job-001
t0156,gpu-node-01,0,71.58,332.89,82.93,0,0,0,0,0,0,11.17,0,train-job-001
t0156,gpu-node-01,1,72.96,334.69,80.34,0,0,0,0,0,0,10.95,0,train-job-001
t0156,gpu-node-01,2,75.38,341.73,62.44,0,0,0,0,0,0,9.61,0,train-job-001
t0156,gpu-node-01,3,77.58,367.45,81.99,0,0,0,0,0,0,14.47,0,train-job-001
t0156,gpu-node-02,0,71.32,336.14,68.48,0,0,0,0,0,0,10.41,0,train-job-001
t0156,gpu-node-02,1,76.89,334.81,70.47,0,0,0,0,0,0,10.08,0,train-job-001
t0156,gpu-node-02,2,78.19,291.79,61.85,0,0,0,0,0,0,10.57,0,train-job-001
t0156,gpu-node-02,3,76.1,333.18,79.27,0,0,0,0,0,0,12.67,0,train-job-001
t0156,gpu-node-03,0,72.85,310.14,80.05,0,0,0,0,0,0,10.79,0,train-job-001
t0156,gpu-node-03,1,79.96,368.02,63.8,0,0,0,0,0,0,12.91,0,train-job-001
t0156,gpu-node-03,2,76.79,349.83,63.8,0,0,0,0,0,0,14.07,0,train-job-001
t0156,gpu-node-03,3,79.02,349.59,73.18,0,0,0,0,0,0,12.05,0,train-job-001
t0156,gpu-node-04,0,70.55,306.86,66.75,0,0,0,0,0,0,12.01,0,train-job-001
t0156,gpu-node-04,1,74.93,338.32,76.92,0,0,0,0,0,0,12.38,0,train-job-001
t0156,gpu-node-04,2,69.96,330.42,73.06,0,0,0,0,0,0,11.26,0,train-job-001
t0156,gpu-node-04,3,72.62,316.1,61.0,0,0,0,0,0,0,13.25,0,train-job-001
t0156,gpu-node-05,0,78.81,346.63,75.87,0,0,0,0,0,0,11.7,0,train-job-001
t0156,gpu-node-05,1,75.0,364.28,73.99,0,0,0,0,0,0,13.84,0,train-job-001
t0156,gpu-node-05,2,73.29,334.24,71.5,0,0,22,0,0,0,14.93,0,train-job-001
t0156,gpu-node-05,3,74.05,355.24,86.4,0,0,0,0,0,0,10.18,0,train-job-001
t0156,gpu-node-06,0,79.31,344.27,80.81,0,0,0,0,0,0,12.36,0,train-job-001
t0156,gpu-node-06,1,79.79,350.2,75.44,0,0,0,0,0,0,13.41,0,train-job-001
t0156,gpu-node-06,2,74.76,319.72,74.77,0,0,0,0,0,0,11.93,0,train-job-001
t0156,gpu-node-06,3,75.51,335.51,77.15,0,0,0,0,0,0,11.6,0,train-job-001
t0156,gpu-node-07,0,75.7,332.03,77.76,0,0,0,0,0,0,14.95,0,train-job-001
t0156,gpu-node-07,1,75.34,341.65,68.19,0,0,0,0,0,0,11.77,0,train-job-001
t0156,gpu-node-07,2,76.89,367.02,84.16,0,0,0,0,0,0,10.32,0,train-job-001
t0156,gpu-node-07,3,77.55,363.59,68.38,0,0,0,0,0,0,10.64,0,train-job-001
t0156,gpu-node-08,0,71.88,340.88,82.74,0,0,0,0,0,0,12.11,0,train-job-001
t0156,gpu-node-08,1,75.2,354.88,71.92,0,0,0,0,0,0,10.16,0,train-job-001
t0156,gpu-node-08,2,77.46,369.58,69.02,0,0,0,0,0,0,11.58,0,train-job-001
t0156,gpu-node-08,3,76.71,307.0,55.02,0,0,0,0,0,0,13.47,0,train-job-001
t0156,gpu-node-09,0,74.61,351.18,69.91,0,0,0,0,0,0,11.64,0,train-job-001
t0156,gpu-node-09,1,72.75,340.7,81.39,0,0,0,0,0,0,14.22,0,train-job-001
t0156,gpu-node-09,2,72.66,324.4,67.67,0,0,0,0,0,0,13.51,0,train-job-001
t0156,gpu-node-09,3,73.56,324.26,64.84,0,0,0,0,0,0,12.39,0,train-job-001
t0156,gpu-node-10,0,74.65,357.07,82.92,0,0,0,0,0,0,12.78,0,train-job-001
t0156,gpu-node-10,1,70.64,319.61,61.56,0,0,0,0,0,0,13.95,0,train-job-001
t0156,gpu-node-10,2,77.78,355.23,79.28,0,0,0,0,0,0,13.28,0,train-job-001
t0156,gpu-node-10,3,79.42,322.97,82.02,0,0,0,0,0,0,11.33,0,train-job-001
t0156,gpu-node-11,0,75.76,354.27,82.48,0,0,0,0,0,0,12.72,0,train-job-001
t0156,gpu-node-11,1,81.98,344.04,68.76,0,0,0,0,0,0,8.11,0,train-job-001
t0156,gpu-node-11,2,75.35,345.75,82.98,0,0,0,0,0,0,12.74,0,train-job-001
t0156,gpu-node-11,3,76.47,355.79,79.79,0,0,0,0,0,0,12.24,0,train-job-001
t0157,gpu-node-00,0,74.38,314.12,52.52,0,0,0,0,0,0,10.86,0,train-job-001
t0157,gpu-node-00,1,74.66,333.66,59.54,0,0,0,0,0,0,13.77,0,train-job-001
t0157,gpu-node-00,2,78.24,324.06,81.43,0,0,0,0,0,0,11.65,0,train-job-001
t0157,gpu-node-00,3,75.74,315.78,72.96,0,0,0,0,0,0,12.82,0,train-job-001
t0157,gpu-node-01,0,77.19,336.39,66.54,0,0,0,0,0,0,8.18,0,train-job-001
t0157,gpu-node-01,1,80.2,346.28,74.83,0,0,0,0,0,0,17.18,0,train-job-001
t0157,gpu-node-01,2,78.81,340.55,76.19,0,0,0,0,0,0,14.89,0,train-job-001
t0157,gpu-node-01,3,79.87,381.51,88.61,0,0,0,0,0,0,13.51,0,train-job-001
t0157,gpu-node-02,0,74.07,319.28,71.18,0,0,0,0,0,0,11.74,0,train-job-001
t0157,gpu-node-02,1,81.58,323.93,64.29,0,0,0,0,0,0,12.9,0,train-job-001
t0157,gpu-node-02,2,78.17,337.04,85.19,0,0,0,0,0,0,14.74,0,train-job-001
t0157,gpu-node-02,3,75.38,348.48,88.54,0,0,0,0,0,0,10.87,0,train-job-001
t0157,gpu-node-03,0,79.71,365.06,75.11,0,0,0,0,0,0,9.04,0,train-job-001
t0157,gpu-node-03,1,77.3,356.98,80.16,0,0,0,0,0,0,11.95,0,train-job-001
t0157,gpu-node-03,2,71.19,333.17,62.09,0,0,0,0,0,0,11.96,0,train-job-001
t0157,gpu-node-03,3,82.91,353.29,68.55,0,0,0,0,0,0,11.09,0,train-job-001
t0157,gpu-node-04,0,77.8,341.56,76.15,0,0,0,0,0,0,10.52,0,train-job-001
t0157,gpu-node-04,1,77.65,367.49,68.18,0,0,0,0,0,0,12.96,0,train-job-001
t0157,gpu-node-04,2,72.2,363.67,85.92,0,0,0,0,0,0,12.5,0,train-job-001
t0157,gpu-node-04,3,72.7,311.96,71.08,0,0,0,0,0,0,13.91,0,train-job-001
t0157,gpu-node-05,0,76.14,356.89,69.5,0,0,0,0,0,0,10.52,0,train-job-001
t0157,gpu-node-05,1,74.13,328.86,74.99,0,0,0,0,0,0,11.18,0,train-job-001
t0157,gpu-node-05,2,75.28,329.28,75.57,0,0,22,0,0,0,10.44,0,train-job-001
t0157,gpu-node-05,3,75.54,353.4,77.76,0,0,0,0,0,0,10.89,0,train-job-001
t0157,gpu-node-06,0,74.13,343.42,71.94,0,0,0,0,0,0,9.29,0,train-job-001
t0157,gpu-node-06,1,76.21,352.09,68.13,0,0,0,0,0,0,13.66,0,train-job-001
t0157,gpu-node-06,2,71.49,349.6,74.76,0,0,0,0,0,0,15.78,0,train-job-001
t0157,gpu-node-06,3,75.12,323.19,76.49,0,0,0,0,0,0,8.44,0,train-job-001
t0157,gpu-node-07,0,70.52,351.93,73.93,0,0,0,0,0,0,10.85,0,train-job-001
t0157,gpu-node-07,1,78.91,324.52,63.35,0,0,0,0,0,0,12.12,0,train-job-001
t0157,gpu-node-07,2,78.05,322.88,74.42,0,0,0,0,0,0,10.15,0,train-job-001
t0157,gpu-node-07,3,75.38,340.63,78.19,0,0,0,0,0,0,13.02,0,train-job-001
t0157,gpu-node-08,0,73.84,320.05,71.76,0,0,0,0,0,0,12.27,0,train-job-001
t0157,gpu-node-08,1,75.35,337.44,89.21,0,0,0,0,0,0,15.69,0,train-job-001
t0157,gpu-node-08,2,75.41,358.88,83.19,0,0,0,0,0,0,8.98,0,train-job-001
t0157,gpu-node-08,3,76.26,353.36,76.94,0,0,0,0,0,0,13.5,0,train-job-001
t0157,gpu-node-09,0,78.67,343.47,73.09,0,0,0,0,0,0,17.09,0,train-job-001
t0157,gpu-node-09,1,72.47,322.37,70.81,0,0,0,0,0,0,10.29,0,train-job-001
t0157,gpu-node-09,2,79.71,355.66,80.48,0,0,0,0,0,0,12.33,0,train-job-001
t0157,gpu-node-09,3,76.6,309.73,70.89,0,0,0,0,0,0,11.33,0,train-job-001
t0157,gpu-node-10,0,73.76,334.31,71.49,0,0,0,0,0,0,12.57,0,train-job-001
t0157,gpu-node-10,1,71.31,298.81,72.53,0,0,0,0,0,0,15.95,0,train-job-001
t0157,gpu-node-10,2,78.77,328.94,69.94,0,0,0,0,0,0,10.34,0,train-job-001
t0157,gpu-node-10,3,71.73,337.88,69.54,0,0,0,0,0,0,11.69,0,train-job-001
t0157,gpu-node-11,0,76.16,347.24,73.93,0,0,0,0,0,0,12.44,0,train-job-001
t0157,gpu-node-11,1,74.97,369.22,72.86,0,0,0,0,0,0,10.72,0,train-job-001
t0157,gpu-node-11,2,76.66,334.43,80.49,0,0,0,0,0,0,12.26,0,train-job-001
t0157,gpu-node-11,3,74.02,340.01,79.49,0,0,0,0,0,0,17.09,0,train-job-001
t0158,gpu-node-00,0,75.07,354.6,68.36,0,0,0,0,0,0,12.22,0,train-job-001
t0158,gpu-node-00,1,74.46,338.03,74.12,0,0,0,0,0,0,9.92,0,train-job-001
t0158,gpu-node-00,2,78.02,306.4,65.81,0,0,0,0,0,0,8.44,0,train-job-001
t0158,gpu-node-00,3,75.86,352.71,80.89,0,0,0,0,0,0,10.33,0,train-job-001
t0158,gpu-node-01,0,73.95,340.76,71.79,0,0,0,0,0,0,12.61,0,train-job-001
t0158,gpu-node-01,1,74.13,335.56,80.25,0,0,0,0,0,0,9.05,0,train-job-001
t0158,gpu-node-01,2,74.65,348.85,63.24,0,0,0,0,0,0,12.9,0,train-job-001
t0158,gpu-node-01,3,79.16,368.07,82.45,0,0,0,0,0,0,12.33,0,train-job-001
t0158,gpu-node-02,0,73.82,359.92,73.42,0,0,0,0,0,0,11.22,0,train-job-001
t0158,gpu-node-02,1,73.6,329.02,87.29,0,0,0,0,0,0,7.23,0,train-job-001
t0158,gpu-node-02,2,79.96,346.72,77.42,0,0,0,0,0,0,14.29,0,train-job-001
t0158,gpu-node-02,3,75.05,355.79,75.7,0,0,0,0,0,0,11.16,0,train-job-001
t0158,gpu-node-03,0,78.39,336.75,67.33,0,0,0,0,0,0,12.98,0,train-job-001
t0158,gpu-node-03,1,78.45,331.84,63.08,0,0,0,0,0,0,13.57,0,train-job-001
t0158,gpu-node-03,2,70.96,322.54,70.3,0,0,0,0,0,0,10.81,0,train-job-001
t0158,gpu-node-03,3,78.19,314.12,63.65,0,0,0,0,0,0,13.22,0,train-job-001
t0158,gpu-node-04,0,78.55,344.98,79.81,0,0,0,0,0,0,9.67,0,train-job-001
t0158,gpu-node-04,1,76.49,323.45,58.92,0,0,0,0,0,0,11.69,0,train-job-001
t0158,gpu-node-04,2,72.41,318.67,66.91,0,0,0,0,0,0,13.79,0,train-job-001
t0158,gpu-node-04,3,78.21,323.57,62.86,0,0,0,0,0,0,11.96,0,train-job-001
t0158,gpu-node-05,0,78.36,340.15,70.83,0,0,0,0,0,0,12.7,0,train-job-001
t0158,gpu-node-05,1,77.82,356.8,85.37,0,0,0,0,0,0,10.81,0,train-job-001
t0158,gpu-node-05,2,78.33,373.34,73.1,0,0,23,0,0,0,11.14,0,train-job-001
t0158,gpu-node-05,3,77.65,307.55,60.62,0,0,0,0,0,0,15.68,0,train-job-001
t0158,gpu-node-06,0,76.56,326.12,59.64,0,0,0,0,0,0,16.91,0,train-job-001
t0158,gpu-node-06,1,72.81,327.33,79.37,0,0,0,0,0,0,14.59,0,train-job-001
t0158,gpu-node-06,2,77.26,342.22,71.05,0,0,0,0,0,0,10.18,0,train-job-001
t0158,gpu-node-06,3,74.8,337.24,68.09,0,0,0,0,0,0,10.07,0,train-job-001
t0158,gpu-node-07,0,69.76,311.29,69.75,0,0,0,0,0,0,9.59,0,train-job-001
t0158,gpu-node-07,1,78.25,352.46,74.39,0,0,0,0,0,0,12.3,0,train-job-001
t0158,gpu-node-07,2,78.08,325.05,76.99,0,0,0,0,0,0,13.73,0,train-job-001
t0158,gpu-node-07,3,77.56,326.96,82.64,0,0,0,0,0,0,15.45,0,train-job-001
t0158,gpu-node-08,0,80.39,367.55,67.99,0,0,0,0,0,0,11.64,0,train-job-001
t0158,gpu-node-08,1,76.24,334.95,71.35,0,0,0,0,0,0,9.49,0,train-job-001
t0158,gpu-node-08,2,73.79,332.85,70.2,0,0,0,0,0,0,10.24,0,train-job-001
t0158,gpu-node-08,3,81.84,370.46,69.15,0,0,0,0,0,0,12.15,0,train-job-001
t0158,gpu-node-09,0,76.87,338.67,70.42,0,0,0,0,0,0,12.22,0,train-job-001
t0158,gpu-node-09,1,78.7,369.02,83.46,0,0,0,0,0,0,12.46,0,train-job-001
t0158,gpu-node-09,2,73.53,349.45,66.87,0,0,0,0,0,0,12.56,0,train-job-001
t0158,gpu-node-09,3,73.05,288.61,65.83,0,0,0,0,0,0,13.11,0,train-job-001
t0158,gpu-node-10,0,79.47,348.02,73.14,0,0,0,0,0,0,12.29,0,train-job-001
t0158,gpu-node-10,1,73.99,330.33,73.9,0,0,0,0,0,0,11.82,0,train-job-001
t0158,gpu-node-10,2,75.43,340.48,73.98,0,0,0,0,0,0,12.4,0,train-job-001
t0158,gpu-node-10,3,76.4,345.31,67.72,0,0,0,0,0,0,12.81,0,train-job-001
t0158,gpu-node-11,0,72.22,317.12,67.48,0,0,0,0,0,0,11.1,0,train-job-001
t0158,gpu-node-11,1,76.22,324.69,78.61,0,0,0,0,0,0,11.19,0,train-job-001
t0158,gpu-node-11,2,73.43,329.1,68.31,0,0,0,0,0,0,10.89,0,train-job-001
t0158,gpu-node-11,3,74.01,305.7,71.38,0,0,0,0,0,0,10.73,0,train-job-001
t0159,gpu-node-00,0,79.71,348.61,79.86,0,0,0,0,0,0,10.49,0,train-job-001
t0159,gpu-node-00,1,73.52,335.17,71.39,0,0,0,0,0,0,9.29,0,train-job-001
t0159,gpu-node-00,2,80.33,369.3,79.96,0,0,0,0,0,0,13.72,0,train-job-001
t0159,gpu-node-00,3,79.17,309.88,57.27,0,0,0,0,0,0,11.39,0,train-job-001
t0159,gpu-node-01,0,79.0,353.6,82.99,0,0,0,0,0,0,11.05,0,train-job-001
t0159,gpu-node-01,1,69.11,332.96,73.4,0,0,0,0,0,0,12.46,0,train-job-001
t0159,gpu-node-01,2,69.88,310.25,70.4,0,0,0,0,0,0,11.17,0,train-job-001
t0159,gpu-node-01,3,73.87,345.67,80.83,0,0,0,0,0,0,11.63,0,train-job-001
t0159,gpu-node-02,0,77.25,335.65,66.68,0,0,0,0,0,0,14.15,0,train-job-001
t0159,gpu-node-02,1,75.48,345.03,85.53,0,0,0,0,0,0,14.53,0,train-job-001
t0159,gpu-node-02,2,76.67,328.59,72.74,0,0,0,0,0,0,12.05,0,train-job-001
t0159,gpu-node-02,3,78.07,312.45,79.27,0,0,0,0,0,0,10.27,0,train-job-001
t0159,gpu-node-03,0,79.43,348.56,68.98,0,0,0,0,0,0,14.01,0,train-job-001
t0159,gpu-node-03,1,72.51,316.51,57.78,0,0,0,0,0,0,10.01,0,train-job-001
t0159,gpu-node-03,2,73.83,347.17,78.29,0,0,0,0,0,0,8.34,0,train-job-001
t0159,gpu-node-03,3,77.63,326.81,68.86,0,0,0,0,0,0,9.33,0,train-job-001
t0159,gpu-node-04,0,79.57,359.88,70.25,0,0,0,0,0,0,10.15,0,train-job-001
t0159,gpu-node-04,1,76.85,340.47,72.72,0,0,0,0,0,0,15.7,0,train-job-001
t0159,gpu-node-04,2,74.72,364.69,70.95,0,0,0,0,0,0,10.71,0,train-job-001
t0159,gpu-node-04,3,74.17,336.69,68.09,0,0,0,0,0,0,8.65,0,train-job-001
t0159,gpu-node-05,0,75.92,342.11,55.54,0,0,0,0,0,0,9.61,0,train-job-001
t0159,gpu-node-05,1,73.55,343.77,70.15,0,0,0,0,0,0,11.94,0,train-job-001
t0159,gpu-node-05,2,76.69,321.67,72.16,0,0,24,0,0,0,11.54,0,train-job-001
t0159,gpu-node-05,3,72.22,303.65,78.64,0,0,0,0,0,0,13.36,0,train-job-001
t0159,gpu-node-06,0,71.74,363.74,91.17,0,0,0,0,0,0,11.69,0,train-job-001
t0159,gpu-node-06,1,74.98,313.22,74.89,0,0,0,0,0,0,12.42,0,train-job-001
t0159,gpu-node-06,2,79.4,346.99,80.52,0,0,0,0,0,0,8.32,0,train-job-001
t0159,gpu-node-06,3,76.69,366.17,80.74,0,0,0,0,0,0,11.89,0,train-job-001
t0159,gpu-node-07,0,73.35,311.65,66.65,0,0,0,0,0,0,10.85,0,train-job-001
t0159,gpu-node-07,1,74.5,347.23,78.91,0,0,0,0,0,0,15.19,0,train-job-001
t0159,gpu-node-07,2,75.26,335.77,80.2,0,0,0,0,0,0,14.94,0,train-job-001
t0159,gpu-node-07,3,79.29,324.0,65.79,0,0,0,0,0,0,14.0,0,train-job-001
t0159,gpu-node-08,0,74.48,311.56,58.77,0,0,0,0,0,0,9.77,0,train-job-001
t0159,gpu-node-08,1,77.74,380.54,82.82,0,0,0,0,0,0,12.13,0,train-job-001
t0159,gpu-node-08,2,73.58,362.3,78.06,0,0,0,0,0,0,11.58,0,train-job-001
t0159,gpu-node-08,3,76.17,336.99,74.01,0,0,0,0,0,0,11.6,0,train-job-001
t0159,gpu-node-09,0,72.41,314.9,71.57,0,0,0,0,0,0,12.01,0,train-job-001
t0159,gpu-node-09,1,75.13,314.35,70.8,0,0,0,0,0,0,10.79,0,train-job-001
t0159,gpu-node-09,2,75.98,316.54,60.32,0,0,0,0,0,0,10.84,0,train-job-001
t0159,gpu-node-09,3,74.93,315.0,65.69,0,0,0,0,0,0,11.47,0,train-job-001
t0159,gpu-node-10,0,78.4,343.77,65.79,0,0,0,0,0,0,12.51,0,train-job-001
t0159,gpu-node-10,1,76.39,295.85,62.18,0,0,0,0,0,0,15.39,0,train-job-001
t0159,gpu-node-10,2,75.22,342.37,72.48,0,0,0,0,0,0,14.5,0,train-job-001
t0159,gpu-node-10,3,80.0,351.29,67.2,0,0,0,0,0,0,12.93,0,train-job-001
t0159,gpu-node-11,0,72.03,327.72,74.54,0,0,0,0,0,0,14.65,0,train-job-001
t0159,gpu-node-11,1,75.47,369.81,79.89,0,0,0,0,0,0,11.63,0,train-job-001
t0159,gpu-node-11,2,71.35,352.57,71.68,0,0,0,0,0,0,9.12,0,train-job-001
t0159,gpu-node-11,3,70.27,331.55,71.47,0,0,0,0,0,0,7.69,0,train-job-001
