timestamp,target,node_id,up,scrape_duration_s,scrape_samples_scraped,dcgm_gpu_metric_count,dcgm_metric_families_count
t0000,dcgm-gpu-node-00:9400,gpu-node-00,1,0.398,833,93,74
t0000,dcgm-gpu-node-01:9400,gpu-node-01,1,0.384,833,95,76
t0000,dcgm-gpu-node-02:9400,gpu-node-02,1,0.416,824,96,70
t0000,dcgm-gpu-node-03:9400,gpu-node-03,1,0.401,827,96,72
t0000,dcgm-gpu-node-04:9400,gpu-node-04,1,0.367,846,97,74
t0000,dcgm-gpu-node-05:9400,gpu-node-05,1,0.44,825,97,77
t0000,dcgm-gpu-node-06:9400,gpu-node-06,1,0.419,801,97,75
t0000,dcgm-gpu-node-07:9400,gpu-node-07,1,0.4,821,102,79
t0000,dcgm-gpu-node-08:9400,gpu-node-08,1,0.436,821,95,71
t0000,dcgm-gpu-node-09:9400,gpu-node-09,1,0.403,808,100,76
t0000,dcgm-gpu-node-10:9400,gpu-node-10,1,0.4,807,95,75
t0000,dcgm-gpu-node-11:9400,gpu-node-11,1,0.402,799,94,77
t0001,dcgm-gpu-node-00:9400,gpu-node-00,1,0.387,833,95,76
t0001,dcgm-gpu-node-01:9400,gpu-node-01,1,0.385,819,95,74
t0001,dcgm-gpu-node-02:9400,gpu-node-02,1,0.417,828,96,74
t0001,dcgm-gpu-node-03:9400,gpu-node-03,1,0.439,829,99,75
t0001,dcgm-gpu-node-04:9400,gpu-node-04,1,0.394,792,91,74
t0001,dcgm-gpu-node-05:9400,gpu-node-05,1,0.388,821,98,72
t0001,dcgm-gpu-node-06:9400,gpu-node-06,1,0.558,840,101,77
t0001,dcgm-gpu-node-07:9400,gpu-node-07,1,0.426,831,100,72
t0001,dcgm-gpu-node-08:9400,gpu-node-08,1,0.408,818,101,74
t0001,dcgm-gpu-node-09:9400,gpu-node-09,1,0.399,808,96,74
t0001,dcgm-gpu-node-10:9400,gpu-node-10,1,0.372,816,95,74
t0001,dcgm-gpu-node-11:9400,gpu-node-11,1,0.455,813,95,71
t0002,dcgm-gpu-node-00:9400,gpu-node-00,1,0.432,823,97,78
t0002,dcgm-gpu-node-01:9400,gpu-node-01,1,0.36,831,90,76
t0002,dcgm-gpu-node-02:9400,gpu-node-02,1,0.417,826,95,74
t0002,dcgm-gpu-node-03:9400,gpu-node-03,1,0.439,832,92,73
t0002,dcgm-gpu-node-04:9400,gpu-node-04,1,0.413,819,94,74
t0002,dcgm-gpu-node-05:9400,gpu-node-05,1,0.402,826,98,72
t0002,dcgm-gpu-node-06:9400,gpu-node-06,1,0.408,813,93,72
t0002,dcgm-gpu-node-07:9400,gpu-node-07,1,0.396,822,97,73
t0002,dcgm-gpu-node-08:9400,gpu-node-08,1,0.389,820,98,73
t0002,dcgm-gpu-node-09:9400,gpu-node-09,1,0.458,808,96,74
t0002,dcgm-gpu-node-10:9400,gpu-node-10,1,0.451,850,96,76
t0002,dcgm-gpu-node-11:9400,gpu-node-11,1,0.427,799,96,71
t0003,dcgm-gpu-node-00:9400,gpu-node-00,1,0.349,808,96,75
t0003,dcgm-gpu-node-01:9400,gpu-node-01,1,0.438,805,95,72
t0003,dcgm-gpu-node-02:9400,gpu-node-02,1,0.492,794,97,73
t0003,dcgm-gpu-node-03:9400,gpu-node-03,1,0.415,819,97,72
t0003,dcgm-gpu-node-04:9400,gpu-node-04,1,0.416,831,100,72
t0003,dcgm-gpu-node-05:9400,gpu-node-05,1,0.47,827,97,76
t0003,dcgm-gpu-node-06:9400,gpu-node-06,1,0.44,810,96,77
t0003,dcgm-gpu-node-07:9400,gpu-node-07,1,0.421,814,94,74
t0003,dcgm-gpu-node-08:9400,gpu-node-08,1,0.392,811,97,75
t0003,dcgm-gpu-node-09:9400,gpu-node-09,1,0.45,820,93,74
t0003,dcgm-gpu-node-10:9400,gpu-node-10,1,0.401,821,99,74
t0003,dcgm-gpu-node-11:9400,gpu-node-11,1,0.392,821,96,73
t0004,dcgm-gpu-node-00:9400,gpu-node-00,1,0.376,799,94,76
t0004,dcgm-gpu-node-01:9400,gpu-node-01,1,0.359,829,96,72
t0004,dcgm-gpu-node-02:9400,gpu-node-02,1,0.436,811,96,74
t0004,dcgm-gpu-node-03:9400,gpu-node-03,1,0.451,812,100,74
t0004,dcgm-gpu-node-04:9400,gpu-node-04,1,0.435,809,96,71
t0004,dcgm-gpu-node-05:9400,gpu-node-05,1,0.435,804,97,75
t0004,dcgm-gpu-node-06:9400,gpu-node-06,1,0.391,851,98,73
t0004,dcgm-gpu-node-07:9400,gpu-node-07,1,0.363,824,94,71
t0004,dcgm-gpu-node-08:9400,gpu-node-08,1,0.405,824,94,74
t0004,dcgm-gpu-node-09:9400,gpu-node-09,1,0.399,820,101,76
t0004,dcgm-gpu-node-10:9400,gpu-node-10,1,0.363,815,95,71
t0004,dcgm-gpu-node-11:9400,gpu-node-11,1,0.434,839,96,74
t0005,dcgm-gpu-node-00:9400,gpu-node-00,1,0.398,819,94,76
t0005,dcgm-gpu-node-01:9400,gpu-node-01,1,0.432,829,100,76
t0005,dcgm-gpu-node-02:9400,gpu-node-02,1,0.513,820,96,77
t0005,dcgm-gpu-node-03:9400,gpu-node-03,1,0.444,823,93,74
t0005,dcgm-gpu-node-04:9400,gpu-node-04,1,0.475,823,93,74
t0005,dcgm-gpu-node-05:9400,gpu-node-05,1,0.423,836,98,72
t0005,dcgm-gpu-node-06:9400,gpu-node-06,1,0.471,831,106,76
t0005,dcgm-gpu-node-07:9400,gpu-node-07,1,0.424,825,94,73
t0005,dcgm-gpu-node-08:9400,gpu-node-08,1,0.41,818,94,74
t0005,dcgm-gpu-node-09:9400,gpu-node-09,1,0.387,833,102,74
t0005,dcgm-gpu-node-10:9400,gpu-node-10,1,0.516,815,91,74
t0005,dcgm-gpu-node-11:9400,gpu-node-11,1,0.477,820,97,76
t0006,dcgm-gpu-node-00:9400,gpu-node-00,1,0.407,813,100,73
t0006,dcgm-gpu-node-01:9400,gpu-node-01,1,0.415,817,94,76
t0006,dcgm-gpu-node-02:9400,gpu-node-02,1,0.381,822,98,72
t0006,dcgm-gpu-node-03:9400,gpu-node-03,1,0.388,817,96,75
t0006,dcgm-gpu-node-04:9400,gpu-node-04,1,0.402,829,93,74
t0006,dcgm-gpu-node-05:9400,gpu-node-05,1,0.362,817,95,77
t0006,dcgm-gpu-node-06:9400,gpu-node-06,1,0.415,815,95,74
t0006,dcgm-gpu-node-07:9400,gpu-node-07,1,0.489,807,94,77
t0006,dcgm-gpu-node-08:9400,gpu-node-08,1,0.485,812,94,72
t0006,dcgm-gpu-node-09:9400,gpu-node-09,1,0.425,832,97,72
t0006,dcgm-gpu-node-10:9400,gpu-node-10,1,0.389,833,93,74
t0006,dcgm-gpu-node-11:9400,gpu-node-11,1,0.492,796,95,73
t0007,dcgm-gpu-node-00:9400,gpu-node-00,1,0.459,797,97,74
t0007,dcgm-gpu-node-01:9400,gpu-node-01,1,0.372,826,97,75
t0007,dcgm-gpu-node-02:9400,gpu-node-02,1,0.467,836,97,74
t0007,dcgm-gpu-node-03:9400,gpu-node-03,1,0.405,822,98,75
t0007,dcgm-gpu-node-04:9400,gpu-node-04,1,0.372,822,99,74
t0007,dcgm-gpu-node-05:9400,gpu-node-05,1,0.407,834,95,77
t0007,dcgm-gpu-node-06:9400,gpu-node-06,1,0.437,829,100,74
t0007,dcgm-gpu-node-07:9400,gpu-node-07,1,0.458,812,96,69
t0007,dcgm-gpu-node-08:9400,gpu-node-08,1,0.476,825,97,75
t0007,dcgm-gpu-node-09:9400,gpu-node-09,1,0.411,819,96,74
t0007,dcgm-gpu-node-10:9400,gpu-node-10,1,0.417,831,98,75
t0007,dcgm-gpu-node-11:9400,gpu-node-11,1,0.449,810,96,74
t0008,dcgm-gpu-node-00:9400,gpu-node-00,1,0.366,811,100,74
t0008,dcgm-gpu-node-01:9400,gpu-node-01,1,0.478,802,98,74
t0008,dcgm-gpu-node-02:9400,gpu-node-02,1,0.458,830,99,74
t0008,dcgm-gpu-node-03:9400,gpu-node-03,1,0.389,808,93,75
t0008,dcgm-gpu-node-04:9400,gpu-node-04,1,0.473,802,96,75
t0008,dcgm-gpu-node-05:9400,gpu-node-05,1,0.402,808,96,79
t0008,dcgm-gpu-node-06:9400,gpu-node-06,1,0.449,799,97,77
t0008,dcgm-gpu-node-07:9400,gpu-node-07,1,0.432,824,96,74
t0008,dcgm-gpu-node-08:9400,gpu-node-08,1,0.449,825,96,74
t0008,dcgm-gpu-node-09:9400,gpu-node-09,1,0.459,827,99,74
t0008,dcgm-gpu-node-10:9400,gpu-node-10,1,0.427,847,99,71
t0008,dcgm-gpu-node-11:9400,gpu-node-11,1,0.432,821,97,72
t0009,dcgm-gpu-node-00:9400,gpu-node-00,1,0.385,797,94,74
t0009,dcgm-gpu-node-01:9400,gpu-node-01,1,0.436,823,96,73
t0009,dcgm-gpu-node-02:9400,gpu-node-02,1,0.43,804,95,74
t0009,dcgm-gpu-node-03:9400,gpu-node-03,1,0.437,799,96,75
t0009,dcgm-gpu-node-04:9400,gpu-node-04,1,0.461,829,94,72
t0009,dcgm-gpu-node-05:9400,gpu-node-05,1,0.337,811,92,73
t0009,dcgm-gpu-node-06:9400,gpu-node-06,1,0.386,822,96,73
t0009,dcgm-gpu-node-07:9400,gpu-node-07,1,0.383,817,96,76
t0009,dcgm-gpu-node-08:9400,gpu-node-08,1,0.452,814,91,78
t0009,dcgm-gpu-node-09:9400,gpu-node-09,1,0.377,808,96,74
t0009,dcgm-gpu-node-10:9400,gpu-node-10,1,0.437,822,99,73
t0009,dcgm-gpu-node-11:9400,gpu-node-11,1,0.423,836,96,74
t0010,dcgm-gpu-node-00:9400,gpu-node-00,1,0.424,815,101,75
t0010,dcgm-gpu-node-01:9400,gpu-node-01,1,0.396,819,98,74
t0010,dcgm-gpu-node-02:9400,gpu-node-02,1,0.409,814,101,72
t0010,dcgm-gpu-node-03:9400,gpu-node-03,1,0.368,814,98,76
t0010,dcgm-gpu-node-04:9400,gpu-node-04,1,0.408,831,96,74
t0010,dcgm-gpu-node-05:9400,gpu-node-05,1,0.44,833,96,73
t0010,dcgm-gpu-node-06:9400,gpu-node-06,1,0.41,825,96,75
t0010,dcgm-gpu-node-07:9400,gpu-node-07,1,0.473,822,100,75
t0010,dcgm-gpu-node-08:9400,gpu-node-08,1,0.45,822,96,72
t0010,dcgm-gpu-node-09:9400,gpu-node-09,1,0.395,817,96,72
t0010,dcgm-gpu-node-10:9400,gpu-node-10,1,0.377,814,99,72
t0010,dcgm-gpu-node-11:9400,gpu-node-11,1,0.448,844,95,74
t0011,dcgm-gpu-node-00:9400,gpu-node-00,1,0.417,813,99,74
t0011,dcgm-gpu-node-01:9400,gpu-node-01,1,0.454,828,94,76
t0011,dcgm-gpu-node-02:9400,gpu-node-02,1,0.382,820,98,76
t0011,dcgm-gpu-node-03:9400,gpu-node-03,1,0.355,809,93,74
t0011,dcgm-gpu-node-04:9400,gpu-node-04,1,0.415,833,96,75
t0011,dcgm-gpu-node-05:9400,gpu-node-05,1,0.401,826,97,75
t0011,dcgm-gpu-node-06:9400,gpu-node-06,1,0.427,830,97,74
t0011,dcgm-gpu-node-07:9400,gpu-node-07,1,0.44,815,90,73
t0011,dcgm-gpu-node-08:9400,gpu-node-08,1,0.488,820,91,74
t0011,dcgm-gpu-node-09:9400,gpu-node-09,1,0.432,800,98,74
t0011,dcgm-gpu-node-10:9400,gpu-node-10,1,0.499,814,103,75
t0011,dcgm-gpu-node-11:9400,gpu-node-11,1,0.493,810,94,74
t0012,dcgm-gpu-node-00:9400,gpu-node-00,1,0.469,802,97,74
t0012,dcgm-gpu-node-01:9400,gpu-node-01,1,0.505,812,92,73
t0012,dcgm-gpu-node-02:9400,gpu-node-02,1,0.444,822,92,73
t0012,dcgm-gpu-node-03:9400,gpu-node-03,1,0.374,820,98,74
t0012,dcgm-gpu-node-04:9400,gpu-node-04,1,0.381,838,96,74
t0012,dcgm-gpu-node-05:9400,gpu-node-05,1,0.411,832,96,74
t0012,dcgm-gpu-node-06:9400,gpu-node-06,1,0.401,832,98,77
t0012,dcgm-gpu-node-07:9400,gpu-node-07,1,0.414,827,93,75
t0012,dcgm-gpu-node-08:9400,gpu-node-08,1,0.503,821,99,74
t0012,dcgm-gpu-node-09:9400,gpu-node-09,1,0.503,816,95,76
t0012,dcgm-gpu-node-10:9400,gpu-node-10,1,0.443,822,99,75
t0012,dcgm-gpu-node-11:9400,gpu-node-11,1,0.457,817,101,73
t0013,dcgm-gpu-node-00:9400,gpu-node-00,1,0.329,820,96,74
t0013,dcgm-gpu-node-01:9400,gpu-node-01,1,0.461,829,102,73
t0013,dcgm-gpu-node-02:9400,gpu-node-02,1,0.364,812,93,74
t0013,dcgm-gpu-node-03:9400,gpu-node-03,1,0.433,807,96,75
t0013,dcgm-gpu-node-04:9400,gpu-node-04,1,0.427,828,94,74
t0013,dcgm-gpu-node-05:9400,gpu-node-05,1,0.391,820,99,74
t0013,dcgm-gpu-node-06:9400,gpu-node-06,1,0.435,823,95,74
t0013,dcgm-gpu-node-07:9400,gpu-node-07,1,0.475,840,98,74
t0013,dcgm-gpu-node-08:9400,gpu-node-08,1,0.375,803,91,74
t0013,dcgm-gpu-node-09:9400,gpu-node-09,1,0.411,815,96,74
t0013,dcgm-gpu-node-10:9400,gpu-node-10,1,0.416,821,96,75
t0013,dcgm-gpu-node-11:9400,gpu-node-11,1,0.416,817,95,76
t0014,dcgm-gpu-node-00:9400,gpu-node-00,1,0.472,809,98,74
t0014,dcgm-gpu-node-01:9400,gpu-node-01,1,0.414,835,98,74
t0014,dcgm-gpu-node-02:9400,gpu-node-02,1,0.421,816,95,75
t0014,dcgm-gpu-node-03:9400,gpu-node-03,1,0.399,820,96,77
t0014,dcgm-gpu-node-04:9400,gpu-node-04,1,0.448,820,97,74
t0014,dcgm-gpu-node-05:9400,gpu-node-05,1,0.362,815,93,74
t0014,dcgm-gpu-node-06:9400,gpu-node-06,1,0.339,804,98,76
t0014,dcgm-gpu-node-07:9400,gpu-node-07,1,0.449,820,95,74
t0014,dcgm-gpu-node-08:9400,gpu-node-08,1,0.39,819,94,76
t0014,dcgm-gpu-node-09:9400,gpu-node-09,1,0.425,827,101,73
t0014,dcgm-gpu-node-10:9400,gpu-node-10,1,0.364,819,95,75
t0014,dcgm-gpu-node-11:9400,gpu-node-11,1,0.412,800,99,74
t0015,dcgm-gpu-node-00:9400,gpu-node-00,1,0.373,844,95,73
t0015,dcgm-gpu-node-01:9400,gpu-node-01,1,0.447,830,93,72
t0015,dcgm-gpu-node-02:9400,gpu-node-02,1,0.414,808,96,74
t0015,dcgm-gpu-node-03:9400,gpu-node-03,1,0.45,810,99,75
t0015,dcgm-gpu-node-04:9400,gpu-node-04,1,0.409,816,97,74
t0015,dcgm-gpu-node-05:9400,gpu-node-05,1,0.445,837,96,74
t0015,dcgm-gpu-node-06:9400,gpu-node-06,1,0.43,827,94,74
t0015,dcgm-gpu-node-07:9400,gpu-node-07,1,0.442,812,91,74
t0015,dcgm-gpu-node-08:9400,gpu-node-08,1,0.388,814,95,76
t0015,dcgm-gpu-node-09:9400,gpu-node-09,1,0.379,817,96,70
t0015,dcgm-gpu-node-10:9400,gpu-node-10,1,0.375,811,94,73
t0015,dcgm-gpu-node-11:9400,gpu-node-11,1,0.387,827,94,73
t0016,dcgm-gpu-node-00:9400,gpu-node-00,1,0.448,831,92,70
t0016,dcgm-gpu-node-01:9400,gpu-node-01,1,0.44,819,94,75
t0016,dcgm-gpu-node-02:9400,gpu-node-02,1,0.344,821,99,75
t0016,dcgm-gpu-node-03:9400,gpu-node-03,1,0.446,819,97,74
t0016,dcgm-gpu-node-04:9400,gpu-node-04,1,0.358,824,96,74
t0016,dcgm-gpu-node-05:9400,gpu-node-05,1,0.306,820,93,72
t0016,dcgm-gpu-node-06:9400,gpu-node-06,1,0.457,812,95,74
t0016,dcgm-gpu-node-07:9400,gpu-node-07,1,0.416,809,95,74
t0016,dcgm-gpu-node-08:9400,gpu-node-08,1,0.444,815,97,71
t0016,dcgm-gpu-node-09:9400,gpu-node-09,1,0.465,803,94,74
t0016,dcgm-gpu-node-10:9400,gpu-node-10,1,0.401,829,101,74
t0016,dcgm-gpu-node-11:9400,gpu-node-11,1,0.41,814,94,76
t0017,dcgm-gpu-node-00:9400,gpu-node-00,1,0.469,830,90,75
t0017,dcgm-gpu-node-01:9400,gpu-node-01,1,0.473,821,90,75
t0017,dcgm-gpu-node-02:9400,gpu-node-02,1,0.487,843,93,73
t0017,dcgm-gpu-node-03:9400,gpu-node-03,1,0.477,802,92,74
t0017,dcgm-gpu-node-04:9400,gpu-node-04,1,0.386,833,96,75
t0017,dcgm-gpu-node-05:9400,gpu-node-05,1,0.454,815,96,73
t0017,dcgm-gpu-node-06:9400,gpu-node-06,1,0.479,807,88,75
t0017,dcgm-gpu-node-07:9400,gpu-node-07,1,0.443,827,91,74
t0017,dcgm-gpu-node-08:9400,gpu-node-08,1,0.448,818,96,73
t0017,dcgm-gpu-node-09:9400,gpu-node-09,1,0.41,829,97,74
t0017,dcgm-gpu-node-10:9400,gpu-node-10,1,0.461,846,97,78
t0017,dcgm-gpu-node-11:9400,gpu-node-11,1,0.458,829,97,72
t0018,dcgm-gpu-node-00:9400,gpu-node-00,1,0.495,798,98,75
t0018,dcgm-gpu-node-01:9400,gpu-node-01,1,0.451,829,95,76
t0018,dcgm-gpu-node-02:9400,gpu-node-02,1,0.458,829,99,77
t0018,dcgm-gpu-node-03:9400,gpu-node-03,1,0.472,806,99,71
t0018,dcgm-gpu-node-04:9400,gpu-node-04,1,0.41,830,90,74
t0018,dcgm-gpu-node-05:9400,gpu-node-05,1,0.426,822,96,74
t0018,dcgm-gpu-node-06:9400,gpu-node-06,1,0.408,814,95,73
t0018,dcgm-gpu-node-07:9400,gpu-node-07,1,0.408,805,96,73
t0018,dcgm-gpu-node-08:9400,gpu-node-08,1,0.44,831,98,73
t0018,dcgm-gpu-node-09:9400,gpu-node-09,1,0.505,823,96,76
t0018,dcgm-gpu-node-10:9400,gpu-node-10,1,0.445,815,99,75
t0018,dcgm-gpu-node-11:9400,gpu-node-11,1,0.406,813,95,75
t0019,dcgm-gpu-node-00:9400,gpu-node-00,1,0.316,817,94,73
t0019,dcgm-gpu-node-01:9400,gpu-node-01,1,0.448,831,96,74
t0019,dcgm-gpu-node-02:9400,gpu-node-02,1,0.417,810,96,71
t0019,dcgm-gpu-node-03:9400,gpu-node-03,1,0.444,826,98,76
t0019,dcgm-gpu-node-04:9400,gpu-node-04,1,0.373,842,91,75
t0019,dcgm-gpu-node-05:9400,gpu-node-05,1,0.516,812,96,75
t0019,dcgm-gpu-node-06:9400,gpu-node-06,1,0.455,824,96,74
t0019,dcgm-gpu-node-07:9400,gpu-node-07,1,0.431,838,97,74
t0019,dcgm-gpu-node-08:9400,gpu-node-08,1,0.467,835,95,76
t0019,dcgm-gpu-node-09:9400,gpu-node-09,1,0.398,820,94,73
t0019,dcgm-gpu-node-10:9400,gpu-node-10,1,0.381,821,94,74
t0019,dcgm-gpu-node-11:9400,gpu-node-11,1,0.421,812,92,75
t0020,dcgm-gpu-node-00:9400,gpu-node-00,1,0.4,831,98,74
t0020,dcgm-gpu-node-01:9400,gpu-node-01,1,0.428,802,97,76
t0020,dcgm-gpu-node-02:9400,gpu-node-02,1,0.396,819,97,74
t0020,dcgm-gpu-node-03:9400,gpu-node-03,1,0.445,818,97,76
t0020,dcgm-gpu-node-04:9400,gpu-node-04,1,0.436,840,96,71
t0020,dcgm-gpu-node-05:9400,gpu-node-05,1,0.415,823,97,73
t0020,dcgm-gpu-node-06:9400,gpu-node-06,1,0.433,814,95,73
t0020,dcgm-gpu-node-07:9400,gpu-node-07,1,0.368,829,91,76
t0020,dcgm-gpu-node-08:9400,gpu-node-08,1,0.46,818,96,73
t0020,dcgm-gpu-node-09:9400,gpu-node-09,1,0.451,802,94,74
t0020,dcgm-gpu-node-10:9400,gpu-node-10,1,0.406,820,96,74
t0020,dcgm-gpu-node-11:9400,gpu-node-11,1,0.543,834,96,69
t0021,dcgm-gpu-node-00:9400,gpu-node-00,1,0.527,821,96,75
t0021,dcgm-gpu-node-01:9400,gpu-node-01,1,0.402,824,93,72
t0021,dcgm-gpu-node-02:9400,gpu-node-02,1,0.433,828,98,78
t0021,dcgm-gpu-node-03:9400,gpu-node-03,1,0.427,819,96,77
t0021,dcgm-gpu-node-04:9400,gpu-node-04,1,0.489,813,97,75
t0021,dcgm-gpu-node-05:9400,gpu-node-05,1,0.352,818,98,77
t0021,dcgm-gpu-node-06:9400,gpu-node-06,1,0.51,823,96,73
t0021,dcgm-gpu-node-07:9400,gpu-node-07,1,0.461,833,96,74
t0021,dcgm-gpu-node-08:9400,gpu-node-08,1,0.431,831,98,74
t0021,dcgm-gpu-node-09:9400,gpu-node-09,1,0.426,820,94,74
t0021,dcgm-gpu-node-10:9400,gpu-node-10,1,0.393,825,96,74
t0021,dcgm-gpu-node-11:9400,gpu-node-11,1,0.438,804,102,75
t0022,dcgm-gpu-node-00:9400,gpu-node-00,1,0.45,850,96,73
t0022,dcgm-gpu-node-01:9400,gpu-node-01,1,0.371,819,97,72
t0022,dcgm-gpu-node-02:9400,gpu-node-02,1,0.377,820,94,72
t0022,dcgm-gpu-node-03:9400,gpu-node-03,1,0.473,812,93,74
t0022,dcgm-gpu-node-04:9400,gpu-node-04,1,0.527,825,101,74
t0022,dcgm-gpu-node-05:9400,gpu-node-05,1,0.392,807,101,76
t0022,dcgm-gpu-node-06:9400,gpu-node-06,1,0.435,825,96,74
t0022,dcgm-gpu-node-07:9400,gpu-node-07,1,0.405,824,96,74
t0022,dcgm-gpu-node-08:9400,gpu-node-08,1,0.395,819,96,73
t0022,dcgm-gpu-node-09:9400,gpu-node-09,1,0.406,845,93,71
t0022,dcgm-gpu-node-10:9400,gpu-node-10,1,0.42,839,96,74
t0022,dcgm-gpu-node-11:9400,gpu-node-11,1,0.348,796,94,74
t0023,dcgm-gpu-node-00:9400,gpu-node-00,1,0.514,827,94,74
t0023,dcgm-gpu-node-01:9400,gpu-node-01,1,0.458,823,95,74
t0023,dcgm-gpu-node-02:9400,gpu-node-02,1,0.454,834,96,74
t0023,dcgm-gpu-node-03:9400,gpu-node-03,1,0.418,827,92,71
t0023,dcgm-gpu-node-04:9400,gpu-node-04,1,0.389,813,99,76
t0023,dcgm-gpu-node-05:9400,gpu-node-05,1,0.436,823,95,76
t0023,dcgm-gpu-node-06:9400,gpu-node-06,1,0.414,839,94,72
t0023,dcgm-gpu-node-07:9400,gpu-node-07,1,0.379,842,89,77
t0023,dcgm-gpu-node-08:9400,gpu-node-08,1,0.388,816,96,74
t0023,dcgm-gpu-node-09:9400,gpu-node-09,1,0.4,817,96,74
t0023,dcgm-gpu-node-10:9400,gpu-node-10,1,0.422,822,94,74
t0023,dcgm-gpu-node-11:9400,gpu-node-11,1,0.435,807,95,73
t0024,dcgm-gpu-node-00:9400,gpu-node-00,1,0.43,812,94,74
t0024,dcgm-gpu-node-01:9400,gpu-node-01,1,0.479,815,95,76
t0024,dcgm-gpu-node-02:9400,gpu-node-02,1,0.406,833,96,74
t0024,dcgm-gpu-node-03:9400,gpu-node-03,1,0.442,821,98,73
t0024,dcgm-gpu-node-04:9400,gpu-node-04,1,0.402,813,97,73
t0024,dcgm-gpu-node-05:9400,gpu-node-05,1,0.325,827,94,74
t0024,dcgm-gpu-node-06:9400,gpu-node-06,1,0.38,823,96,71
t0024,dcgm-gpu-node-07:9400,gpu-node-07,1,0.468,845,94,72
t0024,dcgm-gpu-node-08:9400,gpu-node-08,1,0.417,814,94,73
t0024,dcgm-gpu-node-09:9400,gpu-node-09,1,0.382,810,100,76
t0024,dcgm-gpu-node-10:9400,gpu-node-10,1,0.362,807,97,75
t0024,dcgm-gpu-node-11:9400,gpu-node-11,1,0.46,811,95,78
t0025,dcgm-gpu-node-00:9400,gpu-node-00,1,0.37,813,95,74
t0025,dcgm-gpu-node-01:9400,gpu-node-01,1,0.445,820,96,74
t0025,dcgm-gpu-node-02:9400,gpu-node-02,1,0.452,820,96,73
t0025,dcgm-gpu-node-03:9400,gpu-node-03,1,0.417,845,102,74
t0025,dcgm-gpu-node-04:9400,gpu-node-04,1,0.424,822,99,73
t0025,dcgm-gpu-node-05:9400,gpu-node-05,1,0.434,847,94,76
t0025,dcgm-gpu-node-06:9400,gpu-node-06,1,0.421,811,95,74
t0025,dcgm-gpu-node-07:9400,gpu-node-07,1,0.412,816,98,72
t0025,dcgm-gpu-node-08:9400,gpu-node-08,1,0.357,820,96,76
t0025,dcgm-gpu-node-09:9400,gpu-node-09,1,0.427,803,100,74
t0025,dcgm-gpu-node-10:9400,gpu-node-10,1,0.4,801,98,73
t0025,dcgm-gpu-node-11:9400,gpu-node-11,1,0.451,822,98,73
t0026,dcgm-gpu-node-00:9400,gpu-node-00,1,0.441,816,100,73
t0026,dcgm-gpu-node-01:9400,gpu-node-01,1,0.482,823,98,75
t0026,dcgm-gpu-node-02:9400,gpu-node-02,1,0.379,820,92,74
t0026,dcgm-gpu-node-03:9400,gpu-node-03,1,0.351,814,92,72
t0026,dcgm-gpu-node-04:9400,gpu-node-04,1,0.426,827,96,74
t0026,dcgm-gpu-node-05:9400,gpu-node-05,1,0.402,818,94,73
t0026,dcgm-gpu-node-06:9400,gpu-node-06,1,0.372,839,98,74
t0026,dcgm-gpu-node-07:9400,gpu-node-07,1,0.381,835,92,76
t0026,dcgm-gpu-node-08:9400,gpu-node-08,1,0.454,827,96,73
t0026,dcgm-gpu-node-09:9400,gpu-node-09,1,0.413,830,95,74
t0026,dcgm-gpu-node-10:9400,gpu-node-10,1,0.411,812,92,72
t0026,dcgm-gpu-node-11:9400,gpu-node-11,1,0.413,829,100,72
t0027,dcgm-gpu-node-00:9400,gpu-node-00,1,0.388,828,95,70
t0027,dcgm-gpu-node-01:9400,gpu-node-01,1,0.396,816,92,76
t0027,dcgm-gpu-node-02:9400,gpu-node-02,1,0.345,809,99,73
t0027,dcgm-gpu-node-03:9400,gpu-node-03,1,0.383,832,97,76
t0027,dcgm-gpu-node-04:9400,gpu-node-04,1,0.405,822,96,75
t0027,dcgm-gpu-node-05:9400,gpu-node-05,1,0.409,814,94,77
t0027,dcgm-gpu-node-06:9400,gpu-node-06,1,0.394,821,96,78
t0027,dcgm-gpu-node-07:9400,gpu-node-07,1,0.403,822,98,72
t0027,dcgm-gpu-node-08:9400,gpu-node-08,1,0.475,812,96,73
t0027,dcgm-gpu-node-09:9400,gpu-node-09,1,0.402,843,97,74
t0027,dcgm-gpu-node-10:9400,gpu-node-10,1,0.416,815,96,70
t0027,dcgm-gpu-node-11:9400,gpu-node-11,1,0.389,826,96,73
t0028,dcgm-gpu-node-00:9400,gpu-node-00,1,0.422,835,96,72
t0028,dcgm-gpu-node-01:9400,gpu-node-01,1,0.374,823,96,72
t0028,dcgm-gpu-node-02:9400,gpu-node-02,1,0.459,840,98,74
t0028,dcgm-gpu-node-03:9400,gpu-node-03,1,0.447,821,97,75
t0028,dcgm-gpu-node-04:9400,gpu-node-04,1,0.405,831,100,74
t0028,dcgm-gpu-node-05:9400,gpu-node-05,1,0.446,808,92,73
t0028,dcgm-gpu-node-06:9400,gpu-node-06,1,0.347,812,95,74
t0028,dcgm-gpu-node-07:9400,gpu-node-07,1,0.442,826,96,75
t0028,dcgm-gpu-node-08:9400,gpu-node-08,1,0.388,813,95,75
t0028,dcgm-gpu-node-09:9400,gpu-node-09,1,0.468,821,101,74
t0028,dcgm-gpu-node-10:9400,gpu-node-10,1,0.42,804,96,72
t0028,dcgm-gpu-node-11:9400,gpu-node-11,1,0.448,836,91,72
t0029,dcgm-gpu-node-00:9400,gpu-node-00,1,0.425,828,96,72
t0029,dcgm-gpu-node-01:9400,gpu-node-01,1,0.386,826,95,76
t0029,dcgm-gpu-node-02:9400,gpu-node-02,1,0.429,832,96,74
t0029,dcgm-gpu-node-03:9400,gpu-node-03,1,0.391,808,96,74
t0029,dcgm-gpu-node-04:9400,gpu-node-04,1,0.437,820,100,75
t0029,dcgm-gpu-node-05:9400,gpu-node-05,1,0.413,829,96,74
t0029,dcgm-gpu-node-06:9400,gpu-node-06,1,0.398,826,96,74
t0029,dcgm-gpu-node-07:9400,gpu-node-07,1,0.455,814,95,72
t0029,dcgm-gpu-node-08:9400,gpu-node-08,1,0.398,830,96,74
t0029,dcgm-gpu-node-09:9400,gpu-node-09,1,0.422,818,101,72
t0029,dcgm-gpu-node-10:9400,gpu-node-10,1,0.356,816,98,74
t0029,dcgm-gpu-node-11:9400,gpu-node-11,1,0.404,816,95,74
t0030,dcgm-gpu-node-00:9400,gpu-node-00,1,0.451,831,96,77
t0030,dcgm-gpu-node-01:9400,gpu-node-01,1,0.501,823,96,74
t0030,dcgm-gpu-node-02:9400,gpu-node-02,1,0.504,838,92,71
t0030,dcgm-gpu-node-03:9400,gpu-node-03,1,0.442,834,100,74
t0030,dcgm-gpu-node-04:9400,gpu-node-04,1,0.334,810,96,74
t0030,dcgm-gpu-node-05:9400,gpu-node-05,1,0.378,812,97,73
t0030,dcgm-gpu-node-06:9400,gpu-node-06,1,0.467,831,95,73
t0030,dcgm-gpu-node-07:9400,gpu-node-07,1,0.431,837,94,74
t0030,dcgm-gpu-node-08:9400,gpu-node-08,1,0.401,823,95,75
t0030,dcgm-gpu-node-09:9400,gpu-node-09,1,0.378,812,93,74
t0030,dcgm-gpu-node-10:9400,gpu-node-10,1,0.369,821,96,73
t0030,dcgm-gpu-node-11:9400,gpu-node-11,1,0.382,820,98,75
t0031,dcgm-gpu-node-00:9400,gpu-node-00,1,0.411,809,96,73
t0031,dcgm-gpu-node-01:9400,gpu-node-01,1,0.427,824,97,72
t0031,dcgm-gpu-node-02:9400,gpu-node-02,1,0.475,831,99,76
t0031,dcgm-gpu-node-03:9400,gpu-node-03,1,0.403,837,98,70
t0031,dcgm-gpu-node-04:9400,gpu-node-04,1,0.469,820,96,71
t0031,dcgm-gpu-node-05:9400,gpu-node-05,1,0.385,797,96,73
t0031,dcgm-gpu-node-06:9400,gpu-node-06,1,0.433,834,100,79
t0031,dcgm-gpu-node-07:9400,gpu-node-07,1,0.389,819,93,74
t0031,dcgm-gpu-node-08:9400,gpu-node-08,1,0.45,807,96,74
t0031,dcgm-gpu-node-09:9400,gpu-node-09,1,0.382,836,97,74
t0031,dcgm-gpu-node-10:9400,gpu-node-10,1,0.423,827,97,75
t0031,dcgm-gpu-node-11:9400,gpu-node-11,1,0.403,831,94,74
t0032,dcgm-gpu-node-00:9400,gpu-node-00,1,0.426,832,96,74
t0032,dcgm-gpu-node-01:9400,gpu-node-01,1,0.431,832,95,75
t0032,dcgm-gpu-node-02:9400,gpu-node-02,1,0.477,803,92,71
t0032,dcgm-gpu-node-03:9400,gpu-node-03,1,0.42,817,96,71
t0032,dcgm-gpu-node-04:9400,gpu-node-04,1,0.43,821,101,74
t0032,dcgm-gpu-node-05:9400,gpu-node-05,1,0.419,832,98,73
t0032,dcgm-gpu-node-06:9400,gpu-node-06,1,0.435,824,98,74
t0032,dcgm-gpu-node-07:9400,gpu-node-07,1,0.348,818,96,75
t0032,dcgm-gpu-node-08:9400,gpu-node-08,1,0.393,818,98,74
t0032,dcgm-gpu-node-09:9400,gpu-node-09,1,0.388,821,95,73
t0032,dcgm-gpu-node-10:9400,gpu-node-10,1,0.395,803,98,74
t0032,dcgm-gpu-node-11:9400,gpu-node-11,1,0.389,814,93,74
t0033,dcgm-gpu-node-00:9400,gpu-node-00,1,0.45,812,89,73
t0033,dcgm-gpu-node-01:9400,gpu-node-01,1,0.432,828,96,76
t0033,dcgm-gpu-node-02:9400,gpu-node-02,1,0.408,812,96,74
t0033,dcgm-gpu-node-03:9400,gpu-node-03,1,0.482,808,97,72
t0033,dcgm-gpu-node-04:9400,gpu-node-04,1,0.401,829,96,75
t0033,dcgm-gpu-node-05:9400,gpu-node-05,1,0.412,829,96,73
t0033,dcgm-gpu-node-06:9400,gpu-node-06,1,0.414,816,99,72
t0033,dcgm-gpu-node-07:9400,gpu-node-07,1,0.352,835,96,74
t0033,dcgm-gpu-node-08:9400,gpu-node-08,1,0.406,824,96,74
t0033,dcgm-gpu-node-09:9400,gpu-node-09,1,0.49,834,95,76
t0033,dcgm-gpu-node-10:9400,gpu-node-10,1,0.405,830,97,75
t0033,dcgm-gpu-node-11:9400,gpu-node-11,1,0.459,819,96,74
t0034,dcgm-gpu-node-00:9400,gpu-node-00,1,0.375,840,94,73
t0034,dcgm-gpu-node-01:9400,gpu-node-01,1,0.468,821,93,74
t0034,dcgm-gpu-node-02:9400,gpu-node-02,1,0.466,812,99,73
t0034,dcgm-gpu-node-03:9400,gpu-node-03,1,0.421,827,98,73
t0034,dcgm-gpu-node-04:9400,gpu-node-04,1,0.442,827,95,74
t0034,dcgm-gpu-node-05:9400,gpu-node-05,1,0.355,827,95,71
t0034,dcgm-gpu-node-06:9400,gpu-node-06,1,0.433,823,96,74
t0034,dcgm-gpu-node-07:9400,gpu-node-07,1,0.417,838,99,74
t0034,dcgm-gpu-node-08:9400,gpu-node-08,1,0.346,824,96,74
t0034,dcgm-gpu-node-09:9400,gpu-node-09,1,0.419,826,100,74
t0034,dcgm-gpu-node-10:9400,gpu-node-10,1,0.442,820,96,74
t0034,dcgm-gpu-node-11:9400,gpu-node-11,1,0.405,810,95,75
t0035,dcgm-gpu-node-00:9400,gpu-node-00,1,0.424,800,93,75
t0035,dcgm-gpu-node-01:9400,gpu-node-01,1,0.406,824,97,75
t0035,dcgm-gpu-node-02:9400,gpu-node-02,1,0.479,820,93,75
t0035,dcgm-gpu-node-03:9400,gpu-node-03,1,0.438,795,96,74
t0035,dcgm-gpu-node-04:9400,gpu-node-04,1,0.47,829,96,74
t0035,dcgm-gpu-node-05:9400,gpu-node-05,1,0.402,841,95,78
t0035,dcgm-gpu-node-06:9400,gpu-node-06,1,0.389,817,100,74
t0035,dcgm-gpu-node-07:9400,gpu-node-07,1,0.368,821,97,76
t0035,dcgm-gpu-node-08:9400,gpu-node-08,1,0.409,808,94,74
t0035,dcgm-gpu-node-09:9400,gpu-node-09,1,0.348,822,90,75
t0035,dcgm-gpu-node-10:9400,gpu-node-10,1,0.386,829,96,74
t0035,dcgm-gpu-node-11:9400,gpu-node-11,1,0.478,832,100,74
t0036,dcgm-gpu-node-00:9400,gpu-node-00,1,0.475,843,101,74
t0036,dcgm-gpu-node-01:9400,gpu-node-01,1,0.408,818,100,75
t0036,dcgm-gpu-node-02:9400,gpu-node-02,1,0.365,825,96,74
t0036,dcgm-gpu-node-03:9400,gpu-node-03,1,0.388,817,93,74
t0036,dcgm-gpu-node-04:9400,gpu-node-04,1,0.408,816,91,74
t0036,dcgm-gpu-node-05:9400,gpu-node-05,1,0.394,795,93,74
t0036,dcgm-gpu-node-06:9400,gpu-node-06,1,0.434,810,98,76
t0036,dcgm-gpu-node-07:9400,gpu-node-07,1,0.368,819,103,75
t0036,dcgm-gpu-node-08:9400,gpu-node-08,1,0.404,834,96,74
t0036,dcgm-gpu-node-09:9400,gpu-node-09,1,0.434,827,97,72
t0036,dcgm-gpu-node-10:9400,gpu-node-10,1,0.395,837,96,73
t0036,dcgm-gpu-node-11:9400,gpu-node-11,1,0.407,825,95,74
t0037,dcgm-gpu-node-00:9400,gpu-node-00,1,0.444,837,95,76
t0037,dcgm-gpu-node-01:9400,gpu-node-01,1,0.389,820,96,74
t0037,dcgm-gpu-node-02:9400,gpu-node-02,1,0.366,813,96,73
t0037,dcgm-gpu-node-03:9400,gpu-node-03,1,0.393,805,96,71
t0037,dcgm-gpu-node-04:9400,gpu-node-04,1,0.479,809,98,74
t0037,dcgm-gpu-node-05:9400,gpu-node-05,1,0.44,821,96,71
t0037,dcgm-gpu-node-06:9400,gpu-node-06,1,0.429,850,96,74
t0037,dcgm-gpu-node-07:9400,gpu-node-07,1,0.372,811,104,69
t0037,dcgm-gpu-node-08:9400,gpu-node-08,1,0.397,828,93,75
t0037,dcgm-gpu-node-09:9400,gpu-node-09,1,0.438,820,96,74
t0037,dcgm-gpu-node-10:9400,gpu-node-10,1,0.431,816,92,73
t0037,dcgm-gpu-node-11:9400,gpu-node-11,1,0.34,828,95,74
t0038,dcgm-gpu-node-00:9400,gpu-node-00,1,0.462,832,98,74
t0038,dcgm-gpu-node-01:9400,gpu-node-01,1,0.368,817,98,74
t0038,dcgm-gpu-node-02:9400,gpu-node-02,1,0.46,802,97,73
t0038,dcgm-gpu-node-03:9400,gpu-node-03,1,0.394,809,96,77
t0038,dcgm-gpu-node-04:9400,gpu-node-04,1,0.434,818,97,71
t0038,dcgm-gpu-node-05:9400,gpu-node-05,1,0.422,821,96,74
t0038,dcgm-gpu-node-06:9400,gpu-node-06,1,0.435,820,94,74
t0038,dcgm-gpu-node-07:9400,gpu-node-07,1,0.51,824,97,75
t0038,dcgm-gpu-node-08:9400,gpu-node-08,1,0.425,818,97,71
t0038,dcgm-gpu-node-09:9400,gpu-node-09,1,0.433,801,92,79
t0038,dcgm-gpu-node-10:9400,gpu-node-10,1,0.5,832,100,71
t0038,dcgm-gpu-node-11:9400,gpu-node-11,1,0.372,825,98,73
t0039,dcgm-gpu-node-00:9400,gpu-node-00,1,0.427,818,103,74
t0039,dcgm-gpu-node-01:9400,gpu-node-01,1,0.444,827,96,76
t0039,dcgm-gpu-node-02:9400,gpu-node-02,1,0.389,817,99,74
t0039,dcgm-gpu-node-03:9400,gpu-node-03,1,0.337,799,94,73
t0039,dcgm-gpu-node-04:9400,gpu-node-04,1,0.393,831,95,77
t0039,dcgm-gpu-node-05:9400,gpu-node-05,1,0.476,805,95,76
t0039,dcgm-gpu-node-06:9400,gpu-node-06,1,0.446,834,94,76
t0039,dcgm-gpu-node-07:9400,gpu-node-07,1,0.416,821,98,74
t0039,dcgm-gpu-node-08:9400,gpu-node-08,1,0.456,817,98,75
t0039,dcgm-gpu-node-09:9400,gpu-node-09,1,0.364,814,92,71
t0039,dcgm-gpu-node-10:9400,gpu-node-10,1,0.45,828,92,75
t0039,dcgm-gpu-node-11:9400,gpu-node-11,1,0.448,823,104,73
t0040,dcgm-gpu-node-00:9400,gpu-node-00,1,0.415,821,96,76
t0040,dcgm-gpu-node-01:9400,gpu-node-01,1,0.436,803,96,74
t0040,dcgm-gpu-node-02:9400,gpu-node-02,1,0.374,803,96,73
t0040,dcgm-gpu-node-03:9400,gpu-node-03,1,0.449,825,93,73
t0040,dcgm-gpu-node-04:9400,gpu-node-04,1,0.473,820,98,76
t0040,dcgm-gpu-node-05:9400,gpu-node-05,1,0.449,818,96,74
t0040,dcgm-gpu-node-06:9400,gpu-node-06,1,0.392,807,100,78
t0040,dcgm-gpu-node-07:9400,gpu-node-07,1,0.378,801,96,75
t0040,dcgm-gpu-node-08:9400,gpu-node-08,1,0.476,809,95,75
t0040,dcgm-gpu-node-09:9400,gpu-node-09,1,0.39,831,100,76
t0040,dcgm-gpu-node-10:9400,gpu-node-10,1,0.42,825,95,69
t0040,dcgm-gpu-node-11:9400,gpu-node-11,1,0.441,812,96,74
t0041,dcgm-gpu-node-00:9400,gpu-node-00,1,0.455,809,100,74
t0041,dcgm-gpu-node-01:9400,gpu-node-01,1,0.339,804,96,74
t0041,dcgm-gpu-node-02:9400,gpu-node-02,1,0.438,801,95,75
t0041,dcgm-gpu-node-03:9400,gpu-node-03,1,0.382,836,93,74
t0041,dcgm-gpu-node-04:9400,gpu-node-04,1,0.451,815,97,76
t0041,dcgm-gpu-node-05:9400,gpu-node-05,1,0.378,836,101,72
t0041,dcgm-gpu-node-06:9400,gpu-node-06,1,0.368,836,100,76
t0041,dcgm-gpu-node-07:9400,gpu-node-07,1,0.449,817,97,75
t0041,dcgm-gpu-node-08:9400,gpu-node-08,1,0.462,828,101,74
t0041,dcgm-gpu-node-09:9400,gpu-node-09,1,0.433,812,91,74
t0041,dcgm-gpu-node-10:9400,gpu-node-10,1,0.432,815,97,74
t0041,dcgm-gpu-node-11:9400,gpu-node-11,1,0.333,827,92,74
t0042,dcgm-gpu-node-00:9400,gpu-node-00,1,0.451,840,89,74
t0042,dcgm-gpu-node-01:9400,gpu-node-01,1,0.462,821,94,72
t0042,dcgm-gpu-node-02:9400,gpu-node-02,1,0.458,819,96,74
t0042,dcgm-gpu-node-03:9400,gpu-node-03,1,0.449,812,95,74
t0042,dcgm-gpu-node-04:9400,gpu-node-04,1,0.407,860,96,74
t0042,dcgm-gpu-node-05:9400,gpu-node-05,1,0.389,812,94,73
t0042,dcgm-gpu-node-06:9400,gpu-node-06,1,0.388,826,91,69
t0042,dcgm-gpu-node-07:9400,gpu-node-07,1,0.491,816,93,74
t0042,dcgm-gpu-node-08:9400,gpu-node-08,1,0.472,813,96,74
t0042,dcgm-gpu-node-09:9400,gpu-node-09,1,0.407,821,99,75
t0042,dcgm-gpu-node-10:9400,gpu-node-10,1,0.366,790,90,76
t0042,dcgm-gpu-node-11:9400,gpu-node-11,1,0.376,787,96,76
t0043,dcgm-gpu-node-00:9400,gpu-node-00,1,0.459,832,99,74
t0043,dcgm-gpu-node-01:9400,gpu-node-01,1,0.38,830,96,74
t0043,dcgm-gpu-node-02:9400,gpu-node-02,1,0.41,826,96,73
t0043,dcgm-gpu-node-03:9400,gpu-node-03,1,0.413,814,98,75
t0043,dcgm-gpu-node-04:9400,gpu-node-04,1,0.403,815,100,78
t0043,dcgm-gpu-node-05:9400,gpu-node-05,1,0.489,809,91,74
t0043,dcgm-gpu-node-06:9400,gpu-node-06,1,0.426,817,98,75
t0043,dcgm-gpu-node-07:9400,gpu-node-07,1,0.424,823,96,74
t0043,dcgm-gpu-node-08:9400,gpu-node-08,1,0.39,830,96,74
t0043,dcgm-gpu-node-09:9400,gpu-node-09,1,0.515,817,93,75
t0043,dcgm-gpu-node-10:9400,gpu-node-10,1,0.378,803,100,72
t0043,dcgm-gpu-node-11:9400,gpu-node-11,1,0.361,829,92,74
t0044,dcgm-gpu-node-00:9400,gpu-node-00,1,0.463,812,102,74
t0044,dcgm-gpu-node-01:9400,gpu-node-01,1,0.392,792,96,70
t0044,dcgm-gpu-node-02:9400,gpu-node-02,1,0.44,822,96,76
t0044,dcgm-gpu-node-03:9400,gpu-node-03,1,0.344,805,93,75
t0044,dcgm-gpu-node-04:9400,gpu-node-04,1,0.396,826,97,74
t0044,dcgm-gpu-node-05:9400,gpu-node-05,1,0.475,799,99,77
t0044,dcgm-gpu-node-06:9400,gpu-node-06,1,0.388,826,96,71
t0044,dcgm-gpu-node-07:9400,gpu-node-07,1,0.41,821,92,74
t0044,dcgm-gpu-node-08:9400,gpu-node-08,1,0.338,823,99,74
t0044,dcgm-gpu-node-09:9400,gpu-node-09,1,0.35,822,91,74
t0044,dcgm-gpu-node-10:9400,gpu-node-10,1,0.408,820,94,74
t0044,dcgm-gpu-node-11:9400,gpu-node-11,1,0.45,815,93,74
t0045,dcgm-gpu-node-00:9400,gpu-node-00,1,0.393,818,100,74
t0045,dcgm-gpu-node-01:9400,gpu-node-01,1,0.406,802,95,72
t0045,dcgm-gpu-node-02:9400,gpu-node-02,1,0.42,801,94,74
t0045,dcgm-gpu-node-03:9400,gpu-node-03,1,0.454,820,96,74
t0045,dcgm-gpu-node-04:9400,gpu-node-04,1,0.473,821,97,76
t0045,dcgm-gpu-node-05:9400,gpu-node-05,1,0.479,813,94,75
t0045,dcgm-gpu-node-06:9400,gpu-node-06,1,0.375,809,97,73
t0045,dcgm-gpu-node-07:9400,gpu-node-07,1,0.398,823,98,76
t0045,dcgm-gpu-node-08:9400,gpu-node-08,1,0.372,826,97,76
t0045,dcgm-gpu-node-09:9400,gpu-node-09,1,0.445,829,98,75
t0045,dcgm-gpu-node-10:9400,gpu-node-10,1,0.426,794,96,74
t0045,dcgm-gpu-node-11:9400,gpu-node-11,1,0.445,821,96,73
t0046,dcgm-gpu-node-00:9400,gpu-node-00,1,0.358,808,99,74
t0046,dcgm-gpu-node-01:9400,gpu-node-01,1,0.431,827,98,73
t0046,dcgm-gpu-node-02:9400,gpu-node-02,1,0.415,838,99,76
t0046,dcgm-gpu-node-03:9400,gpu-node-03,1,0.426,818,96,74
t0046,dcgm-gpu-node-04:9400,gpu-node-04,1,0.405,823,99,75
t0046,dcgm-gpu-node-05:9400,gpu-node-05,1,0.386,833,96,72
t0046,dcgm-gpu-node-06:9400,gpu-node-06,1,0.403,812,99,79
t0046,dcgm-gpu-node-07:9400,gpu-node-07,1,0.443,810,100,74
t0046,dcgm-gpu-node-08:9400,gpu-node-08,1,0.414,821,100,76
t0046,dcgm-gpu-node-09:9400,gpu-node-09,1,0.419,825,96,70
t0046,dcgm-gpu-node-10:9400,gpu-node-10,1,0.429,806,97,72
t0046,dcgm-gpu-node-11:9400,gpu-node-11,1,0.469,825,93,77
t0047,dcgm-gpu-node-00:9400,gpu-node-00,1,0.394,820,94,73
t0047,dcgm-gpu-node-01:9400,gpu-node-01,1,0.444,808,95,76
t0047,dcgm-gpu-node-02:9400,gpu-node-02,1,0.47,809,97,76
t0047,dcgm-gpu-node-03:9400,gpu-node-03,1,0.396,825,96,74
t0047,dcgm-gpu-node-04:9400,gpu-node-04,1,0.35,820,96,74
t0047,dcgm-gpu-node-05:9400,gpu-node-05,1,0.507,848,96,74
t0047,dcgm-gpu-node-06:9400,gpu-node-06,1,0.447,820,94,74
t0047,dcgm-gpu-node-07:9400,gpu-node-07,1,0.414,847,97,74
t0047,dcgm-gpu-node-08:9400,gpu-node-08,1,0.434,821,95,73
t0047,dcgm-gpu-node-09:9400,gpu-node-09,1,0.444,809,96,73
t0047,dcgm-gpu-node-10:9400,gpu-node-10,1,0.482,812,98,74
t0047,dcgm-gpu-node-11:9400,gpu-node-11,1,0.418,811,96,75
t0048,dcgm-gpu-node-00:9400,gpu-node-00,1,0.375,816,92,76
t0048,dcgm-gpu-node-01:9400,gpu-node-01,1,0.44,810,97,70
t0048,dcgm-gpu-node-02:9400,gpu-node-02,1,0.388,797,96,73
t0048,dcgm-gpu-node-03:9400,gpu-node-03,1,0.419,801,93,73
t0048,dcgm-gpu-node-04:9400,gpu-node-04,1,0.372,824,94,77
t0048,dcgm-gpu-node-05:9400,gpu-node-05,1,0.44,821,96,73
t0048,dcgm-gpu-node-06:9400,gpu-node-06,1,0.476,815,97,75
t0048,dcgm-gpu-node-07:9400,gpu-node-07,1,0.371,794,93,74
t0048,dcgm-gpu-node-08:9400,gpu-node-08,1,0.394,834,96,77
t0048,dcgm-gpu-node-09:9400,gpu-node-09,1,0.487,833,96,76
t0048,dcgm-gpu-node-10:9400,gpu-node-10,1,0.38,797,99,69
t0048,dcgm-gpu-node-11:9400,gpu-node-11,1,0.438,820,95,74
t0049,dcgm-gpu-node-00:9400,gpu-node-00,1,0.448,820,91,73
t0049,dcgm-gpu-node-01:9400,gpu-node-01,1,0.441,834,99,69
t0049,dcgm-gpu-node-02:9400,gpu-node-02,1,0.406,836,100,73
t0049,dcgm-gpu-node-03:9400,gpu-node-03,1,0.386,811,97,73
t0049,dcgm-gpu-node-04:9400,gpu-node-04,1,0.354,808,97,72
t0049,dcgm-gpu-node-05:9400,gpu-node-05,1,0.468,813,92,74
t0049,dcgm-gpu-node-06:9400,gpu-node-06,1,0.409,802,92,76
t0049,dcgm-gpu-node-07:9400,gpu-node-07,1,0.43,821,100,71
t0049,dcgm-gpu-node-08:9400,gpu-node-08,1,0.49,847,97,74
t0049,dcgm-gpu-node-09:9400,gpu-node-09,1,0.41,812,102,73
t0049,dcgm-gpu-node-10:9400,gpu-node-10,1,0.464,839,96,74
t0049,dcgm-gpu-node-11:9400,gpu-node-11,1,0.427,834,103,72
t0050,dcgm-gpu-node-00:9400,gpu-node-00,1,0.39,839,101,77
t0050,dcgm-gpu-node-01:9400,gpu-node-01,1,0.387,820,98,76
t0050,dcgm-gpu-node-02:9400,gpu-node-02,1,0.487,804,93,74
t0050,dcgm-gpu-node-03:9400,gpu-node-03,1,0.429,829,96,75
t0050,dcgm-gpu-node-04:9400,gpu-node-04,1,0.359,825,95,73
t0050,dcgm-gpu-node-05:9400,gpu-node-05,1,0.443,823,97,76
t0050,dcgm-gpu-node-06:9400,gpu-node-06,1,0.409,824,98,73
t0050,dcgm-gpu-node-07:9400,gpu-node-07,1,0.371,832,94,75
t0050,dcgm-gpu-node-08:9400,gpu-node-08,1,0.417,840,102,72
t0050,dcgm-gpu-node-09:9400,gpu-node-09,1,0.385,820,95,72
t0050,dcgm-gpu-node-10:9400,gpu-node-10,1,0.438,810,97,71
t0050,dcgm-gpu-node-11:9400,gpu-node-11,1,0.397,849,94,75
t0051,dcgm-gpu-node-00:9400,gpu-node-00,1,0.443,829,100,74
t0051,dcgm-gpu-node-01:9400,gpu-node-01,1,0.399,817,95,76
t0051,dcgm-gpu-node-02:9400,gpu-node-02,1,0.381,829,98,74
t0051,dcgm-gpu-node-03:9400,gpu-node-03,1,0.419,809,98,72
t0051,dcgm-gpu-node-04:9400,gpu-node-04,1,0.417,809,95,74
t0051,dcgm-gpu-node-05:9400,gpu-node-05,1,0.447,825,91,74
t0051,dcgm-gpu-node-06:9400,gpu-node-06,1,0.424,822,94,73
t0051,dcgm-gpu-node-07:9400,gpu-node-07,1,0.408,837,95,72
t0051,dcgm-gpu-node-08:9400,gpu-node-08,1,0.482,832,95,74
t0051,dcgm-gpu-node-09:9400,gpu-node-09,1,0.378,808,98,73
t0051,dcgm-gpu-node-10:9400,gpu-node-10,1,0.412,805,92,74
t0051,dcgm-gpu-node-11:9400,gpu-node-11,1,0.389,828,96,73
t0052,dcgm-gpu-node-00:9400,gpu-node-00,1,0.39,824,97,76
t0052,dcgm-gpu-node-01:9400,gpu-node-01,1,0.448,811,95,72
t0052,dcgm-gpu-node-02:9400,gpu-node-02,1,0.49,807,98,74
t0052,dcgm-gpu-node-03:9400,gpu-node-03,1,0.487,821,96,76
t0052,dcgm-gpu-node-04:9400,gpu-node-04,1,0.421,819,93,74
t0052,dcgm-gpu-node-05:9400,gpu-node-05,1,0.45,805,96,75
t0052,dcgm-gpu-node-06:9400,gpu-node-06,1,0.42,805,97,73
t0052,dcgm-gpu-node-07:9400,gpu-node-07,1,0.409,800,100,73
t0052,dcgm-gpu-node-08:9400,gpu-node-08,1,0.465,795,102,76
t0052,dcgm-gpu-node-09:9400,gpu-node-09,1,0.447,826,94,74
t0052,dcgm-gpu-node-10:9400,gpu-node-10,1,0.402,819,92,74
t0052,dcgm-gpu-node-11:9400,gpu-node-11,1,0.362,822,96,75
t0053,dcgm-gpu-node-00:9400,gpu-node-00,1,0.441,838,92,73
t0053,dcgm-gpu-node-01:9400,gpu-node-01,1,0.427,831,96,73
t0053,dcgm-gpu-node-02:9400,gpu-node-02,1,0.452,832,102,74
t0053,dcgm-gpu-node-03:9400,gpu-node-03,1,0.402,824,94,74
t0053,dcgm-gpu-node-04:9400,gpu-node-04,1,0.46,832,96,72
t0053,dcgm-gpu-node-05:9400,gpu-node-05,1,0.499,825,99,73
t0053,dcgm-gpu-node-06:9400,gpu-node-06,1,0.395,806,98,72
t0053,dcgm-gpu-node-07:9400,gpu-node-07,1,0.437,823,98,76
t0053,dcgm-gpu-node-08:9400,gpu-node-08,1,0.387,808,99,72
t0053,dcgm-gpu-node-09:9400,gpu-node-09,1,0.421,818,99,73
t0053,dcgm-gpu-node-10:9400,gpu-node-10,1,0.407,841,96,75
t0053,dcgm-gpu-node-11:9400,gpu-node-11,1,0.388,806,96,76
t0054,dcgm-gpu-node-00:9400,gpu-node-00,1,0.361,819,96,73
t0054,dcgm-gpu-node-01:9400,gpu-node-01,1,0.464,814,96,75
t0054,dcgm-gpu-node-02:9400,gpu-node-02,1,0.412,842,98,75
t0054,dcgm-gpu-node-03:9400,gpu-node-03,1,0.445,824,102,73
t0054,dcgm-gpu-node-04:9400,gpu-node-04,1,0.452,819,97,74
t0054,dcgm-gpu-node-05:9400,gpu-node-05,1,0.417,814,96,73
t0054,dcgm-gpu-node-06:9400,gpu-node-06,1,0.374,809,97,74
t0054,dcgm-gpu-node-07:9400,gpu-node-07,1,0.391,825,100,76
t0054,dcgm-gpu-node-08:9400,gpu-node-08,1,0.377,821,100,73
t0054,dcgm-gpu-node-09:9400,gpu-node-09,1,0.404,803,97,77
t0054,dcgm-gpu-node-10:9400,gpu-node-10,1,0.385,802,92,74
t0054,dcgm-gpu-node-11:9400,gpu-node-11,1,0.451,815,99,72
t0055,dcgm-gpu-node-00:9400,gpu-node-00,1,0.417,808,94,71
t0055,dcgm-gpu-node-01:9400,gpu-node-01,1,0.498,834,96,76
t0055,dcgm-gpu-node-02:9400,gpu-node-02,1,0.413,814,98,75
t0055,dcgm-gpu-node-03:9400,gpu-node-03,1,0.475,830,96,74
t0055,dcgm-gpu-node-04:9400,gpu-node-04,1,0.413,813,94,74
t0055,dcgm-gpu-node-05:9400,gpu-node-05,1,0.46,827,99,74
t0055,dcgm-gpu-node-06:9400,gpu-node-06,1,0.458,831,92,74
t0055,dcgm-gpu-node-07:9400,gpu-node-07,1,0.379,813,95,74
t0055,dcgm-gpu-node-08:9400,gpu-node-08,1,0.414,806,97,74
t0055,dcgm-gpu-node-09:9400,gpu-node-09,1,0.467,821,92,68
t0055,dcgm-gpu-node-10:9400,gpu-node-10,1,0.419,812,96,72
t0055,dcgm-gpu-node-11:9400,gpu-node-11,1,0.42,813,95,80
t0056,dcgm-gpu-node-00:9400,gpu-node-00,1,0.434,816,96,75
t0056,dcgm-gpu-node-01:9400,gpu-node-01,1,0.472,807,98,76
t0056,dcgm-gpu-node-02:9400,gpu-node-02,1,0.39,804,96,74
t0056,dcgm-gpu-node-03:9400,gpu-node-03,1,0.424,803,97,75
t0056,dcgm-gpu-node-04:9400,gpu-node-04,1,0.475,813,96,71
t0056,dcgm-gpu-node-05:9400,gpu-node-05,1,0.385,830,96,76
t0056,dcgm-gpu-node-06:9400,gpu-node-06,1,0.426,823,94,74
t0056,dcgm-gpu-node-07:9400,gpu-node-07,1,0.386,812,96,74
t0056,dcgm-gpu-node-08:9400,gpu-node-08,1,0.433,800,95,75
t0056,dcgm-gpu-node-09:9400,gpu-node-09,1,0.38,821,91,74
t0056,dcgm-gpu-node-10:9400,gpu-node-10,1,0.34,834,101,75
t0056,dcgm-gpu-node-11:9400,gpu-node-11,1,0.476,835,96,72
t0057,dcgm-gpu-node-00:9400,gpu-node-00,1,0.36,812,92,77
t0057,dcgm-gpu-node-01:9400,gpu-node-01,1,0.364,803,97,74
t0057,dcgm-gpu-node-02:9400,gpu-node-02,1,0.448,821,100,72
t0057,dcgm-gpu-node-03:9400,gpu-node-03,1,0.445,838,99,74
t0057,dcgm-gpu-node-04:9400,gpu-node-04,1,0.406,811,96,71
t0057,dcgm-gpu-node-05:9400,gpu-node-05,1,0.456,844,90,74
t0057,dcgm-gpu-node-06:9400,gpu-node-06,1,0.503,833,90,74
t0057,dcgm-gpu-node-07:9400,gpu-node-07,1,0.376,788,95,76
t0057,dcgm-gpu-node-08:9400,gpu-node-08,1,0.385,839,96,72
t0057,dcgm-gpu-node-09:9400,gpu-node-09,1,0.472,848,100,76
t0057,dcgm-gpu-node-10:9400,gpu-node-10,1,0.408,817,96,76
t0057,dcgm-gpu-node-11:9400,gpu-node-11,1,0.39,815,91,74
t0058,dcgm-gpu-node-00:9400,gpu-node-00,1,0.396,807,94,73
t0058,dcgm-gpu-node-01:9400,gpu-node-01,1,0.368,814,96,77
t0058,dcgm-gpu-node-02:9400,gpu-node-02,1,0.397,822,96,73
t0058,dcgm-gpu-node-03:9400,gpu-node-03,1,0.455,835,96,74
t0058,dcgm-gpu-node-04:9400,gpu-node-04,1,0.438,790,100,74
t0058,dcgm-gpu-node-05:9400,gpu-node-05,1,0.422,842,100,74
t0058,dcgm-gpu-node-06:9400,gpu-node-06,1,0.439,796,105,76
t0058,dcgm-gpu-node-07:9400,gpu-node-07,1,0.339,792,96,74
t0058,dcgm-gpu-node-08:9400,gpu-node-08,1,0.348,798,94,75
t0058,dcgm-gpu-node-09:9400,gpu-node-09,1,0.445,827,96,72
t0058,dcgm-gpu-node-10:9400,gpu-node-10,1,0.49,806,97,74
t0058,dcgm-gpu-node-11:9400,gpu-node-11,1,0.348,814,92,75
t0059,dcgm-gpu-node-00:9400,gpu-node-00,1,0.406,823,91,74
t0059,dcgm-gpu-node-01:9400,gpu-node-01,1,0.433,822,100,73
t0059,dcgm-gpu-node-02:9400,gpu-node-02,1,0.408,820,96,78
t0059,dcgm-gpu-node-03:9400,gpu-node-03,1,0.442,805,94,74
t0059,dcgm-gpu-node-04:9400,gpu-node-04,1,0.469,802,94,77
t0059,dcgm-gpu-node-05:9400,gpu-node-05,1,0.397,814,99,74
t0059,dcgm-gpu-node-06:9400,gpu-node-06,1,0.488,822,99,72
t0059,dcgm-gpu-node-07:9400,gpu-node-07,1,0.458,815,97,77
t0059,dcgm-gpu-node-08:9400,gpu-node-08,1,0.46,820,98,71
t0059,dcgm-gpu-node-09:9400,gpu-node-09,1,0.401,832,98,74
t0059,dcgm-gpu-node-10:9400,gpu-node-10,1,0.409,839,100,76
t0059,dcgm-gpu-node-11:9400,gpu-node-11,1,0.425,820,97,72
t0060,dcgm-gpu-node-00:9400,gpu-node-00,1,0.404,821,95,75
t0060,dcgm-gpu-node-01:9400,gpu-node-01,1,0.387,823,96,73
t0060,dcgm-gpu-node-02:9400,gpu-node-02,1,0.413,804,98,76
t0060,dcgm-gpu-node-03:9400,gpu-node-03,1,0.328,843,98,73
t0060,dcgm-gpu-node-04:9400,gpu-node-04,1,0.371,813,101,73
t0060,dcgm-gpu-node-05:9400,gpu-node-05,1,0.351,834,96,77
t0060,dcgm-gpu-node-06:9400,gpu-node-06,1,0.41,807,96,74
t0060,dcgm-gpu-node-07:9400,gpu-node-07,1,0.498,820,94,74
t0060,dcgm-gpu-node-08:9400,gpu-node-08,1,0.427,831,93,75
t0060,dcgm-gpu-node-09:9400,gpu-node-09,1,0.427,800,94,73
t0060,dcgm-gpu-node-10:9400,gpu-node-10,1,0.442,828,97,74
t0060,dcgm-gpu-node-11:9400,gpu-node-11,1,0.354,797,92,71
t0061,dcgm-gpu-node-00:9400,gpu-node-00,1,0.431,820,97,72
t0061,dcgm-gpu-node-01:9400,gpu-node-01,1,0.433,807,97,73
t0061,dcgm-gpu-node-02:9400,gpu-node-02,1,0.428,807,94,74
t0061,dcgm-gpu-node-03:9400,gpu-node-03,1,0.439,820,97,74
t0061,dcgm-gpu-node-04:9400,gpu-node-04,1,0.401,816,96,74
t0061,dcgm-gpu-node-05:9400,gpu-node-05,1,0.395,830,99,74
t0061,dcgm-gpu-node-06:9400,gpu-node-06,1,0.458,816,96,75
t0061,dcgm-gpu-node-07:9400,gpu-node-07,1,0.451,824,95,74
t0061,dcgm-gpu-node-08:9400,gpu-node-08,1,0.435,823,96,71
t0061,dcgm-gpu-node-09:9400,gpu-node-09,1,0.348,843,98,73
t0061,dcgm-gpu-node-10:9400,gpu-node-10,1,0.415,816,100,76
t0061,dcgm-gpu-node-11:9400,gpu-node-11,1,0.358,820,96,75
t0062,dcgm-gpu-node-00:9400,gpu-node-00,1,0.434,801,96,71
t0062,dcgm-gpu-node-01:9400,gpu-node-01,1,0.452,826,96,74
t0062,dcgm-gpu-node-02:9400,gpu-node-02,1,0.463,809,98,74
t0062,dcgm-gpu-node-03:9400,gpu-node-03,1,0.39,823,97,74
t0062,dcgm-gpu-node-04:9400,gpu-node-04,1,0.384,829,93,74
t0062,dcgm-gpu-node-05:9400,gpu-node-05,1,0.435,822,96,74
t0062,dcgm-gpu-node-06:9400,gpu-node-06,1,0.459,816,96,73
t0062,dcgm-gpu-node-07:9400,gpu-node-07,1,0.427,807,96,70
t0062,dcgm-gpu-node-08:9400,gpu-node-08,1,0.492,815,99,76
t0062,dcgm-gpu-node-09:9400,gpu-node-09,1,0.428,807,96,72
t0062,dcgm-gpu-node-10:9400,gpu-node-10,1,0.431,830,95,75
t0062,dcgm-gpu-node-11:9400,gpu-node-11,1,0.376,811,96,74
t0063,dcgm-gpu-node-00:9400,gpu-node-00,1,0.421,798,94,74
t0063,dcgm-gpu-node-01:9400,gpu-node-01,1,0.419,836,94,73
t0063,dcgm-gpu-node-02:9400,gpu-node-02,1,0.427,818,98,74
t0063,dcgm-gpu-node-03:9400,gpu-node-03,1,0.433,832,91,75
t0063,dcgm-gpu-node-04:9400,gpu-node-04,1,0.331,823,100,75
t0063,dcgm-gpu-node-05:9400,gpu-node-05,1,0.306,846,96,74
t0063,dcgm-gpu-node-06:9400,gpu-node-06,1,0.373,832,96,72
t0063,dcgm-gpu-node-07:9400,gpu-node-07,1,0.44,824,98,75
t0063,dcgm-gpu-node-08:9400,gpu-node-08,1,0.404,826,96,73
t0063,dcgm-gpu-node-09:9400,gpu-node-09,1,0.433,844,95,73
t0063,dcgm-gpu-node-10:9400,gpu-node-10,1,0.443,836,92,73
t0063,dcgm-gpu-node-11:9400,gpu-node-11,1,0.417,833,95,74
t0064,dcgm-gpu-node-00:9400,gpu-node-00,1,0.459,807,99,75
t0064,dcgm-gpu-node-01:9400,gpu-node-01,1,0.498,815,98,74
t0064,dcgm-gpu-node-02:9400,gpu-node-02,1,0.394,820,90,71
t0064,dcgm-gpu-node-03:9400,gpu-node-03,1,0.462,837,100,75
t0064,dcgm-gpu-node-04:9400,gpu-node-04,1,0.371,820,98,73
t0064,dcgm-gpu-node-05:9400,gpu-node-05,1,0.44,825,95,75
t0064,dcgm-gpu-node-06:9400,gpu-node-06,1,0.404,811,95,77
t0064,dcgm-gpu-node-07:9400,gpu-node-07,1,0.445,817,97,76
t0064,dcgm-gpu-node-08:9400,gpu-node-08,1,0.335,845,96,73
t0064,dcgm-gpu-node-09:9400,gpu-node-09,1,0.404,801,95,75
t0064,dcgm-gpu-node-10:9400,gpu-node-10,1,0.515,813,92,73
t0064,dcgm-gpu-node-11:9400,gpu-node-11,1,0.452,835,98,74
t0065,dcgm-gpu-node-00:9400,gpu-node-00,1,0.427,802,98,74
t0065,dcgm-gpu-node-01:9400,gpu-node-01,1,0.368,797,93,73
t0065,dcgm-gpu-node-02:9400,gpu-node-02,1,0.452,859,95,74
t0065,dcgm-gpu-node-03:9400,gpu-node-03,1,0.419,813,97,73
t0065,dcgm-gpu-node-04:9400,gpu-node-04,1,0.367,816,92,73
t0065,dcgm-gpu-node-05:9400,gpu-node-05,1,0.449,819,99,74
t0065,dcgm-gpu-node-06:9400,gpu-node-06,1,0.432,823,93,74
t0065,dcgm-gpu-node-07:9400,gpu-node-07,1,0.477,829,97,73
t0065,dcgm-gpu-node-08:9400,gpu-node-08,1,0.434,812,98,74
t0065,dcgm-gpu-node-09:9400,gpu-node-09,1,0.494,825,97,74
t0065,dcgm-gpu-node-10:9400,gpu-node-10,1,0.371,822,96,74
t0065,dcgm-gpu-node-11:9400,gpu-node-11,1,0.429,835,91,74
t0066,dcgm-gpu-node-00:9400,gpu-node-00,1,0.482,813,91,74
t0066,dcgm-gpu-node-01:9400,gpu-node-01,1,0.382,829,96,76
t0066,dcgm-gpu-node-02:9400,gpu-node-02,1,0.404,826,91,74
t0066,dcgm-gpu-node-03:9400,gpu-node-03,1,0.385,819,96,74
t0066,dcgm-gpu-node-04:9400,gpu-node-04,1,0.419,839,99,74
t0066,dcgm-gpu-node-05:9400,gpu-node-05,1,0.454,821,99,71
t0066,dcgm-gpu-node-06:9400,gpu-node-06,1,0.379,812,97,75
t0066,dcgm-gpu-node-07:9400,gpu-node-07,1,0.464,813,96,74
t0066,dcgm-gpu-node-08:9400,gpu-node-08,1,0.428,807,94,74
t0066,dcgm-gpu-node-09:9400,gpu-node-09,1,0.426,816,99,77
t0066,dcgm-gpu-node-10:9400,gpu-node-10,1,0.356,812,96,74
t0066,dcgm-gpu-node-11:9400,gpu-node-11,1,0.397,813,97,74
t0067,dcgm-gpu-node-00:9400,gpu-node-00,1,0.469,846,95,75
t0067,dcgm-gpu-node-01:9400,gpu-node-01,1,0.447,821,96,71
t0067,dcgm-gpu-node-02:9400,gpu-node-02,1,0.499,810,95,74
t0067,dcgm-gpu-node-03:9400,gpu-node-03,1,0.421,809,96,74
t0067,dcgm-gpu-node-04:9400,gpu-node-04,1,0.43,823,92,72
t0067,dcgm-gpu-node-05:9400,gpu-node-05,1,0.393,810,94,77
t0067,dcgm-gpu-node-06:9400,gpu-node-06,1,0.452,832,96,74
t0067,dcgm-gpu-node-07:9400,gpu-node-07,1,0.402,842,95,75
t0067,dcgm-gpu-node-08:9400,gpu-node-08,1,0.368,820,97,74
t0067,dcgm-gpu-node-09:9400,gpu-node-09,1,0.381,809,94,73
t0067,dcgm-gpu-node-10:9400,gpu-node-10,1,0.394,816,94,74
t0067,dcgm-gpu-node-11:9400,gpu-node-11,1,0.434,820,98,74
t0068,dcgm-gpu-node-00:9400,gpu-node-00,1,0.415,825,103,71
t0068,dcgm-gpu-node-01:9400,gpu-node-01,1,0.44,851,97,75
t0068,dcgm-gpu-node-02:9400,gpu-node-02,1,0.46,820,96,74
t0068,dcgm-gpu-node-03:9400,gpu-node-03,1,0.475,823,96,79
t0068,dcgm-gpu-node-04:9400,gpu-node-04,1,0.411,808,97,74
t0068,dcgm-gpu-node-05:9400,gpu-node-05,1,0.475,820,96,73
t0068,dcgm-gpu-node-06:9400,gpu-node-06,1,0.493,817,97,74
t0068,dcgm-gpu-node-07:9400,gpu-node-07,1,0.443,810,98,74
t0068,dcgm-gpu-node-08:9400,gpu-node-08,1,0.41,830,95,74
t0068,dcgm-gpu-node-09:9400,gpu-node-09,1,0.403,831,97,74
t0068,dcgm-gpu-node-10:9400,gpu-node-10,1,0.393,804,95,74
t0068,dcgm-gpu-node-11:9400,gpu-node-11,1,0.433,822,96,73
t0069,dcgm-gpu-node-00:9400,gpu-node-00,1,0.42,828,98,74
t0069,dcgm-gpu-node-01:9400,gpu-node-01,1,0.431,843,92,74
t0069,dcgm-gpu-node-02:9400,gpu-node-02,1,0.36,828,96,73
t0069,dcgm-gpu-node-03:9400,gpu-node-03,1,0.432,815,93,70
t0069,dcgm-gpu-node-04:9400,gpu-node-04,1,0.426,834,93,74
t0069,dcgm-gpu-node-05:9400,gpu-node-05,1,0.418,805,96,75
t0069,dcgm-gpu-node-06:9400,gpu-node-06,1,0.456,831,93,74
t0069,dcgm-gpu-node-07:9400,gpu-node-07,1,0.415,801,97,74
t0069,dcgm-gpu-node-08:9400,gpu-node-08,1,0.364,809,89,74
t0069,dcgm-gpu-node-09:9400,gpu-node-09,1,0.329,820,97,75
t0069,dcgm-gpu-node-10:9400,gpu-node-10,1,0.386,841,88,73
t0069,dcgm-gpu-node-11:9400,gpu-node-11,1,0.48,830,100,74
t0070,dcgm-gpu-node-00:9400,gpu-node-00,1,0.513,817,102,72
t0070,dcgm-gpu-node-01:9400,gpu-node-01,1,0.377,816,97,69
t0070,dcgm-gpu-node-02:9400,gpu-node-02,1,0.371,805,96,75
t0070,dcgm-gpu-node-03:9400,gpu-node-03,1,0.381,818,90,74
t0070,dcgm-gpu-node-04:9400,gpu-node-04,1,0.453,839,91,71
t0070,dcgm-gpu-node-05:9400,gpu-node-05,1,0.467,818,96,74
t0070,dcgm-gpu-node-06:9400,gpu-node-06,1,0.413,808,98,72
t0070,dcgm-gpu-node-07:9400,gpu-node-07,1,0.474,825,96,72
t0070,dcgm-gpu-node-08:9400,gpu-node-08,1,0.409,805,91,77
t0070,dcgm-gpu-node-09:9400,gpu-node-09,1,0.397,820,97,74
t0070,dcgm-gpu-node-10:9400,gpu-node-10,1,0.439,832,96,71
t0070,dcgm-gpu-node-11:9400,gpu-node-11,1,0.454,803,94,75
t0071,dcgm-gpu-node-00:9400,gpu-node-00,1,0.406,817,99,75
t0071,dcgm-gpu-node-01:9400,gpu-node-01,1,0.417,816,93,74
t0071,dcgm-gpu-node-02:9400,gpu-node-02,1,0.445,827,96,71
t0071,dcgm-gpu-node-03:9400,gpu-node-03,1,0.446,817,94,74
t0071,dcgm-gpu-node-04:9400,gpu-node-04,1,0.452,836,99,73
t0071,dcgm-gpu-node-05:9400,gpu-node-05,1,0.387,843,96,72
t0071,dcgm-gpu-node-06:9400,gpu-node-06,1,0.494,820,98,74
t0071,dcgm-gpu-node-07:9400,gpu-node-07,1,0.453,837,91,73
t0071,dcgm-gpu-node-08:9400,gpu-node-08,1,0.435,832,93,78
t0071,dcgm-gpu-node-09:9400,gpu-node-09,1,0.418,807,93,75
t0071,dcgm-gpu-node-10:9400,gpu-node-10,1,0.426,807,91,72
t0071,dcgm-gpu-node-11:9400,gpu-node-11,1,0.415,791,99,73
t0072,dcgm-gpu-node-00:9400,gpu-node-00,1,0.534,815,96,74
t0072,dcgm-gpu-node-01:9400,gpu-node-01,1,0.386,814,91,70
t0072,dcgm-gpu-node-02:9400,gpu-node-02,1,0.42,804,96,74
t0072,dcgm-gpu-node-03:9400,gpu-node-03,1,0.458,826,97,75
t0072,dcgm-gpu-node-04:9400,gpu-node-04,1,0.453,820,97,74
t0072,dcgm-gpu-node-05:9400,gpu-node-05,1,0.37,800,98,72
t0072,dcgm-gpu-node-06:9400,gpu-node-06,1,0.452,811,101,74
t0072,dcgm-gpu-node-07:9400,gpu-node-07,1,0.491,817,96,76
t0072,dcgm-gpu-node-08:9400,gpu-node-08,1,0.383,812,93,75
t0072,dcgm-gpu-node-09:9400,gpu-node-09,1,0.376,815,96,72
t0072,dcgm-gpu-node-10:9400,gpu-node-10,1,0.411,833,99,75
t0072,dcgm-gpu-node-11:9400,gpu-node-11,1,0.46,818,99,75
t0073,dcgm-gpu-node-00:9400,gpu-node-00,1,0.411,819,98,74
t0073,dcgm-gpu-node-01:9400,gpu-node-01,1,0.41,809,89,72
t0073,dcgm-gpu-node-02:9400,gpu-node-02,1,0.457,822,93,75
t0073,dcgm-gpu-node-03:9400,gpu-node-03,1,0.41,813,96,74
t0073,dcgm-gpu-node-04:9400,gpu-node-04,1,0.453,801,96,72
t0073,dcgm-gpu-node-05:9400,gpu-node-05,1,0.436,815,99,74
t0073,dcgm-gpu-node-06:9400,gpu-node-06,1,0.472,817,96,76
t0073,dcgm-gpu-node-07:9400,gpu-node-07,1,0.366,814,96,72
t0073,dcgm-gpu-node-08:9400,gpu-node-08,1,0.397,836,94,74
t0073,dcgm-gpu-node-09:9400,gpu-node-09,1,0.45,817,95,76
t0073,dcgm-gpu-node-10:9400,gpu-node-10,1,0.421,812,101,72
t0073,dcgm-gpu-node-11:9400,gpu-node-11,1,0.417,811,95,72
t0074,dcgm-gpu-node-00:9400,gpu-node-00,1,0.465,827,96,71
t0074,dcgm-gpu-node-01:9400,gpu-node-01,1,0.368,808,95,77
t0074,dcgm-gpu-node-02:9400,gpu-node-02,1,0.397,830,97,79
t0074,dcgm-gpu-node-03:9400,gpu-node-03,1,0.412,846,91,70
t0074,dcgm-gpu-node-04:9400,gpu-node-04,1,0.329,822,94,74
t0074,dcgm-gpu-node-05:9400,gpu-node-05,1,0.386,806,97,77
t0074,dcgm-gpu-node-06:9400,gpu-node-06,1,0.482,778,95,76
t0074,dcgm-gpu-node-07:9400,gpu-node-07,1,0.399,822,95,73
t0074,dcgm-gpu-node-08:9400,gpu-node-08,1,0.411,806,97,75
t0074,dcgm-gpu-node-09:9400,gpu-node-09,1,0.422,824,93,79
t0074,dcgm-gpu-node-10:9400,gpu-node-10,1,0.368,832,95,73
t0074,dcgm-gpu-node-11:9400,gpu-node-11,1,0.415,808,97,74
t0075,dcgm-gpu-node-00:9400,gpu-node-00,1,0.443,832,95,79
t0075,dcgm-gpu-node-01:9400,gpu-node-01,1,0.4,818,97,76
t0075,dcgm-gpu-node-02:9400,gpu-node-02,1,0.443,812,91,74
t0075,dcgm-gpu-node-03:9400,gpu-node-03,1,0.393,827,96,73
t0075,dcgm-gpu-node-04:9400,gpu-node-04,1,0.465,827,93,71
t0075,dcgm-gpu-node-05:9400,gpu-node-05,1,0.447,836,96,75
t0075,dcgm-gpu-node-06:9400,gpu-node-06,1,0.501,805,93,74
t0075,dcgm-gpu-node-07:9400,gpu-node-07,1,0.499,816,92,74
t0075,dcgm-gpu-node-08:9400,gpu-node-08,1,0.435,828,101,74
t0075,dcgm-gpu-node-09:9400,gpu-node-09,1,0.514,849,91,76
t0075,dcgm-gpu-node-10:9400,gpu-node-10,1,0.452,820,97,71
t0075,dcgm-gpu-node-11:9400,gpu-node-11,1,0.385,830,95,74
t0076,dcgm-gpu-node-00:9400,gpu-node-00,1,0.451,803,94,74
t0076,dcgm-gpu-node-01:9400,gpu-node-01,1,0.392,816,95,73
t0076,dcgm-gpu-node-02:9400,gpu-node-02,1,0.43,833,90,74
t0076,dcgm-gpu-node-03:9400,gpu-node-03,1,0.353,792,94,74
t0076,dcgm-gpu-node-04:9400,gpu-node-04,1,0.381,805,101,73
t0076,dcgm-gpu-node-05:9400,gpu-node-05,1,0.453,820,100,74
t0076,dcgm-gpu-node-06:9400,gpu-node-06,1,0.413,822,96,74
t0076,dcgm-gpu-node-07:9400,gpu-node-07,1,0.3,833,100,74
t0076,dcgm-gpu-node-08:9400,gpu-node-08,1,0.412,828,96,77
t0076,dcgm-gpu-node-09:9400,gpu-node-09,1,0.49,836,96,75
t0076,dcgm-gpu-node-10:9400,gpu-node-10,1,0.424,815,96,74
t0076,dcgm-gpu-node-11:9400,gpu-node-11,1,0.435,804,96,74
t0077,dcgm-gpu-node-00:9400,gpu-node-00,1,0.423,825,95,74
t0077,dcgm-gpu-node-01:9400,gpu-node-01,1,0.393,819,95,74
t0077,dcgm-gpu-node-02:9400,gpu-node-02,1,0.456,801,99,74
t0077,dcgm-gpu-node-03:9400,gpu-node-03,1,0.445,820,96,78
t0077,dcgm-gpu-node-04:9400,gpu-node-04,1,0.407,829,101,73
t0077,dcgm-gpu-node-05:9400,gpu-node-05,1,0.385,834,95,77
t0077,dcgm-gpu-node-06:9400,gpu-node-06,1,0.427,793,96,75
t0077,dcgm-gpu-node-07:9400,gpu-node-07,1,0.405,832,96,73
t0077,dcgm-gpu-node-08:9400,gpu-node-08,1,0.416,833,96,77
t0077,dcgm-gpu-node-09:9400,gpu-node-09,1,0.468,840,100,74
t0077,dcgm-gpu-node-10:9400,gpu-node-10,1,0.451,820,94,71
t0077,dcgm-gpu-node-11:9400,gpu-node-11,1,0.45,817,96,75
t0078,dcgm-gpu-node-00:9400,gpu-node-00,1,0.382,829,105,74
t0078,dcgm-gpu-node-01:9400,gpu-node-01,1,0.467,825,90,71
t0078,dcgm-gpu-node-02:9400,gpu-node-02,1,0.518,814,100,74
t0078,dcgm-gpu-node-03:9400,gpu-node-03,1,0.462,837,101,74
t0078,dcgm-gpu-node-04:9400,gpu-node-04,1,0.414,847,90,75
t0078,dcgm-gpu-node-05:9400,gpu-node-05,1,0.412,820,93,75
t0078,dcgm-gpu-node-06:9400,gpu-node-06,1,0.347,809,95,71
t0078,dcgm-gpu-node-07:9400,gpu-node-07,1,0.476,816,93,75
t0078,dcgm-gpu-node-08:9400,gpu-node-08,1,0.399,827,96,75
t0078,dcgm-gpu-node-09:9400,gpu-node-09,1,0.407,845,94,74
t0078,dcgm-gpu-node-10:9400,gpu-node-10,1,0.407,818,95,74
t0078,dcgm-gpu-node-11:9400,gpu-node-11,1,0.379,824,92,74
t0079,dcgm-gpu-node-00:9400,gpu-node-00,1,0.37,807,100,73
t0079,dcgm-gpu-node-01:9400,gpu-node-01,1,0.411,837,97,73
t0079,dcgm-gpu-node-02:9400,gpu-node-02,1,0.402,815,96,74
t0079,dcgm-gpu-node-03:9400,gpu-node-03,1,0.436,803,96,78
t0079,dcgm-gpu-node-04:9400,gpu-node-04,1,0.401,814,96,73
t0079,dcgm-gpu-node-05:9400,gpu-node-05,1,0.386,834,96,74
t0079,dcgm-gpu-node-06:9400,gpu-node-06,1,0.415,820,98,76
t0079,dcgm-gpu-node-07:9400,gpu-node-07,1,0.413,811,98,75
t0079,dcgm-gpu-node-08:9400,gpu-node-08,1,0.392,810,94,73
t0079,dcgm-gpu-node-09:9400,gpu-node-09,1,0.461,820,94,74
t0079,dcgm-gpu-node-10:9400,gpu-node-10,1,0.47,810,95,73
t0079,dcgm-gpu-node-11:9400,gpu-node-11,1,0.348,810,94,74
t0080,dcgm-gpu-node-00:9400,gpu-node-00,1,0.436,828,99,73
t0080,dcgm-gpu-node-01:9400,gpu-node-01,1,0.479,825,96,77
t0080,dcgm-gpu-node-02:9400,gpu-node-02,1,0.373,820,95,72
t0080,dcgm-gpu-node-03:9400,gpu-node-03,1,0.418,806,93,74
t0080,dcgm-gpu-node-04:9400,gpu-node-04,1,0.404,824,95,74
t0080,dcgm-gpu-node-05:9400,gpu-node-05,1,0.413,828,98,74
t0080,dcgm-gpu-node-06:9400,gpu-node-06,1,0.381,821,96,75
t0080,dcgm-gpu-node-07:9400,gpu-node-07,1,0.479,800,96,77
t0080,dcgm-gpu-node-08:9400,gpu-node-08,1,0.397,829,99,73
t0080,dcgm-gpu-node-09:9400,gpu-node-09,1,0.439,797,99,74
t0080,dcgm-gpu-node-10:9400,gpu-node-10,1,0.464,817,93,73
t0080,dcgm-gpu-node-11:9400,gpu-node-11,1,0.413,815,91,72
t0081,dcgm-gpu-node-00:9400,gpu-node-00,1,0.465,817,92,73
t0081,dcgm-gpu-node-01:9400,gpu-node-01,1,0.452,832,97,75
t0081,dcgm-gpu-node-02:9400,gpu-node-02,1,0.394,814,95,74
t0081,dcgm-gpu-node-03:9400,gpu-node-03,1,0.431,809,94,72
t0081,dcgm-gpu-node-04:9400,gpu-node-04,1,0.43,838,94,75
t0081,dcgm-gpu-node-05:9400,gpu-node-05,1,0.405,829,94,74
t0081,dcgm-gpu-node-06:9400,gpu-node-06,1,0.443,817,99,72
t0081,dcgm-gpu-node-07:9400,gpu-node-07,1,0.411,832,96,74
t0081,dcgm-gpu-node-08:9400,gpu-node-08,1,0.385,844,96,73
t0081,dcgm-gpu-node-09:9400,gpu-node-09,1,0.411,824,91,74
t0081,dcgm-gpu-node-10:9400,gpu-node-10,1,0.511,808,98,73
t0081,dcgm-gpu-node-11:9400,gpu-node-11,1,0.351,841,98,68
t0082,dcgm-gpu-node-00:9400,gpu-node-00,1,0.351,831,95,72
t0082,dcgm-gpu-node-01:9400,gpu-node-01,1,0.418,828,93,75
t0082,dcgm-gpu-node-02:9400,gpu-node-02,1,0.429,819,98,70
t0082,dcgm-gpu-node-03:9400,gpu-node-03,1,0.397,807,97,77
t0082,dcgm-gpu-node-04:9400,gpu-node-04,1,0.48,818,96,74
t0082,dcgm-gpu-node-05:9400,gpu-node-05,1,0.481,815,97,76
t0082,dcgm-gpu-node-06:9400,gpu-node-06,1,0.405,807,96,74
t0082,dcgm-gpu-node-07:9400,gpu-node-07,1,0.467,825,93,75
t0082,dcgm-gpu-node-08:9400,gpu-node-08,1,0.499,821,101,74
t0082,dcgm-gpu-node-09:9400,gpu-node-09,1,0.4,813,96,78
t0082,dcgm-gpu-node-10:9400,gpu-node-10,1,0.375,818,94,75
t0082,dcgm-gpu-node-11:9400,gpu-node-11,1,0.404,808,96,74
t0083,dcgm-gpu-node-00:9400,gpu-node-00,1,0.446,819,95,74
t0083,dcgm-gpu-node-01:9400,gpu-node-01,1,0.414,837,96,74
t0083,dcgm-gpu-node-02:9400,gpu-node-02,1,0.402,816,99,74
t0083,dcgm-gpu-node-03:9400,gpu-node-03,1,0.384,828,97,74
t0083,dcgm-gpu-node-04:9400,gpu-node-04,1,0.346,828,95,73
t0083,dcgm-gpu-node-05:9400,gpu-node-05,1,0.466,818,101,74
t0083,dcgm-gpu-node-06:9400,gpu-node-06,1,0.392,849,96,74
t0083,dcgm-gpu-node-07:9400,gpu-node-07,1,0.396,828,101,78
t0083,dcgm-gpu-node-08:9400,gpu-node-08,1,0.428,809,96,74
t0083,dcgm-gpu-node-09:9400,gpu-node-09,1,0.408,801,91,73
t0083,dcgm-gpu-node-10:9400,gpu-node-10,1,0.465,808,92,74
t0083,dcgm-gpu-node-11:9400,gpu-node-11,1,0.384,816,99,76
t0084,dcgm-gpu-node-00:9400,gpu-node-00,1,0.384,808,102,73
t0084,dcgm-gpu-node-01:9400,gpu-node-01,1,0.344,818,95,74
t0084,dcgm-gpu-node-02:9400,gpu-node-02,1,0.372,822,95,76
t0084,dcgm-gpu-node-03:9400,gpu-node-03,1,0.458,818,101,74
t0084,dcgm-gpu-node-04:9400,gpu-node-04,1,0.429,820,96,73
t0084,dcgm-gpu-node-05:9400,gpu-node-05,1,0.432,834,99,72
t0084,dcgm-gpu-node-06:9400,gpu-node-06,1,0.379,829,100,76
t0084,dcgm-gpu-node-07:9400,gpu-node-07,1,0.41,828,96,74
t0084,dcgm-gpu-node-08:9400,gpu-node-08,1,0.454,820,96,72
t0084,dcgm-gpu-node-09:9400,gpu-node-09,1,0.434,823,96,71
t0084,dcgm-gpu-node-10:9400,gpu-node-10,1,0.355,835,93,74
t0084,dcgm-gpu-node-11:9400,gpu-node-11,1,0.47,831,95,70
t0085,dcgm-gpu-node-00:9400,gpu-node-00,1,0.394,823,95,75
t0085,dcgm-gpu-node-01:9400,gpu-node-01,1,0.393,834,96,75
t0085,dcgm-gpu-node-02:9400,gpu-node-02,1,0.407,829,98,72
t0085,dcgm-gpu-node-03:9400,gpu-node-03,1,0.448,821,96,72
t0085,dcgm-gpu-node-04:9400,gpu-node-04,1,0.418,817,97,72
t0085,dcgm-gpu-node-05:9400,gpu-node-05,1,0.445,834,93,75
t0085,dcgm-gpu-node-06:9400,gpu-node-06,1,0.357,819,94,73
t0085,dcgm-gpu-node-07:9400,gpu-node-07,1,0.371,817,96,75
t0085,dcgm-gpu-node-08:9400,gpu-node-08,1,0.448,818,98,73
t0085,dcgm-gpu-node-09:9400,gpu-node-09,1,0.42,825,96,75
t0085,dcgm-gpu-node-10:9400,gpu-node-10,1,0.346,829,98,71
t0085,dcgm-gpu-node-11:9400,gpu-node-11,1,0.461,826,97,73
t0086,dcgm-gpu-node-00:9400,gpu-node-00,1,0.407,820,100,76
t0086,dcgm-gpu-node-01:9400,gpu-node-01,1,0.383,828,97,73
t0086,dcgm-gpu-node-02:9400,gpu-node-02,1,0.399,822,97,75
t0086,dcgm-gpu-node-03:9400,gpu-node-03,1,0.477,827,96,73
t0086,dcgm-gpu-node-04:9400,gpu-node-04,1,0.394,823,88,70
t0086,dcgm-gpu-node-05:9400,gpu-node-05,1,0.466,818,96,77
t0086,dcgm-gpu-node-06:9400,gpu-node-06,1,0.392,833,96,72
t0086,dcgm-gpu-node-07:9400,gpu-node-07,1,0.425,799,97,76
t0086,dcgm-gpu-node-08:9400,gpu-node-08,1,0.43,807,97,75
t0086,dcgm-gpu-node-09:9400,gpu-node-09,1,0.396,820,95,75
t0086,dcgm-gpu-node-10:9400,gpu-node-10,1,0.444,819,106,77
t0086,dcgm-gpu-node-11:9400,gpu-node-11,1,0.376,810,93,73
t0087,dcgm-gpu-node-00:9400,gpu-node-00,1,0.401,816,98,73
t0087,dcgm-gpu-node-01:9400,gpu-node-01,1,0.375,816,96,74
t0087,dcgm-gpu-node-02:9400,gpu-node-02,1,0.382,816,98,73
t0087,dcgm-gpu-node-03:9400,gpu-node-03,1,0.451,826,96,76
t0087,dcgm-gpu-node-04:9400,gpu-node-04,1,0.36,814,97,73
t0087,dcgm-gpu-node-05:9400,gpu-node-05,1,0.474,817,98,74
t0087,dcgm-gpu-node-06:9400,gpu-node-06,1,0.39,819,94,75
t0087,dcgm-gpu-node-07:9400,gpu-node-07,1,0.435,815,96,75
t0087,dcgm-gpu-node-08:9400,gpu-node-08,1,0.423,835,103,73
t0087,dcgm-gpu-node-09:9400,gpu-node-09,1,0.459,813,96,75
t0087,dcgm-gpu-node-10:9400,gpu-node-10,1,0.503,820,95,74
t0087,dcgm-gpu-node-11:9400,gpu-node-11,1,0.297,830,97,78
t0088,dcgm-gpu-node-00:9400,gpu-node-00,1,0.51,823,94,71
t0088,dcgm-gpu-node-01:9400,gpu-node-01,1,0.428,805,97,74
t0088,dcgm-gpu-node-02:9400,gpu-node-02,1,0.457,809,92,74
t0088,dcgm-gpu-node-03:9400,gpu-node-03,1,0.416,831,96,76
t0088,dcgm-gpu-node-04:9400,gpu-node-04,1,0.367,828,96,73
t0088,dcgm-gpu-node-05:9400,gpu-node-05,1,2.707,809,95,73
t0088,dcgm-gpu-node-06:9400,gpu-node-06,1,0.357,801,99,77
t0088,dcgm-gpu-node-07:9400,gpu-node-07,1,0.369,835,96,74
t0088,dcgm-gpu-node-08:9400,gpu-node-08,1,0.401,833,96,74
t0088,dcgm-gpu-node-09:9400,gpu-node-09,1,0.37,836,96,72
t0088,dcgm-gpu-node-10:9400,gpu-node-10,1,0.409,811,94,74
t0088,dcgm-gpu-node-11:9400,gpu-node-11,1,0.425,813,96,71
t0089,dcgm-gpu-node-00:9400,gpu-node-00,1,0.4,818,95,75
t0089,dcgm-gpu-node-01:9400,gpu-node-01,1,0.395,824,94,76
t0089,dcgm-gpu-node-02:9400,gpu-node-02,1,0.364,818,96,77
t0089,dcgm-gpu-node-03:9400,gpu-node-03,1,0.415,806,96,74
t0089,dcgm-gpu-node-04:9400,gpu-node-04,1,0.402,838,97,74
t0089,dcgm-gpu-node-05:9400,gpu-node-05,1,2.719,810,94,72
t0089,dcgm-gpu-node-06:9400,gpu-node-06,1,0.41,811,95,75
t0089,dcgm-gpu-node-07:9400,gpu-node-07,1,0.393,835,94,75
t0089,dcgm-gpu-node-08:9400,gpu-node-08,1,0.466,814,96,75
t0089,dcgm-gpu-node-09:9400,gpu-node-09,1,0.477,795,93,73
t0089,dcgm-gpu-node-10:9400,gpu-node-10,1,0.426,828,93,70
t0089,dcgm-gpu-node-11:9400,gpu-node-11,1,0.331,820,95,74
t0090,dcgm-gpu-node-00:9400,gpu-node-00,1,0.399,821,96,72
t0090,dcgm-gpu-node-01:9400,gpu-node-01,1,0.44,828,94,76
t0090,dcgm-gpu-node-02:9400,gpu-node-02,1,0.436,802,100,74
t0090,dcgm-gpu-node-03:9400,gpu-node-03,1,0.409,801,96,72
t0090,dcgm-gpu-node-04:9400,gpu-node-04,1,0.321,804,93,74
t0090,dcgm-gpu-node-05:9400,gpu-node-05,1,2.732,826,93,73
t0090,dcgm-gpu-node-06:9400,gpu-node-06,1,0.442,812,96,74
t0090,dcgm-gpu-node-07:9400,gpu-node-07,1,0.38,820,98,75
t0090,dcgm-gpu-node-08:9400,gpu-node-08,1,0.461,840,98,74
t0090,dcgm-gpu-node-09:9400,gpu-node-09,1,0.434,811,98,74
t0090,dcgm-gpu-node-10:9400,gpu-node-10,1,0.432,831,95,74
t0090,dcgm-gpu-node-11:9400,gpu-node-11,1,0.44,831,95,74
t0091,dcgm-gpu-node-00:9400,gpu-node-00,1,0.342,817,94,75
t0091,dcgm-gpu-node-01:9400,gpu-node-01,1,0.399,832,100,73
t0091,dcgm-gpu-node-02:9400,gpu-node-02,1,0.488,812,98,74
t0091,dcgm-gpu-node-03:9400,gpu-node-03,1,0.36,816,96,75
t0091,dcgm-gpu-node-04:9400,gpu-node-04,1,0.326,832,91,75
t0091,dcgm-gpu-node-05:9400,gpu-node-05,1,2.745,797,92,72
t0091,dcgm-gpu-node-06:9400,gpu-node-06,1,0.452,812,92,73
t0091,dcgm-gpu-node-07:9400,gpu-node-07,1,0.41,818,94,73
t0091,dcgm-gpu-node-08:9400,gpu-node-08,1,0.389,819,99,74
t0091,dcgm-gpu-node-09:9400,gpu-node-09,1,0.479,815,101,77
t0091,dcgm-gpu-node-10:9400,gpu-node-10,1,0.418,809,96,74
t0091,dcgm-gpu-node-11:9400,gpu-node-11,1,0.404,832,92,73
t0092,dcgm-gpu-node-00:9400,gpu-node-00,1,0.445,815,95,74
t0092,dcgm-gpu-node-01:9400,gpu-node-01,1,0.453,798,103,73
t0092,dcgm-gpu-node-02:9400,gpu-node-02,1,0.436,830,97,76
t0092,dcgm-gpu-node-03:9400,gpu-node-03,1,0.428,828,99,78
t0092,dcgm-gpu-node-04:9400,gpu-node-04,1,0.452,828,97,76
t0092,dcgm-gpu-node-05:9400,gpu-node-05,1,2.757,782,91,74
t0092,dcgm-gpu-node-06:9400,gpu-node-06,1,0.434,802,96,74
t0092,dcgm-gpu-node-07:9400,gpu-node-07,1,0.377,808,96,74
t0092,dcgm-gpu-node-08:9400,gpu-node-08,1,0.417,827,96,76
t0092,dcgm-gpu-node-09:9400,gpu-node-09,1,0.467,813,96,73
t0092,dcgm-gpu-node-10:9400,gpu-node-10,1,0.431,814,96,73
t0092,dcgm-gpu-node-11:9400,gpu-node-11,1,0.367,811,94,73
t0093,dcgm-gpu-node-00:9400,gpu-node-00,1,0.47,798,97,74
t0093,dcgm-gpu-node-01:9400,gpu-node-01,1,0.388,832,95,74
t0093,dcgm-gpu-node-02:9400,gpu-node-02,1,0.43,830,95,75
t0093,dcgm-gpu-node-03:9400,gpu-node-03,1,0.468,838,93,75
t0093,dcgm-gpu-node-04:9400,gpu-node-04,1,0.452,822,91,70
t0093,dcgm-gpu-node-05:9400,gpu-node-05,1,2.77,783,90,71
t0093,dcgm-gpu-node-06:9400,gpu-node-06,1,0.38,825,97,72
t0093,dcgm-gpu-node-07:9400,gpu-node-07,1,0.433,847,98,73
t0093,dcgm-gpu-node-08:9400,gpu-node-08,1,0.441,817,98,73
t0093,dcgm-gpu-node-09:9400,gpu-node-09,1,0.405,821,94,74
t0093,dcgm-gpu-node-10:9400,gpu-node-10,1,0.344,825,96,73
t0093,dcgm-gpu-node-11:9400,gpu-node-11,1,0.426,842,95,76
t0094,dcgm-gpu-node-00:9400,gpu-node-00,1,0.414,837,95,75
t0094,dcgm-gpu-node-01:9400,gpu-node-01,1,0.44,814,97,75
t0094,dcgm-gpu-node-02:9400,gpu-node-02,1,0.435,790,96,71
t0094,dcgm-gpu-node-03:9400,gpu-node-03,1,0.358,824,96,75
t0094,dcgm-gpu-node-04:9400,gpu-node-04,1,0.488,816,97,72
t0094,dcgm-gpu-node-05:9400,gpu-node-05,1,2.782,790,89,72
t0094,dcgm-gpu-node-06:9400,gpu-node-06,1,0.405,816,97,72
t0094,dcgm-gpu-node-07:9400,gpu-node-07,1,0.388,831,95,74
t0094,dcgm-gpu-node-08:9400,gpu-node-08,1,0.363,820,93,74
t0094,dcgm-gpu-node-09:9400,gpu-node-09,1,0.438,821,96,74
t0094,dcgm-gpu-node-10:9400,gpu-node-10,1,0.436,820,95,73
t0094,dcgm-gpu-node-11:9400,gpu-node-11,1,0.362,818,92,75
t0095,dcgm-gpu-node-00:9400,gpu-node-00,1,0.367,802,100,74
t0095,dcgm-gpu-node-01:9400,gpu-node-01,1,0.482,804,100,74
t0095,dcgm-gpu-node-02:9400,gpu-node-02,1,0.448,820,96,73
t0095,dcgm-gpu-node-03:9400,gpu-node-03,1,0.345,815,93,73
t0095,dcgm-gpu-node-04:9400,gpu-node-04,1,0.473,814,97,72
t0095,dcgm-gpu-node-05:9400,gpu-node-05,1,2.795,785,88,73
t0095,dcgm-gpu-node-06:9400,gpu-node-06,1,0.386,808,90,72
t0095,dcgm-gpu-node-07:9400,gpu-node-07,1,0.368,842,94,72
t0095,dcgm-gpu-node-08:9400,gpu-node-08,1,0.446,808,97,73
t0095,dcgm-gpu-node-09:9400,gpu-node-09,1,0.424,841,96,71
t0095,dcgm-gpu-node-10:9400,gpu-node-10,1,0.356,814,93,73
t0095,dcgm-gpu-node-11:9400,gpu-node-11,1,0.375,848,95,74
t0096,dcgm-gpu-node-00:9400,gpu-node-00,1,0.48,822,92,78
t0096,dcgm-gpu-node-01:9400,gpu-node-01,1,0.484,812,95,73
t0096,dcgm-gpu-node-02:9400,gpu-node-02,1,0.395,823,94,72
t0096,dcgm-gpu-node-03:9400,gpu-node-03,1,0.406,830,92,74
t0096,dcgm-gpu-node-04:9400,gpu-node-04,1,0.426,817,97,74
t0096,dcgm-gpu-node-05:9400,gpu-node-05,1,2.808,761,87,77
t0096,dcgm-gpu-node-06:9400,gpu-node-06,1,0.43,816,101,76
t0096,dcgm-gpu-node-07:9400,gpu-node-07,1,0.418,814,96,72
t0096,dcgm-gpu-node-08:9400,gpu-node-08,1,0.446,810,96,74
t0096,dcgm-gpu-node-09:9400,gpu-node-09,1,0.405,804,94,76
t0096,dcgm-gpu-node-10:9400,gpu-node-10,1,0.444,820,95,74
t0096,dcgm-gpu-node-11:9400,gpu-node-11,1,0.369,807,93,71
t0097,dcgm-gpu-node-00:9400,gpu-node-00,1,0.421,833,95,71
t0097,dcgm-gpu-node-01:9400,gpu-node-01,1,0.372,825,100,74
t0097,dcgm-gpu-node-02:9400,gpu-node-02,1,0.387,826,96,74
t0097,dcgm-gpu-node-03:9400,gpu-node-03,1,0.436,792,100,74
t0097,dcgm-gpu-node-04:9400,gpu-node-04,1,0.44,825,96,72
t0097,dcgm-gpu-node-05:9400,gpu-node-05,1,2.82,765,87,76
t0097,dcgm-gpu-node-06:9400,gpu-node-06,1,0.408,833,96,75
t0097,dcgm-gpu-node-07:9400,gpu-node-07,1,0.457,827,97,74
t0097,dcgm-gpu-node-08:9400,gpu-node-08,1,0.398,814,93,74
t0097,dcgm-gpu-node-09:9400,gpu-node-09,1,0.349,829,97,72
t0097,dcgm-gpu-node-10:9400,gpu-node-10,1,0.371,800,95,73
t0097,dcgm-gpu-node-11:9400,gpu-node-11,1,0.461,822,96,75
t0098,dcgm-gpu-node-00:9400,gpu-node-00,1,0.381,809,91,71
t0098,dcgm-gpu-node-01:9400,gpu-node-01,1,0.422,812,96,74
t0098,dcgm-gpu-node-02:9400,gpu-node-02,1,0.394,811,96,74
t0098,dcgm-gpu-node-03:9400,gpu-node-03,1,0.409,830,97,75
t0098,dcgm-gpu-node-04:9400,gpu-node-04,1,0.443,813,95,76
t0098,dcgm-gpu-node-05:9400,gpu-node-05,1,2.833,763,86,76
t0098,dcgm-gpu-node-06:9400,gpu-node-06,1,0.485,817,101,75
t0098,dcgm-gpu-node-07:9400,gpu-node-07,1,0.387,833,98,75
t0098,dcgm-gpu-node-08:9400,gpu-node-08,1,0.378,820,101,74
t0098,dcgm-gpu-node-09:9400,gpu-node-09,1,0.437,816,92,76
t0098,dcgm-gpu-node-10:9400,gpu-node-10,1,0.416,825,91,74
t0098,dcgm-gpu-node-11:9400,gpu-node-11,1,0.397,805,97,77
t0099,dcgm-gpu-node-00:9400,gpu-node-00,1,0.459,795,96,74
t0099,dcgm-gpu-node-01:9400,gpu-node-01,1,0.404,814,96,74
t0099,dcgm-gpu-node-02:9400,gpu-node-02,1,0.384,819,93,73
t0099,dcgm-gpu-node-03:9400,gpu-node-03,1,0.448,793,99,71
t0099,dcgm-gpu-node-04:9400,gpu-node-04,1,0.445,813,95,70
t0099,dcgm-gpu-node-05:9400,gpu-node-05,1,2.845,718,85,72
t0099,dcgm-gpu-node-06:9400,gpu-node-06,1,0.428,821,94,75
t0099,dcgm-gpu-node-07:9400,gpu-node-07,1,0.418,829,95,75
t0099,dcgm-gpu-node-08:9400,gpu-node-08,1,0.429,819,96,74
t0099,dcgm-gpu-node-09:9400,gpu-node-09,1,0.347,830,96,74
t0099,dcgm-gpu-node-10:9400,gpu-node-10,1,0.465,812,94,73
t0099,dcgm-gpu-node-11:9400,gpu-node-11,1,0.426,843,96,74
t0100,dcgm-gpu-node-00:9400,gpu-node-00,1,0.411,807,99,76
t0100,dcgm-gpu-node-01:9400,gpu-node-01,1,0.46,823,100,74
t0100,dcgm-gpu-node-02:9400,gpu-node-02,1,0.403,814,95,75
t0100,dcgm-gpu-node-03:9400,gpu-node-03,1,0.435,842,93,76
t0100,dcgm-gpu-node-04:9400,gpu-node-04,1,0.433,809,96,76
t0100,dcgm-gpu-node-05:9400,gpu-node-05,1,2.858,744,84,76
t0100,dcgm-gpu-node-06:9400,gpu-node-06,1,0.353,785,95,74
t0100,dcgm-gpu-node-07:9400,gpu-node-07,1,0.465,835,96,79
t0100,dcgm-gpu-node-08:9400,gpu-node-08,1,0.379,793,98,74
t0100,dcgm-gpu-node-09:9400,gpu-node-09,1,0.447,806,98,76
t0100,dcgm-gpu-node-10:9400,gpu-node-10,1,0.42,833,97,75
t0100,dcgm-gpu-node-11:9400,gpu-node-11,1,0.424,820,100,74
t0101,dcgm-gpu-node-00:9400,gpu-node-00,1,0.466,810,96,72
t0101,dcgm-gpu-node-01:9400,gpu-node-01,1,0.414,807,90,77
t0101,dcgm-gpu-node-02:9400,gpu-node-02,1,0.396,819,97,74
t0101,dcgm-gpu-node-03:9400,gpu-node-03,1,0.426,810,101,75
t0101,dcgm-gpu-node-04:9400,gpu-node-04,1,0.431,792,100,75
t0101,dcgm-gpu-node-05:9400,gpu-node-05,1,2.87,739,83,74
t0101,dcgm-gpu-node-06:9400,gpu-node-06,1,0.396,823,99,73
t0101,dcgm-gpu-node-07:9400,gpu-node-07,1,0.396,851,102,74
t0101,dcgm-gpu-node-08:9400,gpu-node-08,1,0.411,804,98,74
t0101,dcgm-gpu-node-09:9400,gpu-node-09,1,0.415,810,96,74
t0101,dcgm-gpu-node-10:9400,gpu-node-10,1,0.437,824,99,74
t0101,dcgm-gpu-node-11:9400,gpu-node-11,1,0.36,799,90,74
t0102,dcgm-gpu-node-00:9400,gpu-node-00,1,0.361,812,96,74
t0102,dcgm-gpu-node-01:9400,gpu-node-01,1,0.39,817,94,74
t0102,dcgm-gpu-node-02:9400,gpu-node-02,1,0.409,817,96,73
t0102,dcgm-gpu-node-03:9400,gpu-node-03,1,0.41,816,99,72
t0102,dcgm-gpu-node-04:9400,gpu-node-04,1,0.46,841,93,74
t0102,dcgm-gpu-node-05:9400,gpu-node-05,1,2.883,723,82,75
t0102,dcgm-gpu-node-06:9400,gpu-node-06,1,0.329,840,96,72
t0102,dcgm-gpu-node-07:9400,gpu-node-07,1,0.456,852,102,70
t0102,dcgm-gpu-node-08:9400,gpu-node-08,1,0.456,807,98,74
t0102,dcgm-gpu-node-09:9400,gpu-node-09,1,0.385,841,96,78
t0102,dcgm-gpu-node-10:9400,gpu-node-10,1,0.401,825,94,76
t0102,dcgm-gpu-node-11:9400,gpu-node-11,1,0.421,834,96,69
t0103,dcgm-gpu-node-00:9400,gpu-node-00,1,0.446,809,96,76
t0103,dcgm-gpu-node-01:9400,gpu-node-01,1,0.405,829,92,75
t0103,dcgm-gpu-node-02:9400,gpu-node-02,1,0.42,818,95,74
t0103,dcgm-gpu-node-03:9400,gpu-node-03,1,0.355,823,97,78
t0103,dcgm-gpu-node-04:9400,gpu-node-04,1,0.34,833,98,79
t0103,dcgm-gpu-node-05:9400,gpu-node-05,1,2.896,714,81,74
t0103,dcgm-gpu-node-06:9400,gpu-node-06,1,0.43,827,96,70
t0103,dcgm-gpu-node-07:9400,gpu-node-07,1,0.409,811,99,75
t0103,dcgm-gpu-node-08:9400,gpu-node-08,1,0.469,814,94,74
t0103,dcgm-gpu-node-09:9400,gpu-node-09,1,0.466,823,99,76
t0103,dcgm-gpu-node-10:9400,gpu-node-10,1,0.439,826,101,72
t0103,dcgm-gpu-node-11:9400,gpu-node-11,1,0.496,813,99,72
t0104,dcgm-gpu-node-00:9400,gpu-node-00,1,0.406,808,94,77
t0104,dcgm-gpu-node-01:9400,gpu-node-01,1,0.466,808,96,73
t0104,dcgm-gpu-node-02:9400,gpu-node-02,1,0.446,820,99,72
t0104,dcgm-gpu-node-03:9400,gpu-node-03,1,0.508,826,96,74
t0104,dcgm-gpu-node-04:9400,gpu-node-04,1,0.416,811,95,75
t0104,dcgm-gpu-node-05:9400,gpu-node-05,1,2.908,706,80,73
t0104,dcgm-gpu-node-06:9400,gpu-node-06,1,0.451,805,94,74
t0104,dcgm-gpu-node-07:9400,gpu-node-07,1,0.438,816,95,74
t0104,dcgm-gpu-node-08:9400,gpu-node-08,1,0.462,805,96,74
t0104,dcgm-gpu-node-09:9400,gpu-node-09,1,0.401,806,96,75
t0104,dcgm-gpu-node-10:9400,gpu-node-10,1,0.398,822,93,74
t0104,dcgm-gpu-node-11:9400,gpu-node-11,1,0.445,817,96,75
t0105,dcgm-gpu-node-00:9400,gpu-node-00,1,0.465,828,94,74
t0105,dcgm-gpu-node-01:9400,gpu-node-01,1,0.483,826,96,73
t0105,dcgm-gpu-node-02:9400,gpu-node-02,1,0.41,839,91,75
t0105,dcgm-gpu-node-03:9400,gpu-node-03,1,0.378,825,94,77
t0105,dcgm-gpu-node-04:9400,gpu-node-04,1,0.434,809,90,76
t0105,dcgm-gpu-node-05:9400,gpu-node-05,1,2.921,718,79,73
t0105,dcgm-gpu-node-06:9400,gpu-node-06,1,0.423,806,96,74
t0105,dcgm-gpu-node-07:9400,gpu-node-07,1,0.393,812,98,74
t0105,dcgm-gpu-node-08:9400,gpu-node-08,1,0.407,817,95,74
t0105,dcgm-gpu-node-09:9400,gpu-node-09,1,0.492,811,96,74
t0105,dcgm-gpu-node-10:9400,gpu-node-10,1,0.428,817,99,71
t0105,dcgm-gpu-node-11:9400,gpu-node-11,1,0.477,809,96,75
t0106,dcgm-gpu-node-00:9400,gpu-node-00,1,0.465,817,92,71
t0106,dcgm-gpu-node-01:9400,gpu-node-01,1,0.457,811,98,74
t0106,dcgm-gpu-node-02:9400,gpu-node-02,1,0.465,821,90,73
t0106,dcgm-gpu-node-03:9400,gpu-node-03,1,0.426,808,94,74
t0106,dcgm-gpu-node-04:9400,gpu-node-04,1,0.431,808,96,77
t0106,dcgm-gpu-node-05:9400,gpu-node-05,1,2.933,697,78,71
t0106,dcgm-gpu-node-06:9400,gpu-node-06,1,0.477,810,96,74
t0106,dcgm-gpu-node-07:9400,gpu-node-07,1,0.43,810,96,75
t0106,dcgm-gpu-node-08:9400,gpu-node-08,1,0.367,818,97,71
t0106,dcgm-gpu-node-09:9400,gpu-node-09,1,0.438,835,99,75
t0106,dcgm-gpu-node-10:9400,gpu-node-10,1,0.389,811,99,76
t0106,dcgm-gpu-node-11:9400,gpu-node-11,1,0.408,825,96,76
t0107,dcgm-gpu-node-00:9400,gpu-node-00,1,0.486,826,90,73
t0107,dcgm-gpu-node-01:9400,gpu-node-01,1,0.342,825,98,74
t0107,dcgm-gpu-node-02:9400,gpu-node-02,1,0.389,816,96,75
t0107,dcgm-gpu-node-03:9400,gpu-node-03,1,0.496,822,94,74
t0107,dcgm-gpu-node-04:9400,gpu-node-04,1,0.341,813,96,75
t0107,dcgm-gpu-node-05:9400,gpu-node-05,1,2.946,704,77,74
t0107,dcgm-gpu-node-06:9400,gpu-node-06,1,0.396,818,97,74
t0107,dcgm-gpu-node-07:9400,gpu-node-07,1,0.479,823,95,71
t0107,dcgm-gpu-node-08:9400,gpu-node-08,1,0.447,817,93,73
t0107,dcgm-gpu-node-09:9400,gpu-node-09,1,0.428,810,94,75
t0107,dcgm-gpu-node-10:9400,gpu-node-10,1,0.371,822,98,71
t0107,dcgm-gpu-node-11:9400,gpu-node-11,1,0.406,807,100,74
t0108,dcgm-gpu-node-00:9400,gpu-node-00,1,0.388,817,95,71
t0108,dcgm-gpu-node-01:9400,gpu-node-01,1,0.423,827,96,76
t0108,dcgm-gpu-node-02:9400,gpu-node-02,1,0.396,823,96,73
t0108,dcgm-gpu-node-03:9400,gpu-node-03,1,0.391,820,100,73
t0108,dcgm-gpu-node-04:9400,gpu-node-04,1,0.426,816,96,72
t0108,dcgm-gpu-node-05:9400,gpu-node-05,1,2.958,691,76,74
t0108,dcgm-gpu-node-06:9400,gpu-node-06,1,0.405,818,96,73
t0108,dcgm-gpu-node-07:9400,gpu-node-07,1,0.395,820,95,74
t0108,dcgm-gpu-node-08:9400,gpu-node-08,1,0.451,814,97,72
t0108,dcgm-gpu-node-09:9400,gpu-node-09,1,0.402,802,93,76
t0108,dcgm-gpu-node-10:9400,gpu-node-10,1,0.418,821,101,76
t0108,dcgm-gpu-node-11:9400,gpu-node-11,1,0.437,811,98,74
t0109,dcgm-gpu-node-00:9400,gpu-node-00,1,0.364,839,94,76
t0109,dcgm-gpu-node-01:9400,gpu-node-01,1,0.391,820,96,73
t0109,dcgm-gpu-node-02:9400,gpu-node-02,1,0.406,830,97,76
t0109,dcgm-gpu-node-03:9400,gpu-node-03,1,0.469,816,93,72
t0109,dcgm-gpu-node-04:9400,gpu-node-04,1,0.412,804,104,73
t0109,dcgm-gpu-node-05:9400,gpu-node-05,1,2.971,693,75,74
t0109,dcgm-gpu-node-06:9400,gpu-node-06,1,0.466,823,94,71
t0109,dcgm-gpu-node-07:9400,gpu-node-07,1,0.512,812,96,75
t0109,dcgm-gpu-node-08:9400,gpu-node-08,1,0.384,801,99,77
t0109,dcgm-gpu-node-09:9400,gpu-node-09,1,0.425,817,92,76
t0109,dcgm-gpu-node-10:9400,gpu-node-10,1,0.408,816,101,75
t0109,dcgm-gpu-node-11:9400,gpu-node-11,1,0.438,816,96,71
t0110,dcgm-gpu-node-00:9400,gpu-node-00,1,0.415,831,92,74
t0110,dcgm-gpu-node-01:9400,gpu-node-01,1,0.407,825,98,74
t0110,dcgm-gpu-node-02:9400,gpu-node-02,1,0.405,831,93,74
t0110,dcgm-gpu-node-03:9400,gpu-node-03,1,0.444,817,94,75
t0110,dcgm-gpu-node-04:9400,gpu-node-04,1,0.422,823,102,74
t0110,dcgm-gpu-node-05:9400,gpu-node-05,1,2.984,677,74,74
t0110,dcgm-gpu-node-06:9400,gpu-node-06,1,0.499,839,93,74
t0110,dcgm-gpu-node-07:9400,gpu-node-07,1,0.46,813,97,74
t0110,dcgm-gpu-node-08:9400,gpu-node-08,1,0.412,818,92,74
t0110,dcgm-gpu-node-09:9400,gpu-node-09,1,0.467,839,98,73
t0110,dcgm-gpu-node-10:9400,gpu-node-10,1,0.452,798,93,74
t0110,dcgm-gpu-node-11:9400,gpu-node-11,1,0.432,810,96,71
t0111,dcgm-gpu-node-00:9400,gpu-node-00,1,0.43,791,95,74
t0111,dcgm-gpu-node-01:9400,gpu-node-01,1,0.397,806,98,74
t0111,dcgm-gpu-node-02:9400,gpu-node-02,1,0.389,818,93,74
t0111,dcgm-gpu-node-03:9400,gpu-node-03,1,0.386,830,99,77
t0111,dcgm-gpu-node-04:9400,gpu-node-04,1,0.376,841,95,74
t0111,dcgm-gpu-node-05:9400,gpu-node-05,1,2.996,674,73,78
t0111,dcgm-gpu-node-06:9400,gpu-node-06,1,0.473,818,99,73
t0111,dcgm-gpu-node-07:9400,gpu-node-07,1,0.413,837,93,74
t0111,dcgm-gpu-node-08:9400,gpu-node-08,1,0.41,805,96,74
t0111,dcgm-gpu-node-09:9400,gpu-node-09,1,0.398,797,96,73
t0111,dcgm-gpu-node-10:9400,gpu-node-10,1,0.429,811,90,76
t0111,dcgm-gpu-node-11:9400,gpu-node-11,1,0.388,804,96,71
t0112,dcgm-gpu-node-00:9400,gpu-node-00,1,0.429,820,99,72
t0112,dcgm-gpu-node-01:9400,gpu-node-01,1,0.357,816,93,71
t0112,dcgm-gpu-node-02:9400,gpu-node-02,1,0.365,817,95,74
t0112,dcgm-gpu-node-03:9400,gpu-node-03,1,0.375,812,100,74
t0112,dcgm-gpu-node-04:9400,gpu-node-04,1,0.4,839,98,74
t0112,dcgm-gpu-node-05:9400,gpu-node-05,1,3.009,658,72,72
t0112,dcgm-gpu-node-06:9400,gpu-node-06,1,0.437,826,97,76
t0112,dcgm-gpu-node-07:9400,gpu-node-07,1,0.337,815,100,71
t0112,dcgm-gpu-node-08:9400,gpu-node-08,1,0.434,825,96,72
t0112,dcgm-gpu-node-09:9400,gpu-node-09,1,0.402,830,93,75
t0112,dcgm-gpu-node-10:9400,gpu-node-10,1,0.448,831,96,75
t0112,dcgm-gpu-node-11:9400,gpu-node-11,1,0.465,823,96,72
t0113,dcgm-gpu-node-00:9400,gpu-node-00,1,0.455,824,96,75
t0113,dcgm-gpu-node-01:9400,gpu-node-01,1,0.41,812,95,74
t0113,dcgm-gpu-node-02:9400,gpu-node-02,1,0.394,813,95,74
t0113,dcgm-gpu-node-03:9400,gpu-node-03,1,0.404,808,93,72
t0113,dcgm-gpu-node-04:9400,gpu-node-04,1,0.377,815,100,71
t0113,dcgm-gpu-node-05:9400,gpu-node-05,1,3.021,662,72,74
t0113,dcgm-gpu-node-06:9400,gpu-node-06,1,0.399,824,94,73
t0113,dcgm-gpu-node-07:9400,gpu-node-07,1,0.372,832,93,74
t0113,dcgm-gpu-node-08:9400,gpu-node-08,1,0.391,816,93,72
t0113,dcgm-gpu-node-09:9400,gpu-node-09,1,0.353,815,96,75
t0113,dcgm-gpu-node-10:9400,gpu-node-10,1,0.4,825,93,74
t0113,dcgm-gpu-node-11:9400,gpu-node-11,1,0.509,826,95,75
t0114,dcgm-gpu-node-00:9400,gpu-node-00,1,0.409,827,95,72
t0114,dcgm-gpu-node-01:9400,gpu-node-01,1,0.404,812,98,76
t0114,dcgm-gpu-node-02:9400,gpu-node-02,1,0.384,819,89,75
t0114,dcgm-gpu-node-03:9400,gpu-node-03,1,0.391,832,98,72
t0114,dcgm-gpu-node-04:9400,gpu-node-04,1,0.391,834,102,71
t0114,dcgm-gpu-node-05:9400,gpu-node-05,1,3.034,650,71,73
t0114,dcgm-gpu-node-06:9400,gpu-node-06,1,0.389,806,96,74
t0114,dcgm-gpu-node-07:9400,gpu-node-07,1,0.448,804,96,76
t0114,dcgm-gpu-node-08:9400,gpu-node-08,1,0.445,822,91,74
t0114,dcgm-gpu-node-09:9400,gpu-node-09,1,0.422,823,96,75
t0114,dcgm-gpu-node-10:9400,gpu-node-10,1,0.377,798,98,74
t0114,dcgm-gpu-node-11:9400,gpu-node-11,1,0.402,823,96,70
t0115,dcgm-gpu-node-00:9400,gpu-node-00,1,0.44,800,95,75
t0115,dcgm-gpu-node-01:9400,gpu-node-01,1,0.5,850,98,72
t0115,dcgm-gpu-node-02:9400,gpu-node-02,1,0.449,833,91,77
t0115,dcgm-gpu-node-03:9400,gpu-node-03,1,0.392,838,96,74
t0115,dcgm-gpu-node-04:9400,gpu-node-04,1,0.424,819,93,74
t0115,dcgm-gpu-node-05:9400,gpu-node-05,1,3.047,644,70,74
t0115,dcgm-gpu-node-06:9400,gpu-node-06,1,0.454,810,95,74
t0115,dcgm-gpu-node-07:9400,gpu-node-07,1,0.456,831,96,74
t0115,dcgm-gpu-node-08:9400,gpu-node-08,1,0.4,821,96,75
t0115,dcgm-gpu-node-09:9400,gpu-node-09,1,0.461,820,94,78
t0115,dcgm-gpu-node-10:9400,gpu-node-10,1,0.383,825,97,74
t0115,dcgm-gpu-node-11:9400,gpu-node-11,1,0.42,812,94,74
t0116,dcgm-gpu-node-00:9400,gpu-node-00,1,0.391,812,96,75
t0116,dcgm-gpu-node-01:9400,gpu-node-01,1,0.443,819,94,74
t0116,dcgm-gpu-node-02:9400,gpu-node-02,1,0.473,839,93,74
t0116,dcgm-gpu-node-03:9400,gpu-node-03,1,0.47,820,98,75
t0116,dcgm-gpu-node-04:9400,gpu-node-04,1,0.38,823,88,72
t0116,dcgm-gpu-node-05:9400,gpu-node-05,1,3.059,654,69,76
t0116,dcgm-gpu-node-06:9400,gpu-node-06,1,0.426,825,92,74
t0116,dcgm-gpu-node-07:9400,gpu-node-07,1,0.42,812,97,74
t0116,dcgm-gpu-node-08:9400,gpu-node-08,1,0.398,820,96,74
t0116,dcgm-gpu-node-09:9400,gpu-node-09,1,0.374,827,96,75
t0116,dcgm-gpu-node-10:9400,gpu-node-10,1,0.392,831,94,76
t0116,dcgm-gpu-node-11:9400,gpu-node-11,1,0.495,824,99,74
t0117,dcgm-gpu-node-00:9400,gpu-node-00,1,0.385,815,94,74
t0117,dcgm-gpu-node-01:9400,gpu-node-01,1,0.458,837,95,75
t0117,dcgm-gpu-node-02:9400,gpu-node-02,1,0.42,834,94,74
t0117,dcgm-gpu-node-03:9400,gpu-node-03,1,0.374,817,98,76
t0117,dcgm-gpu-node-04:9400,gpu-node-04,1,0.334,839,97,74
t0117,dcgm-gpu-node-05:9400,gpu-node-05,1,3.072,637,68,76
t0117,dcgm-gpu-node-06:9400,gpu-node-06,1,0.445,815,97,71
t0117,dcgm-gpu-node-07:9400,gpu-node-07,1,0.452,811,99,75
t0117,dcgm-gpu-node-08:9400,gpu-node-08,1,0.417,818,96,74
t0117,dcgm-gpu-node-09:9400,gpu-node-09,1,0.427,834,93,72
t0117,dcgm-gpu-node-10:9400,gpu-node-10,1,0.362,813,96,74
t0117,dcgm-gpu-node-11:9400,gpu-node-11,1,0.441,819,98,74
t0118,dcgm-gpu-node-00:9400,gpu-node-00,1,0.326,836,95,71
t0118,dcgm-gpu-node-01:9400,gpu-node-01,1,0.346,819,97,73
t0118,dcgm-gpu-node-02:9400,gpu-node-02,1,0.405,822,96,77
t0118,dcgm-gpu-node-03:9400,gpu-node-03,1,0.431,816,96,75
t0118,dcgm-gpu-node-04:9400,gpu-node-04,1,0.408,811,97,70
t0118,dcgm-gpu-node-05:9400,gpu-node-05,1,3.084,632,67,72
t0118,dcgm-gpu-node-06:9400,gpu-node-06,1,0.348,825,94,77
t0118,dcgm-gpu-node-07:9400,gpu-node-07,1,0.461,814,99,76
t0118,dcgm-gpu-node-08:9400,gpu-node-08,1,0.425,847,95,72
t0118,dcgm-gpu-node-09:9400,gpu-node-09,1,0.416,820,98,74
t0118,dcgm-gpu-node-10:9400,gpu-node-10,1,0.401,819,98,74
t0118,dcgm-gpu-node-11:9400,gpu-node-11,1,0.39,824,100,76
t0119,dcgm-gpu-node-00:9400,gpu-node-00,1,0.451,820,91,74
t0119,dcgm-gpu-node-01:9400,gpu-node-01,1,0.424,818,96,77
t0119,dcgm-gpu-node-02:9400,gpu-node-02,1,0.356,803,96,74
t0119,dcgm-gpu-node-03:9400,gpu-node-03,1,0.449,806,98,76
t0119,dcgm-gpu-node-04:9400,gpu-node-04,1,0.462,824,96,75
t0119,dcgm-gpu-node-05:9400,gpu-node-05,1,3.097,621,66,73
t0119,dcgm-gpu-node-06:9400,gpu-node-06,1,0.453,824,94,74
t0119,dcgm-gpu-node-07:9400,gpu-node-07,1,0.415,828,96,74
t0119,dcgm-gpu-node-08:9400,gpu-node-08,1,0.432,817,96,74
t0119,dcgm-gpu-node-09:9400,gpu-node-09,1,0.422,828,92,74
t0119,dcgm-gpu-node-10:9400,gpu-node-10,1,0.361,806,96,74
t0119,dcgm-gpu-node-11:9400,gpu-node-11,1,0.359,826,100,74
t0120,dcgm-gpu-node-00:9400,gpu-node-00,1,0.402,819,93,73
t0120,dcgm-gpu-node-01:9400,gpu-node-01,1,0.38,838,96,74
t0120,dcgm-gpu-node-02:9400,gpu-node-02,1,0.405,822,97,72
t0120,dcgm-gpu-node-03:9400,gpu-node-03,1,0.473,846,97,73
t0120,dcgm-gpu-node-04:9400,gpu-node-04,1,0.348,824,98,77
t0120,dcgm-gpu-node-05:9400,gpu-node-05,1,3.109,617,65,74
t0120,dcgm-gpu-node-06:9400,gpu-node-06,1,0.415,818,95,74
t0120,dcgm-gpu-node-07:9400,gpu-node-07,1,0.333,820,99,74
t0120,dcgm-gpu-node-08:9400,gpu-node-08,1,0.457,810,96,73
t0120,dcgm-gpu-node-09:9400,gpu-node-09,1,0.371,822,96,70
t0120,dcgm-gpu-node-10:9400,gpu-node-10,1,0.439,821,96,72
t0120,dcgm-gpu-node-11:9400,gpu-node-11,1,0.446,811,100,75
t0121,dcgm-gpu-node-00:9400,gpu-node-00,1,0.432,816,95,74
t0121,dcgm-gpu-node-01:9400,gpu-node-01,1,0.419,805,96,75
t0121,dcgm-gpu-node-02:9400,gpu-node-02,1,0.379,825,99,75
t0121,dcgm-gpu-node-03:9400,gpu-node-03,1,0.446,830,99,75
t0121,dcgm-gpu-node-04:9400,gpu-node-04,1,0.408,805,93,75
t0121,dcgm-gpu-node-05:9400,gpu-node-05,1,3.122,604,64,73
t0121,dcgm-gpu-node-06:9400,gpu-node-06,1,0.368,831,95,74
t0121,dcgm-gpu-node-07:9400,gpu-node-07,1,0.436,817,96,73
t0121,dcgm-gpu-node-08:9400,gpu-node-08,1,0.411,810,96,74
t0121,dcgm-gpu-node-09:9400,gpu-node-09,1,0.405,830,97,74
t0121,dcgm-gpu-node-10:9400,gpu-node-10,1,0.394,825,95,74
t0121,dcgm-gpu-node-11:9400,gpu-node-11,1,0.345,818,98,74
t0122,dcgm-gpu-node-00:9400,gpu-node-00,1,0.475,804,96,74
t0122,dcgm-gpu-node-01:9400,gpu-node-01,1,0.378,817,96,74
t0122,dcgm-gpu-node-02:9400,gpu-node-02,1,0.387,802,96,74
t0122,dcgm-gpu-node-03:9400,gpu-node-03,1,0.431,835,93,72
t0122,dcgm-gpu-node-04:9400,gpu-node-04,1,0.376,820,94,77
t0122,dcgm-gpu-node-05:9400,gpu-node-05,1,3.135,605,63,73
t0122,dcgm-gpu-node-06:9400,gpu-node-06,1,0.401,837,99,72
t0122,dcgm-gpu-node-07:9400,gpu-node-07,1,0.389,829,96,76
t0122,dcgm-gpu-node-08:9400,gpu-node-08,1,0.414,809,98,76
t0122,dcgm-gpu-node-09:9400,gpu-node-09,1,0.387,808,96,73
t0122,dcgm-gpu-node-10:9400,gpu-node-10,1,0.452,825,96,73
t0122,dcgm-gpu-node-11:9400,gpu-node-11,1,0.375,827,101,73
t0123,dcgm-gpu-node-00:9400,gpu-node-00,1,0.423,829,95,74
t0123,dcgm-gpu-node-01:9400,gpu-node-01,1,0.444,811,95,75
t0123,dcgm-gpu-node-02:9400,gpu-node-02,1,0.46,806,99,74
t0123,dcgm-gpu-node-03:9400,gpu-node-03,1,0.408,823,96,75
t0123,dcgm-gpu-node-04:9400,gpu-node-04,1,0.394,826,93,74
t0123,dcgm-gpu-node-05:9400,gpu-node-05,1,3.147,588,62,76
t0123,dcgm-gpu-node-06:9400,gpu-node-06,1,0.421,820,94,73
t0123,dcgm-gpu-node-07:9400,gpu-node-07,1,0.367,832,96,73
t0123,dcgm-gpu-node-08:9400,gpu-node-08,1,0.435,822,96,73
t0123,dcgm-gpu-node-09:9400,gpu-node-09,1,0.448,830,95,71
t0123,dcgm-gpu-node-10:9400,gpu-node-10,1,0.435,818,93,69
t0123,dcgm-gpu-node-11:9400,gpu-node-11,1,0.36,808,93,74
t0124,dcgm-gpu-node-00:9400,gpu-node-00,1,0.477,815,96,74
t0124,dcgm-gpu-node-01:9400,gpu-node-01,1,0.394,818,94,73
t0124,dcgm-gpu-node-02:9400,gpu-node-02,1,0.432,803,102,74
t0124,dcgm-gpu-node-03:9400,gpu-node-03,1,0.438,820,93,73
t0124,dcgm-gpu-node-04:9400,gpu-node-04,1,0.431,847,98,72
t0124,dcgm-gpu-node-05:9400,gpu-node-05,1,3.16,568,61,74
t0124,dcgm-gpu-node-06:9400,gpu-node-06,1,0.421,820,94,72
t0124,dcgm-gpu-node-07:9400,gpu-node-07,1,0.373,845,93,75
t0124,dcgm-gpu-node-08:9400,gpu-node-08,1,0.389,809,94,74
t0124,dcgm-gpu-node-09:9400,gpu-node-09,1,0.428,829,95,71
t0124,dcgm-gpu-node-10:9400,gpu-node-10,1,0.413,819,96,73
t0124,dcgm-gpu-node-11:9400,gpu-node-11,1,0.418,835,93,76
t0125,dcgm-gpu-node-00:9400,gpu-node-00,1,0.411,820,95,73
t0125,dcgm-gpu-node-01:9400,gpu-node-01,1,0.445,845,90,73
t0125,dcgm-gpu-node-02:9400,gpu-node-02,1,0.393,828,95,72
t0125,dcgm-gpu-node-03:9400,gpu-node-03,1,0.455,818,96,74
t0125,dcgm-gpu-node-04:9400,gpu-node-04,1,0.442,803,94,74
t0125,dcgm-gpu-node-05:9400,gpu-node-05,1,3.172,593,60,74
t0125,dcgm-gpu-node-06:9400,gpu-node-06,1,0.468,823,100,77
t0125,dcgm-gpu-node-07:9400,gpu-node-07,1,0.422,813,94,74
t0125,dcgm-gpu-node-08:9400,gpu-node-08,1,0.465,793,95,75
t0125,dcgm-gpu-node-09:9400,gpu-node-09,1,0.445,827,98,72
t0125,dcgm-gpu-node-10:9400,gpu-node-10,1,0.439,815,99,74
t0125,dcgm-gpu-node-11:9400,gpu-node-11,1,0.425,807,96,76
t0126,dcgm-gpu-node-00:9400,gpu-node-00,1,0.442,825,95,74
t0126,dcgm-gpu-node-01:9400,gpu-node-01,1,0.444,828,95,77
t0126,dcgm-gpu-node-02:9400,gpu-node-02,1,0.428,826,96,74
t0126,dcgm-gpu-node-03:9400,gpu-node-03,1,0.379,814,97,74
t0126,dcgm-gpu-node-04:9400,gpu-node-04,1,0.453,822,95,74
t0126,dcgm-gpu-node-05:9400,gpu-node-05,1,3.185,567,59,73
t0126,dcgm-gpu-node-06:9400,gpu-node-06,1,0.402,810,97,72
t0126,dcgm-gpu-node-07:9400,gpu-node-07,1,0.411,804,97,75
t0126,dcgm-gpu-node-08:9400,gpu-node-08,1,0.46,815,96,76
t0126,dcgm-gpu-node-09:9400,gpu-node-09,1,0.426,829,96,75
t0126,dcgm-gpu-node-10:9400,gpu-node-10,1,0.471,810,94,71
t0126,dcgm-gpu-node-11:9400,gpu-node-11,1,0.358,816,100,76
t0127,dcgm-gpu-node-00:9400,gpu-node-00,1,0.385,817,96,75
t0127,dcgm-gpu-node-01:9400,gpu-node-01,1,0.433,809,96,77
t0127,dcgm-gpu-node-02:9400,gpu-node-02,1,0.389,824,94,73
t0127,dcgm-gpu-node-03:9400,gpu-node-03,1,0.483,809,99,76
t0127,dcgm-gpu-node-04:9400,gpu-node-04,1,0.322,795,96,73
t0127,dcgm-gpu-node-05:9400,gpu-node-05,1,3.197,564,58,74
t0127,dcgm-gpu-node-06:9400,gpu-node-06,1,0.453,827,95,77
t0127,dcgm-gpu-node-07:9400,gpu-node-07,1,0.441,824,101,74
t0127,dcgm-gpu-node-08:9400,gpu-node-08,1,0.473,819,88,74
t0127,dcgm-gpu-node-09:9400,gpu-node-09,1,0.413,808,95,72
t0127,dcgm-gpu-node-10:9400,gpu-node-10,1,0.451,810,94,73
t0127,dcgm-gpu-node-11:9400,gpu-node-11,1,0.45,836,97,75
t0128,dcgm-gpu-node-00:9400,gpu-node-00,1,0.429,843,95,76
t0128,dcgm-gpu-node-01:9400,gpu-node-01,1,0.462,807,96,74
t0128,dcgm-gpu-node-02:9400,gpu-node-02,1,0.5,834,100,74
t0128,dcgm-gpu-node-03:9400,gpu-node-03,1,0.435,805,98,73
t0128,dcgm-gpu-node-04:9400,gpu-node-04,1,0.46,832,90,78
t0128,dcgm-gpu-node-05:9400,gpu-node-05,1,3.21,567,57,78
t0128,dcgm-gpu-node-06:9400,gpu-node-06,1,0.451,835,98,74
t0128,dcgm-gpu-node-07:9400,gpu-node-07,1,0.435,812,95,74
t0128,dcgm-gpu-node-08:9400,gpu-node-08,1,0.403,830,96,73
t0128,dcgm-gpu-node-09:9400,gpu-node-09,1,0.436,806,96,70
t0128,dcgm-gpu-node-10:9400,gpu-node-10,1,0.452,849,89,69
t0128,dcgm-gpu-node-11:9400,gpu-node-11,1,0.336,815,98,74
t0129,dcgm-gpu-node-00:9400,gpu-node-00,1,0.396,821,95,73
t0129,dcgm-gpu-node-01:9400,gpu-node-01,1,0.396,832,96,74
t0129,dcgm-gpu-node-02:9400,gpu-node-02,1,0.398,812,97,73
t0129,dcgm-gpu-node-03:9400,gpu-node-03,1,0.459,820,93,74
t0129,dcgm-gpu-node-04:9400,gpu-node-04,1,0.459,822,99,75
t0129,dcgm-gpu-node-05:9400,gpu-node-05,1,3.223,558,56,71
t0129,dcgm-gpu-node-06:9400,gpu-node-06,1,0.394,829,96,72
t0129,dcgm-gpu-node-07:9400,gpu-node-07,1,0.381,819,94,74
t0129,dcgm-gpu-node-08:9400,gpu-node-08,1,0.446,836,98,76
t0129,dcgm-gpu-node-09:9400,gpu-node-09,1,0.442,825,97,75
t0129,dcgm-gpu-node-10:9400,gpu-node-10,1,0.406,820,94,74
t0129,dcgm-gpu-node-11:9400,gpu-node-11,1,0.446,794,94,71
t0130,dcgm-gpu-node-00:9400,gpu-node-00,1,0.364,822,98,74
t0130,dcgm-gpu-node-01:9400,gpu-node-01,1,0.424,819,97,73
t0130,dcgm-gpu-node-02:9400,gpu-node-02,1,0.353,814,97,73
t0130,dcgm-gpu-node-03:9400,gpu-node-03,1,0.364,834,97,74
t0130,dcgm-gpu-node-04:9400,gpu-node-04,1,0.384,814,99,76
t0130,dcgm-gpu-node-05:9400,gpu-node-05,1,3.235,550,56,73
t0130,dcgm-gpu-node-06:9400,gpu-node-06,1,0.391,817,97,73
t0130,dcgm-gpu-node-07:9400,gpu-node-07,1,0.382,822,96,76
t0130,dcgm-gpu-node-08:9400,gpu-node-08,1,0.397,826,101,73
t0130,dcgm-gpu-node-09:9400,gpu-node-09,1,0.436,822,92,73
t0130,dcgm-gpu-node-10:9400,gpu-node-10,1,0.526,819,94,77
t0130,dcgm-gpu-node-11:9400,gpu-node-11,1,0.426,813,96,74
t0131,dcgm-gpu-node-00:9400,gpu-node-00,1,0.443,827,93,73
t0131,dcgm-gpu-node-01:9400,gpu-node-01,1,0.47,807,96,74
t0131,dcgm-gpu-node-02:9400,gpu-node-02,1,0.424,818,93,72
t0131,dcgm-gpu-node-03:9400,gpu-node-03,1,0.474,829,93,73
t0131,dcgm-gpu-node-04:9400,gpu-node-04,1,0.423,808,99,74
t0131,dcgm-gpu-node-05:9400,gpu-node-05,1,3.248,541,55,74
t0131,dcgm-gpu-node-06:9400,gpu-node-06,1,0.407,807,99,74
t0131,dcgm-gpu-node-07:9400,gpu-node-07,1,0.433,816,96,71
t0131,dcgm-gpu-node-08:9400,gpu-node-08,1,0.488,806,96,73
t0131,dcgm-gpu-node-09:9400,gpu-node-09,1,0.468,812,98,74
t0131,dcgm-gpu-node-10:9400,gpu-node-10,1,0.327,821,95,73
t0131,dcgm-gpu-node-11:9400,gpu-node-11,1,0.476,797,96,74
t0132,dcgm-gpu-node-00:9400,gpu-node-00,1,0.468,825,94,73
t0132,dcgm-gpu-node-01:9400,gpu-node-01,1,0.422,807,91,74
t0132,dcgm-gpu-node-02:9400,gpu-node-02,1,0.457,803,91,74
t0132,dcgm-gpu-node-03:9400,gpu-node-03,1,0.407,808,92,74
t0132,dcgm-gpu-node-04:9400,gpu-node-04,1,0.396,828,95,74
t0132,dcgm-gpu-node-05:9400,gpu-node-05,1,3.26,542,54,73
t0132,dcgm-gpu-node-06:9400,gpu-node-06,1,0.42,827,97,75
t0132,dcgm-gpu-node-07:9400,gpu-node-07,1,0.388,829,98,74
t0132,dcgm-gpu-node-08:9400,gpu-node-08,1,0.405,804,95,73
t0132,dcgm-gpu-node-09:9400,gpu-node-09,1,0.449,838,96,74
t0132,dcgm-gpu-node-10:9400,gpu-node-10,1,0.422,822,91,75
t0132,dcgm-gpu-node-11:9400,gpu-node-11,1,0.398,813,96,73
t0133,dcgm-gpu-node-00:9400,gpu-node-00,1,0.42,805,89,76
t0133,dcgm-gpu-node-01:9400,gpu-node-01,1,0.471,800,99,69
t0133,dcgm-gpu-node-02:9400,gpu-node-02,1,0.412,832,98,77
t0133,dcgm-gpu-node-03:9400,gpu-node-03,1,0.407,806,99,73
t0133,dcgm-gpu-node-04:9400,gpu-node-04,1,0.504,835,93,71
t0133,dcgm-gpu-node-05:9400,gpu-node-05,1,3.273,526,53,74
t0133,dcgm-gpu-node-06:9400,gpu-node-06,1,0.432,825,96,74
t0133,dcgm-gpu-node-07:9400,gpu-node-07,1,0.39,830,104,74
t0133,dcgm-gpu-node-08:9400,gpu-node-08,1,0.396,817,98,71
t0133,dcgm-gpu-node-09:9400,gpu-node-09,1,0.434,832,96,73
t0133,dcgm-gpu-node-10:9400,gpu-node-10,1,0.439,834,96,74
t0133,dcgm-gpu-node-11:9400,gpu-node-11,1,0.383,832,98,76
t0134,dcgm-gpu-node-00:9400,gpu-node-00,1,0.455,835,98,74
t0134,dcgm-gpu-node-01:9400,gpu-node-01,1,0.397,833,92,75
t0134,dcgm-gpu-node-02:9400,gpu-node-02,1,0.465,821,96,71
t0134,dcgm-gpu-node-03:9400,gpu-node-03,1,0.467,809,97,74
t0134,dcgm-gpu-node-04:9400,gpu-node-04,1,0.466,820,99,74
t0134,dcgm-gpu-node-05:9400,gpu-node-05,1,3.286,518,52,74
t0134,dcgm-gpu-node-06:9400,gpu-node-06,1,0.417,808,98,73
t0134,dcgm-gpu-node-07:9400,gpu-node-07,1,0.401,803,97,73
t0134,dcgm-gpu-node-08:9400,gpu-node-08,1,0.444,831,95,77
t0134,dcgm-gpu-node-09:9400,gpu-node-09,1,0.393,829,103,74
t0134,dcgm-gpu-node-10:9400,gpu-node-10,1,0.423,827,97,76
t0134,dcgm-gpu-node-11:9400,gpu-node-11,1,0.426,841,95,74
t0135,dcgm-gpu-node-00:9400,gpu-node-00,1,0.369,814,98,75
t0135,dcgm-gpu-node-01:9400,gpu-node-01,1,0.367,825,96,74
t0135,dcgm-gpu-node-02:9400,gpu-node-02,1,0.439,820,91,73
t0135,dcgm-gpu-node-03:9400,gpu-node-03,1,0.437,822,91,74
t0135,dcgm-gpu-node-04:9400,gpu-node-04,1,0.442,812,98,74
t0135,dcgm-gpu-node-05:9400,gpu-node-05,1,3.298,506,51,74
t0135,dcgm-gpu-node-06:9400,gpu-node-06,1,0.405,796,96,72
t0135,dcgm-gpu-node-07:9400,gpu-node-07,1,0.414,831,98,74
t0135,dcgm-gpu-node-08:9400,gpu-node-08,1,0.378,801,93,74
t0135,dcgm-gpu-node-09:9400,gpu-node-09,1,0.368,815,95,74
t0135,dcgm-gpu-node-10:9400,gpu-node-10,1,0.388,838,94,76
t0135,dcgm-gpu-node-11:9400,gpu-node-11,1,0.41,810,97,73
t0136,dcgm-gpu-node-00:9400,gpu-node-00,1,0.36,814,98,74
t0136,dcgm-gpu-node-01:9400,gpu-node-01,1,0.386,818,98,74
t0136,dcgm-gpu-node-02:9400,gpu-node-02,1,0.457,813,99,75
t0136,dcgm-gpu-node-03:9400,gpu-node-03,1,0.386,821,96,73
t0136,dcgm-gpu-node-04:9400,gpu-node-04,1,0.451,817,99,76
t0136,dcgm-gpu-node-05:9400,gpu-node-05,1,3.311,513,50,74
t0136,dcgm-gpu-node-06:9400,gpu-node-06,1,0.46,824,97,75
t0136,dcgm-gpu-node-07:9400,gpu-node-07,1,0.391,811,100,74
t0136,dcgm-gpu-node-08:9400,gpu-node-08,1,0.367,808,97,74
t0136,dcgm-gpu-node-09:9400,gpu-node-09,1,0.443,834,98,74
t0136,dcgm-gpu-node-10:9400,gpu-node-10,1,0.412,805,96,74
t0136,dcgm-gpu-node-11:9400,gpu-node-11,1,0.407,820,93,76
t0137,dcgm-gpu-node-00:9400,gpu-node-00,1,0.404,825,96,73
t0137,dcgm-gpu-node-01:9400,gpu-node-01,1,0.431,793,96,72
t0137,dcgm-gpu-node-02:9400,gpu-node-02,1,0.414,816,100,75
t0137,dcgm-gpu-node-03:9400,gpu-node-03,1,0.42,818,91,74
t0137,dcgm-gpu-node-04:9400,gpu-node-04,1,0.367,822,105,73
t0137,dcgm-gpu-node-05:9400,gpu-node-05,1,3.323,507,49,75
t0137,dcgm-gpu-node-06:9400,gpu-node-06,1,0.501,836,101,74
t0137,dcgm-gpu-node-07:9400,gpu-node-07,1,0.485,840,99,72
t0137,dcgm-gpu-node-08:9400,gpu-node-08,1,0.426,841,92,74
t0137,dcgm-gpu-node-09:9400,gpu-node-09,1,0.426,803,93,74
t0137,dcgm-gpu-node-10:9400,gpu-node-10,1,0.493,820,92,72
t0137,dcgm-gpu-node-11:9400,gpu-node-11,1,0.397,828,96,75
t0138,dcgm-gpu-node-00:9400,gpu-node-00,1,0.4,845,94,76
t0138,dcgm-gpu-node-01:9400,gpu-node-01,1,0.388,816,95,73
t0138,dcgm-gpu-node-02:9400,gpu-node-02,1,0.461,807,98,74
t0138,dcgm-gpu-node-03:9400,gpu-node-03,1,0.439,800,95,74
t0138,dcgm-gpu-node-04:9400,gpu-node-04,1,0.396,834,96,74
t0138,dcgm-gpu-node-05:9400,gpu-node-05,1,3.336,505,48,74
t0138,dcgm-gpu-node-06:9400,gpu-node-06,1,0.441,813,95,73
t0138,dcgm-gpu-node-07:9400,gpu-node-07,1,0.48,825,102,74
t0138,dcgm-gpu-node-08:9400,gpu-node-08,1,0.464,823,96,74
t0138,dcgm-gpu-node-09:9400,gpu-node-09,1,0.375,808,96,74
t0138,dcgm-gpu-node-10:9400,gpu-node-10,1,0.356,821,99,75
t0138,dcgm-gpu-node-11:9400,gpu-node-11,1,0.455,810,98,74
t0139,dcgm-gpu-node-00:9400,gpu-node-00,1,0.446,797,98,74
t0139,dcgm-gpu-node-01:9400,gpu-node-01,1,0.346,817,98,77
t0139,dcgm-gpu-node-02:9400,gpu-node-02,1,0.504,817,99,74
t0139,dcgm-gpu-node-03:9400,gpu-node-03,1,0.395,824,98,69
t0139,dcgm-gpu-node-04:9400,gpu-node-04,1,0.416,813,91,72
t0139,dcgm-gpu-node-05:9400,gpu-node-05,1,3.348,491,47,74
t0139,dcgm-gpu-node-06:9400,gpu-node-06,1,0.41,820,96,71
t0139,dcgm-gpu-node-07:9400,gpu-node-07,1,0.416,805,99,71
t0139,dcgm-gpu-node-08:9400,gpu-node-08,1,0.456,817,98,75
t0139,dcgm-gpu-node-09:9400,gpu-node-09,1,0.431,814,90,74
t0139,dcgm-gpu-node-10:9400,gpu-node-10,1,0.409,804,87,77
t0139,dcgm-gpu-node-11:9400,gpu-node-11,1,0.351,820,94,72
t0140,dcgm-gpu-node-00:9400,gpu-node-00,1,0.458,822,97,74
t0140,dcgm-gpu-node-01:9400,gpu-node-01,1,0.465,806,96,74
t0140,dcgm-gpu-node-02:9400,gpu-node-02,1,0.415,828,96,73
t0140,dcgm-gpu-node-03:9400,gpu-node-03,1,0.484,837,96,74
t0140,dcgm-gpu-node-04:9400,gpu-node-04,1,0.36,808,97,75
t0140,dcgm-gpu-node-05:9400,gpu-node-05,1,3.361,496,46,74
t0140,dcgm-gpu-node-06:9400,gpu-node-06,1,0.482,827,94,74
t0140,dcgm-gpu-node-07:9400,gpu-node-07,1,0.499,794,95,74
t0140,dcgm-gpu-node-08:9400,gpu-node-08,1,0.427,819,96,75
t0140,dcgm-gpu-node-09:9400,gpu-node-09,1,0.43,817,95,74
t0140,dcgm-gpu-node-10:9400,gpu-node-10,1,0.429,830,97,74
t0140,dcgm-gpu-node-11:9400,gpu-node-11,1,0.434,809,100,74
t0141,dcgm-gpu-node-00:9400,gpu-node-00,1,0.43,824,96,74
t0141,dcgm-gpu-node-01:9400,gpu-node-01,1,0.39,825,96,71
t0141,dcgm-gpu-node-02:9400,gpu-node-02,1,0.398,841,96,75
t0141,dcgm-gpu-node-03:9400,gpu-node-03,1,0.385,795,96,74
t0141,dcgm-gpu-node-04:9400,gpu-node-04,1,0.365,829,98,74
t0141,dcgm-gpu-node-05:9400,gpu-node-05,1,3.374,474,45,75
t0141,dcgm-gpu-node-06:9400,gpu-node-06,1,0.464,817,96,77
t0141,dcgm-gpu-node-07:9400,gpu-node-07,1,0.443,794,94,74
t0141,dcgm-gpu-node-08:9400,gpu-node-08,1,0.456,819,92,73
t0141,dcgm-gpu-node-09:9400,gpu-node-09,1,0.369,838,94,75
t0141,dcgm-gpu-node-10:9400,gpu-node-10,1,0.415,812,91,74
t0141,dcgm-gpu-node-11:9400,gpu-node-11,1,0.395,821,102,74
t0142,dcgm-gpu-node-00:9400,gpu-node-00,1,0.414,820,95,75
t0142,dcgm-gpu-node-01:9400,gpu-node-01,1,0.421,810,98,73
t0142,dcgm-gpu-node-02:9400,gpu-node-02,1,0.458,816,97,76
t0142,dcgm-gpu-node-03:9400,gpu-node-03,1,0.406,814,96,72
t0142,dcgm-gpu-node-04:9400,gpu-node-04,1,0.441,820,93,73
t0142,dcgm-gpu-node-05:9400,gpu-node-05,1,3.386,471,44,74
t0142,dcgm-gpu-node-06:9400,gpu-node-06,1,0.395,812,96,74
t0142,dcgm-gpu-node-07:9400,gpu-node-07,1,0.467,817,91,78
t0142,dcgm-gpu-node-08:9400,gpu-node-08,1,0.462,822,91,74
t0142,dcgm-gpu-node-09:9400,gpu-node-09,1,0.385,819,96,71
t0142,dcgm-gpu-node-10:9400,gpu-node-10,1,0.414,819,98,74
t0142,dcgm-gpu-node-11:9400,gpu-node-11,1,0.501,814,96,75
t0143,dcgm-gpu-node-00:9400,gpu-node-00,1,0.402,839,102,76
t0143,dcgm-gpu-node-01:9400,gpu-node-01,1,0.404,820,96,74
t0143,dcgm-gpu-node-02:9400,gpu-node-02,1,0.445,806,96,74
t0143,dcgm-gpu-node-03:9400,gpu-node-03,1,0.449,845,99,74
t0143,dcgm-gpu-node-04:9400,gpu-node-04,1,0.375,832,92,73
t0143,dcgm-gpu-node-05:9400,gpu-node-05,1,3.399,469,43,74
t0143,dcgm-gpu-node-06:9400,gpu-node-06,1,0.425,817,93,75
t0143,dcgm-gpu-node-07:9400,gpu-node-07,1,0.424,826,96,73
t0143,dcgm-gpu-node-08:9400,gpu-node-08,1,0.425,810,90,71
t0143,dcgm-gpu-node-09:9400,gpu-node-09,1,0.376,796,101,75
t0143,dcgm-gpu-node-10:9400,gpu-node-10,1,0.422,820,96,72
t0143,dcgm-gpu-node-11:9400,gpu-node-11,1,0.406,820,100,74
t0144,dcgm-gpu-node-00:9400,gpu-node-00,1,0.446,846,91,72
t0144,dcgm-gpu-node-01:9400,gpu-node-01,1,0.486,833,96,74
t0144,dcgm-gpu-node-02:9400,gpu-node-02,1,0.396,797,94,71
t0144,dcgm-gpu-node-03:9400,gpu-node-03,1,0.453,839,96,74
t0144,dcgm-gpu-node-04:9400,gpu-node-04,1,0.392,815,99,73
t0144,dcgm-gpu-node-05:9400,gpu-node-05,1,3.411,470,42,73
t0144,dcgm-gpu-node-06:9400,gpu-node-06,1,0.423,842,92,75
t0144,dcgm-gpu-node-07:9400,gpu-node-07,1,0.342,822,96,72
t0144,dcgm-gpu-node-08:9400,gpu-node-08,1,0.464,804,97,75
t0144,dcgm-gpu-node-09:9400,gpu-node-09,1,0.399,836,95,69
t0144,dcgm-gpu-node-10:9400,gpu-node-10,1,0.366,820,92,71
t0144,dcgm-gpu-node-11:9400,gpu-node-11,1,0.349,818,99,74
t0145,dcgm-gpu-node-00:9400,gpu-node-00,1,0.45,806,98,75
t0145,dcgm-gpu-node-01:9400,gpu-node-01,1,0.393,814,88,74
t0145,dcgm-gpu-node-02:9400,gpu-node-02,1,0.398,817,91,74
t0145,dcgm-gpu-node-03:9400,gpu-node-03,1,0.44,817,93,74
t0145,dcgm-gpu-node-04:9400,gpu-node-04,1,0.363,804,96,73
t0145,dcgm-gpu-node-05:9400,gpu-node-05,1,3.424,456,41,73
t0145,dcgm-gpu-node-06:9400,gpu-node-06,1,0.416,824,96,71
t0145,dcgm-gpu-node-07:9400,gpu-node-07,1,0.355,805,93,68
t0145,dcgm-gpu-node-08:9400,gpu-node-08,1,0.462,809,96,73
t0145,dcgm-gpu-node-09:9400,gpu-node-09,1,0.389,817,96,73
t0145,dcgm-gpu-node-10:9400,gpu-node-10,1,0.424,838,95,73
t0145,dcgm-gpu-node-11:9400,gpu-node-11,1,0.431,810,98,73
t0146,dcgm-gpu-node-00:9400,gpu-node-00,1,0.446,804,91,74
t0146,dcgm-gpu-node-01:9400,gpu-node-01,1,0.429,816,96,75
t0146,dcgm-gpu-node-02:9400,gpu-node-02,1,0.443,833,94,75
t0146,dcgm-gpu-node-03:9400,gpu-node-03,1,0.485,807,99,74
t0146,dcgm-gpu-node-04:9400,gpu-node-04,1,0.38,821,92,73
t0146,dcgm-gpu-node-05:9400,gpu-node-05,1,3.436,448,41,74
t0146,dcgm-gpu-node-06:9400,gpu-node-06,1,0.408,820,92,77
t0146,dcgm-gpu-node-07:9400,gpu-node-07,1,0.446,823,97,73
t0146,dcgm-gpu-node-08:9400,gpu-node-08,1,0.469,832,100,78
t0146,dcgm-gpu-node-09:9400,gpu-node-09,1,0.449,836,89,75
t0146,dcgm-gpu-node-10:9400,gpu-node-10,1,0.35,823,94,74
t0146,dcgm-gpu-node-11:9400,gpu-node-11,1,0.424,830,96,73
t0147,dcgm-gpu-node-00:9400,gpu-node-00,1,0.363,818,99,72
t0147,dcgm-gpu-node-01:9400,gpu-node-01,1,0.394,812,96,74
t0147,dcgm-gpu-node-02:9400,gpu-node-02,1,0.451,813,94,73
t0147,dcgm-gpu-node-03:9400,gpu-node-03,1,0.418,828,96,77
t0147,dcgm-gpu-node-04:9400,gpu-node-04,1,0.433,834,96,74
t0147,dcgm-gpu-node-05:9400,gpu-node-05,1,3.449,445,40,73
t0147,dcgm-gpu-node-06:9400,gpu-node-06,1,0.427,820,99,76
t0147,dcgm-gpu-node-07:9400,gpu-node-07,1,0.473,820,98,74
t0147,dcgm-gpu-node-08:9400,gpu-node-08,1,0.29,826,97,75
t0147,dcgm-gpu-node-09:9400,gpu-node-09,1,0.418,824,93,74
t0147,dcgm-gpu-node-10:9400,gpu-node-10,1,0.511,805,95,74
t0147,dcgm-gpu-node-11:9400,gpu-node-11,1,0.403,834,95,78
t0148,dcgm-gpu-node-00:9400,gpu-node-00,1,0.393,810,92,76
t0148,dcgm-gpu-node-01:9400,gpu-node-01,1,0.41,832,96,75
t0148,dcgm-gpu-node-02:9400,gpu-node-02,1,0.489,844,99,74
t0148,dcgm-gpu-node-03:9400,gpu-node-03,1,0.414,830,95,74
t0148,dcgm-gpu-node-04:9400,gpu-node-04,1,0.411,798,96,74
t0148,dcgm-gpu-node-05:9400,gpu-node-05,1,3.462,433,39,74
t0148,dcgm-gpu-node-06:9400,gpu-node-06,1,0.431,837,96,78
t0148,dcgm-gpu-node-07:9400,gpu-node-07,1,0.442,804,98,74
t0148,dcgm-gpu-node-08:9400,gpu-node-08,1,0.393,790,96,79
t0148,dcgm-gpu-node-09:9400,gpu-node-09,1,0.462,824,98,74
t0148,dcgm-gpu-node-10:9400,gpu-node-10,1,0.394,824,96,78
t0148,dcgm-gpu-node-11:9400,gpu-node-11,1,0.362,806,99,72
t0149,dcgm-gpu-node-00:9400,gpu-node-00,1,0.449,810,93,76
t0149,dcgm-gpu-node-01:9400,gpu-node-01,1,0.421,827,98,76
t0149,dcgm-gpu-node-02:9400,gpu-node-02,1,0.477,813,95,75
t0149,dcgm-gpu-node-03:9400,gpu-node-03,1,0.426,814,97,73
t0149,dcgm-gpu-node-04:9400,gpu-node-04,1,0.481,818,103,74
t0149,dcgm-gpu-node-05:9400,gpu-node-05,1,3.474,434,38,73
t0149,dcgm-gpu-node-06:9400,gpu-node-06,1,0.486,827,100,74
t0149,dcgm-gpu-node-07:9400,gpu-node-07,1,0.45,808,96,72
t0149,dcgm-gpu-node-08:9400,gpu-node-08,1,0.473,827,103,75
t0149,dcgm-gpu-node-09:9400,gpu-node-09,1,0.439,789,93,76
t0149,dcgm-gpu-node-10:9400,gpu-node-10,1,0.444,818,96,75
t0149,dcgm-gpu-node-11:9400,gpu-node-11,1,0.449,827,91,74
t0150,dcgm-gpu-node-00:9400,gpu-node-00,1,0.485,830,98,74
t0150,dcgm-gpu-node-01:9400,gpu-node-01,1,0.42,816,91,75
t0150,dcgm-gpu-node-02:9400,gpu-node-02,1,0.412,796,92,68
t0150,dcgm-gpu-node-03:9400,gpu-node-03,1,0.412,837,96,74
t0150,dcgm-gpu-node-04:9400,gpu-node-04,1,0.454,825,96,74
t0150,dcgm-gpu-node-05:9400,gpu-node-05,1,3.487,421,37,75
t0150,dcgm-gpu-node-06:9400,gpu-node-06,1,0.384,807,97,73
t0150,dcgm-gpu-node-07:9400,gpu-node-07,1,0.39,830,93,74
t0150,dcgm-gpu-node-08:9400,gpu-node-08,1,0.374,805,95,73
t0150,dcgm-gpu-node-09:9400,gpu-node-09,1,0.454,838,96,74
t0150,dcgm-gpu-node-10:9400,gpu-node-10,1,0.338,808,91,74
t0150,dcgm-gpu-node-11:9400,gpu-node-11,1,0.446,804,96,74
t0151,dcgm-gpu-node-00:9400,gpu-node-00,1,0.374,820,96,72
t0151,dcgm-gpu-node-01:9400,gpu-node-01,1,0.386,824,101,69
t0151,dcgm-gpu-node-02:9400,gpu-node-02,1,0.411,807,89,72
t0151,dcgm-gpu-node-03:9400,gpu-node-03,1,0.424,831,99,75
t0151,dcgm-gpu-node-04:9400,gpu-node-04,1,0.432,826,96,74
t0151,dcgm-gpu-node-05:9400,gpu-node-05,1,3.499,416,36,73
t0151,dcgm-gpu-node-06:9400,gpu-node-06,1,0.421,829,96,72
t0151,dcgm-gpu-node-07:9400,gpu-node-07,1,0.409,810,99,73
t0151,dcgm-gpu-node-08:9400,gpu-node-08,1,0.435,829,97,75
t0151,dcgm-gpu-node-09:9400,gpu-node-09,1,0.487,830,96,74
t0151,dcgm-gpu-node-10:9400,gpu-node-10,1,0.482,819,94,74
t0151,dcgm-gpu-node-11:9400,gpu-node-11,1,0.472,832,95,73
t0152,dcgm-gpu-node-00:9400,gpu-node-00,1,0.427,843,103,79
t0152,dcgm-gpu-node-01:9400,gpu-node-01,1,0.346,823,102,72
t0152,dcgm-gpu-node-02:9400,gpu-node-02,1,0.38,817,95,78
t0152,dcgm-gpu-node-03:9400,gpu-node-03,1,0.405,810,95,73
t0152,dcgm-gpu-node-04:9400,gpu-node-04,1,0.404,820,96,77
t0152,dcgm-gpu-node-05:9400,gpu-node-05,1,3.512,413,35,74
t0152,dcgm-gpu-node-06:9400,gpu-node-06,1,0.487,839,96,69
t0152,dcgm-gpu-node-07:9400,gpu-node-07,1,0.421,821,93,74
t0152,dcgm-gpu-node-08:9400,gpu-node-08,1,0.408,810,97,75
t0152,dcgm-gpu-node-09:9400,gpu-node-09,1,0.463,825,99,73
t0152,dcgm-gpu-node-10:9400,gpu-node-10,1,0.446,816,90,73
t0152,dcgm-gpu-node-11:9400,gpu-node-11,1,0.411,820,89,74
t0153,dcgm-gpu-node-00:9400,gpu-node-00,1,0.371,836,104,74
t0153,dcgm-gpu-node-01:9400,gpu-node-01,1,0.379,816,95,74
t0153,dcgm-gpu-node-02:9400,gpu-node-02,1,0.441,819,95,72
t0153,dcgm-gpu-node-03:9400,gpu-node-03,1,0.419,823,99,76
t0153,dcgm-gpu-node-04:9400,gpu-node-04,1,0.498,816,96,72
t0153,dcgm-gpu-node-05:9400,gpu-node-05,1,3.525,401,34,74
t0153,dcgm-gpu-node-06:9400,gpu-node-06,1,0.343,827,98,77
t0153,dcgm-gpu-node-07:9400,gpu-node-07,1,0.413,842,94,73
t0153,dcgm-gpu-node-08:9400,gpu-node-08,1,0.407,821,92,77
t0153,dcgm-gpu-node-09:9400,gpu-node-09,1,0.415,817,98,72
t0153,dcgm-gpu-node-10:9400,gpu-node-10,1,0.431,811,91,74
t0153,dcgm-gpu-node-11:9400,gpu-node-11,1,0.473,830,95,74
t0154,dcgm-gpu-node-00:9400,gpu-node-00,1,0.476,822,96,74
t0154,dcgm-gpu-node-01:9400,gpu-node-01,1,0.443,844,92,73
t0154,dcgm-gpu-node-02:9400,gpu-node-02,1,0.483,815,102,74
t0154,dcgm-gpu-node-03:9400,gpu-node-03,1,0.433,830,95,74
t0154,dcgm-gpu-node-04:9400,gpu-node-04,1,0.421,842,92,73
t0154,dcgm-gpu-node-05:9400,gpu-node-05,1,3.537,403,33,70
t0154,dcgm-gpu-node-06:9400,gpu-node-06,1,0.427,821,96,73
t0154,dcgm-gpu-node-07:9400,gpu-node-07,1,0.399,822,94,75
t0154,dcgm-gpu-node-08:9400,gpu-node-08,1,0.54,809,92,74
t0154,dcgm-gpu-node-09:9400,gpu-node-09,1,0.354,805,97,73
t0154,dcgm-gpu-node-10:9400,gpu-node-10,1,0.392,831,97,74
t0154,dcgm-gpu-node-11:9400,gpu-node-11,1,0.392,807,96,74
t0155,dcgm-gpu-node-00:9400,gpu-node-00,1,0.415,844,100,73
t0155,dcgm-gpu-node-01:9400,gpu-node-01,1,0.435,818,95,74
t0155,dcgm-gpu-node-02:9400,gpu-node-02,1,0.461,849,96,74
t0155,dcgm-gpu-node-03:9400,gpu-node-03,1,0.402,820,96,76
t0155,dcgm-gpu-node-04:9400,gpu-node-04,1,0.448,825,98,72
t0155,dcgm-gpu-node-05:9400,gpu-node-05,1,3.55,399,32,72
t0155,dcgm-gpu-node-06:9400,gpu-node-06,1,0.339,819,97,74
t0155,dcgm-gpu-node-07:9400,gpu-node-07,1,0.404,833,91,74
t0155,dcgm-gpu-node-08:9400,gpu-node-08,1,0.367,831,93,73
t0155,dcgm-gpu-node-09:9400,gpu-node-09,1,0.378,816,97,75
t0155,dcgm-gpu-node-10:9400,gpu-node-10,1,0.422,818,101,73
t0155,dcgm-gpu-node-11:9400,gpu-node-11,1,0.423,828,96,76
t0156,dcgm-gpu-node-00:9400,gpu-node-00,1,0.369,813,93,73
t0156,dcgm-gpu-node-01:9400,gpu-node-01,1,0.415,819,94,75
t0156,dcgm-gpu-node-02:9400,gpu-node-02,1,0.37,808,95,74
t0156,dcgm-gpu-node-03:9400,gpu-node-03,1,0.471,805,97,74
t0156,dcgm-gpu-node-04:9400,gpu-node-04,1,0.425,822,96,74
t0156,dcgm-gpu-node-05:9400,gpu-node-05,1,3.562,386,31,73
t0156,dcgm-gpu-node-06:9400,gpu-node-06,1,0.432,839,93,76
t0156,dcgm-gpu-node-07:9400,gpu-node-07,1,0.428,829,96,76
t0156,dcgm-gpu-node-08:9400,gpu-node-08,1,0.331,817,98,72
t0156,dcgm-gpu-node-09:9400,gpu-node-09,1,0.447,816,100,73
t0156,dcgm-gpu-node-10:9400,gpu-node-10,1,0.369,820,96,74
t0156,dcgm-gpu-node-11:9400,gpu-node-11,1,0.407,843,94,74
t0157,dcgm-gpu-node-00:9400,gpu-node-00,1,0.488,820,96,78
t0157,dcgm-gpu-node-01:9400,gpu-node-01,1,0.393,820,99,75
t0157,dcgm-gpu-node-02:9400,gpu-node-02,1,0.422,820,96,73
t0157,dcgm-gpu-node-03:9400,gpu-node-03,1,0.483,821,95,74
t0157,dcgm-gpu-node-04:9400,gpu-node-04,1,0.457,833,99,75
t0157,dcgm-gpu-node-05:9400,gpu-node-05,1,3.575,375,30,75
t0157,dcgm-gpu-node-06:9400,gpu-node-06,1,0.463,824,89,73
t0157,dcgm-gpu-node-07:9400,gpu-node-07,1,0.445,826,100,76
t0157,dcgm-gpu-node-08:9400,gpu-node-08,1,0.381,825,95,72
t0157,dcgm-gpu-node-09:9400,gpu-node-09,1,0.498,812,92,74
t0157,dcgm-gpu-node-10:9400,gpu-node-10,1,0.424,814,94,76
t0157,dcgm-gpu-node-11:9400,gpu-node-11,1,0.356,832,99,74
t0158,dcgm-gpu-node-00:9400,gpu-node-00,1,0.45,823,96,75
t0158,dcgm-gpu-node-01:9400,gpu-node-01,1,0.406,815,95,75
t0158,dcgm-gpu-node-02:9400,gpu-node-02,1,0.432,805,96,72
t0158,dcgm-gpu-node-03:9400,gpu-node-03,1,0.446,820,97,73
t0158,dcgm-gpu-node-04:9400,gpu-node-04,1,0.377,830,96,74
t0158,dcgm-gpu-node-05:9400,gpu-node-05,1,3.587,373,29,74
t0158,dcgm-gpu-node-06:9400,gpu-node-06,1,0.394,818,95,74
t0158,dcgm-gpu-node-07:9400,gpu-node-07,1,0.37,839,96,73
t0158,dcgm-gpu-node-08:9400,gpu-node-08,1,0.447,797,96,74
t0158,dcgm-gpu-node-09:9400,gpu-node-09,1,0.435,823,99,73
t0158,dcgm-gpu-node-10:9400,gpu-node-10,1,0.442,820,96,71
t0158,dcgm-gpu-node-11:9400,gpu-node-11,1,0.486,825,93,77
t0159,dcgm-gpu-node-00:9400,gpu-node-00,1,0.478,805,94,74
t0159,dcgm-gpu-node-01:9400,gpu-node-01,1,0.452,795,95,75
t0159,dcgm-gpu-node-02:9400,gpu-node-02,1,0.49,826,97,72
t0159,dcgm-gpu-node-03:9400,gpu-node-03,1,0.399,829,92,72
t0159,dcgm-gpu-node-04:9400,gpu-node-04,1,0.454,838,98,74
t0159,dcgm-gpu-node-05:9400,gpu-node-05,1,3.6,368,28,74
t0159,dcgm-gpu-node-06:9400,gpu-node-06,1,0.424,831,96,72
t0159,dcgm-gpu-node-07:9400,gpu-node-07,1,0.439,819,99,73
t0159,dcgm-gpu-node-08:9400,gpu-node-08,1,0.347,825,96,73
t0159,dcgm-gpu-node-09:9400,gpu-node-09,1,0.408,821,96,74
t0159,dcgm-gpu-node-10:9400,gpu-node-10,1,0.41,814,96,70
t0159,dcgm-gpu-node-11:9400,gpu-node-11,1,0.466,810,95,72
